{
  "type": "FeatureCollection",
  "features": [
    {
      "type": "Feature",
      "id": "gbif-5938335990",
      "geometry": {
        "type": "Point",
        "coordinates": [
          19.378986,
          41.837958
        ]
      },
      "properties": {
        "name": "Lichia amia",
        "category": "fauna",
        "categoryLabel": "Vëzhgim faune",
        "location": "Shkodër, Shqipëri",
        "countryCodes": [
          "AL"
        ],
        "summary": "Vëzhgim i Lichia amia më 2026-01-02 në Shqipëri. Të dhënat nga GBIF.",
        "details": [
          "Një regjistrim i pranishmërisë së llojit; pika nuk paraqet shtrirjen e habitatit."
        ],
        "mapNote": "Koordinata e vëzhgimit nga GBIF; saktësia dhe origjina kontrollohen te regjistrimi burimor.",
        "geometryType": "Point",
        "sources": [
          {
            "label": "GBIF · regjistrimi dhe licenca",
            "url": "https://www.gbif.org/occurrence/5938335990"
          }
        ],
        "extra": {
          "Lloji": "Lichia amia",
          "Data": "2026-01-02",
          "Licenca": "http://creativecommons.org/licenses/by-nc/4.0/legalcode",
          "Burimi": "iNaturalist research-grade observations"
        },
        "image": {
          "url": "https://api.gbif.org/v1/image/cache/800x/occurrence/5938335990/media/5b16545434453105646237e154e1618e",
          "source": "https://www.inaturalist.org/photos/604749893",
          "credit": "Marsel Mersinaj",
          "license": "CC BY-NC 4.0",
          "licenseUrl": "http://creativecommons.org/licenses/by-nc/4.0/",
          "alt": "Lichia amia"
        }
      }
    },
    {
      "type": "Feature",
      "id": "gbif-6129857879",
      "geometry": {
        "type": "Point",
        "coordinates": [
          20.643662,
          41.050572
        ]
      },
      "properties": {
        "name": "Fulica atra",
        "category": "fauna",
        "categoryLabel": "Vëzhgim faune",
        "location": "Korçë, Shqipëri",
        "countryCodes": [
          "AL"
        ],
        "summary": "Vëzhgim i Fulica atra më 2026-01-18 në Shqipëri. Të dhënat nga GBIF.",
        "details": [
          "Një regjistrim i pranishmërisë së llojit; pika nuk paraqet shtrirjen e habitatit."
        ],
        "mapNote": "Koordinata e vëzhgimit nga GBIF; saktësia dhe origjina kontrollohen te regjistrimi burimor.",
        "geometryType": "Point",
        "sources": [
          {
            "label": "GBIF · regjistrimi dhe licenca",
            "url": "https://www.gbif.org/occurrence/6129857879"
          }
        ],
        "extra": {
          "Lloji": "Fulica atra",
          "Data": "2026-01-18",
          "Licenca": "http://creativecommons.org/licenses/by-nc/4.0/legalcode",
          "Burimi": "iNaturalist research-grade observations"
        },
        "image": {
          "url": "https://api.gbif.org/v1/image/cache/800x/occurrence/6129857879/media/0376913022143067912d924504c6f50d",
          "source": "https://www.inaturalist.org/photos/609033332",
          "credit": "Klajdi Duro",
          "license": "CC BY-NC 4.0",
          "licenseUrl": "http://creativecommons.org/licenses/by-nc/4.0/",
          "alt": "Fulica atra"
        }
      }
    },
    {
      "type": "Feature",
      "id": "gbif-6129895122",
      "geometry": {
        "type": "Point",
        "coordinates": [
          20.643678,
          41.050597
        ]
      },
      "properties": {
        "name": "Netta rufina",
        "category": "fauna",
        "categoryLabel": "Vëzhgim faune",
        "location": "Korçë, Shqipëri",
        "countryCodes": [
          "AL"
        ],
        "summary": "Vëzhgim i Netta rufina më 2026-01-18 në Shqipëri. Të dhënat nga GBIF.",
        "details": [
          "Një regjistrim i pranishmërisë së llojit; pika nuk paraqet shtrirjen e habitatit."
        ],
        "mapNote": "Koordinata e vëzhgimit nga GBIF; saktësia dhe origjina kontrollohen te regjistrimi burimor.",
        "geometryType": "Point",
        "sources": [
          {
            "label": "GBIF · regjistrimi dhe licenca",
            "url": "https://www.gbif.org/occurrence/6129895122"
          }
        ],
        "extra": {
          "Lloji": "Netta rufina",
          "Data": "2026-01-18",
          "Licenca": "http://creativecommons.org/licenses/by-nc/4.0/legalcode",
          "Burimi": "iNaturalist research-grade observations"
        },
        "image": {
          "url": "https://api.gbif.org/v1/image/cache/800x/occurrence/6129895122/media/b1eaa0f1eb319eef145d0c7f082afd53",
          "source": "https://www.inaturalist.org/photos/609032666",
          "credit": "Klajdi Duro",
          "license": "CC BY-NC 4.0",
          "licenseUrl": "http://creativecommons.org/licenses/by-nc/4.0/",
          "alt": "Netta rufina"
        }
      }
    },
    {
      "type": "Feature",
      "id": "gbif-6129957333",
      "geometry": {
        "type": "Point",
        "coordinates": [
          20.993637,
          40.677972
        ]
      },
      "properties": {
        "name": "Mareca strepera",
        "category": "fauna",
        "categoryLabel": "Vëzhgim faune",
        "location": "Korçë, Shqipëri",
        "countryCodes": [
          "AL"
        ],
        "summary": "Vëzhgim i Mareca strepera më 2026-01-17 në Shqipëri. Të dhënat nga GBIF.",
        "details": [
          "Një regjistrim i pranishmërisë së llojit; pika nuk paraqet shtrirjen e habitatit."
        ],
        "mapNote": "Koordinata e vëzhgimit nga GBIF; saktësia dhe origjina kontrollohen te regjistrimi burimor.",
        "geometryType": "Point",
        "sources": [
          {
            "label": "GBIF · regjistrimi dhe licenca",
            "url": "https://www.gbif.org/occurrence/6129957333"
          }
        ],
        "extra": {
          "Lloji": "Mareca strepera",
          "Data": "2026-01-17",
          "Licenca": "http://creativecommons.org/licenses/by-nc/4.0/legalcode",
          "Burimi": "iNaturalist research-grade observations"
        },
        "image": {
          "url": "https://api.gbif.org/v1/image/cache/800x/occurrence/6129957333/media/83c3a54ec126eae2f2081d772f206256",
          "source": "https://www.inaturalist.org/photos/609033169",
          "credit": "Klajdi Duro",
          "license": "CC BY-NC 4.0",
          "licenseUrl": "http://creativecommons.org/licenses/by-nc/4.0/",
          "alt": "Mareca strepera"
        }
      }
    },
    {
      "type": "Feature",
      "id": "gbif-6130039236",
      "geometry": {
        "type": "Point",
        "coordinates": [
          19.427236,
          40.560816
        ]
      },
      "properties": {
        "name": "Phoenicopterus roseus",
        "category": "fauna",
        "categoryLabel": "Vëzhgim faune",
        "location": "Vlorë, Shqipëri",
        "countryCodes": [
          "AL"
        ],
        "summary": "Vëzhgim i Phoenicopterus roseus më 2026-01-14 në Shqipëri. Të dhënat nga GBIF.",
        "details": [
          "Një regjistrim i pranishmërisë së llojit; pika nuk paraqet shtrirjen e habitatit."
        ],
        "mapNote": "Koordinata e vëzhgimit nga GBIF; saktësia dhe origjina kontrollohen te regjistrimi burimor.",
        "geometryType": "Point",
        "sources": [
          {
            "label": "GBIF · regjistrimi dhe licenca",
            "url": "https://www.gbif.org/occurrence/6130039236"
          }
        ],
        "extra": {
          "Lloji": "Phoenicopterus roseus",
          "Data": "2026-01-14",
          "Licenca": "http://creativecommons.org/licenses/by-nc/4.0/legalcode",
          "Burimi": "iNaturalist research-grade observations"
        },
        "image": {
          "url": "https://api.gbif.org/v1/image/cache/800x/occurrence/6130039236/media/8266c636d2d9512216a9b2470dfed974",
          "source": "https://www.inaturalist.org/photos/608158331",
          "credit": "Klajdi Duro",
          "license": "CC BY-NC 4.0",
          "licenseUrl": "http://creativecommons.org/licenses/by-nc/4.0/",
          "alt": "Phoenicopterus roseus"
        }
      }
    },
    {
      "type": "Feature",
      "id": "gbif-6130102937",
      "geometry": {
        "type": "Point",
        "coordinates": [
          20.003931,
          39.872795
        ]
      },
      "properties": {
        "name": "Streptopelia decaocto",
        "category": "fauna",
        "categoryLabel": "Vëzhgim faune",
        "location": "Vlorë, Shqipëri",
        "countryCodes": [
          "AL"
        ],
        "summary": "Vëzhgim i Streptopelia decaocto më 2026-01-10 në Shqipëri. Të dhënat nga GBIF.",
        "details": [
          "Një regjistrim i pranishmërisë së llojit; pika nuk paraqet shtrirjen e habitatit."
        ],
        "mapNote": "Koordinata e vëzhgimit nga GBIF; saktësia dhe origjina kontrollohen te regjistrimi burimor.",
        "geometryType": "Point",
        "sources": [
          {
            "label": "GBIF · regjistrimi dhe licenca",
            "url": "https://www.gbif.org/occurrence/6130102937"
          }
        ],
        "extra": {
          "Lloji": "Streptopelia decaocto",
          "Data": "2026-01-10",
          "Licenca": "http://creativecommons.org/licenses/by-nc/4.0/legalcode",
          "Burimi": "iNaturalist research-grade observations"
        },
        "image": {
          "url": "https://api.gbif.org/v1/image/cache/800x/occurrence/6130102937/media/38d5290389c2a4ab213961989fee5433",
          "source": "https://www.inaturalist.org/photos/606861891",
          "credit": "arberzaimi",
          "license": "CC BY-NC 4.0",
          "licenseUrl": "http://creativecommons.org/licenses/by-nc/4.0/",
          "alt": "Streptopelia decaocto"
        }
      }
    },
    {
      "type": "Feature",
      "id": "gbif-6130196576",
      "geometry": {
        "type": "Point",
        "coordinates": [
          19.56821,
          40.934264
        ]
      },
      "properties": {
        "name": "Hyla arborea",
        "category": "fauna",
        "categoryLabel": "Vëzhgim faune",
        "location": "Fier, Shqipëri",
        "countryCodes": [
          "AL"
        ],
        "summary": "Vëzhgim i Hyla arborea më 2026-01-13 në Shqipëri. Të dhënat nga GBIF.",
        "details": [
          "Një regjistrim i pranishmërisë së llojit; pika nuk paraqet shtrirjen e habitatit."
        ],
        "mapNote": "Koordinata e vëzhgimit nga GBIF; saktësia dhe origjina kontrollohen te regjistrimi burimor.",
        "geometryType": "Point",
        "sources": [
          {
            "label": "GBIF · regjistrimi dhe licenca",
            "url": "https://www.gbif.org/occurrence/6130196576"
          }
        ],
        "extra": {
          "Lloji": "Hyla arborea",
          "Data": "2026-01-13",
          "Licenca": "http://creativecommons.org/licenses/by-nc/4.0/legalcode",
          "Burimi": "iNaturalist research-grade observations"
        },
        "image": {
          "url": "https://api.gbif.org/v1/image/cache/800x/occurrence/6130196576/media/7cc62767edc159a8b892d0318ee9ea73",
          "source": "https://www.inaturalist.org/photos/609696370",
          "credit": "ervin_allushi",
          "license": "CC BY-NC 4.0",
          "licenseUrl": "http://creativecommons.org/licenses/by-nc/4.0/",
          "alt": "Hyla arborea"
        }
      }
    },
    {
      "type": "Feature",
      "id": "gbif-6130299785",
      "geometry": {
        "type": "Point",
        "coordinates": [
          20.646688,
          41.052186
        ]
      },
      "properties": {
        "name": "Phalacrocorax carbo",
        "category": "fauna",
        "categoryLabel": "Vëzhgim faune",
        "location": "Korçë, Shqipëri",
        "countryCodes": [
          "AL"
        ],
        "summary": "Vëzhgim i Phalacrocorax carbo më 2026-01-18 në Shqipëri. Të dhënat nga GBIF.",
        "details": [
          "Një regjistrim i pranishmërisë së llojit; pika nuk paraqet shtrirjen e habitatit."
        ],
        "mapNote": "Koordinata e vëzhgimit nga GBIF; saktësia dhe origjina kontrollohen te regjistrimi burimor.",
        "geometryType": "Point",
        "sources": [
          {
            "label": "GBIF · regjistrimi dhe licenca",
            "url": "https://www.gbif.org/occurrence/6130299785"
          }
        ],
        "extra": {
          "Lloji": "Phalacrocorax carbo",
          "Data": "2026-01-18",
          "Licenca": "http://creativecommons.org/licenses/by-nc/4.0/legalcode",
          "Burimi": "iNaturalist research-grade observations"
        },
        "image": {
          "url": "https://api.gbif.org/v1/image/cache/800x/occurrence/6130299785/media/b82e0b3d69fecd939d77510f26a6e856",
          "source": "https://www.inaturalist.org/photos/609032552",
          "credit": "Klajdi Duro",
          "license": "CC BY-NC 4.0",
          "licenseUrl": "http://creativecommons.org/licenses/by-nc/4.0/",
          "alt": "Phalacrocorax carbo"
        }
      }
    },
    {
      "type": "Feature",
      "id": "gbif-6130308763",
      "geometry": {
        "type": "Point",
        "coordinates": [
          20.008972,
          39.87373
        ]
      },
      "properties": {
        "name": "Chroicocephalus ridibundus",
        "category": "fauna",
        "categoryLabel": "Vëzhgim faune",
        "location": "Vlorë, Shqipëri",
        "countryCodes": [
          "AL"
        ],
        "summary": "Vëzhgim i Chroicocephalus ridibundus më 2026-01-08 në Shqipëri. Të dhënat nga GBIF.",
        "details": [
          "Një regjistrim i pranishmërisë së llojit; pika nuk paraqet shtrirjen e habitatit."
        ],
        "mapNote": "Koordinata e vëzhgimit nga GBIF; saktësia dhe origjina kontrollohen te regjistrimi burimor.",
        "geometryType": "Point",
        "sources": [
          {
            "label": "GBIF · regjistrimi dhe licenca",
            "url": "https://www.gbif.org/occurrence/6130308763"
          }
        ],
        "extra": {
          "Lloji": "Chroicocephalus ridibundus",
          "Data": "2026-01-08",
          "Licenca": "http://creativecommons.org/licenses/by-nc/4.0/legalcode",
          "Burimi": "iNaturalist research-grade observations"
        },
        "image": {
          "url": "https://api.gbif.org/v1/image/cache/800x/occurrence/6130308763/media/759c3cc42262599d81993b4c56e863e1",
          "source": "https://www.inaturalist.org/photos/606387608",
          "credit": "arberzaimi",
          "license": "CC BY-NC 4.0",
          "licenseUrl": "http://creativecommons.org/licenses/by-nc/4.0/",
          "alt": "Chroicocephalus ridibundus"
        }
      }
    },
    {
      "type": "Feature",
      "id": "gbif-6130361074",
      "geometry": {
        "type": "Point",
        "coordinates": [
          20.008898,
          39.873718
        ]
      },
      "properties": {
        "name": "Phalacrocorax carbo",
        "category": "fauna",
        "categoryLabel": "Vëzhgim faune",
        "location": "Vlorë, Shqipëri",
        "countryCodes": [
          "AL"
        ],
        "summary": "Vëzhgim i Phalacrocorax carbo më 2026-01-08 në Shqipëri. Të dhënat nga GBIF.",
        "details": [
          "Një regjistrim i pranishmërisë së llojit; pika nuk paraqet shtrirjen e habitatit."
        ],
        "mapNote": "Koordinata e vëzhgimit nga GBIF; saktësia dhe origjina kontrollohen te regjistrimi burimor.",
        "geometryType": "Point",
        "sources": [
          {
            "label": "GBIF · regjistrimi dhe licenca",
            "url": "https://www.gbif.org/occurrence/6130361074"
          }
        ],
        "extra": {
          "Lloji": "Phalacrocorax carbo",
          "Data": "2026-01-08",
          "Licenca": "http://creativecommons.org/licenses/by-nc/4.0/legalcode",
          "Burimi": "iNaturalist research-grade observations"
        },
        "image": {
          "url": "https://api.gbif.org/v1/image/cache/800x/occurrence/6130361074/media/8e2fbfdfcc663241808de8d493ef1fc5",
          "source": "https://www.inaturalist.org/photos/606387827",
          "credit": "arberzaimi",
          "license": "CC BY-NC 4.0",
          "licenseUrl": "http://creativecommons.org/licenses/by-nc/4.0/",
          "alt": "Phalacrocorax carbo"
        }
      }
    },
    {
      "type": "Feature",
      "id": "gbif-6130361355",
      "geometry": {
        "type": "Point",
        "coordinates": [
          20.448632,
          40.694687
        ]
      },
      "properties": {
        "name": "Buteo buteo",
        "category": "fauna",
        "categoryLabel": "Vëzhgim faune",
        "location": "Korçë, Shqipëri",
        "countryCodes": [
          "AL"
        ],
        "summary": "Vëzhgim i Buteo buteo më 2026-01-16 në Shqipëri. Të dhënat nga GBIF.",
        "details": [
          "Një regjistrim i pranishmërisë së llojit; pika nuk paraqet shtrirjen e habitatit."
        ],
        "mapNote": "Koordinata e vëzhgimit nga GBIF; saktësia dhe origjina kontrollohen te regjistrimi burimor.",
        "geometryType": "Point",
        "sources": [
          {
            "label": "GBIF · regjistrimi dhe licenca",
            "url": "https://www.gbif.org/occurrence/6130361355"
          }
        ],
        "extra": {
          "Lloji": "Buteo buteo",
          "Data": "2026-01-16",
          "Licenca": "http://creativecommons.org/licenses/by-nc/4.0/legalcode",
          "Burimi": "iNaturalist research-grade observations"
        },
        "image": {
          "url": "https://api.gbif.org/v1/image/cache/800x/occurrence/6130361355/media/fe41e65072ab2b98182779d5769a98fb",
          "source": "https://www.inaturalist.org/photos/609161668",
          "credit": "Klajdi Duro",
          "license": "CC BY-NC 4.0",
          "licenseUrl": "http://creativecommons.org/licenses/by-nc/4.0/",
          "alt": "Buteo buteo"
        }
      }
    },
    {
      "type": "Feature",
      "id": "gbif-6130371589",
      "geometry": {
        "type": "Point",
        "coordinates": [
          19.811722,
          41.3101
        ]
      },
      "properties": {
        "name": "Phalacrocorax carbo",
        "category": "fauna",
        "categoryLabel": "Vëzhgim faune",
        "location": "Tiranë, Shqipëri",
        "countryCodes": [
          "AL"
        ],
        "summary": "Vëzhgim i Phalacrocorax carbo më 2026-01-20 në Shqipëri. Të dhënat nga GBIF.",
        "details": [
          "Një regjistrim i pranishmërisë së llojit; pika nuk paraqet shtrirjen e habitatit."
        ],
        "mapNote": "Koordinata e vëzhgimit nga GBIF; saktësia dhe origjina kontrollohen te regjistrimi burimor.",
        "geometryType": "Point",
        "sources": [
          {
            "label": "GBIF · regjistrimi dhe licenca",
            "url": "https://www.gbif.org/occurrence/6130371589"
          }
        ],
        "extra": {
          "Lloji": "Phalacrocorax carbo",
          "Data": "2026-01-20",
          "Licenca": "http://creativecommons.org/licenses/by-nc/4.0/legalcode",
          "Burimi": "iNaturalist research-grade observations"
        },
        "image": {
          "url": "https://api.gbif.org/v1/image/cache/800x/occurrence/6130371589/media/dde33be1bf1f912329173116e79949ee",
          "source": "https://www.inaturalist.org/photos/609914429",
          "credit": "Klajdi Duro",
          "license": "CC BY-NC 4.0",
          "licenseUrl": "http://creativecommons.org/licenses/by-nc/4.0/",
          "alt": "Phalacrocorax carbo"
        }
      }
    },
    {
      "type": "Feature",
      "id": "gbif-6130540244",
      "geometry": {
        "type": "Point",
        "coordinates": [
          19.444043,
          41.311048
        ]
      },
      "properties": {
        "name": "Cornu aspersum",
        "category": "fauna",
        "categoryLabel": "Vëzhgim faune",
        "location": "Durrës, Shqipëri",
        "countryCodes": [
          "AL"
        ],
        "summary": "Vëzhgim i Cornu aspersum më 2026-01-16 në Shqipëri. Të dhënat nga GBIF.",
        "details": [
          "Një regjistrim i pranishmërisë së llojit; pika nuk paraqet shtrirjen e habitatit."
        ],
        "mapNote": "Koordinata e vëzhgimit nga GBIF; saktësia dhe origjina kontrollohen te regjistrimi burimor.",
        "geometryType": "Point",
        "sources": [
          {
            "label": "GBIF · regjistrimi dhe licenca",
            "url": "https://www.gbif.org/occurrence/6130540244"
          }
        ],
        "extra": {
          "Lloji": "Cornu aspersum",
          "Data": "2026-01-16",
          "Licenca": "http://creativecommons.org/licenses/by-nc/4.0/legalcode",
          "Burimi": "iNaturalist research-grade observations"
        },
        "image": {
          "url": "https://api.gbif.org/v1/image/cache/800x/occurrence/6130540244/media/de4c14bc228df2a263a79c12a378a857",
          "source": "https://www.inaturalist.org/photos/610795983",
          "credit": "Marsel Mersinaj",
          "license": "CC BY-NC 4.0",
          "licenseUrl": "http://creativecommons.org/licenses/by-nc/4.0/",
          "alt": "Cornu aspersum"
        }
      }
    },
    {
      "type": "Feature",
      "id": "gbif-6130592542",
      "geometry": {
        "type": "Point",
        "coordinates": [
          19.48474,
          40.990308
        ]
      },
      "properties": {
        "name": "Erithacus rubecula",
        "category": "fauna",
        "categoryLabel": "Vëzhgim faune",
        "location": "Fier, Shqipëri",
        "countryCodes": [
          "AL"
        ],
        "summary": "Vëzhgim i Erithacus rubecula më 2026-01-15 në Shqipëri. Të dhënat nga GBIF.",
        "details": [
          "Një regjistrim i pranishmërisë së llojit; pika nuk paraqet shtrirjen e habitatit."
        ],
        "mapNote": "Koordinata e vëzhgimit nga GBIF; saktësia dhe origjina kontrollohen te regjistrimi burimor.",
        "geometryType": "Point",
        "sources": [
          {
            "label": "GBIF · regjistrimi dhe licenca",
            "url": "https://www.gbif.org/occurrence/6130592542"
          }
        ],
        "extra": {
          "Lloji": "Erithacus rubecula",
          "Data": "2026-01-15",
          "Licenca": "http://creativecommons.org/licenses/by-nc/4.0/legalcode",
          "Burimi": "iNaturalist research-grade observations"
        },
        "image": {
          "url": "https://api.gbif.org/v1/image/cache/800x/occurrence/6130592542/media/dce54662ba957cfa54d409a1d7e6d5e4",
          "source": "https://www.inaturalist.org/photos/609695939",
          "credit": "ervin_allushi",
          "license": "CC BY-NC 4.0",
          "licenseUrl": "http://creativecommons.org/licenses/by-nc/4.0/",
          "alt": "Erithacus rubecula"
        }
      }
    },
    {
      "type": "Feature",
      "id": "gbif-6130597113",
      "geometry": {
        "type": "Point",
        "coordinates": [
          20.995222,
          40.681314
        ]
      },
      "properties": {
        "name": "Microcarbo pygmaeus",
        "category": "fauna",
        "categoryLabel": "Vëzhgim faune",
        "location": "Korçë, Shqipëri",
        "countryCodes": [
          "AL"
        ],
        "summary": "Vëzhgim i Microcarbo pygmaeus më 2026-01-17 në Shqipëri. Të dhënat nga GBIF.",
        "details": [
          "Një regjistrim i pranishmërisë së llojit; pika nuk paraqet shtrirjen e habitatit."
        ],
        "mapNote": "Koordinata e vëzhgimit nga GBIF; saktësia dhe origjina kontrollohen te regjistrimi burimor.",
        "geometryType": "Point",
        "sources": [
          {
            "label": "GBIF · regjistrimi dhe licenca",
            "url": "https://www.gbif.org/occurrence/6130597113"
          }
        ],
        "extra": {
          "Lloji": "Microcarbo pygmaeus",
          "Data": "2026-01-17",
          "Licenca": "http://creativecommons.org/licenses/by-nc/4.0/legalcode",
          "Burimi": "iNaturalist research-grade observations"
        },
        "image": {
          "url": "https://api.gbif.org/v1/image/cache/800x/occurrence/6130597113/media/1af15c3e9438230209f5e689ca2c5439",
          "source": "https://www.inaturalist.org/photos/609161819",
          "credit": "Klajdi Duro",
          "license": "CC BY-NC 4.0",
          "licenseUrl": "http://creativecommons.org/licenses/by-nc/4.0/",
          "alt": "Microcarbo pygmaeus"
        }
      }
    },
    {
      "type": "Feature",
      "id": "gbif-6130765141",
      "geometry": {
        "type": "Point",
        "coordinates": [
          20.003928,
          39.873067
        ]
      },
      "properties": {
        "name": "Phoenicurus ochruros",
        "category": "fauna",
        "categoryLabel": "Vëzhgim faune",
        "location": "Vlorë, Shqipëri",
        "countryCodes": [
          "AL"
        ],
        "summary": "Vëzhgim i Phoenicurus ochruros më 2026-01-10 në Shqipëri. Të dhënat nga GBIF.",
        "details": [
          "Një regjistrim i pranishmërisë së llojit; pika nuk paraqet shtrirjen e habitatit."
        ],
        "mapNote": "Koordinata e vëzhgimit nga GBIF; saktësia dhe origjina kontrollohen te regjistrimi burimor.",
        "geometryType": "Point",
        "sources": [
          {
            "label": "GBIF · regjistrimi dhe licenca",
            "url": "https://www.gbif.org/occurrence/6130765141"
          }
        ],
        "extra": {
          "Lloji": "Phoenicurus ochruros",
          "Data": "2026-01-10",
          "Licenca": "http://creativecommons.org/licenses/by-nc/4.0/legalcode",
          "Burimi": "iNaturalist research-grade observations"
        },
        "image": {
          "url": "https://api.gbif.org/v1/image/cache/800x/occurrence/6130765141/media/d9e4093233a085223d78540595ae33de",
          "source": "https://www.inaturalist.org/photos/606861377",
          "credit": "arberzaimi",
          "license": "CC BY-NC 4.0",
          "licenseUrl": "http://creativecommons.org/licenses/by-nc/4.0/",
          "alt": "Phoenicurus ochruros"
        }
      }
    },
    {
      "type": "Feature",
      "id": "gbif-6130902413",
      "geometry": {
        "type": "Point",
        "coordinates": [
          20.51258,
          41.072099
        ]
      },
      "properties": {
        "name": "Phalacrocorax carbo",
        "category": "fauna",
        "categoryLabel": "Vëzhgim faune",
        "location": "Elbasan, Shqipëri",
        "countryCodes": [
          "AL"
        ],
        "summary": "Vëzhgim i Phalacrocorax carbo më 2026-01-18 në Shqipëri. Të dhënat nga GBIF.",
        "details": [
          "Një regjistrim i pranishmërisë së llojit; pika nuk paraqet shtrirjen e habitatit."
        ],
        "mapNote": "Koordinata e vëzhgimit nga GBIF; saktësia dhe origjina kontrollohen te regjistrimi burimor.",
        "geometryType": "Point",
        "sources": [
          {
            "label": "GBIF · regjistrimi dhe licenca",
            "url": "https://www.gbif.org/occurrence/6130902413"
          }
        ],
        "extra": {
          "Lloji": "Phalacrocorax carbo",
          "Data": "2026-01-18",
          "Licenca": "http://creativecommons.org/licenses/by-nc/4.0/legalcode",
          "Burimi": "iNaturalist research-grade observations"
        },
        "image": {
          "url": "https://api.gbif.org/v1/image/cache/800x/occurrence/6130902413/media/3f726dd04d9184c71df2ec3ee81cacd4",
          "source": "https://www.inaturalist.org/photos/609863006",
          "credit": "Dorian",
          "license": "CC BY-NC 4.0",
          "licenseUrl": "http://creativecommons.org/licenses/by-nc/4.0/",
          "alt": "Phalacrocorax carbo"
        }
      }
    },
    {
      "type": "Feature",
      "id": "gbif-6130936549",
      "geometry": {
        "type": "Point",
        "coordinates": [
          19.446983,
          41.319036
        ]
      },
      "properties": {
        "name": "Hypena obsitalis",
        "category": "fauna",
        "categoryLabel": "Vëzhgim faune",
        "location": "Durrës, Shqipëri",
        "countryCodes": [
          "AL"
        ],
        "summary": "Vëzhgim i Hypena obsitalis më 2026-01-22 në Shqipëri. Të dhënat nga GBIF.",
        "details": [
          "Një regjistrim i pranishmërisë së llojit; pika nuk paraqet shtrirjen e habitatit."
        ],
        "mapNote": "Koordinata e vëzhgimit nga GBIF; saktësia dhe origjina kontrollohen te regjistrimi burimor.",
        "geometryType": "Point",
        "sources": [
          {
            "label": "GBIF · regjistrimi dhe licenca",
            "url": "https://www.gbif.org/occurrence/6130936549"
          }
        ],
        "extra": {
          "Lloji": "Hypena obsitalis",
          "Data": "2026-01-22",
          "Licenca": "http://creativecommons.org/licenses/by-nc/4.0/legalcode",
          "Burimi": "iNaturalist research-grade observations"
        },
        "image": {
          "url": "https://api.gbif.org/v1/image/cache/800x/occurrence/6130936549/media/c076174e7f503d6e94fb45c2a796898d",
          "source": "https://www.inaturalist.org/photos/609967175",
          "credit": "Marsel Mersinaj",
          "license": "CC BY-NC 4.0",
          "licenseUrl": "http://creativecommons.org/licenses/by-nc/4.0/",
          "alt": "Hypena obsitalis"
        }
      }
    },
    {
      "type": "Feature",
      "id": "gbif-6130947767",
      "geometry": {
        "type": "Point",
        "coordinates": [
          20.993637,
          40.677972
        ]
      },
      "properties": {
        "name": "Anas crecca",
        "category": "fauna",
        "categoryLabel": "Vëzhgim faune",
        "location": "Korçë, Shqipëri",
        "countryCodes": [
          "AL"
        ],
        "summary": "Vëzhgim i Anas crecca më 2026-01-17 në Shqipëri. Të dhënat nga GBIF.",
        "details": [
          "Një regjistrim i pranishmërisë së llojit; pika nuk paraqet shtrirjen e habitatit."
        ],
        "mapNote": "Koordinata e vëzhgimit nga GBIF; saktësia dhe origjina kontrollohen te regjistrimi burimor.",
        "geometryType": "Point",
        "sources": [
          {
            "label": "GBIF · regjistrimi dhe licenca",
            "url": "https://www.gbif.org/occurrence/6130947767"
          }
        ],
        "extra": {
          "Lloji": "Anas crecca",
          "Data": "2026-01-17",
          "Licenca": "http://creativecommons.org/licenses/by-nc/4.0/legalcode",
          "Burimi": "iNaturalist research-grade observations"
        },
        "image": {
          "url": "https://api.gbif.org/v1/image/cache/800x/occurrence/6130947767/media/215e0fa949e8b76f80ae504da2d4dc60",
          "source": "https://www.inaturalist.org/photos/609033240",
          "credit": "Klajdi Duro",
          "license": "CC BY-NC 4.0",
          "licenseUrl": "http://creativecommons.org/licenses/by-nc/4.0/",
          "alt": "Anas crecca"
        }
      }
    },
    {
      "type": "Feature",
      "id": "gbif-6131016319",
      "geometry": {
        "type": "Point",
        "coordinates": [
          19.436976,
          41.351045
        ]
      },
      "properties": {
        "name": "Eristalis pertinax",
        "category": "fauna",
        "categoryLabel": "Vëzhgim faune",
        "location": "Durrës, Shqipëri",
        "countryCodes": [
          "AL"
        ],
        "summary": "Vëzhgim i Eristalis pertinax më 2026-01-16 në Shqipëri. Të dhënat nga GBIF.",
        "details": [
          "Një regjistrim i pranishmërisë së llojit; pika nuk paraqet shtrirjen e habitatit."
        ],
        "mapNote": "Koordinata e vëzhgimit nga GBIF; saktësia dhe origjina kontrollohen te regjistrimi burimor.",
        "geometryType": "Point",
        "sources": [
          {
            "label": "GBIF · regjistrimi dhe licenca",
            "url": "https://www.gbif.org/occurrence/6131016319"
          }
        ],
        "extra": {
          "Lloji": "Eristalis pertinax",
          "Data": "2026-01-16",
          "Licenca": "http://creativecommons.org/licenses/by-nc/4.0/legalcode",
          "Burimi": "iNaturalist research-grade observations"
        },
        "image": {
          "url": "https://api.gbif.org/v1/image/cache/800x/occurrence/6131016319/media/269987a1d73f8b253b9dd7d862a1872c",
          "source": "https://www.inaturalist.org/photos/608420984",
          "credit": "Arian",
          "license": "CC BY-NC 4.0",
          "licenseUrl": "http://creativecommons.org/licenses/by-nc/4.0/",
          "alt": "Eristalis pertinax"
        }
      }
    },
    {
      "type": "Feature",
      "id": "gbif-6131040369",
      "geometry": {
        "type": "Point",
        "coordinates": [
          19.394548,
          40.564061
        ]
      },
      "properties": {
        "name": "Alcedo atthis",
        "category": "fauna",
        "categoryLabel": "Vëzhgim faune",
        "location": "Vlorë, Shqipëri",
        "countryCodes": [
          "AL"
        ],
        "summary": "Vëzhgim i Alcedo atthis më 2026-01-14 në Shqipëri. Të dhënat nga GBIF.",
        "details": [
          "Një regjistrim i pranishmërisë së llojit; pika nuk paraqet shtrirjen e habitatit."
        ],
        "mapNote": "Koordinata e vëzhgimit nga GBIF; saktësia dhe origjina kontrollohen te regjistrimi burimor.",
        "geometryType": "Point",
        "sources": [
          {
            "label": "GBIF · regjistrimi dhe licenca",
            "url": "https://www.gbif.org/occurrence/6131040369"
          }
        ],
        "extra": {
          "Lloji": "Alcedo atthis",
          "Data": "2026-01-14",
          "Licenca": "http://creativecommons.org/licenses/by-nc/4.0/legalcode",
          "Burimi": "iNaturalist research-grade observations"
        },
        "image": {
          "url": "https://api.gbif.org/v1/image/cache/800x/occurrence/6131040369/media/e513904caaeaa794fd55f2b119877df3",
          "source": "https://www.inaturalist.org/photos/608158404",
          "credit": "Klajdi Duro",
          "license": "CC BY-NC 4.0",
          "licenseUrl": "http://creativecommons.org/licenses/by-nc/4.0/",
          "alt": "Alcedo atthis"
        }
      }
    },
    {
      "type": "Feature",
      "id": "gbif-6131306591",
      "geometry": {
        "type": "Point",
        "coordinates": [
          19.388845,
          40.565095
        ]
      },
      "properties": {
        "name": "Egretta garzetta",
        "category": "fauna",
        "categoryLabel": "Vëzhgim faune",
        "location": "Vlorë, Shqipëri",
        "countryCodes": [
          "AL"
        ],
        "summary": "Vëzhgim i Egretta garzetta më 2026-01-14 në Shqipëri. Të dhënat nga GBIF.",
        "details": [
          "Një regjistrim i pranishmërisë së llojit; pika nuk paraqet shtrirjen e habitatit."
        ],
        "mapNote": "Koordinata e vëzhgimit nga GBIF; saktësia dhe origjina kontrollohen te regjistrimi burimor.",
        "geometryType": "Point",
        "sources": [
          {
            "label": "GBIF · regjistrimi dhe licenca",
            "url": "https://www.gbif.org/occurrence/6131306591"
          }
        ],
        "extra": {
          "Lloji": "Egretta garzetta",
          "Data": "2026-01-14",
          "Licenca": "http://creativecommons.org/licenses/by-nc/4.0/legalcode",
          "Burimi": "iNaturalist research-grade observations"
        },
        "image": {
          "url": "https://api.gbif.org/v1/image/cache/800x/occurrence/6131306591/media/6a0e52a4aafda8af48b7507f3276731e",
          "source": "https://www.inaturalist.org/photos/608158505",
          "credit": "Klajdi Duro",
          "license": "CC BY-NC 4.0",
          "licenseUrl": "http://creativecommons.org/licenses/by-nc/4.0/",
          "alt": "Egretta garzetta"
        }
      }
    },
    {
      "type": "Feature",
      "id": "gbif-6131345328",
      "geometry": {
        "type": "Point",
        "coordinates": [
          21.008142,
          40.674492
        ]
      },
      "properties": {
        "name": "Anser anser",
        "category": "fauna",
        "categoryLabel": "Vëzhgim faune",
        "location": "Korçë, Shqipëri",
        "countryCodes": [
          "AL"
        ],
        "summary": "Vëzhgim i Anser anser më 2026-01-17 në Shqipëri. Të dhënat nga GBIF.",
        "details": [
          "Një regjistrim i pranishmërisë së llojit; pika nuk paraqet shtrirjen e habitatit."
        ],
        "mapNote": "Koordinata e vëzhgimit nga GBIF; saktësia dhe origjina kontrollohen te regjistrimi burimor.",
        "geometryType": "Point",
        "sources": [
          {
            "label": "GBIF · regjistrimi dhe licenca",
            "url": "https://www.gbif.org/occurrence/6131345328"
          }
        ],
        "extra": {
          "Lloji": "Anser anser",
          "Data": "2026-01-17",
          "Licenca": "http://creativecommons.org/licenses/by-nc/4.0/legalcode",
          "Burimi": "iNaturalist research-grade observations"
        },
        "image": {
          "url": "https://api.gbif.org/v1/image/cache/800x/occurrence/6131345328/media/7dbadfbecdae622d25edfebd0abfc21b",
          "source": "https://www.inaturalist.org/photos/609204851",
          "credit": "Klajdi Duro",
          "license": "CC BY-NC 4.0",
          "licenseUrl": "http://creativecommons.org/licenses/by-nc/4.0/",
          "alt": "Anser anser"
        }
      }
    },
    {
      "type": "Feature",
      "id": "gbif-6131375117",
      "geometry": {
        "type": "Point",
        "coordinates": [
          19.819613,
          41.312747
        ]
      },
      "properties": {
        "name": "Fulica atra",
        "category": "fauna",
        "categoryLabel": "Vëzhgim faune",
        "location": "Tiranë, Shqipëri",
        "countryCodes": [
          "AL"
        ],
        "summary": "Vëzhgim i Fulica atra më 2026-01-25 në Shqipëri. Të dhënat nga GBIF.",
        "details": [
          "Një regjistrim i pranishmërisë së llojit; pika nuk paraqet shtrirjen e habitatit."
        ],
        "mapNote": "Koordinata e vëzhgimit nga GBIF; saktësia dhe origjina kontrollohen te regjistrimi burimor.",
        "geometryType": "Point",
        "sources": [
          {
            "label": "GBIF · regjistrimi dhe licenca",
            "url": "https://www.gbif.org/occurrence/6131375117"
          }
        ],
        "extra": {
          "Lloji": "Fulica atra",
          "Data": "2026-01-25",
          "Licenca": "http://creativecommons.org/licenses/by-nc/4.0/legalcode",
          "Burimi": "iNaturalist research-grade observations"
        },
        "image": {
          "url": "https://api.gbif.org/v1/image/cache/800x/occurrence/6131375117/media/4cd3f988a2876b80411bafa96aed8dfd",
          "source": "https://www.inaturalist.org/photos/610676837",
          "credit": "arberzaimi",
          "license": "CC BY-NC 4.0",
          "licenseUrl": "http://creativecommons.org/licenses/by-nc/4.0/",
          "alt": "Fulica atra"
        }
      }
    },
    {
      "type": "Feature",
      "id": "gbif-6131389680",
      "geometry": {
        "type": "Point",
        "coordinates": [
          19.474224,
          41.004802
        ]
      },
      "properties": {
        "name": "Dicentrarchus labrax",
        "category": "fauna",
        "categoryLabel": "Vëzhgim faune",
        "location": "Tiranë, Shqipëri",
        "countryCodes": [
          "AL"
        ],
        "summary": "Vëzhgim i Dicentrarchus labrax më 2026-01-11 në Shqipëri. Të dhënat nga GBIF.",
        "details": [
          "Një regjistrim i pranishmërisë së llojit; pika nuk paraqet shtrirjen e habitatit."
        ],
        "mapNote": "Koordinata e vëzhgimit nga GBIF; saktësia dhe origjina kontrollohen te regjistrimi burimor.",
        "geometryType": "Point",
        "sources": [
          {
            "label": "GBIF · regjistrimi dhe licenca",
            "url": "https://www.gbif.org/occurrence/6131389680"
          }
        ],
        "extra": {
          "Lloji": "Dicentrarchus labrax",
          "Data": "2026-01-11",
          "Licenca": "http://creativecommons.org/licenses/by-nc/4.0/legalcode",
          "Burimi": "iNaturalist research-grade observations"
        },
        "image": {
          "url": "https://api.gbif.org/v1/image/cache/800x/occurrence/6131389680/media/17753f040839180605578df00391fa75",
          "source": "https://www.inaturalist.org/photos/607205822",
          "credit": "Marsel Mersinaj",
          "license": "CC BY-NC 4.0",
          "licenseUrl": "http://creativecommons.org/licenses/by-nc/4.0/",
          "alt": "Dicentrarchus labrax"
        }
      }
    },
    {
      "type": "Feature",
      "id": "gbif-6131623743",
      "geometry": {
        "type": "Point",
        "coordinates": [
          19.404106,
          40.513416
        ]
      },
      "properties": {
        "name": "Phoenicopterus roseus",
        "category": "fauna",
        "categoryLabel": "Vëzhgim faune",
        "location": "Vlorë, Shqipëri",
        "countryCodes": [
          "AL"
        ],
        "summary": "Vëzhgim i Phoenicopterus roseus më 2026-01-22 në Shqipëri. Të dhënat nga GBIF.",
        "details": [
          "Një regjistrim i pranishmërisë së llojit; pika nuk paraqet shtrirjen e habitatit."
        ],
        "mapNote": "Koordinata e vëzhgimit nga GBIF; saktësia dhe origjina kontrollohen te regjistrimi burimor.",
        "geometryType": "Point",
        "sources": [
          {
            "label": "GBIF · regjistrimi dhe licenca",
            "url": "https://www.gbif.org/occurrence/6131623743"
          }
        ],
        "extra": {
          "Lloji": "Phoenicopterus roseus",
          "Data": "2026-01-22",
          "Licenca": "http://creativecommons.org/licenses/by-nc/4.0/legalcode",
          "Burimi": "iNaturalist research-grade observations"
        },
        "image": {
          "url": "https://api.gbif.org/v1/image/cache/800x/occurrence/6131623743/media/1ef12a5abf165ddd54c87db86b901f4b",
          "source": "https://www.inaturalist.org/photos/610182917",
          "credit": "Marsel Mersinaj",
          "license": "CC BY-NC 4.0",
          "licenseUrl": "http://creativecommons.org/licenses/by-nc/4.0/",
          "alt": "Phoenicopterus roseus"
        }
      }
    },
    {
      "type": "Feature",
      "id": "gbif-6131675725",
      "geometry": {
        "type": "Point",
        "coordinates": [
          20.081429,
          39.875297
        ]
      },
      "properties": {
        "name": "Isurus oxyrinchus",
        "category": "fauna",
        "categoryLabel": "Vëzhgim faune",
        "location": "Vlorë, Shqipëri",
        "countryCodes": [
          "AL"
        ],
        "summary": "Vëzhgim i Isurus oxyrinchus më 2026-01-23 në Shqipëri. Të dhënat nga GBIF.",
        "details": [
          "Një regjistrim i pranishmërisë së llojit; pika nuk paraqet shtrirjen e habitatit."
        ],
        "mapNote": "Koordinata e vëzhgimit nga GBIF; saktësia dhe origjina kontrollohen te regjistrimi burimor.",
        "geometryType": "Point",
        "sources": [
          {
            "label": "GBIF · regjistrimi dhe licenca",
            "url": "https://www.gbif.org/occurrence/6131675725"
          }
        ],
        "extra": {
          "Lloji": "Isurus oxyrinchus",
          "Data": "2026-01-23",
          "Licenca": "http://creativecommons.org/licenses/by-nc/4.0/legalcode",
          "Burimi": "iNaturalist research-grade observations"
        },
        "image": {
          "url": "https://api.gbif.org/v1/image/cache/800x/occurrence/6131675725/media/1bc8ec8bc19c49541804e91d793c173a",
          "source": "https://www.inaturalist.org/photos/610473754",
          "credit": "Marsel Mersinaj",
          "license": "CC BY-NC 4.0",
          "licenseUrl": "http://creativecommons.org/licenses/by-nc/4.0/",
          "alt": "Isurus oxyrinchus"
        }
      }
    },
    {
      "type": "Feature",
      "id": "gbif-6133040573",
      "geometry": {
        "type": "Point",
        "coordinates": [
          19.29055,
          41.870294
        ]
      },
      "properties": {
        "name": "Epinephelus marginatus",
        "category": "fauna",
        "categoryLabel": "Vëzhgim faune",
        "location": "Shkodër, Shqipëri",
        "countryCodes": [
          "AL"
        ],
        "summary": "Vëzhgim i Epinephelus marginatus më 2026-01-29 në Shqipëri. Të dhënat nga GBIF.",
        "details": [
          "Një regjistrim i pranishmërisë së llojit; pika nuk paraqet shtrirjen e habitatit."
        ],
        "mapNote": "Koordinata e vëzhgimit nga GBIF; saktësia dhe origjina kontrollohen te regjistrimi burimor.",
        "geometryType": "Point",
        "sources": [
          {
            "label": "GBIF · regjistrimi dhe licenca",
            "url": "https://www.gbif.org/occurrence/6133040573"
          }
        ],
        "extra": {
          "Lloji": "Epinephelus marginatus",
          "Data": "2026-01-29",
          "Licenca": "http://creativecommons.org/licenses/by-nc/4.0/legalcode",
          "Burimi": "iNaturalist research-grade observations"
        },
        "image": {
          "url": "https://api.gbif.org/v1/image/cache/800x/occurrence/6133040573/media/cdae19973e7ae5e2d5e115a0a9462f86",
          "source": "https://www.inaturalist.org/photos/612102905",
          "credit": "Marsel Mersinaj",
          "license": "CC BY-NC 4.0",
          "licenseUrl": "http://creativecommons.org/licenses/by-nc/4.0/",
          "alt": "Epinephelus marginatus"
        }
      }
    },
    {
      "type": "Feature",
      "id": "gbif-6133073213",
      "geometry": {
        "type": "Point",
        "coordinates": [
          20.0091,
          39.87378
        ]
      },
      "properties": {
        "name": "Motacilla alba",
        "category": "fauna",
        "categoryLabel": "Vëzhgim faune",
        "location": "Vlorë, Shqipëri",
        "countryCodes": [
          "AL"
        ],
        "summary": "Vëzhgim i Motacilla alba më 2026-01-12 në Shqipëri. Të dhënat nga GBIF.",
        "details": [
          "Një regjistrim i pranishmërisë së llojit; pika nuk paraqet shtrirjen e habitatit."
        ],
        "mapNote": "Koordinata e vëzhgimit nga GBIF; saktësia dhe origjina kontrollohen te regjistrimi burimor.",
        "geometryType": "Point",
        "sources": [
          {
            "label": "GBIF · regjistrimi dhe licenca",
            "url": "https://www.gbif.org/occurrence/6133073213"
          }
        ],
        "extra": {
          "Lloji": "Motacilla alba",
          "Data": "2026-01-12",
          "Licenca": "http://creativecommons.org/licenses/by-nc/4.0/legalcode",
          "Burimi": "iNaturalist research-grade observations"
        },
        "image": {
          "url": "https://api.gbif.org/v1/image/cache/800x/occurrence/6133073213/media/df5ef433d62bd7a719c8ed6cac248876",
          "source": "https://www.inaturalist.org/photos/611586158",
          "credit": "arberzaimi",
          "license": "CC BY-NC 4.0",
          "licenseUrl": "http://creativecommons.org/licenses/by-nc/4.0/",
          "alt": "Motacilla alba"
        }
      }
    },
    {
      "type": "Feature",
      "id": "gbif-6133137907",
      "geometry": {
        "type": "Point",
        "coordinates": [
          19.333707,
          41.179982
        ]
      },
      "properties": {
        "name": "Dicentrarchus labrax",
        "category": "fauna",
        "categoryLabel": "Vëzhgim faune",
        "location": "Shqipëri, Shqipëri",
        "countryCodes": [
          "AL"
        ],
        "summary": "Vëzhgim i Dicentrarchus labrax më 2026-01-27 në Shqipëri. Të dhënat nga GBIF.",
        "details": [
          "Një regjistrim i pranishmërisë së llojit; pika nuk paraqet shtrirjen e habitatit."
        ],
        "mapNote": "Koordinata e vëzhgimit nga GBIF; saktësia dhe origjina kontrollohen te regjistrimi burimor.",
        "geometryType": "Point",
        "sources": [
          {
            "label": "GBIF · regjistrimi dhe licenca",
            "url": "https://www.gbif.org/occurrence/6133137907"
          }
        ],
        "extra": {
          "Lloji": "Dicentrarchus labrax",
          "Data": "2026-01-27",
          "Licenca": "http://creativecommons.org/licenses/by-nc/4.0/legalcode",
          "Burimi": "iNaturalist research-grade observations"
        },
        "image": {
          "url": "https://api.gbif.org/v1/image/cache/800x/occurrence/6133137907/media/c1dccce4fce00e8d632429c421d1267d",
          "source": "https://www.inaturalist.org/photos/611424001",
          "credit": "Marsel Mersinaj",
          "license": "CC BY-NC 4.0",
          "licenseUrl": "http://creativecommons.org/licenses/by-nc/4.0/",
          "alt": "Dicentrarchus labrax"
        }
      }
    },
    {
      "type": "Feature",
      "id": "gbif-6133160754",
      "geometry": {
        "type": "Point",
        "coordinates": [
          20.658181,
          40.919039
        ]
      },
      "properties": {
        "name": "Cygnus olor",
        "category": "fauna",
        "categoryLabel": "Vëzhgim faune",
        "location": "Korçë, Shqipëri",
        "countryCodes": [
          "AL"
        ],
        "summary": "Vëzhgim i Cygnus olor më 2026-01-27 në Shqipëri. Të dhënat nga GBIF.",
        "details": [
          "Një regjistrim i pranishmërisë së llojit; pika nuk paraqet shtrirjen e habitatit."
        ],
        "mapNote": "Koordinata e vëzhgimit nga GBIF; saktësia dhe origjina kontrollohen te regjistrimi burimor.",
        "geometryType": "Point",
        "sources": [
          {
            "label": "GBIF · regjistrimi dhe licenca",
            "url": "https://www.gbif.org/occurrence/6133160754"
          }
        ],
        "extra": {
          "Lloji": "Cygnus olor",
          "Data": "2026-01-27",
          "Licenca": "http://creativecommons.org/licenses/by-nc/4.0/legalcode",
          "Burimi": "iNaturalist research-grade observations"
        },
        "image": {
          "url": "https://api.gbif.org/v1/image/cache/800x/occurrence/6133160754/media/cf8148e8b3e43e778179dea0a20b66c7",
          "source": "https://www.inaturalist.org/photos/611424815",
          "credit": "Marsel Mersinaj",
          "license": "CC BY-NC 4.0",
          "licenseUrl": "http://creativecommons.org/licenses/by-nc/4.0/",
          "alt": "Cygnus olor"
        }
      }
    },
    {
      "type": "Feature",
      "id": "gbif-6133164002",
      "geometry": {
        "type": "Point",
        "coordinates": [
          20.64145,
          41.065925
        ]
      },
      "properties": {
        "name": "Felis catus",
        "category": "fauna",
        "categoryLabel": "Vëzhgim faune",
        "location": "Korçë, Shqipëri",
        "countryCodes": [
          "AL"
        ],
        "summary": "Vëzhgim i Felis catus më 2026-01-28 në Shqipëri. Të dhënat nga GBIF.",
        "details": [
          "Një regjistrim i pranishmërisë së llojit; pika nuk paraqet shtrirjen e habitatit."
        ],
        "mapNote": "Koordinata e vëzhgimit nga GBIF; saktësia dhe origjina kontrollohen te regjistrimi burimor.",
        "geometryType": "Point",
        "sources": [
          {
            "label": "GBIF · regjistrimi dhe licenca",
            "url": "https://www.gbif.org/occurrence/6133164002"
          }
        ],
        "extra": {
          "Lloji": "Felis catus",
          "Data": "2026-01-28",
          "Licenca": "http://creativecommons.org/licenses/by-nc/4.0/legalcode",
          "Burimi": "iNaturalist research-grade observations"
        },
        "image": {
          "url": "https://api.gbif.org/v1/image/cache/800x/occurrence/6133164002/media/602a6dd5a6e2d3a6532616e7ba2d44c6",
          "source": "https://www.inaturalist.org/photos/611423491",
          "credit": "Marsel Mersinaj",
          "license": "CC BY-NC 4.0",
          "licenseUrl": "http://creativecommons.org/licenses/by-nc/4.0/",
          "alt": "Felis catus"
        }
      }
    },
    {
      "type": "Feature",
      "id": "gbif-6133173271",
      "geometry": {
        "type": "Point",
        "coordinates": [
          19.344496,
          41.672031
        ]
      },
      "properties": {
        "name": "Epinephelus marginatus",
        "category": "fauna",
        "categoryLabel": "Vëzhgim faune",
        "location": "Shqipëri, Shqipëri",
        "countryCodes": [
          "AL"
        ],
        "summary": "Vëzhgim i Epinephelus marginatus më 2026-01-27 në Shqipëri. Të dhënat nga GBIF.",
        "details": [
          "Një regjistrim i pranishmërisë së llojit; pika nuk paraqet shtrirjen e habitatit."
        ],
        "mapNote": "Koordinata e vëzhgimit nga GBIF; saktësia dhe origjina kontrollohen te regjistrimi burimor.",
        "geometryType": "Point",
        "sources": [
          {
            "label": "GBIF · regjistrimi dhe licenca",
            "url": "https://www.gbif.org/occurrence/6133173271"
          }
        ],
        "extra": {
          "Lloji": "Epinephelus marginatus",
          "Data": "2026-01-27",
          "Licenca": "http://creativecommons.org/licenses/by-nc/4.0/legalcode",
          "Burimi": "iNaturalist research-grade observations"
        },
        "image": {
          "url": "https://api.gbif.org/v1/image/cache/800x/occurrence/6133173271/media/b4a129e18e502def0692f4a9dcd33bdf",
          "source": "https://www.inaturalist.org/photos/611623276",
          "credit": "Marsel Mersinaj",
          "license": "CC BY-NC 4.0",
          "licenseUrl": "http://creativecommons.org/licenses/by-nc/4.0/",
          "alt": "Epinephelus marginatus"
        }
      }
    },
    {
      "type": "Feature",
      "id": "gbif-6133244991",
      "geometry": {
        "type": "Point",
        "coordinates": [
          20.653594,
          40.919276
        ]
      },
      "properties": {
        "name": "Anas platyrhynchos",
        "category": "fauna",
        "categoryLabel": "Vëzhgim faune",
        "location": "Korçë, Shqipëri",
        "countryCodes": [
          "AL"
        ],
        "summary": "Vëzhgim i Anas platyrhynchos më 2026-01-28 në Shqipëri. Të dhënat nga GBIF.",
        "details": [
          "Një regjistrim i pranishmërisë së llojit; pika nuk paraqet shtrirjen e habitatit."
        ],
        "mapNote": "Koordinata e vëzhgimit nga GBIF; saktësia dhe origjina kontrollohen te regjistrimi burimor.",
        "geometryType": "Point",
        "sources": [
          {
            "label": "GBIF · regjistrimi dhe licenca",
            "url": "https://www.gbif.org/occurrence/6133244991"
          }
        ],
        "extra": {
          "Lloji": "Anas platyrhynchos",
          "Data": "2026-01-28",
          "Licenca": "http://creativecommons.org/licenses/by-nc/4.0/legalcode",
          "Burimi": "iNaturalist research-grade observations"
        },
        "image": {
          "url": "https://api.gbif.org/v1/image/cache/800x/occurrence/6133244991/media/50bec8df490031ad94293576ac97fcf3",
          "source": "https://www.inaturalist.org/photos/611419873",
          "credit": "Marsel Mersinaj",
          "license": "CC BY-NC 4.0",
          "licenseUrl": "http://creativecommons.org/licenses/by-nc/4.0/",
          "alt": "Anas platyrhynchos"
        }
      }
    },
    {
      "type": "Feature",
      "id": "gbif-6133309149",
      "geometry": {
        "type": "Point",
        "coordinates": [
          19.454451,
          41.318321
        ]
      },
      "properties": {
        "name": "Canis lupus",
        "category": "fauna",
        "categoryLabel": "Vëzhgim faune",
        "location": "Durrës, Shqipëri",
        "countryCodes": [
          "AL"
        ],
        "summary": "Vëzhgim i Canis lupus më 2026-01-29 në Shqipëri. Të dhënat nga GBIF.",
        "details": [
          "Një regjistrim i pranishmërisë së llojit; pika nuk paraqet shtrirjen e habitatit."
        ],
        "mapNote": "Koordinata e vëzhgimit nga GBIF; saktësia dhe origjina kontrollohen te regjistrimi burimor.",
        "geometryType": "Point",
        "sources": [
          {
            "label": "GBIF · regjistrimi dhe licenca",
            "url": "https://www.gbif.org/occurrence/6133309149"
          }
        ],
        "extra": {
          "Lloji": "Canis lupus",
          "Data": "2026-01-29",
          "Licenca": "http://creativecommons.org/licenses/by-nc/4.0/legalcode",
          "Burimi": "iNaturalist research-grade observations"
        },
        "image": {
          "url": "https://api.gbif.org/v1/image/cache/800x/occurrence/6133309149/media/1a5f0bf5ed435dd90af4648d8d04ba56",
          "source": "https://www.inaturalist.org/photos/611975758",
          "credit": "Marsel Mersinaj",
          "license": "CC BY-NC 4.0",
          "licenseUrl": "http://creativecommons.org/licenses/by-nc/4.0/",
          "alt": "Canis lupus"
        }
      }
    },
    {
      "type": "Feature",
      "id": "gbif-6133341653",
      "geometry": {
        "type": "Point",
        "coordinates": [
          19.486419,
          42.085008
        ]
      },
      "properties": {
        "name": "Bubulcus ibis",
        "category": "fauna",
        "categoryLabel": "Vëzhgim faune",
        "location": "Shkodër, Shqipëri",
        "countryCodes": [
          "AL"
        ],
        "summary": "Vëzhgim i Bubulcus ibis më 2026-01-28 në Shqipëri. Të dhënat nga GBIF.",
        "details": [
          "Një regjistrim i pranishmërisë së llojit; pika nuk paraqet shtrirjen e habitatit."
        ],
        "mapNote": "Koordinata e vëzhgimit nga GBIF; saktësia dhe origjina kontrollohen te regjistrimi burimor.",
        "geometryType": "Point",
        "sources": [
          {
            "label": "GBIF · regjistrimi dhe licenca",
            "url": "https://www.gbif.org/occurrence/6133341653"
          }
        ],
        "extra": {
          "Lloji": "Bubulcus ibis",
          "Data": "2026-01-28",
          "Licenca": "http://creativecommons.org/licenses/by-nc/4.0/legalcode",
          "Burimi": "iNaturalist research-grade observations"
        },
        "image": {
          "url": "https://api.gbif.org/v1/image/cache/800x/occurrence/6133341653/media/3721fcda765804fb2b0d6c3f399cd1fb",
          "source": "https://www.inaturalist.org/photos/611423801",
          "credit": "Marsel Mersinaj",
          "license": "CC BY-NC 4.0",
          "licenseUrl": "http://creativecommons.org/licenses/by-nc/4.0/",
          "alt": "Bubulcus ibis"
        }
      }
    },
    {
      "type": "Feature",
      "id": "gbif-6133496570",
      "geometry": {
        "type": "Point",
        "coordinates": [
          19.504213,
          41.312191
        ]
      },
      "properties": {
        "name": "Caretta caretta",
        "category": "fauna",
        "categoryLabel": "Vëzhgim faune",
        "location": "Durrës, Shqipëri",
        "countryCodes": [
          "AL"
        ],
        "summary": "Vëzhgim i Caretta caretta më 2026-01-29 në Shqipëri. Të dhënat nga GBIF.",
        "details": [
          "Një regjistrim i pranishmërisë së llojit; pika nuk paraqet shtrirjen e habitatit."
        ],
        "mapNote": "Koordinata e vëzhgimit nga GBIF; saktësia dhe origjina kontrollohen te regjistrimi burimor.",
        "geometryType": "Point",
        "sources": [
          {
            "label": "GBIF · regjistrimi dhe licenca",
            "url": "https://www.gbif.org/occurrence/6133496570"
          }
        ],
        "extra": {
          "Lloji": "Caretta caretta",
          "Data": "2026-01-29",
          "Licenca": "http://creativecommons.org/licenses/by-nc/4.0/legalcode",
          "Burimi": "iNaturalist research-grade observations"
        },
        "image": {
          "url": "https://api.gbif.org/v1/image/cache/800x/occurrence/6133496570/media/b21aca16034367ae6b8ae6420709a7dc",
          "source": "https://www.inaturalist.org/photos/611659358",
          "credit": "Marsel Mersinaj",
          "license": "CC BY-NC 4.0",
          "licenseUrl": "http://creativecommons.org/licenses/by-nc/4.0/",
          "alt": "Caretta caretta"
        }
      }
    },
    {
      "type": "Feature",
      "id": "gbif-6150269230",
      "geometry": {
        "type": "Point",
        "coordinates": [
          19.817652,
          41.307171
        ]
      },
      "properties": {
        "name": "Chloris chloris",
        "category": "fauna",
        "categoryLabel": "Vëzhgim faune",
        "location": "Tirana region AF5, Shqipëri",
        "countryCodes": [
          "AL"
        ],
        "summary": "Vëzhgim i Chloris chloris më 2026-01-16 në Shqipëri. Të dhënat nga GBIF.",
        "details": [
          "Një regjistrim i pranishmërisë së llojit; pika nuk paraqet shtrirjen e habitatit."
        ],
        "mapNote": "Koordinata e vëzhgimit nga GBIF; saktësia dhe origjina kontrollohen te regjistrimi burimor.",
        "geometryType": "Point",
        "sources": [
          {
            "label": "GBIF · regjistrimi dhe licenca",
            "url": "https://www.gbif.org/occurrence/6150269230"
          }
        ],
        "extra": {
          "Lloji": "Chloris chloris",
          "Data": "2026-01-16",
          "Licenca": "http://creativecommons.org/licenses/by-nc/4.0/legalcode",
          "Burimi": "GBIF"
        }
      }
    },
    {
      "type": "Feature",
      "id": "gbif-6150275103",
      "geometry": {
        "type": "Point",
        "coordinates": [
          19.813852,
          41.308976
        ]
      },
      "properties": {
        "name": "Cyanistes caeruleus",
        "category": "fauna",
        "categoryLabel": "Vëzhgim faune",
        "location": "Tirana region AF5, Shqipëri",
        "countryCodes": [
          "AL"
        ],
        "summary": "Vëzhgim i Cyanistes caeruleus më 2026-01-23 në Shqipëri. Të dhënat nga GBIF.",
        "details": [
          "Një regjistrim i pranishmërisë së llojit; pika nuk paraqet shtrirjen e habitatit."
        ],
        "mapNote": "Koordinata e vëzhgimit nga GBIF; saktësia dhe origjina kontrollohen te regjistrimi burimor.",
        "geometryType": "Point",
        "sources": [
          {
            "label": "GBIF · regjistrimi dhe licenca",
            "url": "https://www.gbif.org/occurrence/6150275103"
          }
        ],
        "extra": {
          "Lloji": "Cyanistes caeruleus",
          "Data": "2026-01-23",
          "Licenca": "http://creativecommons.org/licenses/by-nc/4.0/legalcode",
          "Burimi": "GBIF"
        }
      }
    },
    {
      "type": "Feature",
      "id": "gbif-6150275248",
      "geometry": {
        "type": "Point",
        "coordinates": [
          19.820344,
          41.311269
        ]
      },
      "properties": {
        "name": "Chroicocephalus ridibundus",
        "category": "fauna",
        "categoryLabel": "Vëzhgim faune",
        "location": "Tirana region AF5, Shqipëri",
        "countryCodes": [
          "AL"
        ],
        "summary": "Vëzhgim i Chroicocephalus ridibundus më 2026-01-17 në Shqipëri. Të dhënat nga GBIF.",
        "details": [
          "Një regjistrim i pranishmërisë së llojit; pika nuk paraqet shtrirjen e habitatit."
        ],
        "mapNote": "Koordinata e vëzhgimit nga GBIF; saktësia dhe origjina kontrollohen te regjistrimi burimor.",
        "geometryType": "Point",
        "sources": [
          {
            "label": "GBIF · regjistrimi dhe licenca",
            "url": "https://www.gbif.org/occurrence/6150275248"
          }
        ],
        "extra": {
          "Lloji": "Chroicocephalus ridibundus",
          "Data": "2026-01-17",
          "Licenca": "http://creativecommons.org/licenses/by-nc/4.0/legalcode",
          "Burimi": "GBIF"
        }
      }
    },
    {
      "type": "Feature",
      "id": "gbif-6150280779",
      "geometry": {
        "type": "Point",
        "coordinates": [
          19.811494,
          41.309494
        ]
      },
      "properties": {
        "name": "Motacilla alba",
        "category": "fauna",
        "categoryLabel": "Vëzhgim faune",
        "location": "Tirana region AF5, Shqipëri",
        "countryCodes": [
          "AL"
        ],
        "summary": "Vëzhgim i Motacilla alba më 2026-01-30 në Shqipëri. Të dhënat nga GBIF.",
        "details": [
          "Një regjistrim i pranishmërisë së llojit; pika nuk paraqet shtrirjen e habitatit."
        ],
        "mapNote": "Koordinata e vëzhgimit nga GBIF; saktësia dhe origjina kontrollohen te regjistrimi burimor.",
        "geometryType": "Point",
        "sources": [
          {
            "label": "GBIF · regjistrimi dhe licenca",
            "url": "https://www.gbif.org/occurrence/6150280779"
          }
        ],
        "extra": {
          "Lloji": "Motacilla alba",
          "Data": "2026-01-30",
          "Licenca": "http://creativecommons.org/licenses/by-nc/4.0/legalcode",
          "Burimi": "GBIF"
        }
      }
    },
    {
      "type": "Feature",
      "id": "gbif-6150282096",
      "geometry": {
        "type": "Point",
        "coordinates": [
          20.071723,
          39.722746
        ]
      },
      "properties": {
        "name": "Buteo buteo",
        "category": "fauna",
        "categoryLabel": "Vëzhgim faune",
        "location": "Vlorë, Shqipëri",
        "countryCodes": [
          "AL"
        ],
        "summary": "Vëzhgim i Buteo buteo më 2026-01-18 në Shqipëri. Të dhënat nga GBIF.",
        "details": [
          "Një regjistrim i pranishmërisë së llojit; pika nuk paraqet shtrirjen e habitatit."
        ],
        "mapNote": "Koordinata e vëzhgimit nga GBIF; saktësia dhe origjina kontrollohen te regjistrimi burimor.",
        "geometryType": "Point",
        "sources": [
          {
            "label": "GBIF · regjistrimi dhe licenca",
            "url": "https://www.gbif.org/occurrence/6150282096"
          }
        ],
        "extra": {
          "Lloji": "Buteo buteo",
          "Data": "2026-01-18",
          "Licenca": "http://creativecommons.org/licenses/by-nc/4.0/legalcode",
          "Burimi": "GBIF"
        }
      }
    },
    {
      "type": "Feature",
      "id": "gbif-6150316357",
      "geometry": {
        "type": "Point",
        "coordinates": [
          19.81446,
          41.307438
        ]
      },
      "properties": {
        "name": "Streptopelia decaocto",
        "category": "fauna",
        "categoryLabel": "Vëzhgim faune",
        "location": "Tirana region AF5, Shqipëri",
        "countryCodes": [
          "AL"
        ],
        "summary": "Vëzhgim i Streptopelia decaocto më 2026-01-16 në Shqipëri. Të dhënat nga GBIF.",
        "details": [
          "Një regjistrim i pranishmërisë së llojit; pika nuk paraqet shtrirjen e habitatit."
        ],
        "mapNote": "Koordinata e vëzhgimit nga GBIF; saktësia dhe origjina kontrollohen te regjistrimi burimor.",
        "geometryType": "Point",
        "sources": [
          {
            "label": "GBIF · regjistrimi dhe licenca",
            "url": "https://www.gbif.org/occurrence/6150316357"
          }
        ],
        "extra": {
          "Lloji": "Streptopelia decaocto",
          "Data": "2026-01-16",
          "Licenca": "http://creativecommons.org/licenses/by-nc/4.0/legalcode",
          "Burimi": "GBIF"
        }
      }
    },
    {
      "type": "Feature",
      "id": "gbif-6150331491",
      "geometry": {
        "type": "Point",
        "coordinates": [
          19.403783,
          40.510981
        ]
      },
      "properties": {
        "name": "Pica pica",
        "category": "fauna",
        "categoryLabel": "Vëzhgim faune",
        "location": "Vlorë, Shqipëri",
        "countryCodes": [
          "AL"
        ],
        "summary": "Vëzhgim i Pica pica më 2026-01-31 në Shqipëri. Të dhënat nga GBIF.",
        "details": [
          "Një regjistrim i pranishmërisë së llojit; pika nuk paraqet shtrirjen e habitatit."
        ],
        "mapNote": "Koordinata e vëzhgimit nga GBIF; saktësia dhe origjina kontrollohen te regjistrimi burimor.",
        "geometryType": "Point",
        "sources": [
          {
            "label": "GBIF · regjistrimi dhe licenca",
            "url": "https://www.gbif.org/occurrence/6150331491"
          }
        ],
        "extra": {
          "Lloji": "Pica pica",
          "Data": "2026-01-31",
          "Licenca": "http://creativecommons.org/licenses/by-nc/4.0/legalcode",
          "Burimi": "GBIF"
        }
      }
    },
    {
      "type": "Feature",
      "id": "gbif-6150347654",
      "geometry": {
        "type": "Point",
        "coordinates": [
          19.811798,
          41.309947
        ]
      },
      "properties": {
        "name": "Pica pica",
        "category": "fauna",
        "categoryLabel": "Vëzhgim faune",
        "location": "Tirana region AF5, Shqipëri",
        "countryCodes": [
          "AL"
        ],
        "summary": "Vëzhgim i Pica pica më 2026-01-23 në Shqipëri. Të dhënat nga GBIF.",
        "details": [
          "Një regjistrim i pranishmërisë së llojit; pika nuk paraqet shtrirjen e habitatit."
        ],
        "mapNote": "Koordinata e vëzhgimit nga GBIF; saktësia dhe origjina kontrollohen te regjistrimi burimor.",
        "geometryType": "Point",
        "sources": [
          {
            "label": "GBIF · regjistrimi dhe licenca",
            "url": "https://www.gbif.org/occurrence/6150347654"
          }
        ],
        "extra": {
          "Lloji": "Pica pica",
          "Data": "2026-01-23",
          "Licenca": "http://creativecommons.org/licenses/by-nc/4.0/legalcode",
          "Burimi": "GBIF"
        }
      }
    },
    {
      "type": "Feature",
      "id": "gbif-6150366208",
      "geometry": {
        "type": "Point",
        "coordinates": [
          19.389958,
          40.611913
        ]
      },
      "properties": {
        "name": "Circus aeruginosus",
        "category": "fauna",
        "categoryLabel": "Vëzhgim faune",
        "location": "Vlorë, Shqipëri",
        "countryCodes": [
          "AL"
        ],
        "summary": "Vëzhgim i Circus aeruginosus më 2026-01-14 në Shqipëri. Të dhënat nga GBIF.",
        "details": [
          "Një regjistrim i pranishmërisë së llojit; pika nuk paraqet shtrirjen e habitatit."
        ],
        "mapNote": "Koordinata e vëzhgimit nga GBIF; saktësia dhe origjina kontrollohen te regjistrimi burimor.",
        "geometryType": "Point",
        "sources": [
          {
            "label": "GBIF · regjistrimi dhe licenca",
            "url": "https://www.gbif.org/occurrence/6150366208"
          }
        ],
        "extra": {
          "Lloji": "Circus aeruginosus",
          "Data": "2026-01-14",
          "Licenca": "http://creativecommons.org/licenses/by-nc/4.0/legalcode",
          "Burimi": "GBIF"
        }
      }
    },
    {
      "type": "Feature",
      "id": "gbif-6150381755",
      "geometry": {
        "type": "Point",
        "coordinates": [
          20.068698,
          39.733899
        ]
      },
      "properties": {
        "name": "Buteo buteo",
        "category": "fauna",
        "categoryLabel": "Vëzhgim faune",
        "location": "Butrint NP, Shqipëri",
        "countryCodes": [
          "AL"
        ],
        "summary": "Vëzhgim i Buteo buteo më 2026-01-18 në Shqipëri. Të dhënat nga GBIF.",
        "details": [
          "Një regjistrim i pranishmërisë së llojit; pika nuk paraqet shtrirjen e habitatit."
        ],
        "mapNote": "Koordinata e vëzhgimit nga GBIF; saktësia dhe origjina kontrollohen te regjistrimi burimor.",
        "geometryType": "Point",
        "sources": [
          {
            "label": "GBIF · regjistrimi dhe licenca",
            "url": "https://www.gbif.org/occurrence/6150381755"
          }
        ],
        "extra": {
          "Lloji": "Buteo buteo",
          "Data": "2026-01-18",
          "Licenca": "http://creativecommons.org/licenses/by-nc/4.0/legalcode",
          "Burimi": "GBIF"
        }
      }
    },
    {
      "type": "Feature",
      "id": "gbif-6150399551",
      "geometry": {
        "type": "Point",
        "coordinates": [
          19.813675,
          41.30887
        ]
      },
      "properties": {
        "name": "Tachybaptus ruficollis",
        "category": "fauna",
        "categoryLabel": "Vëzhgim faune",
        "location": "Tirana region AF5, Shqipëri",
        "countryCodes": [
          "AL"
        ],
        "summary": "Vëzhgim i Tachybaptus ruficollis më 2026-01-30 në Shqipëri. Të dhënat nga GBIF.",
        "details": [
          "Një regjistrim i pranishmërisë së llojit; pika nuk paraqet shtrirjen e habitatit."
        ],
        "mapNote": "Koordinata e vëzhgimit nga GBIF; saktësia dhe origjina kontrollohen te regjistrimi burimor.",
        "geometryType": "Point",
        "sources": [
          {
            "label": "GBIF · regjistrimi dhe licenca",
            "url": "https://www.gbif.org/occurrence/6150399551"
          }
        ],
        "extra": {
          "Lloji": "Tachybaptus ruficollis",
          "Data": "2026-01-30",
          "Licenca": "http://creativecommons.org/licenses/by-nc/4.0/legalcode",
          "Burimi": "GBIF"
        }
      }
    },
    {
      "type": "Feature",
      "id": "gbif-6150401061",
      "geometry": {
        "type": "Point",
        "coordinates": [
          19.405372,
          40.51752
        ]
      },
      "properties": {
        "name": "Phoenicopterus roseus",
        "category": "fauna",
        "categoryLabel": "Vëzhgim faune",
        "location": "Vlorë, Shqipëri",
        "countryCodes": [
          "AL"
        ],
        "summary": "Vëzhgim i Phoenicopterus roseus më 2026-01-17 në Shqipëri. Të dhënat nga GBIF.",
        "details": [
          "Një regjistrim i pranishmërisë së llojit; pika nuk paraqet shtrirjen e habitatit."
        ],
        "mapNote": "Koordinata e vëzhgimit nga GBIF; saktësia dhe origjina kontrollohen te regjistrimi burimor.",
        "geometryType": "Point",
        "sources": [
          {
            "label": "GBIF · regjistrimi dhe licenca",
            "url": "https://www.gbif.org/occurrence/6150401061"
          }
        ],
        "extra": {
          "Lloji": "Phoenicopterus roseus",
          "Data": "2026-01-17",
          "Licenca": "http://creativecommons.org/licenses/by-nc/4.0/legalcode",
          "Burimi": "GBIF"
        }
      }
    },
    {
      "type": "Feature",
      "id": "gbif-6150401167",
      "geometry": {
        "type": "Point",
        "coordinates": [
          19.392657,
          40.534523
        ]
      },
      "properties": {
        "name": "Chroicocephalus ridibundus",
        "category": "fauna",
        "categoryLabel": "Vëzhgim faune",
        "location": "Vlorë, Shqipëri",
        "countryCodes": [
          "AL"
        ],
        "summary": "Vëzhgim i Chroicocephalus ridibundus më 2026-01-17 në Shqipëri. Të dhënat nga GBIF.",
        "details": [
          "Një regjistrim i pranishmërisë së llojit; pika nuk paraqet shtrirjen e habitatit."
        ],
        "mapNote": "Koordinata e vëzhgimit nga GBIF; saktësia dhe origjina kontrollohen te regjistrimi burimor.",
        "geometryType": "Point",
        "sources": [
          {
            "label": "GBIF · regjistrimi dhe licenca",
            "url": "https://www.gbif.org/occurrence/6150401167"
          }
        ],
        "extra": {
          "Lloji": "Chroicocephalus ridibundus",
          "Data": "2026-01-17",
          "Licenca": "http://creativecommons.org/licenses/by-nc/4.0/legalcode",
          "Burimi": "GBIF"
        }
      }
    },
    {
      "type": "Feature",
      "id": "gbif-6150463097",
      "geometry": {
        "type": "Point",
        "coordinates": [
          19.820344,
          41.311269
        ]
      },
      "properties": {
        "name": "Columba livia",
        "category": "fauna",
        "categoryLabel": "Vëzhgim faune",
        "location": "Tirana region AF5, Shqipëri",
        "countryCodes": [
          "AL"
        ],
        "summary": "Vëzhgim i Columba livia më 2026-01-17 në Shqipëri. Të dhënat nga GBIF.",
        "details": [
          "Një regjistrim i pranishmërisë së llojit; pika nuk paraqet shtrirjen e habitatit."
        ],
        "mapNote": "Koordinata e vëzhgimit nga GBIF; saktësia dhe origjina kontrollohen te regjistrimi burimor.",
        "geometryType": "Point",
        "sources": [
          {
            "label": "GBIF · regjistrimi dhe licenca",
            "url": "https://www.gbif.org/occurrence/6150463097"
          }
        ],
        "extra": {
          "Lloji": "Columba livia",
          "Data": "2026-01-17",
          "Licenca": "http://creativecommons.org/licenses/by-nc/4.0/legalcode",
          "Burimi": "GBIF"
        }
      }
    },
    {
      "type": "Feature",
      "id": "gbif-6150479809",
      "geometry": {
        "type": "Point",
        "coordinates": [
          19.389958,
          40.611913
        ]
      },
      "properties": {
        "name": "Motacilla alba",
        "category": "fauna",
        "categoryLabel": "Vëzhgim faune",
        "location": "Vlorë, Shqipëri",
        "countryCodes": [
          "AL"
        ],
        "summary": "Vëzhgim i Motacilla alba më 2026-01-14 në Shqipëri. Të dhënat nga GBIF.",
        "details": [
          "Një regjistrim i pranishmërisë së llojit; pika nuk paraqet shtrirjen e habitatit."
        ],
        "mapNote": "Koordinata e vëzhgimit nga GBIF; saktësia dhe origjina kontrollohen te regjistrimi burimor.",
        "geometryType": "Point",
        "sources": [
          {
            "label": "GBIF · regjistrimi dhe licenca",
            "url": "https://www.gbif.org/occurrence/6150479809"
          }
        ],
        "extra": {
          "Lloji": "Motacilla alba",
          "Data": "2026-01-14",
          "Licenca": "http://creativecommons.org/licenses/by-nc/4.0/legalcode",
          "Burimi": "GBIF"
        }
      }
    },
    {
      "type": "Feature",
      "id": "gbif-6150479994",
      "geometry": {
        "type": "Point",
        "coordinates": [
          19.402243,
          40.577563
        ]
      },
      "properties": {
        "name": "Actitis hypoleucos",
        "category": "fauna",
        "categoryLabel": "Vëzhgim faune",
        "location": "Vlorë, Shqipëri",
        "countryCodes": [
          "AL"
        ],
        "summary": "Vëzhgim i Actitis hypoleucos më 2026-01-17 në Shqipëri. Të dhënat nga GBIF.",
        "details": [
          "Një regjistrim i pranishmërisë së llojit; pika nuk paraqet shtrirjen e habitatit."
        ],
        "mapNote": "Koordinata e vëzhgimit nga GBIF; saktësia dhe origjina kontrollohen te regjistrimi burimor.",
        "geometryType": "Point",
        "sources": [
          {
            "label": "GBIF · regjistrimi dhe licenca",
            "url": "https://www.gbif.org/occurrence/6150479994"
          }
        ],
        "extra": {
          "Lloji": "Actitis hypoleucos",
          "Data": "2026-01-17",
          "Licenca": "http://creativecommons.org/licenses/by-nc/4.0/legalcode",
          "Burimi": "GBIF"
        }
      }
    },
    {
      "type": "Feature",
      "id": "gbif-6150480893",
      "geometry": {
        "type": "Point",
        "coordinates": [
          19.406147,
          40.511539
        ]
      },
      "properties": {
        "name": "Egretta garzetta",
        "category": "fauna",
        "categoryLabel": "Vëzhgim faune",
        "location": "Vlorë, Shqipëri",
        "countryCodes": [
          "AL"
        ],
        "summary": "Vëzhgim i Egretta garzetta më 2026-01-31 në Shqipëri. Të dhënat nga GBIF.",
        "details": [
          "Një regjistrim i pranishmërisë së llojit; pika nuk paraqet shtrirjen e habitatit."
        ],
        "mapNote": "Koordinata e vëzhgimit nga GBIF; saktësia dhe origjina kontrollohen te regjistrimi burimor.",
        "geometryType": "Point",
        "sources": [
          {
            "label": "GBIF · regjistrimi dhe licenca",
            "url": "https://www.gbif.org/occurrence/6150480893"
          }
        ],
        "extra": {
          "Lloji": "Egretta garzetta",
          "Data": "2026-01-31",
          "Licenca": "http://creativecommons.org/licenses/by-nc/4.0/legalcode",
          "Burimi": "GBIF"
        }
      }
    },
    {
      "type": "Feature",
      "id": "gbif-6150568120",
      "geometry": {
        "type": "Point",
        "coordinates": [
          19.423051,
          40.509262
        ]
      },
      "properties": {
        "name": "Egretta garzetta",
        "category": "fauna",
        "categoryLabel": "Vëzhgim faune",
        "location": "Vlorë, Shqipëri",
        "countryCodes": [
          "AL"
        ],
        "summary": "Vëzhgim i Egretta garzetta më 2026-01-17 në Shqipëri. Të dhënat nga GBIF.",
        "details": [
          "Një regjistrim i pranishmërisë së llojit; pika nuk paraqet shtrirjen e habitatit."
        ],
        "mapNote": "Koordinata e vëzhgimit nga GBIF; saktësia dhe origjina kontrollohen te regjistrimi burimor.",
        "geometryType": "Point",
        "sources": [
          {
            "label": "GBIF · regjistrimi dhe licenca",
            "url": "https://www.gbif.org/occurrence/6150568120"
          }
        ],
        "extra": {
          "Lloji": "Egretta garzetta",
          "Data": "2026-01-17",
          "Licenca": "http://creativecommons.org/licenses/by-nc/4.0/legalcode",
          "Burimi": "GBIF"
        }
      }
    },
    {
      "type": "Feature",
      "id": "gbif-6150578403",
      "geometry": {
        "type": "Point",
        "coordinates": [
          19.400499,
          40.521101
        ]
      },
      "properties": {
        "name": "Chroicocephalus genei",
        "category": "fauna",
        "categoryLabel": "Vëzhgim faune",
        "location": "Vlorë, Shqipëri",
        "countryCodes": [
          "AL"
        ],
        "summary": "Vëzhgim i Chroicocephalus genei më 2026-01-17 në Shqipëri. Të dhënat nga GBIF.",
        "details": [
          "Një regjistrim i pranishmërisë së llojit; pika nuk paraqet shtrirjen e habitatit."
        ],
        "mapNote": "Koordinata e vëzhgimit nga GBIF; saktësia dhe origjina kontrollohen te regjistrimi burimor.",
        "geometryType": "Point",
        "sources": [
          {
            "label": "GBIF · regjistrimi dhe licenca",
            "url": "https://www.gbif.org/occurrence/6150578403"
          }
        ],
        "extra": {
          "Lloji": "Chroicocephalus genei",
          "Data": "2026-01-17",
          "Licenca": "http://creativecommons.org/licenses/by-nc/4.0/legalcode",
          "Burimi": "GBIF"
        }
      }
    },
    {
      "type": "Feature",
      "id": "gbif-6150611708",
      "geometry": {
        "type": "Point",
        "coordinates": [
          19.406036,
          40.511495
        ]
      },
      "properties": {
        "name": "Microcarbo pygmaeus",
        "category": "fauna",
        "categoryLabel": "Vëzhgim faune",
        "location": "Vlorë, Shqipëri",
        "countryCodes": [
          "AL"
        ],
        "summary": "Vëzhgim i Microcarbo pygmaeus më 2026-01-31 në Shqipëri. Të dhënat nga GBIF.",
        "details": [
          "Një regjistrim i pranishmërisë së llojit; pika nuk paraqet shtrirjen e habitatit."
        ],
        "mapNote": "Koordinata e vëzhgimit nga GBIF; saktësia dhe origjina kontrollohen te regjistrimi burimor.",
        "geometryType": "Point",
        "sources": [
          {
            "label": "GBIF · regjistrimi dhe licenca",
            "url": "https://www.gbif.org/occurrence/6150611708"
          }
        ],
        "extra": {
          "Lloji": "Microcarbo pygmaeus",
          "Data": "2026-01-31",
          "Licenca": "http://creativecommons.org/licenses/by-nc/4.0/legalcode",
          "Burimi": "GBIF"
        }
      }
    },
    {
      "type": "Feature",
      "id": "gbif-6150615561",
      "geometry": {
        "type": "Point",
        "coordinates": [
          19.401116,
          40.542145
        ]
      },
      "properties": {
        "name": "Microcarbo pygmaeus",
        "category": "fauna",
        "categoryLabel": "Vëzhgim faune",
        "location": "Vlorë, Shqipëri",
        "countryCodes": [
          "AL"
        ],
        "summary": "Vëzhgim i Microcarbo pygmaeus më 2026-01-17 në Shqipëri. Të dhënat nga GBIF.",
        "details": [
          "Një regjistrim i pranishmërisë së llojit; pika nuk paraqet shtrirjen e habitatit."
        ],
        "mapNote": "Koordinata e vëzhgimit nga GBIF; saktësia dhe origjina kontrollohen te regjistrimi burimor.",
        "geometryType": "Point",
        "sources": [
          {
            "label": "GBIF · regjistrimi dhe licenca",
            "url": "https://www.gbif.org/occurrence/6150615561"
          }
        ],
        "extra": {
          "Lloji": "Microcarbo pygmaeus",
          "Data": "2026-01-17",
          "Licenca": "http://creativecommons.org/licenses/by-nc/4.0/legalcode",
          "Burimi": "GBIF"
        }
      }
    },
    {
      "type": "Feature",
      "id": "gbif-6150659270",
      "geometry": {
        "type": "Point",
        "coordinates": [
          19.393349,
          40.517283
        ]
      },
      "properties": {
        "name": "Anas platyrhynchos",
        "category": "fauna",
        "categoryLabel": "Vëzhgim faune",
        "location": "Vlorë, Shqipëri",
        "countryCodes": [
          "AL"
        ],
        "summary": "Vëzhgim i Anas platyrhynchos më 2026-01-31 në Shqipëri. Të dhënat nga GBIF.",
        "details": [
          "Një regjistrim i pranishmërisë së llojit; pika nuk paraqet shtrirjen e habitatit."
        ],
        "mapNote": "Koordinata e vëzhgimit nga GBIF; saktësia dhe origjina kontrollohen te regjistrimi burimor.",
        "geometryType": "Point",
        "sources": [
          {
            "label": "GBIF · regjistrimi dhe licenca",
            "url": "https://www.gbif.org/occurrence/6150659270"
          }
        ],
        "extra": {
          "Lloji": "Anas platyrhynchos",
          "Data": "2026-01-31",
          "Licenca": "http://creativecommons.org/licenses/by-nc/4.0/legalcode",
          "Burimi": "GBIF"
        }
      }
    },
    {
      "type": "Feature",
      "id": "gbif-6150674087",
      "geometry": {
        "type": "Point",
        "coordinates": [
          19.407895,
          40.512317
        ]
      },
      "properties": {
        "name": "Phoenicopterus roseus",
        "category": "fauna",
        "categoryLabel": "Vëzhgim faune",
        "location": "Vlorë, Shqipëri",
        "countryCodes": [
          "AL"
        ],
        "summary": "Vëzhgim i Phoenicopterus roseus më 2026-01-31 në Shqipëri. Të dhënat nga GBIF.",
        "details": [
          "Një regjistrim i pranishmërisë së llojit; pika nuk paraqet shtrirjen e habitatit."
        ],
        "mapNote": "Koordinata e vëzhgimit nga GBIF; saktësia dhe origjina kontrollohen te regjistrimi burimor.",
        "geometryType": "Point",
        "sources": [
          {
            "label": "GBIF · regjistrimi dhe licenca",
            "url": "https://www.gbif.org/occurrence/6150674087"
          }
        ],
        "extra": {
          "Lloji": "Phoenicopterus roseus",
          "Data": "2026-01-31",
          "Licenca": "http://creativecommons.org/licenses/by-nc/4.0/legalcode",
          "Burimi": "GBIF"
        }
      }
    },
    {
      "type": "Feature",
      "id": "gbif-6150679508",
      "geometry": {
        "type": "Point",
        "coordinates": [
          19.415895,
          40.607634
        ]
      },
      "properties": {
        "name": "Sturnus vulgaris",
        "category": "fauna",
        "categoryLabel": "Vëzhgim faune",
        "location": "Vlorë, Shqipëri",
        "countryCodes": [
          "AL"
        ],
        "summary": "Vëzhgim i Sturnus vulgaris më 2026-01-14 në Shqipëri. Të dhënat nga GBIF.",
        "details": [
          "Një regjistrim i pranishmërisë së llojit; pika nuk paraqet shtrirjen e habitatit."
        ],
        "mapNote": "Koordinata e vëzhgimit nga GBIF; saktësia dhe origjina kontrollohen te regjistrimi burimor.",
        "geometryType": "Point",
        "sources": [
          {
            "label": "GBIF · regjistrimi dhe licenca",
            "url": "https://www.gbif.org/occurrence/6150679508"
          }
        ],
        "extra": {
          "Lloji": "Sturnus vulgaris",
          "Data": "2026-01-14",
          "Licenca": "http://creativecommons.org/licenses/by-nc/4.0/legalcode",
          "Burimi": "GBIF"
        }
      }
    },
    {
      "type": "Feature",
      "id": "gbif-6150683773",
      "geometry": {
        "type": "Point",
        "coordinates": [
          19.405333,
          40.517527
        ]
      },
      "properties": {
        "name": "Egretta garzetta",
        "category": "fauna",
        "categoryLabel": "Vëzhgim faune",
        "location": "Vlorë, Shqipëri",
        "countryCodes": [
          "AL"
        ],
        "summary": "Vëzhgim i Egretta garzetta më 2026-01-17 në Shqipëri. Të dhënat nga GBIF.",
        "details": [
          "Një regjistrim i pranishmërisë së llojit; pika nuk paraqet shtrirjen e habitatit."
        ],
        "mapNote": "Koordinata e vëzhgimit nga GBIF; saktësia dhe origjina kontrollohen te regjistrimi burimor.",
        "geometryType": "Point",
        "sources": [
          {
            "label": "GBIF · regjistrimi dhe licenca",
            "url": "https://www.gbif.org/occurrence/6150683773"
          }
        ],
        "extra": {
          "Lloji": "Egretta garzetta",
          "Data": "2026-01-17",
          "Licenca": "http://creativecommons.org/licenses/by-nc/4.0/legalcode",
          "Burimi": "GBIF"
        }
      }
    },
    {
      "type": "Feature",
      "id": "gbif-6150731795",
      "geometry": {
        "type": "Point",
        "coordinates": [
          19.401929,
          40.511592
        ]
      },
      "properties": {
        "name": "Microcarbo pygmaeus",
        "category": "fauna",
        "categoryLabel": "Vëzhgim faune",
        "location": "Vlorë, Shqipëri",
        "countryCodes": [
          "AL"
        ],
        "summary": "Vëzhgim i Microcarbo pygmaeus më 2026-01-31 në Shqipëri. Të dhënat nga GBIF.",
        "details": [
          "Një regjistrim i pranishmërisë së llojit; pika nuk paraqet shtrirjen e habitatit."
        ],
        "mapNote": "Koordinata e vëzhgimit nga GBIF; saktësia dhe origjina kontrollohen te regjistrimi burimor.",
        "geometryType": "Point",
        "sources": [
          {
            "label": "GBIF · regjistrimi dhe licenca",
            "url": "https://www.gbif.org/occurrence/6150731795"
          }
        ],
        "extra": {
          "Lloji": "Microcarbo pygmaeus",
          "Data": "2026-01-31",
          "Licenca": "http://creativecommons.org/licenses/by-nc/4.0/legalcode",
          "Burimi": "GBIF"
        }
      }
    },
    {
      "type": "Feature",
      "id": "gbif-6150735297",
      "geometry": {
        "type": "Point",
        "coordinates": [
          19.45682,
          40.555252
        ]
      },
      "properties": {
        "name": "Tringa totanus",
        "category": "fauna",
        "categoryLabel": "Vëzhgim faune",
        "location": "Vlorë, Shqipëri",
        "countryCodes": [
          "AL"
        ],
        "summary": "Vëzhgim i Tringa totanus më 2026-01-17 në Shqipëri. Të dhënat nga GBIF.",
        "details": [
          "Një regjistrim i pranishmërisë së llojit; pika nuk paraqet shtrirjen e habitatit."
        ],
        "mapNote": "Koordinata e vëzhgimit nga GBIF; saktësia dhe origjina kontrollohen te regjistrimi burimor.",
        "geometryType": "Point",
        "sources": [
          {
            "label": "GBIF · regjistrimi dhe licenca",
            "url": "https://www.gbif.org/occurrence/6150735297"
          }
        ],
        "extra": {
          "Lloji": "Tringa totanus",
          "Data": "2026-01-17",
          "Licenca": "http://creativecommons.org/licenses/by-nc/4.0/legalcode",
          "Burimi": "GBIF"
        }
      }
    },
    {
      "type": "Feature",
      "id": "gbif-6150754193",
      "geometry": {
        "type": "Point",
        "coordinates": [
          19.405319,
          40.517492
        ]
      },
      "properties": {
        "name": "Chroicocephalus genei",
        "category": "fauna",
        "categoryLabel": "Vëzhgim faune",
        "location": "Vlorë, Shqipëri",
        "countryCodes": [
          "AL"
        ],
        "summary": "Vëzhgim i Chroicocephalus genei më 2026-01-17 në Shqipëri. Të dhënat nga GBIF.",
        "details": [
          "Një regjistrim i pranishmërisë së llojit; pika nuk paraqet shtrirjen e habitatit."
        ],
        "mapNote": "Koordinata e vëzhgimit nga GBIF; saktësia dhe origjina kontrollohen te regjistrimi burimor.",
        "geometryType": "Point",
        "sources": [
          {
            "label": "GBIF · regjistrimi dhe licenca",
            "url": "https://www.gbif.org/occurrence/6150754193"
          }
        ],
        "extra": {
          "Lloji": "Chroicocephalus genei",
          "Data": "2026-01-17",
          "Licenca": "http://creativecommons.org/licenses/by-nc/4.0/legalcode",
          "Burimi": "GBIF"
        }
      }
    },
    {
      "type": "Feature",
      "id": "gbif-6150759809",
      "geometry": {
        "type": "Point",
        "coordinates": [
          19.394061,
          40.516311
        ]
      },
      "properties": {
        "name": "Corvus corone",
        "category": "fauna",
        "categoryLabel": "Vëzhgim faune",
        "location": "Vlorë, Shqipëri",
        "countryCodes": [
          "AL"
        ],
        "summary": "Vëzhgim i Corvus corone më 2026-01-31 në Shqipëri. Të dhënat nga GBIF.",
        "details": [
          "Një regjistrim i pranishmërisë së llojit; pika nuk paraqet shtrirjen e habitatit."
        ],
        "mapNote": "Koordinata e vëzhgimit nga GBIF; saktësia dhe origjina kontrollohen te regjistrimi burimor.",
        "geometryType": "Point",
        "sources": [
          {
            "label": "GBIF · regjistrimi dhe licenca",
            "url": "https://www.gbif.org/occurrence/6150759809"
          }
        ],
        "extra": {
          "Lloji": "Corvus corone",
          "Data": "2026-01-31",
          "Licenca": "http://creativecommons.org/licenses/by-nc/4.0/legalcode",
          "Burimi": "GBIF"
        }
      }
    },
    {
      "type": "Feature",
      "id": "gbif-6150767699",
      "geometry": {
        "type": "Point",
        "coordinates": [
          19.815955,
          41.308347
        ]
      },
      "properties": {
        "name": "Streptopelia decaocto",
        "category": "fauna",
        "categoryLabel": "Vëzhgim faune",
        "location": "Tirana region AF5, Shqipëri",
        "countryCodes": [
          "AL"
        ],
        "summary": "Vëzhgim i Streptopelia decaocto më 2026-01-30 në Shqipëri. Të dhënat nga GBIF.",
        "details": [
          "Një regjistrim i pranishmërisë së llojit; pika nuk paraqet shtrirjen e habitatit."
        ],
        "mapNote": "Koordinata e vëzhgimit nga GBIF; saktësia dhe origjina kontrollohen te regjistrimi burimor.",
        "geometryType": "Point",
        "sources": [
          {
            "label": "GBIF · regjistrimi dhe licenca",
            "url": "https://www.gbif.org/occurrence/6150767699"
          }
        ],
        "extra": {
          "Lloji": "Streptopelia decaocto",
          "Data": "2026-01-30",
          "Licenca": "http://creativecommons.org/licenses/by-nc/4.0/legalcode",
          "Burimi": "GBIF"
        }
      }
    },
    {
      "type": "Feature",
      "id": "gbif-6150809049",
      "geometry": {
        "type": "Point",
        "coordinates": [
          19.399177,
          40.525242
        ]
      },
      "properties": {
        "name": "Microcarbo pygmaeus",
        "category": "fauna",
        "categoryLabel": "Vëzhgim faune",
        "location": "Vlorë, Shqipëri",
        "countryCodes": [
          "AL"
        ],
        "summary": "Vëzhgim i Microcarbo pygmaeus më 2026-01-17 në Shqipëri. Të dhënat nga GBIF.",
        "details": [
          "Një regjistrim i pranishmërisë së llojit; pika nuk paraqet shtrirjen e habitatit."
        ],
        "mapNote": "Koordinata e vëzhgimit nga GBIF; saktësia dhe origjina kontrollohen te regjistrimi burimor.",
        "geometryType": "Point",
        "sources": [
          {
            "label": "GBIF · regjistrimi dhe licenca",
            "url": "https://www.gbif.org/occurrence/6150809049"
          }
        ],
        "extra": {
          "Lloji": "Microcarbo pygmaeus",
          "Data": "2026-01-17",
          "Licenca": "http://creativecommons.org/licenses/by-nc/4.0/legalcode",
          "Burimi": "GBIF"
        }
      }
    },
    {
      "type": "Feature",
      "id": "gbif-6150829746",
      "geometry": {
        "type": "Point",
        "coordinates": [
          19.418368,
          40.606239
        ]
      },
      "properties": {
        "name": "Galerida cristata",
        "category": "fauna",
        "categoryLabel": "Vëzhgim faune",
        "location": "Vlorë, Shqipëri",
        "countryCodes": [
          "AL"
        ],
        "summary": "Vëzhgim i Galerida cristata më 2026-01-14 në Shqipëri. Të dhënat nga GBIF.",
        "details": [
          "Një regjistrim i pranishmërisë së llojit; pika nuk paraqet shtrirjen e habitatit."
        ],
        "mapNote": "Koordinata e vëzhgimit nga GBIF; saktësia dhe origjina kontrollohen te regjistrimi burimor.",
        "geometryType": "Point",
        "sources": [
          {
            "label": "GBIF · regjistrimi dhe licenca",
            "url": "https://www.gbif.org/occurrence/6150829746"
          }
        ],
        "extra": {
          "Lloji": "Galerida cristata",
          "Data": "2026-01-14",
          "Licenca": "http://creativecommons.org/licenses/by-nc/4.0/legalcode",
          "Burimi": "GBIF"
        }
      }
    },
    {
      "type": "Feature",
      "id": "gbif-6150869836",
      "geometry": {
        "type": "Point",
        "coordinates": [
          20.087242,
          39.708883
        ]
      },
      "properties": {
        "name": "Egretta garzetta",
        "category": "fauna",
        "categoryLabel": "Vëzhgim faune",
        "location": "Vlorë, Shqipëri",
        "countryCodes": [
          "AL"
        ],
        "summary": "Vëzhgim i Egretta garzetta më 2026-01-18 në Shqipëri. Të dhënat nga GBIF.",
        "details": [
          "Një regjistrim i pranishmërisë së llojit; pika nuk paraqet shtrirjen e habitatit."
        ],
        "mapNote": "Koordinata e vëzhgimit nga GBIF; saktësia dhe origjina kontrollohen te regjistrimi burimor.",
        "geometryType": "Point",
        "sources": [
          {
            "label": "GBIF · regjistrimi dhe licenca",
            "url": "https://www.gbif.org/occurrence/6150869836"
          }
        ],
        "extra": {
          "Lloji": "Egretta garzetta",
          "Data": "2026-01-18",
          "Licenca": "http://creativecommons.org/licenses/by-nc/4.0/legalcode",
          "Burimi": "GBIF"
        }
      }
    },
    {
      "type": "Feature",
      "id": "gbif-6150929928",
      "geometry": {
        "type": "Point",
        "coordinates": [
          19.395015,
          40.519858
        ]
      },
      "properties": {
        "name": "Chroicocephalus ridibundus",
        "category": "fauna",
        "categoryLabel": "Vëzhgim faune",
        "location": "Vlorë, Shqipëri",
        "countryCodes": [
          "AL"
        ],
        "summary": "Vëzhgim i Chroicocephalus ridibundus më 2026-01-17 në Shqipëri. Të dhënat nga GBIF.",
        "details": [
          "Një regjistrim i pranishmërisë së llojit; pika nuk paraqet shtrirjen e habitatit."
        ],
        "mapNote": "Koordinata e vëzhgimit nga GBIF; saktësia dhe origjina kontrollohen te regjistrimi burimor.",
        "geometryType": "Point",
        "sources": [
          {
            "label": "GBIF · regjistrimi dhe licenca",
            "url": "https://www.gbif.org/occurrence/6150929928"
          }
        ],
        "extra": {
          "Lloji": "Chroicocephalus ridibundus",
          "Data": "2026-01-17",
          "Licenca": "http://creativecommons.org/licenses/by-nc/4.0/legalcode",
          "Burimi": "GBIF"
        }
      }
    },
    {
      "type": "Feature",
      "id": "gbif-6150955940",
      "geometry": {
        "type": "Point",
        "coordinates": [
          19.81811,
          41.308386
        ]
      },
      "properties": {
        "name": "Podiceps cristatus",
        "category": "fauna",
        "categoryLabel": "Vëzhgim faune",
        "location": "Tirana region AF5, Shqipëri",
        "countryCodes": [
          "AL"
        ],
        "summary": "Vëzhgim i Podiceps cristatus më 2026-01-16 në Shqipëri. Të dhënat nga GBIF.",
        "details": [
          "Një regjistrim i pranishmërisë së llojit; pika nuk paraqet shtrirjen e habitatit."
        ],
        "mapNote": "Koordinata e vëzhgimit nga GBIF; saktësia dhe origjina kontrollohen te regjistrimi burimor.",
        "geometryType": "Point",
        "sources": [
          {
            "label": "GBIF · regjistrimi dhe licenca",
            "url": "https://www.gbif.org/occurrence/6150955940"
          }
        ],
        "extra": {
          "Lloji": "Podiceps cristatus",
          "Data": "2026-01-16",
          "Licenca": "http://creativecommons.org/licenses/by-nc/4.0/legalcode",
          "Burimi": "GBIF"
        }
      }
    },
    {
      "type": "Feature",
      "id": "gbif-6150984686",
      "geometry": {
        "type": "Point",
        "coordinates": [
          19.454025,
          40.509937
        ]
      },
      "properties": {
        "name": "Tringa totanus",
        "category": "fauna",
        "categoryLabel": "Vëzhgim faune",
        "location": "Vlorë, Shqipëri",
        "countryCodes": [
          "AL"
        ],
        "summary": "Vëzhgim i Tringa totanus më 2026-01-17 në Shqipëri. Të dhënat nga GBIF.",
        "details": [
          "Një regjistrim i pranishmërisë së llojit; pika nuk paraqet shtrirjen e habitatit."
        ],
        "mapNote": "Koordinata e vëzhgimit nga GBIF; saktësia dhe origjina kontrollohen te regjistrimi burimor.",
        "geometryType": "Point",
        "sources": [
          {
            "label": "GBIF · regjistrimi dhe licenca",
            "url": "https://www.gbif.org/occurrence/6150984686"
          }
        ],
        "extra": {
          "Lloji": "Tringa totanus",
          "Data": "2026-01-17",
          "Licenca": "http://creativecommons.org/licenses/by-nc/4.0/legalcode",
          "Burimi": "GBIF"
        }
      }
    },
    {
      "type": "Feature",
      "id": "gbif-6151011482",
      "geometry": {
        "type": "Point",
        "coordinates": [
          19.390516,
          40.522854
        ]
      },
      "properties": {
        "name": "Tringa totanus",
        "category": "fauna",
        "categoryLabel": "Vëzhgim faune",
        "location": "Vlorë, Shqipëri",
        "countryCodes": [
          "AL"
        ],
        "summary": "Vëzhgim i Tringa totanus më 2026-01-17 në Shqipëri. Të dhënat nga GBIF.",
        "details": [
          "Një regjistrim i pranishmërisë së llojit; pika nuk paraqet shtrirjen e habitatit."
        ],
        "mapNote": "Koordinata e vëzhgimit nga GBIF; saktësia dhe origjina kontrollohen te regjistrimi burimor.",
        "geometryType": "Point",
        "sources": [
          {
            "label": "GBIF · regjistrimi dhe licenca",
            "url": "https://www.gbif.org/occurrence/6151011482"
          }
        ],
        "extra": {
          "Lloji": "Tringa totanus",
          "Data": "2026-01-17",
          "Licenca": "http://creativecommons.org/licenses/by-nc/4.0/legalcode",
          "Burimi": "GBIF"
        }
      }
    },
    {
      "type": "Feature",
      "id": "gbif-6151022378",
      "geometry": {
        "type": "Point",
        "coordinates": [
          20.001308,
          39.761543
        ]
      },
      "properties": {
        "name": "Sylvia atricapilla",
        "category": "fauna",
        "categoryLabel": "Vëzhgim faune",
        "location": "Butrint NP, Shqipëri",
        "countryCodes": [
          "AL"
        ],
        "summary": "Vëzhgim i Sylvia atricapilla më 2026-01-18 në Shqipëri. Të dhënat nga GBIF.",
        "details": [
          "Një regjistrim i pranishmërisë së llojit; pika nuk paraqet shtrirjen e habitatit."
        ],
        "mapNote": "Koordinata e vëzhgimit nga GBIF; saktësia dhe origjina kontrollohen te regjistrimi burimor.",
        "geometryType": "Point",
        "sources": [
          {
            "label": "GBIF · regjistrimi dhe licenca",
            "url": "https://www.gbif.org/occurrence/6151022378"
          }
        ],
        "extra": {
          "Lloji": "Sylvia atricapilla",
          "Data": "2026-01-18",
          "Licenca": "http://creativecommons.org/licenses/by-nc/4.0/legalcode",
          "Burimi": "GBIF"
        }
      }
    },
    {
      "type": "Feature",
      "id": "gbif-6151025492",
      "geometry": {
        "type": "Point",
        "coordinates": [
          19.453095,
          40.511124
        ]
      },
      "properties": {
        "name": "Chroicocephalus ridibundus",
        "category": "fauna",
        "categoryLabel": "Vëzhgim faune",
        "location": "Vlorë, Shqipëri",
        "countryCodes": [
          "AL"
        ],
        "summary": "Vëzhgim i Chroicocephalus ridibundus më 2026-01-17 në Shqipëri. Të dhënat nga GBIF.",
        "details": [
          "Një regjistrim i pranishmërisë së llojit; pika nuk paraqet shtrirjen e habitatit."
        ],
        "mapNote": "Koordinata e vëzhgimit nga GBIF; saktësia dhe origjina kontrollohen te regjistrimi burimor.",
        "geometryType": "Point",
        "sources": [
          {
            "label": "GBIF · regjistrimi dhe licenca",
            "url": "https://www.gbif.org/occurrence/6151025492"
          }
        ],
        "extra": {
          "Lloji": "Chroicocephalus ridibundus",
          "Data": "2026-01-17",
          "Licenca": "http://creativecommons.org/licenses/by-nc/4.0/legalcode",
          "Burimi": "GBIF"
        }
      }
    },
    {
      "type": "Feature",
      "id": "gbif-6151087469",
      "geometry": {
        "type": "Point",
        "coordinates": [
          19.814236,
          41.307185
        ]
      },
      "properties": {
        "name": "Parus major",
        "category": "fauna",
        "categoryLabel": "Vëzhgim faune",
        "location": "Tirana region AF5, Shqipëri",
        "countryCodes": [
          "AL"
        ],
        "summary": "Vëzhgim i Parus major më 2026-01-16 në Shqipëri. Të dhënat nga GBIF.",
        "details": [
          "Një regjistrim i pranishmërisë së llojit; pika nuk paraqet shtrirjen e habitatit."
        ],
        "mapNote": "Koordinata e vëzhgimit nga GBIF; saktësia dhe origjina kontrollohen te regjistrimi burimor.",
        "geometryType": "Point",
        "sources": [
          {
            "label": "GBIF · regjistrimi dhe licenca",
            "url": "https://www.gbif.org/occurrence/6151087469"
          }
        ],
        "extra": {
          "Lloji": "Parus major",
          "Data": "2026-01-16",
          "Licenca": "http://creativecommons.org/licenses/by-nc/4.0/legalcode",
          "Burimi": "GBIF"
        }
      }
    },
    {
      "type": "Feature",
      "id": "gbif-6151094024",
      "geometry": {
        "type": "Point",
        "coordinates": [
          19.814764,
          41.309279
        ]
      },
      "properties": {
        "name": "Podiceps cristatus",
        "category": "fauna",
        "categoryLabel": "Vëzhgim faune",
        "location": "Tirana region AF5, Shqipëri",
        "countryCodes": [
          "AL"
        ],
        "summary": "Vëzhgim i Podiceps cristatus më 2026-01-30 në Shqipëri. Të dhënat nga GBIF.",
        "details": [
          "Një regjistrim i pranishmërisë së llojit; pika nuk paraqet shtrirjen e habitatit."
        ],
        "mapNote": "Koordinata e vëzhgimit nga GBIF; saktësia dhe origjina kontrollohen te regjistrimi burimor.",
        "geometryType": "Point",
        "sources": [
          {
            "label": "GBIF · regjistrimi dhe licenca",
            "url": "https://www.gbif.org/occurrence/6151094024"
          }
        ],
        "extra": {
          "Lloji": "Podiceps cristatus",
          "Data": "2026-01-30",
          "Licenca": "http://creativecommons.org/licenses/by-nc/4.0/legalcode",
          "Burimi": "GBIF"
        }
      }
    },
    {
      "type": "Feature",
      "id": "gbif-6151108311",
      "geometry": {
        "type": "Point",
        "coordinates": [
          19.455924,
          40.554536
        ]
      },
      "properties": {
        "name": "Tringa totanus",
        "category": "fauna",
        "categoryLabel": "Vëzhgim faune",
        "location": "Vlorë, Shqipëri",
        "countryCodes": [
          "AL"
        ],
        "summary": "Vëzhgim i Tringa totanus më 2026-01-17 në Shqipëri. Të dhënat nga GBIF.",
        "details": [
          "Një regjistrim i pranishmërisë së llojit; pika nuk paraqet shtrirjen e habitatit."
        ],
        "mapNote": "Koordinata e vëzhgimit nga GBIF; saktësia dhe origjina kontrollohen te regjistrimi burimor.",
        "geometryType": "Point",
        "sources": [
          {
            "label": "GBIF · regjistrimi dhe licenca",
            "url": "https://www.gbif.org/occurrence/6151108311"
          }
        ],
        "extra": {
          "Lloji": "Tringa totanus",
          "Data": "2026-01-17",
          "Licenca": "http://creativecommons.org/licenses/by-nc/4.0/legalcode",
          "Burimi": "GBIF"
        }
      }
    },
    {
      "type": "Feature",
      "id": "gbif-6151117887",
      "geometry": {
        "type": "Point",
        "coordinates": [
          19.815166,
          41.309245
        ]
      },
      "properties": {
        "name": "Tachybaptus ruficollis",
        "category": "fauna",
        "categoryLabel": "Vëzhgim faune",
        "location": "Tirana region AF5, Shqipëri",
        "countryCodes": [
          "AL"
        ],
        "summary": "Vëzhgim i Tachybaptus ruficollis më 2026-01-16 në Shqipëri. Të dhënat nga GBIF.",
        "details": [
          "Një regjistrim i pranishmërisë së llojit; pika nuk paraqet shtrirjen e habitatit."
        ],
        "mapNote": "Koordinata e vëzhgimit nga GBIF; saktësia dhe origjina kontrollohen te regjistrimi burimor.",
        "geometryType": "Point",
        "sources": [
          {
            "label": "GBIF · regjistrimi dhe licenca",
            "url": "https://www.gbif.org/occurrence/6151117887"
          }
        ],
        "extra": {
          "Lloji": "Tachybaptus ruficollis",
          "Data": "2026-01-16",
          "Licenca": "http://creativecommons.org/licenses/by-nc/4.0/legalcode",
          "Burimi": "GBIF"
        }
      }
    },
    {
      "type": "Feature",
      "id": "gbif-6151136661",
      "geometry": {
        "type": "Point",
        "coordinates": [
          19.395546,
          40.514394
        ]
      },
      "properties": {
        "name": "Tringa totanus",
        "category": "fauna",
        "categoryLabel": "Vëzhgim faune",
        "location": "Vlorë, Shqipëri",
        "countryCodes": [
          "AL"
        ],
        "summary": "Vëzhgim i Tringa totanus më 2026-01-17 në Shqipëri. Të dhënat nga GBIF.",
        "details": [
          "Një regjistrim i pranishmërisë së llojit; pika nuk paraqet shtrirjen e habitatit."
        ],
        "mapNote": "Koordinata e vëzhgimit nga GBIF; saktësia dhe origjina kontrollohen te regjistrimi burimor.",
        "geometryType": "Point",
        "sources": [
          {
            "label": "GBIF · regjistrimi dhe licenca",
            "url": "https://www.gbif.org/occurrence/6151136661"
          }
        ],
        "extra": {
          "Lloji": "Tringa totanus",
          "Data": "2026-01-17",
          "Licenca": "http://creativecommons.org/licenses/by-nc/4.0/legalcode",
          "Burimi": "GBIF"
        }
      }
    },
    {
      "type": "Feature",
      "id": "gbif-6151139406",
      "geometry": {
        "type": "Point",
        "coordinates": [
          19.350853,
          40.619316
        ]
      },
      "properties": {
        "name": "Egretta garzetta",
        "category": "fauna",
        "categoryLabel": "Vëzhgim faune",
        "location": "Fieri region AF5, Shqipëri",
        "countryCodes": [
          "AL"
        ],
        "summary": "Vëzhgim i Egretta garzetta më 2026-01-17 në Shqipëri. Të dhënat nga GBIF.",
        "details": [
          "Një regjistrim i pranishmërisë së llojit; pika nuk paraqet shtrirjen e habitatit."
        ],
        "mapNote": "Koordinata e vëzhgimit nga GBIF; saktësia dhe origjina kontrollohen te regjistrimi burimor.",
        "geometryType": "Point",
        "sources": [
          {
            "label": "GBIF · regjistrimi dhe licenca",
            "url": "https://www.gbif.org/occurrence/6151139406"
          }
        ],
        "extra": {
          "Lloji": "Egretta garzetta",
          "Data": "2026-01-17",
          "Licenca": "http://creativecommons.org/licenses/by-nc/4.0/legalcode",
          "Burimi": "GBIF"
        }
      }
    },
    {
      "type": "Feature",
      "id": "gbif-6151180416",
      "geometry": {
        "type": "Point",
        "coordinates": [
          19.452464,
          40.512766
        ]
      },
      "properties": {
        "name": "Egretta garzetta",
        "category": "fauna",
        "categoryLabel": "Vëzhgim faune",
        "location": "Vlorë, Shqipëri",
        "countryCodes": [
          "AL"
        ],
        "summary": "Vëzhgim i Egretta garzetta më 2026-01-17 në Shqipëri. Të dhënat nga GBIF.",
        "details": [
          "Një regjistrim i pranishmërisë së llojit; pika nuk paraqet shtrirjen e habitatit."
        ],
        "mapNote": "Koordinata e vëzhgimit nga GBIF; saktësia dhe origjina kontrollohen te regjistrimi burimor.",
        "geometryType": "Point",
        "sources": [
          {
            "label": "GBIF · regjistrimi dhe licenca",
            "url": "https://www.gbif.org/occurrence/6151180416"
          }
        ],
        "extra": {
          "Lloji": "Egretta garzetta",
          "Data": "2026-01-17",
          "Licenca": "http://creativecommons.org/licenses/by-nc/4.0/legalcode",
          "Burimi": "GBIF"
        }
      }
    },
    {
      "type": "Feature",
      "id": "gbif-6151201055",
      "geometry": {
        "type": "Point",
        "coordinates": [
          19.818096,
          41.308371
        ]
      },
      "properties": {
        "name": "Cyanistes caeruleus",
        "category": "fauna",
        "categoryLabel": "Vëzhgim faune",
        "location": "Tirana region AF5, Shqipëri",
        "countryCodes": [
          "AL"
        ],
        "summary": "Vëzhgim i Cyanistes caeruleus më 2026-01-30 në Shqipëri. Të dhënat nga GBIF.",
        "details": [
          "Një regjistrim i pranishmërisë së llojit; pika nuk paraqet shtrirjen e habitatit."
        ],
        "mapNote": "Koordinata e vëzhgimit nga GBIF; saktësia dhe origjina kontrollohen te regjistrimi burimor.",
        "geometryType": "Point",
        "sources": [
          {
            "label": "GBIF · regjistrimi dhe licenca",
            "url": "https://www.gbif.org/occurrence/6151201055"
          }
        ],
        "extra": {
          "Lloji": "Cyanistes caeruleus",
          "Data": "2026-01-30",
          "Licenca": "http://creativecommons.org/licenses/by-nc/4.0/legalcode",
          "Burimi": "GBIF"
        }
      }
    },
    {
      "type": "Feature",
      "id": "gbif-6151207534",
      "geometry": {
        "type": "Point",
        "coordinates": [
          19.382443,
          40.535866
        ]
      },
      "properties": {
        "name": "Tachybaptus ruficollis",
        "category": "fauna",
        "categoryLabel": "Vëzhgim faune",
        "location": "Vlorë, Shqipëri",
        "countryCodes": [
          "AL"
        ],
        "summary": "Vëzhgim i Tachybaptus ruficollis më 2026-01-17 në Shqipëri. Të dhënat nga GBIF.",
        "details": [
          "Një regjistrim i pranishmërisë së llojit; pika nuk paraqet shtrirjen e habitatit."
        ],
        "mapNote": "Koordinata e vëzhgimit nga GBIF; saktësia dhe origjina kontrollohen te regjistrimi burimor.",
        "geometryType": "Point",
        "sources": [
          {
            "label": "GBIF · regjistrimi dhe licenca",
            "url": "https://www.gbif.org/occurrence/6151207534"
          }
        ],
        "extra": {
          "Lloji": "Tachybaptus ruficollis",
          "Data": "2026-01-17",
          "Licenca": "http://creativecommons.org/licenses/by-nc/4.0/legalcode",
          "Burimi": "GBIF"
        }
      }
    },
    {
      "type": "Feature",
      "id": "gbif-6151244867",
      "geometry": {
        "type": "Point",
        "coordinates": [
          19.392714,
          40.537975
        ]
      },
      "properties": {
        "name": "Anas platyrhynchos",
        "category": "fauna",
        "categoryLabel": "Vëzhgim faune",
        "location": "Vlorë, Shqipëri",
        "countryCodes": [
          "AL"
        ],
        "summary": "Vëzhgim i Anas platyrhynchos më 2026-01-17 në Shqipëri. Të dhënat nga GBIF.",
        "details": [
          "Një regjistrim i pranishmërisë së llojit; pika nuk paraqet shtrirjen e habitatit."
        ],
        "mapNote": "Koordinata e vëzhgimit nga GBIF; saktësia dhe origjina kontrollohen te regjistrimi burimor.",
        "geometryType": "Point",
        "sources": [
          {
            "label": "GBIF · regjistrimi dhe licenca",
            "url": "https://www.gbif.org/occurrence/6151244867"
          }
        ],
        "extra": {
          "Lloji": "Anas platyrhynchos",
          "Data": "2026-01-17",
          "Licenca": "http://creativecommons.org/licenses/by-nc/4.0/legalcode",
          "Burimi": "GBIF"
        }
      }
    },
    {
      "type": "Feature",
      "id": "gbif-6151260226",
      "geometry": {
        "type": "Point",
        "coordinates": [
          19.452858,
          40.518843
        ]
      },
      "properties": {
        "name": "Chroicocephalus ridibundus",
        "category": "fauna",
        "categoryLabel": "Vëzhgim faune",
        "location": "Vlorë, Shqipëri",
        "countryCodes": [
          "AL"
        ],
        "summary": "Vëzhgim i Chroicocephalus ridibundus më 2026-01-17 në Shqipëri. Të dhënat nga GBIF.",
        "details": [
          "Një regjistrim i pranishmërisë së llojit; pika nuk paraqet shtrirjen e habitatit."
        ],
        "mapNote": "Koordinata e vëzhgimit nga GBIF; saktësia dhe origjina kontrollohen te regjistrimi burimor.",
        "geometryType": "Point",
        "sources": [
          {
            "label": "GBIF · regjistrimi dhe licenca",
            "url": "https://www.gbif.org/occurrence/6151260226"
          }
        ],
        "extra": {
          "Lloji": "Chroicocephalus ridibundus",
          "Data": "2026-01-17",
          "Licenca": "http://creativecommons.org/licenses/by-nc/4.0/legalcode",
          "Burimi": "GBIF"
        }
      }
    },
    {
      "type": "Feature",
      "id": "gbif-6151263222",
      "geometry": {
        "type": "Point",
        "coordinates": [
          19.427552,
          40.600795
        ]
      },
      "properties": {
        "name": "Pica pica",
        "category": "fauna",
        "categoryLabel": "Vëzhgim faune",
        "location": "Vlorë, Shqipëri",
        "countryCodes": [
          "AL"
        ],
        "summary": "Vëzhgim i Pica pica më 2026-01-14 në Shqipëri. Të dhënat nga GBIF.",
        "details": [
          "Një regjistrim i pranishmërisë së llojit; pika nuk paraqet shtrirjen e habitatit."
        ],
        "mapNote": "Koordinata e vëzhgimit nga GBIF; saktësia dhe origjina kontrollohen te regjistrimi burimor.",
        "geometryType": "Point",
        "sources": [
          {
            "label": "GBIF · regjistrimi dhe licenca",
            "url": "https://www.gbif.org/occurrence/6151263222"
          }
        ],
        "extra": {
          "Lloji": "Pica pica",
          "Data": "2026-01-14",
          "Licenca": "http://creativecommons.org/licenses/by-nc/4.0/legalcode",
          "Burimi": "GBIF"
        }
      }
    },
    {
      "type": "Feature",
      "id": "gbif-6159340727",
      "geometry": {
        "type": "Point",
        "coordinates": [
          19.71385,
          41.417462
        ]
      },
      "properties": {
        "name": "Galerida cristata",
        "category": "fauna",
        "categoryLabel": "Vëzhgim faune",
        "location": "Tiranë, Shqipëri",
        "countryCodes": [
          "AL"
        ],
        "summary": "Vëzhgim i Galerida cristata më 2026-01-25 në Shqipëri. Të dhënat nga GBIF.",
        "details": [
          "Një regjistrim i pranishmërisë së llojit; pika nuk paraqet shtrirjen e habitatit."
        ],
        "mapNote": "Koordinata e vëzhgimit nga GBIF; saktësia dhe origjina kontrollohen te regjistrimi burimor.",
        "geometryType": "Point",
        "sources": [
          {
            "label": "GBIF · regjistrimi dhe licenca",
            "url": "https://www.gbif.org/occurrence/6159340727"
          }
        ],
        "extra": {
          "Lloji": "Galerida cristata",
          "Data": "2026-01-25",
          "Licenca": "http://creativecommons.org/licenses/by-nc/4.0/legalcode",
          "Burimi": "iNaturalist research-grade observations"
        },
        "image": {
          "url": "https://api.gbif.org/v1/image/cache/800x/occurrence/6159340727/media/ed4b0193210cd12ce51d7704908e88c3",
          "source": "https://www.inaturalist.org/photos/615535531",
          "credit": "davidecocco",
          "license": "CC BY-NC 4.0",
          "licenseUrl": "http://creativecommons.org/licenses/by-nc/4.0/",
          "alt": "Galerida cristata"
        }
      }
    },
    {
      "type": "Feature",
      "id": "gbif-6159384741",
      "geometry": {
        "type": "Point",
        "coordinates": [
          19.823022,
          41.311845
        ]
      },
      "properties": {
        "name": "Gallinula chloropus",
        "category": "fauna",
        "categoryLabel": "Vëzhgim faune",
        "location": "Tiranë, Shqipëri",
        "countryCodes": [
          "AL"
        ],
        "summary": "Vëzhgim i Gallinula chloropus më 2026-01-24 në Shqipëri. Të dhënat nga GBIF.",
        "details": [
          "Një regjistrim i pranishmërisë së llojit; pika nuk paraqet shtrirjen e habitatit."
        ],
        "mapNote": "Koordinata e vëzhgimit nga GBIF; saktësia dhe origjina kontrollohen te regjistrimi burimor.",
        "geometryType": "Point",
        "sources": [
          {
            "label": "GBIF · regjistrimi dhe licenca",
            "url": "https://www.gbif.org/occurrence/6159384741"
          }
        ],
        "extra": {
          "Lloji": "Gallinula chloropus",
          "Data": "2026-01-24",
          "Licenca": "http://creativecommons.org/licenses/by-nc/4.0/legalcode",
          "Burimi": "iNaturalist research-grade observations"
        },
        "image": {
          "url": "https://api.gbif.org/v1/image/cache/800x/occurrence/6159384741/media/fb6aa57e59e9269ae00a6e78a8eee960",
          "source": "https://www.inaturalist.org/photos/615534469",
          "credit": "davidecocco",
          "license": "CC BY-NC 4.0",
          "licenseUrl": "http://creativecommons.org/licenses/by-nc/4.0/",
          "alt": "Gallinula chloropus"
        }
      }
    },
    {
      "type": "Feature",
      "id": "gbif-6163160931",
      "geometry": {
        "type": "Point",
        "coordinates": [
          19.443274,
          40.992946
        ]
      },
      "properties": {
        "name": "Acanthocardia aculeata",
        "category": "fauna",
        "categoryLabel": "Vëzhgim faune",
        "location": "Fier, Shqipëri",
        "countryCodes": [
          "AL"
        ],
        "summary": "Vëzhgim i Acanthocardia aculeata më 2026-01-26 në Shqipëri. Të dhënat nga GBIF.",
        "details": [
          "Një regjistrim i pranishmërisë së llojit; pika nuk paraqet shtrirjen e habitatit."
        ],
        "mapNote": "Koordinata e vëzhgimit nga GBIF; saktësia dhe origjina kontrollohen te regjistrimi burimor.",
        "geometryType": "Point",
        "sources": [
          {
            "label": "GBIF · regjistrimi dhe licenca",
            "url": "https://www.gbif.org/occurrence/6163160931"
          }
        ],
        "extra": {
          "Lloji": "Acanthocardia aculeata",
          "Data": "2026-01-26",
          "Licenca": "http://creativecommons.org/licenses/by-nc/4.0/legalcode",
          "Burimi": "iNaturalist research-grade observations"
        },
        "image": {
          "url": "https://api.gbif.org/v1/image/cache/800x/occurrence/6163160931/media/f9d804d9738d521b2005576b1f9cdc7d",
          "source": "https://www.inaturalist.org/photos/617256541",
          "credit": "Marsel Mersinaj",
          "license": "CC BY-NC 4.0",
          "licenseUrl": "http://creativecommons.org/licenses/by-nc/4.0/",
          "alt": "Acanthocardia aculeata"
        }
      }
    },
    {
      "type": "Feature",
      "id": "gbif-6163217225",
      "geometry": {
        "type": "Point",
        "coordinates": [
          19.445995,
          40.97605
        ]
      },
      "properties": {
        "name": "Arbacia lixula",
        "category": "fauna",
        "categoryLabel": "Vëzhgim faune",
        "location": "Fier, Shqipëri",
        "countryCodes": [
          "AL"
        ],
        "summary": "Vëzhgim i Arbacia lixula më 2026-01-26 në Shqipëri. Të dhënat nga GBIF.",
        "details": [
          "Një regjistrim i pranishmërisë së llojit; pika nuk paraqet shtrirjen e habitatit."
        ],
        "mapNote": "Koordinata e vëzhgimit nga GBIF; saktësia dhe origjina kontrollohen te regjistrimi burimor.",
        "geometryType": "Point",
        "sources": [
          {
            "label": "GBIF · regjistrimi dhe licenca",
            "url": "https://www.gbif.org/occurrence/6163217225"
          }
        ],
        "extra": {
          "Lloji": "Arbacia lixula",
          "Data": "2026-01-26",
          "Licenca": "http://creativecommons.org/licenses/by-nc/4.0/legalcode",
          "Burimi": "iNaturalist research-grade observations"
        },
        "image": {
          "url": "https://api.gbif.org/v1/image/cache/800x/occurrence/6163217225/media/1921200dba3ea13046923b259191fc62",
          "source": "https://www.inaturalist.org/photos/617557772",
          "credit": "Marsel Mersinaj",
          "license": "CC BY-NC 4.0",
          "licenseUrl": "http://creativecommons.org/licenses/by-nc/4.0/",
          "alt": "Arbacia lixula"
        }
      }
    },
    {
      "type": "Feature",
      "id": "gbif-6253158525",
      "geometry": {
        "type": "Point",
        "coordinates": [
          19.388734,
          41.826409
        ]
      },
      "properties": {
        "name": "Lichia amia",
        "category": "fauna",
        "categoryLabel": "Vëzhgim faune",
        "location": "Shkodër, Shqipëri",
        "countryCodes": [
          "AL"
        ],
        "summary": "Vëzhgim i Lichia amia më 2026-01-03 në Shqipëri. Të dhënat nga GBIF.",
        "details": [
          "Një regjistrim i pranishmërisë së llojit; pika nuk paraqet shtrirjen e habitatit."
        ],
        "mapNote": "Koordinata e vëzhgimit nga GBIF; saktësia dhe origjina kontrollohen te regjistrimi burimor.",
        "geometryType": "Point",
        "sources": [
          {
            "label": "GBIF · regjistrimi dhe licenca",
            "url": "https://www.gbif.org/occurrence/6253158525"
          }
        ],
        "extra": {
          "Lloji": "Lichia amia",
          "Data": "2026-01-03",
          "Licenca": "http://creativecommons.org/licenses/by-nc/4.0/legalcode",
          "Burimi": "iNaturalist research-grade observations"
        },
        "image": {
          "url": "https://api.gbif.org/v1/image/cache/800x/occurrence/6253158525/media/cce8a1ca90d1140aa3f4474f8aae4cdd",
          "source": "https://www.inaturalist.org/photos/652755864",
          "credit": "Marsel Mersinaj",
          "license": "CC BY-NC 4.0",
          "licenseUrl": "http://creativecommons.org/licenses/by-nc/4.0/",
          "alt": "Lichia amia"
        }
      }
    },
    {
      "type": "Feature",
      "id": "gbif-6320386316",
      "geometry": {
        "type": "Point",
        "coordinates": [
          19.94543,
          40.707888
        ]
      },
      "properties": {
        "name": "Vanessa atalanta",
        "category": "fauna",
        "categoryLabel": "Vëzhgim faune",
        "location": "Berat, Shqipëri",
        "countryCodes": [
          "AL"
        ],
        "summary": "Vëzhgim i Vanessa atalanta më 2026-01-30 në Shqipëri. Të dhënat nga GBIF.",
        "details": [
          "Një regjistrim i pranishmërisë së llojit; pika nuk paraqet shtrirjen e habitatit."
        ],
        "mapNote": "Koordinata e vëzhgimit nga GBIF; saktësia dhe origjina kontrollohen te regjistrimi burimor.",
        "geometryType": "Point",
        "sources": [
          {
            "label": "GBIF · regjistrimi dhe licenca",
            "url": "https://www.gbif.org/occurrence/6320386316"
          }
        ],
        "extra": {
          "Lloji": "Vanessa atalanta",
          "Data": "2026-01-30",
          "Licenca": "http://creativecommons.org/licenses/by-nc/4.0/legalcode",
          "Burimi": "iNaturalist research-grade observations"
        },
        "image": {
          "url": "https://api.gbif.org/v1/image/cache/800x/occurrence/6320386316/media/579d43e19bddf75cc36cff6973af5260",
          "source": "https://www.inaturalist.org/photos/661926294",
          "credit": "parttimefieldyau",
          "license": "CC BY-NC 4.0",
          "licenseUrl": "http://creativecommons.org/licenses/by-nc/4.0/",
          "alt": "Vanessa atalanta"
        }
      }
    },
    {
      "type": "Feature",
      "id": "gbif-6320758527",
      "geometry": {
        "type": "Point",
        "coordinates": [
          19.89117,
          40.981497
        ]
      },
      "properties": {
        "name": "Cairina moschata",
        "category": "fauna",
        "categoryLabel": "Vëzhgim faune",
        "location": "Elbasan, Shqipëri",
        "countryCodes": [
          "AL"
        ],
        "summary": "Vëzhgim i Cairina moschata më 2026-01-30 në Shqipëri. Të dhënat nga GBIF.",
        "details": [
          "Një regjistrim i pranishmërisë së llojit; pika nuk paraqet shtrirjen e habitatit."
        ],
        "mapNote": "Koordinata e vëzhgimit nga GBIF; saktësia dhe origjina kontrollohen te regjistrimi burimor.",
        "geometryType": "Point",
        "sources": [
          {
            "label": "GBIF · regjistrimi dhe licenca",
            "url": "https://www.gbif.org/occurrence/6320758527"
          }
        ],
        "extra": {
          "Lloji": "Cairina moschata",
          "Data": "2026-01-30",
          "Licenca": "http://creativecommons.org/licenses/by-nc/4.0/legalcode",
          "Burimi": "iNaturalist research-grade observations"
        },
        "image": {
          "url": "https://api.gbif.org/v1/image/cache/800x/occurrence/6320758527/media/62d6cfaf122b33ecd6e43d338089ce08",
          "source": "https://www.inaturalist.org/photos/661928007",
          "credit": "parttimefieldyau",
          "license": "CC BY-NC 4.0",
          "licenseUrl": "http://creativecommons.org/licenses/by-nc/4.0/",
          "alt": "Cairina moschata"
        }
      }
    },
    {
      "type": "Feature",
      "id": "gbif-6413940470",
      "geometry": {
        "type": "Point",
        "coordinates": [
          18.921225,
          41.196477
        ]
      },
      "properties": {
        "name": "Zeus faber",
        "category": "fauna",
        "categoryLabel": "Vëzhgim faune",
        "location": "Shqipëri, Shqipëri",
        "countryCodes": [
          "AL"
        ],
        "summary": "Vëzhgim i Zeus faber më 2026-01-22 në Shqipëri. Të dhënat nga GBIF.",
        "details": [
          "Një regjistrim i pranishmërisë së llojit; pika nuk paraqet shtrirjen e habitatit."
        ],
        "mapNote": "Koordinata e vëzhgimit nga GBIF; saktësia dhe origjina kontrollohen te regjistrimi burimor.",
        "geometryType": "Point",
        "sources": [
          {
            "label": "GBIF · regjistrimi dhe licenca",
            "url": "https://www.gbif.org/occurrence/6413940470"
          }
        ],
        "extra": {
          "Lloji": "Zeus faber",
          "Data": "2026-01-22",
          "Licenca": "http://creativecommons.org/licenses/by-nc/4.0/legalcode",
          "Burimi": "iNaturalist research-grade observations"
        },
        "image": {
          "url": "https://api.gbif.org/v1/image/cache/800x/occurrence/6413940470/media/692010a18c0fe0b307c2a1ee6384529d",
          "source": "https://www.inaturalist.org/photos/681710984",
          "credit": "Marsel Mersinaj",
          "license": "CC BY-NC 4.0",
          "licenseUrl": "http://creativecommons.org/licenses/by-nc/4.0/",
          "alt": "Zeus faber"
        }
      }
    },
    {
      "type": "Feature",
      "id": "gbif-6498136867",
      "geometry": {
        "type": "Point",
        "coordinates": [
          19.556863,
          40.341352
        ]
      },
      "properties": {
        "name": "Monachus monachus",
        "category": "fauna",
        "categoryLabel": "Vëzhgim faune",
        "location": "Vlorë, Shqipëri",
        "countryCodes": [
          "AL"
        ],
        "summary": "Vëzhgim i Monachus monachus më 2026-01-04 në Shqipëri. Të dhënat nga GBIF.",
        "details": [
          "Një regjistrim i pranishmërisë së llojit; pika nuk paraqet shtrirjen e habitatit."
        ],
        "mapNote": "Koordinata e vëzhgimit nga GBIF; saktësia dhe origjina kontrollohen te regjistrimi burimor.",
        "geometryType": "Point",
        "sources": [
          {
            "label": "GBIF · regjistrimi dhe licenca",
            "url": "https://www.gbif.org/occurrence/6498136867"
          }
        ],
        "extra": {
          "Lloji": "Monachus monachus",
          "Data": "2026-01-04",
          "Licenca": "http://creativecommons.org/licenses/by-nc/4.0/legalcode",
          "Burimi": "iNaturalist research-grade observations"
        },
        "image": {
          "url": "https://api.gbif.org/v1/image/cache/800x/occurrence/6498136867/media/9fe12660025b39d71f34e3c6321ca65f",
          "source": "https://www.inaturalist.org/photos/719068990",
          "credit": "nexhip",
          "license": "CC BY-NC 4.0",
          "licenseUrl": "http://creativecommons.org/licenses/by-nc/4.0/",
          "alt": "Monachus monachus"
        }
      }
    },
    {
      "type": "Feature",
      "id": "gbif-6498220331",
      "geometry": {
        "type": "Point",
        "coordinates": [
          19.216114,
          40.395369
        ]
      },
      "properties": {
        "name": "Monachus monachus",
        "category": "fauna",
        "categoryLabel": "Vëzhgim faune",
        "location": "Vlorë, Shqipëri",
        "countryCodes": [
          "AL"
        ],
        "summary": "Vëzhgim i Monachus monachus më 2026-01-29 në Shqipëri. Të dhënat nga GBIF.",
        "details": [
          "Një regjistrim i pranishmërisë së llojit; pika nuk paraqet shtrirjen e habitatit."
        ],
        "mapNote": "Koordinata e vëzhgimit nga GBIF; saktësia dhe origjina kontrollohen te regjistrimi burimor.",
        "geometryType": "Point",
        "sources": [
          {
            "label": "GBIF · regjistrimi dhe licenca",
            "url": "https://www.gbif.org/occurrence/6498220331"
          }
        ],
        "extra": {
          "Lloji": "Monachus monachus",
          "Data": "2026-01-29",
          "Licenca": "http://creativecommons.org/licenses/by-nc/4.0/legalcode",
          "Burimi": "iNaturalist research-grade observations"
        },
        "image": {
          "url": "https://api.gbif.org/v1/image/cache/800x/occurrence/6498220331/media/88e446c0c1a4fef79ffe5dbcb5da90de",
          "source": "https://www.inaturalist.org/photos/719031586",
          "credit": "nexhip",
          "license": "CC BY-NC 4.0",
          "licenseUrl": "http://creativecommons.org/licenses/by-nc/4.0/",
          "alt": "Monachus monachus"
        }
      }
    },
    {
      "type": "Feature",
      "id": "gbif-6498362835",
      "geometry": {
        "type": "Point",
        "coordinates": [
          19.476071,
          40.372002
        ]
      },
      "properties": {
        "name": "Monachus monachus",
        "category": "fauna",
        "categoryLabel": "Vëzhgim faune",
        "location": "Vlorë, Shqipëri",
        "countryCodes": [
          "AL"
        ],
        "summary": "Vëzhgim i Monachus monachus më 2026-01-11 në Shqipëri. Të dhënat nga GBIF.",
        "details": [
          "Një regjistrim i pranishmërisë së llojit; pika nuk paraqet shtrirjen e habitatit."
        ],
        "mapNote": "Koordinata e vëzhgimit nga GBIF; saktësia dhe origjina kontrollohen te regjistrimi burimor.",
        "geometryType": "Point",
        "sources": [
          {
            "label": "GBIF · regjistrimi dhe licenca",
            "url": "https://www.gbif.org/occurrence/6498362835"
          }
        ],
        "extra": {
          "Lloji": "Monachus monachus",
          "Data": "2026-01-11",
          "Licenca": "http://creativecommons.org/licenses/by-nc/4.0/legalcode",
          "Burimi": "iNaturalist research-grade observations"
        },
        "image": {
          "url": "https://api.gbif.org/v1/image/cache/800x/occurrence/6498362835/media/b15e449acb05af8bd2de6a0aa183d893",
          "source": "https://www.inaturalist.org/photos/719070499",
          "credit": "nexhip",
          "license": "CC BY-NC 4.0",
          "licenseUrl": "http://creativecommons.org/licenses/by-nc/4.0/",
          "alt": "Monachus monachus"
        }
      }
    },
    {
      "type": "Feature",
      "id": "gbif-6498879670",
      "geometry": {
        "type": "Point",
        "coordinates": [
          19.4045,
          40.506473
        ]
      },
      "properties": {
        "name": "Caretta caretta",
        "category": "fauna",
        "categoryLabel": "Vëzhgim faune",
        "location": "Vlorë, Shqipëri",
        "countryCodes": [
          "AL"
        ],
        "summary": "Vëzhgim i Caretta caretta më 2026-01-12 në Shqipëri. Të dhënat nga GBIF.",
        "details": [
          "Një regjistrim i pranishmërisë së llojit; pika nuk paraqet shtrirjen e habitatit."
        ],
        "mapNote": "Koordinata e vëzhgimit nga GBIF; saktësia dhe origjina kontrollohen te regjistrimi burimor.",
        "geometryType": "Point",
        "sources": [
          {
            "label": "GBIF · regjistrimi dhe licenca",
            "url": "https://www.gbif.org/occurrence/6498879670"
          }
        ],
        "extra": {
          "Lloji": "Caretta caretta",
          "Data": "2026-01-12",
          "Licenca": "http://creativecommons.org/licenses/by-nc/4.0/legalcode",
          "Burimi": "iNaturalist research-grade observations"
        },
        "image": {
          "url": "https://api.gbif.org/v1/image/cache/800x/occurrence/6498879670/media/f85c330f5e234bbdbbe03f7df3293a31",
          "source": "https://www.inaturalist.org/photos/718992042",
          "credit": "nexhip",
          "license": "CC BY-NC 4.0",
          "licenseUrl": "http://creativecommons.org/licenses/by-nc/4.0/",
          "alt": "Caretta caretta"
        }
      }
    },
    {
      "type": "Feature",
      "id": "gbif-6499094209",
      "geometry": {
        "type": "Point",
        "coordinates": [
          19.532546,
          40.320633
        ]
      },
      "properties": {
        "name": "Monachus monachus",
        "category": "fauna",
        "categoryLabel": "Vëzhgim faune",
        "location": "Vlorë, Shqipëri",
        "countryCodes": [
          "AL"
        ],
        "summary": "Vëzhgim i Monachus monachus më 2026-01-19 në Shqipëri. Të dhënat nga GBIF.",
        "details": [
          "Një regjistrim i pranishmërisë së llojit; pika nuk paraqet shtrirjen e habitatit."
        ],
        "mapNote": "Koordinata e vëzhgimit nga GBIF; saktësia dhe origjina kontrollohen te regjistrimi burimor.",
        "geometryType": "Point",
        "sources": [
          {
            "label": "GBIF · regjistrimi dhe licenca",
            "url": "https://www.gbif.org/occurrence/6499094209"
          }
        ],
        "extra": {
          "Lloji": "Monachus monachus",
          "Data": "2026-01-19",
          "Licenca": "http://creativecommons.org/licenses/by-nc/4.0/legalcode",
          "Burimi": "iNaturalist research-grade observations"
        },
        "image": {
          "url": "https://api.gbif.org/v1/image/cache/800x/occurrence/6499094209/media/1e4337b3bd80178dfba49a421f627086",
          "source": "https://www.inaturalist.org/photos/719030765",
          "credit": "nexhip",
          "license": "CC BY-NC 4.0",
          "licenseUrl": "http://creativecommons.org/licenses/by-nc/4.0/",
          "alt": "Monachus monachus"
        }
      }
    },
    {
      "type": "Feature",
      "id": "gbif-6499324755",
      "geometry": {
        "type": "Point",
        "coordinates": [
          19.455741,
          40.206891
        ]
      },
      "properties": {
        "name": "Monachus monachus",
        "category": "fauna",
        "categoryLabel": "Vëzhgim faune",
        "location": "Vlorë, Shqipëri",
        "countryCodes": [
          "AL"
        ],
        "summary": "Vëzhgim i Monachus monachus më 2026-01-08 në Shqipëri. Të dhënat nga GBIF.",
        "details": [
          "Një regjistrim i pranishmërisë së llojit; pika nuk paraqet shtrirjen e habitatit."
        ],
        "mapNote": "Koordinata e vëzhgimit nga GBIF; saktësia dhe origjina kontrollohen te regjistrimi burimor.",
        "geometryType": "Point",
        "sources": [
          {
            "label": "GBIF · regjistrimi dhe licenca",
            "url": "https://www.gbif.org/occurrence/6499324755"
          }
        ],
        "extra": {
          "Lloji": "Monachus monachus",
          "Data": "2026-01-08",
          "Licenca": "http://creativecommons.org/licenses/by-nc/4.0/legalcode",
          "Burimi": "iNaturalist research-grade observations"
        },
        "image": {
          "url": "https://api.gbif.org/v1/image/cache/800x/occurrence/6499324755/media/9740cecc588278ad222a5e32a6596b90",
          "source": "https://www.inaturalist.org/photos/719028907",
          "credit": "nexhip",
          "license": "CC BY-NC 4.0",
          "licenseUrl": "http://creativecommons.org/licenses/by-nc/4.0/",
          "alt": "Monachus monachus"
        }
      }
    },
    {
      "type": "Feature",
      "id": "gbif-6499344493",
      "geometry": {
        "type": "Point",
        "coordinates": [
          19.468053,
          40.200862
        ]
      },
      "properties": {
        "name": "Caretta caretta",
        "category": "fauna",
        "categoryLabel": "Vëzhgim faune",
        "location": "Vlorë, Shqipëri",
        "countryCodes": [
          "AL"
        ],
        "summary": "Vëzhgim i Caretta caretta më 2026-01-03 në Shqipëri. Të dhënat nga GBIF.",
        "details": [
          "Një regjistrim i pranishmërisë së llojit; pika nuk paraqet shtrirjen e habitatit."
        ],
        "mapNote": "Koordinata e vëzhgimit nga GBIF; saktësia dhe origjina kontrollohen te regjistrimi burimor.",
        "geometryType": "Point",
        "sources": [
          {
            "label": "GBIF · regjistrimi dhe licenca",
            "url": "https://www.gbif.org/occurrence/6499344493"
          }
        ],
        "extra": {
          "Lloji": "Caretta caretta",
          "Data": "2026-01-03",
          "Licenca": "http://creativecommons.org/licenses/by-nc/4.0/legalcode",
          "Burimi": "iNaturalist research-grade observations"
        },
        "image": {
          "url": "https://api.gbif.org/v1/image/cache/800x/occurrence/6499344493/media/d4b2f86de4761191f2f59bc5e7860349",
          "source": "https://www.inaturalist.org/photos/719050898",
          "credit": "nexhip",
          "license": "CC BY-NC 4.0",
          "licenseUrl": "http://creativecommons.org/licenses/by-nc/4.0/",
          "alt": "Caretta caretta"
        }
      }
    },
    {
      "type": "Feature",
      "id": "gbif-6500228339",
      "geometry": {
        "type": "Point",
        "coordinates": [
          19.571265,
          40.255845
        ]
      },
      "properties": {
        "name": "Monachus monachus",
        "category": "fauna",
        "categoryLabel": "Vëzhgim faune",
        "location": "Vlorë, Shqipëri",
        "countryCodes": [
          "AL"
        ],
        "summary": "Vëzhgim i Monachus monachus më 2026-01-12 në Shqipëri. Të dhënat nga GBIF.",
        "details": [
          "Një regjistrim i pranishmërisë së llojit; pika nuk paraqet shtrirjen e habitatit."
        ],
        "mapNote": "Koordinata e vëzhgimit nga GBIF; saktësia dhe origjina kontrollohen te regjistrimi burimor.",
        "geometryType": "Point",
        "sources": [
          {
            "label": "GBIF · regjistrimi dhe licenca",
            "url": "https://www.gbif.org/occurrence/6500228339"
          }
        ],
        "extra": {
          "Lloji": "Monachus monachus",
          "Data": "2026-01-12",
          "Licenca": "http://creativecommons.org/licenses/by-nc/4.0/legalcode",
          "Burimi": "iNaturalist research-grade observations"
        },
        "image": {
          "url": "https://api.gbif.org/v1/image/cache/800x/occurrence/6500228339/media/2affe0b2de05a9390c21441ef37938d6",
          "source": "https://www.inaturalist.org/photos/719029614",
          "credit": "nexhip",
          "license": "CC BY-NC 4.0",
          "licenseUrl": "http://creativecommons.org/licenses/by-nc/4.0/",
          "alt": "Monachus monachus"
        }
      }
    },
    {
      "type": "Feature",
      "id": "gbif-6500334546",
      "geometry": {
        "type": "Point",
        "coordinates": [
          19.543254,
          40.214989
        ]
      },
      "properties": {
        "name": "Monachus monachus",
        "category": "fauna",
        "categoryLabel": "Vëzhgim faune",
        "location": "Vlorë, Shqipëri",
        "countryCodes": [
          "AL"
        ],
        "summary": "Vëzhgim i Monachus monachus më 2026-01-13 në Shqipëri. Të dhënat nga GBIF.",
        "details": [
          "Një regjistrim i pranishmërisë së llojit; pika nuk paraqet shtrirjen e habitatit."
        ],
        "mapNote": "Koordinata e vëzhgimit nga GBIF; saktësia dhe origjina kontrollohen te regjistrimi burimor.",
        "geometryType": "Point",
        "sources": [
          {
            "label": "GBIF · regjistrimi dhe licenca",
            "url": "https://www.gbif.org/occurrence/6500334546"
          }
        ],
        "extra": {
          "Lloji": "Monachus monachus",
          "Data": "2026-01-13",
          "Licenca": "http://creativecommons.org/licenses/by-nc/4.0/legalcode",
          "Burimi": "iNaturalist research-grade observations"
        },
        "image": {
          "url": "https://api.gbif.org/v1/image/cache/800x/occurrence/6500334546/media/8c8c2afd537ffb0e067c540e17234d2c",
          "source": "https://www.inaturalist.org/photos/719071855",
          "credit": "nexhip",
          "license": "CC BY-NC 4.0",
          "licenseUrl": "http://creativecommons.org/licenses/by-nc/4.0/",
          "alt": "Monachus monachus"
        }
      }
    },
    {
      "type": "Feature",
      "id": "gbif-6500406589",
      "geometry": {
        "type": "Point",
        "coordinates": [
          19.42349,
          40.323951
        ]
      },
      "properties": {
        "name": "Monachus monachus",
        "category": "fauna",
        "categoryLabel": "Vëzhgim faune",
        "location": "Vlorë, Shqipëri",
        "countryCodes": [
          "AL"
        ],
        "summary": "Vëzhgim i Monachus monachus më 2026-01-05 në Shqipëri. Të dhënat nga GBIF.",
        "details": [
          "Një regjistrim i pranishmërisë së llojit; pika nuk paraqet shtrirjen e habitatit."
        ],
        "mapNote": "Koordinata e vëzhgimit nga GBIF; saktësia dhe origjina kontrollohen te regjistrimi burimor.",
        "geometryType": "Point",
        "sources": [
          {
            "label": "GBIF · regjistrimi dhe licenca",
            "url": "https://www.gbif.org/occurrence/6500406589"
          }
        ],
        "extra": {
          "Lloji": "Monachus monachus",
          "Data": "2026-01-05",
          "Licenca": "http://creativecommons.org/licenses/by-nc/4.0/legalcode",
          "Burimi": "iNaturalist research-grade observations"
        },
        "image": {
          "url": "https://api.gbif.org/v1/image/cache/800x/occurrence/6500406589/media/140d36cf3d5a13741adf5937a6536ba6",
          "source": "https://www.inaturalist.org/photos/719069714",
          "credit": "nexhip",
          "license": "CC BY-NC 4.0",
          "licenseUrl": "http://creativecommons.org/licenses/by-nc/4.0/",
          "alt": "Monachus monachus"
        }
      }
    },
    {
      "type": "Feature",
      "id": "gbif-6500450599",
      "geometry": {
        "type": "Point",
        "coordinates": [
          19.587786,
          40.266186
        ]
      },
      "properties": {
        "name": "Monachus monachus",
        "category": "fauna",
        "categoryLabel": "Vëzhgim faune",
        "location": "Vlorë, Shqipëri",
        "countryCodes": [
          "AL"
        ],
        "summary": "Vëzhgim i Monachus monachus më 2026-01-12 në Shqipëri. Të dhënat nga GBIF.",
        "details": [
          "Një regjistrim i pranishmërisë së llojit; pika nuk paraqet shtrirjen e habitatit."
        ],
        "mapNote": "Koordinata e vëzhgimit nga GBIF; saktësia dhe origjina kontrollohen te regjistrimi burimor.",
        "geometryType": "Point",
        "sources": [
          {
            "label": "GBIF · regjistrimi dhe licenca",
            "url": "https://www.gbif.org/occurrence/6500450599"
          }
        ],
        "extra": {
          "Lloji": "Monachus monachus",
          "Data": "2026-01-12",
          "Licenca": "http://creativecommons.org/licenses/by-nc/4.0/legalcode",
          "Burimi": "iNaturalist research-grade observations"
        },
        "image": {
          "url": "https://api.gbif.org/v1/image/cache/800x/occurrence/6500450599/media/efa64f360ca6f92894176d522d59afc2",
          "source": "https://www.inaturalist.org/photos/719071145",
          "credit": "nexhip",
          "license": "CC BY-NC 4.0",
          "licenseUrl": "http://creativecommons.org/licenses/by-nc/4.0/",
          "alt": "Monachus monachus"
        }
      }
    },
    {
      "type": "Feature",
      "id": "gbif-6518530369",
      "geometry": {
        "type": "Point",
        "coordinates": [
          19.346201,
          40.52279
        ]
      },
      "properties": {
        "name": "Caretta caretta",
        "category": "fauna",
        "categoryLabel": "Vëzhgim faune",
        "location": "Vlorë, Shqipëri",
        "countryCodes": [
          "AL"
        ],
        "summary": "Vëzhgim i Caretta caretta më 2026-01-18 në Shqipëri. Të dhënat nga GBIF.",
        "details": [
          "Një regjistrim i pranishmërisë së llojit; pika nuk paraqet shtrirjen e habitatit."
        ],
        "mapNote": "Koordinata e vëzhgimit nga GBIF; saktësia dhe origjina kontrollohen te regjistrimi burimor.",
        "geometryType": "Point",
        "sources": [
          {
            "label": "GBIF · regjistrimi dhe licenca",
            "url": "https://www.gbif.org/occurrence/6518530369"
          }
        ],
        "extra": {
          "Lloji": "Caretta caretta",
          "Data": "2026-01-18",
          "Licenca": "http://creativecommons.org/licenses/by-nc/4.0/legalcode",
          "Burimi": "iNaturalist research-grade observations"
        },
        "image": {
          "url": "https://api.gbif.org/v1/image/cache/800x/occurrence/6518530369/media/41c6f0ff24c94803ccb57320e115ec24",
          "source": "https://www.inaturalist.org/photos/719050176",
          "credit": "nexhip",
          "license": "CC BY-NC 4.0",
          "licenseUrl": "http://creativecommons.org/licenses/by-nc/4.0/",
          "alt": "Caretta caretta"
        }
      }
    },
    {
      "type": "Feature",
      "id": "gbif-6518916694",
      "geometry": {
        "type": "Point",
        "coordinates": [
          19.431199,
          40.210976
        ]
      },
      "properties": {
        "name": "Monachus monachus",
        "category": "fauna",
        "categoryLabel": "Vëzhgim faune",
        "location": "Vlorë, Shqipëri",
        "countryCodes": [
          "AL"
        ],
        "summary": "Vëzhgim i Monachus monachus më 2026-01-13 në Shqipëri. Të dhënat nga GBIF.",
        "details": [
          "Një regjistrim i pranishmërisë së llojit; pika nuk paraqet shtrirjen e habitatit."
        ],
        "mapNote": "Koordinata e vëzhgimit nga GBIF; saktësia dhe origjina kontrollohen te regjistrimi burimor.",
        "geometryType": "Point",
        "sources": [
          {
            "label": "GBIF · regjistrimi dhe licenca",
            "url": "https://www.gbif.org/occurrence/6518916694"
          }
        ],
        "extra": {
          "Lloji": "Monachus monachus",
          "Data": "2026-01-13",
          "Licenca": "http://creativecommons.org/licenses/by-nc/4.0/legalcode",
          "Burimi": "iNaturalist research-grade observations"
        },
        "image": {
          "url": "https://api.gbif.org/v1/image/cache/800x/occurrence/6518916694/media/fa24fab0645c90c95fa23486186c0665",
          "source": "https://www.inaturalist.org/photos/719030105",
          "credit": "nexhip",
          "license": "CC BY-NC 4.0",
          "licenseUrl": "http://creativecommons.org/licenses/by-nc/4.0/",
          "alt": "Monachus monachus"
        }
      }
    },
    {
      "type": "Feature",
      "id": "gbif-6133071645",
      "geometry": {
        "type": "Point",
        "coordinates": [
          20.665911,
          40.902805
        ]
      },
      "properties": {
        "name": "Aythya ferina",
        "category": "fauna",
        "categoryLabel": "Vëzhgim faune",
        "location": "Korçë, Shqipëri",
        "countryCodes": [
          "AL"
        ],
        "summary": "Vëzhgim i Aythya ferina më 2026-02-02 në Shqipëri. Të dhënat nga GBIF.",
        "details": [
          "Një regjistrim i pranishmërisë së llojit; pika nuk paraqet shtrirjen e habitatit."
        ],
        "mapNote": "Koordinata e vëzhgimit nga GBIF; saktësia dhe origjina kontrollohen te regjistrimi burimor.",
        "geometryType": "Point",
        "sources": [
          {
            "label": "GBIF · regjistrimi dhe licenca",
            "url": "https://www.gbif.org/occurrence/6133071645"
          }
        ],
        "extra": {
          "Lloji": "Aythya ferina",
          "Data": "2026-02-02",
          "Licenca": "http://creativecommons.org/licenses/by-nc/4.0/legalcode",
          "Burimi": "iNaturalist research-grade observations"
        },
        "image": {
          "url": "https://api.gbif.org/v1/image/cache/800x/occurrence/6133071645/media/94ee8b900edd7c60b79c7f56074b3b2d",
          "source": "https://www.inaturalist.org/photos/612693504",
          "credit": "arberzaimi",
          "license": "CC BY-NC 4.0",
          "licenseUrl": "http://creativecommons.org/licenses/by-nc/4.0/",
          "alt": "Aythya ferina"
        }
      }
    },
    {
      "type": "Feature",
      "id": "gbif-6133194571",
      "geometry": {
        "type": "Point",
        "coordinates": [
          20.720595,
          40.901495
        ]
      },
      "properties": {
        "name": "Cygnus olor",
        "category": "fauna",
        "categoryLabel": "Vëzhgim faune",
        "location": "Korçë, Shqipëri",
        "countryCodes": [
          "AL"
        ],
        "summary": "Vëzhgim i Cygnus olor më 2026-02-01 në Shqipëri. Të dhënat nga GBIF.",
        "details": [
          "Një regjistrim i pranishmërisë së llojit; pika nuk paraqet shtrirjen e habitatit."
        ],
        "mapNote": "Koordinata e vëzhgimit nga GBIF; saktësia dhe origjina kontrollohen te regjistrimi burimor.",
        "geometryType": "Point",
        "sources": [
          {
            "label": "GBIF · regjistrimi dhe licenca",
            "url": "https://www.gbif.org/occurrence/6133194571"
          }
        ],
        "extra": {
          "Lloji": "Cygnus olor",
          "Data": "2026-02-01",
          "Licenca": "http://creativecommons.org/licenses/by-nc/4.0/legalcode",
          "Burimi": "iNaturalist research-grade observations"
        },
        "image": {
          "url": "https://api.gbif.org/v1/image/cache/800x/occurrence/6133194571/media/1727852d9d5fd10c4fec035611d8850a",
          "source": "https://www.inaturalist.org/photos/612450939",
          "credit": "arberzaimi",
          "license": "CC BY-NC 4.0",
          "licenseUrl": "http://creativecommons.org/licenses/by-nc/4.0/",
          "alt": "Cygnus olor"
        }
      }
    },
    {
      "type": "Feature",
      "id": "gbif-6133245476",
      "geometry": {
        "type": "Point",
        "coordinates": [
          20.720772,
          40.901522
        ]
      },
      "properties": {
        "name": "Cygnus atratus",
        "category": "fauna",
        "categoryLabel": "Vëzhgim faune",
        "location": "Korçë, Shqipëri",
        "countryCodes": [
          "AL"
        ],
        "summary": "Vëzhgim i Cygnus atratus më 2026-02-01 në Shqipëri. Të dhënat nga GBIF.",
        "details": [
          "Një regjistrim i pranishmërisë së llojit; pika nuk paraqet shtrirjen e habitatit."
        ],
        "mapNote": "Koordinata e vëzhgimit nga GBIF; saktësia dhe origjina kontrollohen te regjistrimi burimor.",
        "geometryType": "Point",
        "sources": [
          {
            "label": "GBIF · regjistrimi dhe licenca",
            "url": "https://www.gbif.org/occurrence/6133245476"
          }
        ],
        "extra": {
          "Lloji": "Cygnus atratus",
          "Data": "2026-02-01",
          "Licenca": "http://creativecommons.org/licenses/by-nc/4.0/legalcode",
          "Burimi": "iNaturalist research-grade observations"
        },
        "image": {
          "url": "https://api.gbif.org/v1/image/cache/800x/occurrence/6133245476/media/367837bdb6cfa2a1e78c260aa5464f68",
          "source": "https://www.inaturalist.org/photos/612450624",
          "credit": "arberzaimi",
          "license": "CC BY-NC 4.0",
          "licenseUrl": "http://creativecommons.org/licenses/by-nc/4.0/",
          "alt": "Cygnus atratus"
        }
      }
    },
    {
      "type": "Feature",
      "id": "gbif-6133384197",
      "geometry": {
        "type": "Point",
        "coordinates": [
          20.720628,
          40.90157
        ]
      },
      "properties": {
        "name": "Oryctolagus cuniculus",
        "category": "fauna",
        "categoryLabel": "Vëzhgim faune",
        "location": "Korçë, Shqipëri",
        "countryCodes": [
          "AL"
        ],
        "summary": "Vëzhgim i Oryctolagus cuniculus më 2026-02-01 në Shqipëri. Të dhënat nga GBIF.",
        "details": [
          "Një regjistrim i pranishmërisë së llojit; pika nuk paraqet shtrirjen e habitatit."
        ],
        "mapNote": "Koordinata e vëzhgimit nga GBIF; saktësia dhe origjina kontrollohen te regjistrimi burimor.",
        "geometryType": "Point",
        "sources": [
          {
            "label": "GBIF · regjistrimi dhe licenca",
            "url": "https://www.gbif.org/occurrence/6133384197"
          }
        ],
        "extra": {
          "Lloji": "Oryctolagus cuniculus",
          "Data": "2026-02-01",
          "Licenca": "http://creativecommons.org/licenses/by-nc/4.0/legalcode",
          "Burimi": "iNaturalist research-grade observations"
        },
        "image": {
          "url": "https://api.gbif.org/v1/image/cache/800x/occurrence/6133384197/media/60b422fbb5a295c623ebe86e1ab46352",
          "source": "https://www.inaturalist.org/photos/612450824",
          "credit": "arberzaimi",
          "license": "CC BY-NC 4.0",
          "licenseUrl": "http://creativecommons.org/licenses/by-nc/4.0/",
          "alt": "Oryctolagus cuniculus"
        }
      }
    },
    {
      "type": "Feature",
      "id": "gbif-6133420395",
      "geometry": {
        "type": "Point",
        "coordinates": [
          19.535692,
          41.379732
        ]
      },
      "properties": {
        "name": "Bufotes viridis",
        "category": "fauna",
        "categoryLabel": "Vëzhgim faune",
        "location": "Durrës, Shqipëri",
        "countryCodes": [
          "AL"
        ],
        "summary": "Vëzhgim i Bufotes viridis më 2026-02-01 në Shqipëri. Të dhënat nga GBIF.",
        "details": [
          "Një regjistrim i pranishmërisë së llojit; pika nuk paraqet shtrirjen e habitatit."
        ],
        "mapNote": "Koordinata e vëzhgimit nga GBIF; saktësia dhe origjina kontrollohen te regjistrimi burimor.",
        "geometryType": "Point",
        "sources": [
          {
            "label": "GBIF · regjistrimi dhe licenca",
            "url": "https://www.gbif.org/occurrence/6133420395"
          }
        ],
        "extra": {
          "Lloji": "Bufotes viridis",
          "Data": "2026-02-01",
          "Licenca": "http://creativecommons.org/licenses/by-nc/4.0/legalcode",
          "Burimi": "iNaturalist research-grade observations"
        },
        "image": {
          "url": "https://api.gbif.org/v1/image/cache/800x/occurrence/6133420395/media/7e534d799adbf97aeaa41c327ed05acd",
          "source": "https://www.inaturalist.org/photos/612664532",
          "credit": "Arian",
          "license": "CC BY-NC 4.0",
          "licenseUrl": "http://creativecommons.org/licenses/by-nc/4.0/",
          "alt": "Bufotes viridis"
        }
      }
    },
    {
      "type": "Feature",
      "id": "gbif-6133603620",
      "geometry": {
        "type": "Point",
        "coordinates": [
          20.720629,
          40.9017
        ]
      },
      "properties": {
        "name": "Branta canadensis",
        "category": "fauna",
        "categoryLabel": "Vëzhgim faune",
        "location": "Korçë, Shqipëri",
        "countryCodes": [
          "AL"
        ],
        "summary": "Vëzhgim i Branta canadensis më 2026-02-01 në Shqipëri. Të dhënat nga GBIF.",
        "details": [
          "Një regjistrim i pranishmërisë së llojit; pika nuk paraqet shtrirjen e habitatit."
        ],
        "mapNote": "Koordinata e vëzhgimit nga GBIF; saktësia dhe origjina kontrollohen te regjistrimi burimor.",
        "geometryType": "Point",
        "sources": [
          {
            "label": "GBIF · regjistrimi dhe licenca",
            "url": "https://www.gbif.org/occurrence/6133603620"
          }
        ],
        "extra": {
          "Lloji": "Branta canadensis",
          "Data": "2026-02-01",
          "Licenca": "http://creativecommons.org/licenses/by-nc/4.0/legalcode",
          "Burimi": "iNaturalist research-grade observations"
        },
        "image": {
          "url": "https://api.gbif.org/v1/image/cache/800x/occurrence/6133603620/media/207787fc3cb7375feb6385bb85e7d0e1",
          "source": "https://www.inaturalist.org/photos/612447889",
          "credit": "arberzaimi",
          "license": "CC BY-NC 4.0",
          "licenseUrl": "http://creativecommons.org/licenses/by-nc/4.0/",
          "alt": "Branta canadensis"
        }
      }
    },
    {
      "type": "Feature",
      "id": "gbif-6147175043",
      "geometry": {
        "type": "Point",
        "coordinates": [
          19.81938,
          41.307888
        ]
      },
      "properties": {
        "name": "Phalacrocorax carbo",
        "category": "fauna",
        "categoryLabel": "Vëzhgim faune",
        "location": "Tiranë, Shqipëri",
        "countryCodes": [
          "AL"
        ],
        "summary": "Vëzhgim i Phalacrocorax carbo më 2026-02-08 në Shqipëri. Të dhënat nga GBIF.",
        "details": [
          "Një regjistrim i pranishmërisë së llojit; pika nuk paraqet shtrirjen e habitatit."
        ],
        "mapNote": "Koordinata e vëzhgimit nga GBIF; saktësia dhe origjina kontrollohen te regjistrimi burimor.",
        "geometryType": "Point",
        "sources": [
          {
            "label": "GBIF · regjistrimi dhe licenca",
            "url": "https://www.gbif.org/occurrence/6147175043"
          }
        ],
        "extra": {
          "Lloji": "Phalacrocorax carbo",
          "Data": "2026-02-08",
          "Licenca": "http://creativecommons.org/licenses/by-nc/4.0/legalcode",
          "Burimi": "iNaturalist research-grade observations"
        },
        "image": {
          "url": "https://api.gbif.org/v1/image/cache/800x/occurrence/6147175043/media/924115554a3a80a2c5e871577f2f0186",
          "source": "https://www.inaturalist.org/photos/614300748",
          "credit": "Yasnaturegirl",
          "license": "CC BY-NC 4.0",
          "licenseUrl": "http://creativecommons.org/licenses/by-nc/4.0/",
          "alt": "Phalacrocorax carbo"
        }
      }
    },
    {
      "type": "Feature",
      "id": "gbif-6147357634",
      "geometry": {
        "type": "Point",
        "coordinates": [
          19.615883,
          41.747953
        ]
      },
      "properties": {
        "name": "Gallinula chloropus",
        "category": "fauna",
        "categoryLabel": "Vëzhgim faune",
        "location": "Lezhë, Shqipëri",
        "countryCodes": [
          "AL"
        ],
        "summary": "Vëzhgim i Gallinula chloropus më 2026-02-08 në Shqipëri. Të dhënat nga GBIF.",
        "details": [
          "Një regjistrim i pranishmërisë së llojit; pika nuk paraqet shtrirjen e habitatit."
        ],
        "mapNote": "Koordinata e vëzhgimit nga GBIF; saktësia dhe origjina kontrollohen te regjistrimi burimor.",
        "geometryType": "Point",
        "sources": [
          {
            "label": "GBIF · regjistrimi dhe licenca",
            "url": "https://www.gbif.org/occurrence/6147357634"
          }
        ],
        "extra": {
          "Lloji": "Gallinula chloropus",
          "Data": "2026-02-08",
          "Licenca": "http://creativecommons.org/licenses/by-nc/4.0/legalcode",
          "Burimi": "iNaturalist research-grade observations"
        },
        "image": {
          "url": "https://api.gbif.org/v1/image/cache/800x/occurrence/6147357634/media/146b5155da859f43a3454f3b870181bf",
          "source": "https://www.inaturalist.org/photos/614174851",
          "credit": "arberzaimi",
          "license": "CC BY-NC 4.0",
          "licenseUrl": "http://creativecommons.org/licenses/by-nc/4.0/",
          "alt": "Gallinula chloropus"
        }
      }
    },
    {
      "type": "Feature",
      "id": "gbif-6147509247",
      "geometry": {
        "type": "Point",
        "coordinates": [
          20.025611,
          39.865657
        ]
      },
      "properties": {
        "name": "Canis lupus",
        "category": "fauna",
        "categoryLabel": "Vëzhgim faune",
        "location": "Vlorë, Shqipëri",
        "countryCodes": [
          "AL"
        ],
        "summary": "Vëzhgim i Canis lupus më 2026-02-09 në Shqipëri. Të dhënat nga GBIF.",
        "details": [
          "Një regjistrim i pranishmërisë së llojit; pika nuk paraqet shtrirjen e habitatit."
        ],
        "mapNote": "Koordinata e vëzhgimit nga GBIF; saktësia dhe origjina kontrollohen te regjistrimi burimor.",
        "geometryType": "Point",
        "sources": [
          {
            "label": "GBIF · regjistrimi dhe licenca",
            "url": "https://www.gbif.org/occurrence/6147509247"
          }
        ],
        "extra": {
          "Lloji": "Canis lupus",
          "Data": "2026-02-09",
          "Licenca": "http://creativecommons.org/licenses/by-nc/4.0/legalcode",
          "Burimi": "iNaturalist research-grade observations"
        },
        "image": {
          "url": "https://api.gbif.org/v1/image/cache/800x/occurrence/6147509247/media/5a85515aae30ed6845e3e0ee0a86db21",
          "source": "https://www.inaturalist.org/photos/614457392",
          "credit": "Marsel Mersinaj",
          "license": "CC BY-NC 4.0",
          "licenseUrl": "http://creativecommons.org/licenses/by-nc/4.0/",
          "alt": "Canis lupus"
        }
      }
    },
    {
      "type": "Feature",
      "id": "gbif-6147519303",
      "geometry": {
        "type": "Point",
        "coordinates": [
          19.809425,
          41.514262
        ]
      },
      "properties": {
        "name": "Vulpes vulpes",
        "category": "fauna",
        "categoryLabel": "Vëzhgim faune",
        "location": "Durrës, Shqipëri",
        "countryCodes": [
          "AL"
        ],
        "summary": "Vëzhgim i Vulpes vulpes më 2026-02-02 në Shqipëri. Të dhënat nga GBIF.",
        "details": [
          "Një regjistrim i pranishmërisë së llojit; pika nuk paraqet shtrirjen e habitatit."
        ],
        "mapNote": "Koordinata e vëzhgimit nga GBIF; saktësia dhe origjina kontrollohen te regjistrimi burimor.",
        "geometryType": "Point",
        "sources": [
          {
            "label": "GBIF · regjistrimi dhe licenca",
            "url": "https://www.gbif.org/occurrence/6147519303"
          }
        ],
        "extra": {
          "Lloji": "Vulpes vulpes",
          "Data": "2026-02-02",
          "Licenca": "http://creativecommons.org/licenses/by-nc/4.0/legalcode",
          "Burimi": "iNaturalist research-grade observations"
        },
        "image": {
          "url": "https://api.gbif.org/v1/image/cache/800x/occurrence/6147519303/media/6fa3c0d35da3fe69d6e6f5dcc990651c",
          "source": "https://www.inaturalist.org/photos/613142783",
          "credit": "Marsel Mersinaj",
          "license": "CC BY-NC 4.0",
          "licenseUrl": "http://creativecommons.org/licenses/by-nc/4.0/",
          "alt": "Vulpes vulpes"
        }
      }
    },
    {
      "type": "Feature",
      "id": "gbif-6147549137",
      "geometry": {
        "type": "Point",
        "coordinates": [
          19.615753,
          41.747967
        ]
      },
      "properties": {
        "name": "Microcarbo pygmaeus",
        "category": "fauna",
        "categoryLabel": "Vëzhgim faune",
        "location": "Lezhë, Shqipëri",
        "countryCodes": [
          "AL"
        ],
        "summary": "Vëzhgim i Microcarbo pygmaeus më 2026-02-08 në Shqipëri. Të dhënat nga GBIF.",
        "details": [
          "Një regjistrim i pranishmërisë së llojit; pika nuk paraqet shtrirjen e habitatit."
        ],
        "mapNote": "Koordinata e vëzhgimit nga GBIF; saktësia dhe origjina kontrollohen te regjistrimi burimor.",
        "geometryType": "Point",
        "sources": [
          {
            "label": "GBIF · regjistrimi dhe licenca",
            "url": "https://www.gbif.org/occurrence/6147549137"
          }
        ],
        "extra": {
          "Lloji": "Microcarbo pygmaeus",
          "Data": "2026-02-08",
          "Licenca": "http://creativecommons.org/licenses/by-nc/4.0/legalcode",
          "Burimi": "iNaturalist research-grade observations"
        },
        "image": {
          "url": "https://api.gbif.org/v1/image/cache/800x/occurrence/6147549137/media/5100f6bc28c8ac4c4cf70181be658b9c",
          "source": "https://www.inaturalist.org/photos/614174980",
          "credit": "arberzaimi",
          "license": "CC BY-NC 4.0",
          "licenseUrl": "http://creativecommons.org/licenses/by-nc/4.0/",
          "alt": "Microcarbo pygmaeus"
        }
      }
    },
    {
      "type": "Feature",
      "id": "gbif-6147677419",
      "geometry": {
        "type": "Point",
        "coordinates": [
          19.580247,
          41.733117
        ]
      },
      "properties": {
        "name": "Ardea alba",
        "category": "fauna",
        "categoryLabel": "Vëzhgim faune",
        "location": "Lezhë, Shqipëri",
        "countryCodes": [
          "AL"
        ],
        "summary": "Vëzhgim i Ardea alba më 2026-02-08 në Shqipëri. Të dhënat nga GBIF.",
        "details": [
          "Një regjistrim i pranishmërisë së llojit; pika nuk paraqet shtrirjen e habitatit."
        ],
        "mapNote": "Koordinata e vëzhgimit nga GBIF; saktësia dhe origjina kontrollohen te regjistrimi burimor.",
        "geometryType": "Point",
        "sources": [
          {
            "label": "GBIF · regjistrimi dhe licenca",
            "url": "https://www.gbif.org/occurrence/6147677419"
          }
        ],
        "extra": {
          "Lloji": "Ardea alba",
          "Data": "2026-02-08",
          "Licenca": "http://creativecommons.org/licenses/by-nc/4.0/legalcode",
          "Burimi": "iNaturalist research-grade observations"
        },
        "image": {
          "url": "https://api.gbif.org/v1/image/cache/800x/occurrence/6147677419/media/ecd2ca7b3a6bc22795dcc77df1c7fda0",
          "source": "https://www.inaturalist.org/photos/614303058",
          "credit": "arberzaimi",
          "license": "CC BY-NC 4.0",
          "licenseUrl": "http://creativecommons.org/licenses/by-nc/4.0/",
          "alt": "Ardea alba"
        }
      }
    },
    {
      "type": "Feature",
      "id": "gbif-6147708916",
      "geometry": {
        "type": "Point",
        "coordinates": [
          19.446426,
          41.319027
        ]
      },
      "properties": {
        "name": "Felis catus",
        "category": "fauna",
        "categoryLabel": "Vëzhgim faune",
        "location": "Durrës, Shqipëri",
        "countryCodes": [
          "AL"
        ],
        "summary": "Vëzhgim i Felis catus më 2026-02-06 në Shqipëri. Të dhënat nga GBIF.",
        "details": [
          "Një regjistrim i pranishmërisë së llojit; pika nuk paraqet shtrirjen e habitatit."
        ],
        "mapNote": "Koordinata e vëzhgimit nga GBIF; saktësia dhe origjina kontrollohen te regjistrimi burimor.",
        "geometryType": "Point",
        "sources": [
          {
            "label": "GBIF · regjistrimi dhe licenca",
            "url": "https://www.gbif.org/occurrence/6147708916"
          }
        ],
        "extra": {
          "Lloji": "Felis catus",
          "Data": "2026-02-06",
          "Licenca": "http://creativecommons.org/licenses/by-nc/4.0/legalcode",
          "Burimi": "iNaturalist research-grade observations"
        },
        "image": {
          "url": "https://api.gbif.org/v1/image/cache/800x/occurrence/6147708916/media/b740b7687bf67b0e774f3a60587ff0e9",
          "source": "https://www.inaturalist.org/photos/613717774",
          "credit": "Marsel Mersinaj",
          "license": "CC BY-NC 4.0",
          "licenseUrl": "http://creativecommons.org/licenses/by-nc/4.0/",
          "alt": "Felis catus"
        }
      }
    },
    {
      "type": "Feature",
      "id": "gbif-6159145838",
      "geometry": {
        "type": "Point",
        "coordinates": [
          19.48468,
          40.989723
        ]
      },
      "properties": {
        "name": "Fringilla coelebs",
        "category": "fauna",
        "categoryLabel": "Vëzhgim faune",
        "location": "Fier, Shqipëri",
        "countryCodes": [
          "AL"
        ],
        "summary": "Vëzhgim i Fringilla coelebs më 2026-02-12 në Shqipëri. Të dhënat nga GBIF.",
        "details": [
          "Një regjistrim i pranishmërisë së llojit; pika nuk paraqet shtrirjen e habitatit."
        ],
        "mapNote": "Koordinata e vëzhgimit nga GBIF; saktësia dhe origjina kontrollohen te regjistrimi burimor.",
        "geometryType": "Point",
        "sources": [
          {
            "label": "GBIF · regjistrimi dhe licenca",
            "url": "https://www.gbif.org/occurrence/6159145838"
          }
        ],
        "extra": {
          "Lloji": "Fringilla coelebs",
          "Data": "2026-02-12",
          "Licenca": "http://creativecommons.org/licenses/by-nc/4.0/legalcode",
          "Burimi": "iNaturalist research-grade observations"
        },
        "image": {
          "url": "https://api.gbif.org/v1/image/cache/800x/occurrence/6159145838/media/c3972a03552a0f158083768f887aee7f",
          "source": "https://www.inaturalist.org/photos/616297540",
          "credit": "ervin_allushi",
          "license": "CC BY-NC 4.0",
          "licenseUrl": "http://creativecommons.org/licenses/by-nc/4.0/",
          "alt": "Fringilla coelebs"
        }
      }
    },
    {
      "type": "Feature",
      "id": "gbif-6159163854",
      "geometry": {
        "type": "Point",
        "coordinates": [
          19.43914,
          41.31411
        ]
      },
      "properties": {
        "name": "Lasiommata megera",
        "category": "fauna",
        "categoryLabel": "Vëzhgim faune",
        "location": "Durrës, Shqipëri",
        "countryCodes": [
          "AL"
        ],
        "summary": "Vëzhgim i Lasiommata megera më 2026-02-13 në Shqipëri. Të dhënat nga GBIF.",
        "details": [
          "Një regjistrim i pranishmërisë së llojit; pika nuk paraqet shtrirjen e habitatit."
        ],
        "mapNote": "Koordinata e vëzhgimit nga GBIF; saktësia dhe origjina kontrollohen te regjistrimi burimor.",
        "geometryType": "Point",
        "sources": [
          {
            "label": "GBIF · regjistrimi dhe licenca",
            "url": "https://www.gbif.org/occurrence/6159163854"
          }
        ],
        "extra": {
          "Lloji": "Lasiommata megera",
          "Data": "2026-02-13",
          "Licenca": "http://creativecommons.org/licenses/by-nc/4.0/legalcode",
          "Burimi": "iNaturalist research-grade observations"
        },
        "image": {
          "url": "https://api.gbif.org/v1/image/cache/800x/occurrence/6159163854/media/5f8a5395b0c85601f2b619160fcbd43a",
          "source": "https://www.inaturalist.org/photos/615540715",
          "credit": "Marsel Mersinaj",
          "license": "CC BY-NC 4.0",
          "licenseUrl": "http://creativecommons.org/licenses/by-nc/4.0/",
          "alt": "Lasiommata megera"
        }
      }
    },
    {
      "type": "Feature",
      "id": "gbif-6159207010",
      "geometry": {
        "type": "Point",
        "coordinates": [
          19.430273,
          40.429907
        ]
      },
      "properties": {
        "name": "Mugil cephalus",
        "category": "fauna",
        "categoryLabel": "Vëzhgim faune",
        "location": "Vlorë, Shqipëri",
        "countryCodes": [
          "AL"
        ],
        "summary": "Vëzhgim i Mugil cephalus më 2026-02-11 në Shqipëri. Të dhënat nga GBIF.",
        "details": [
          "Një regjistrim i pranishmërisë së llojit; pika nuk paraqet shtrirjen e habitatit."
        ],
        "mapNote": "Koordinata e vëzhgimit nga GBIF; saktësia dhe origjina kontrollohen te regjistrimi burimor.",
        "geometryType": "Point",
        "sources": [
          {
            "label": "GBIF · regjistrimi dhe licenca",
            "url": "https://www.gbif.org/occurrence/6159207010"
          }
        ],
        "extra": {
          "Lloji": "Mugil cephalus",
          "Data": "2026-02-11",
          "Licenca": "http://creativecommons.org/licenses/by-nc/4.0/legalcode",
          "Burimi": "iNaturalist research-grade observations"
        },
        "image": {
          "url": "https://api.gbif.org/v1/image/cache/800x/occurrence/6159207010/media/af74297059e794dc360c23bc98e61e02",
          "source": "https://www.inaturalist.org/photos/615800385",
          "credit": "Marsel Mersinaj",
          "license": "CC BY-NC 4.0",
          "licenseUrl": "http://creativecommons.org/licenses/by-nc/4.0/",
          "alt": "Mugil cephalus"
        }
      }
    },
    {
      "type": "Feature",
      "id": "gbif-6159261845",
      "geometry": {
        "type": "Point",
        "coordinates": [
          19.422285,
          40.451391
        ]
      },
      "properties": {
        "name": "Dactylopterus volitans",
        "category": "fauna",
        "categoryLabel": "Vëzhgim faune",
        "location": "Vlorë, Shqipëri",
        "countryCodes": [
          "AL"
        ],
        "summary": "Vëzhgim i Dactylopterus volitans më 2026-02-11 në Shqipëri. Të dhënat nga GBIF.",
        "details": [
          "Një regjistrim i pranishmërisë së llojit; pika nuk paraqet shtrirjen e habitatit."
        ],
        "mapNote": "Koordinata e vëzhgimit nga GBIF; saktësia dhe origjina kontrollohen te regjistrimi burimor.",
        "geometryType": "Point",
        "sources": [
          {
            "label": "GBIF · regjistrimi dhe licenca",
            "url": "https://www.gbif.org/occurrence/6159261845"
          }
        ],
        "extra": {
          "Lloji": "Dactylopterus volitans",
          "Data": "2026-02-11",
          "Licenca": "http://creativecommons.org/licenses/by-nc/4.0/legalcode",
          "Burimi": "iNaturalist research-grade observations"
        },
        "image": {
          "url": "https://api.gbif.org/v1/image/cache/800x/occurrence/6159261845/media/c4473e299cc105949d26c9001029090b",
          "source": "https://www.inaturalist.org/photos/615798981",
          "credit": "Marsel Mersinaj",
          "license": "CC BY-NC 4.0",
          "licenseUrl": "http://creativecommons.org/licenses/by-nc/4.0/",
          "alt": "Dactylopterus volitans"
        }
      }
    },
    {
      "type": "Feature",
      "id": "gbif-6159297219",
      "geometry": {
        "type": "Point",
        "coordinates": [
          19.492849,
          40.991359
        ]
      },
      "properties": {
        "name": "Thaumetopoea pityocampa",
        "category": "fauna",
        "categoryLabel": "Vëzhgim faune",
        "location": "Fier, Shqipëri",
        "countryCodes": [
          "AL"
        ],
        "summary": "Vëzhgim i Thaumetopoea pityocampa më 2026-02-10 në Shqipëri. Të dhënat nga GBIF.",
        "details": [
          "Një regjistrim i pranishmërisë së llojit; pika nuk paraqet shtrirjen e habitatit."
        ],
        "mapNote": "Koordinata e vëzhgimit nga GBIF; saktësia dhe origjina kontrollohen te regjistrimi burimor.",
        "geometryType": "Point",
        "sources": [
          {
            "label": "GBIF · regjistrimi dhe licenca",
            "url": "https://www.gbif.org/occurrence/6159297219"
          }
        ],
        "extra": {
          "Lloji": "Thaumetopoea pityocampa",
          "Data": "2026-02-10",
          "Licenca": "http://creativecommons.org/licenses/by-nc/4.0/legalcode",
          "Burimi": "iNaturalist research-grade observations"
        },
        "image": {
          "url": "https://api.gbif.org/v1/image/cache/800x/occurrence/6159297219/media/708f32713026190d9594d52086ef2fef",
          "source": "https://www.inaturalist.org/photos/614695737",
          "credit": "ervin_allushi",
          "license": "CC BY-NC 4.0",
          "licenseUrl": "http://creativecommons.org/licenses/by-nc/4.0/",
          "alt": "Thaumetopoea pityocampa"
        }
      }
    },
    {
      "type": "Feature",
      "id": "gbif-6159297353",
      "geometry": {
        "type": "Point",
        "coordinates": [
          19.451563,
          41.32136
        ]
      },
      "properties": {
        "name": "Idaea seriata",
        "category": "fauna",
        "categoryLabel": "Vëzhgim faune",
        "location": "Durrës, Shqipëri",
        "countryCodes": [
          "AL"
        ],
        "summary": "Vëzhgim i Idaea seriata më 2026-02-14 në Shqipëri. Të dhënat nga GBIF.",
        "details": [
          "Një regjistrim i pranishmërisë së llojit; pika nuk paraqet shtrirjen e habitatit."
        ],
        "mapNote": "Koordinata e vëzhgimit nga GBIF; saktësia dhe origjina kontrollohen te regjistrimi burimor.",
        "geometryType": "Point",
        "sources": [
          {
            "label": "GBIF · regjistrimi dhe licenca",
            "url": "https://www.gbif.org/occurrence/6159297353"
          }
        ],
        "extra": {
          "Lloji": "Idaea seriata",
          "Data": "2026-02-14",
          "Licenca": "http://creativecommons.org/licenses/by-nc/4.0/legalcode",
          "Burimi": "iNaturalist research-grade observations"
        },
        "image": {
          "url": "https://api.gbif.org/v1/image/cache/800x/occurrence/6159297353/media/364dcf14ee813ad659d7fa0f0d460b1e",
          "source": "https://www.inaturalist.org/photos/615699110",
          "credit": "Arian",
          "license": "CC BY-NC 4.0",
          "licenseUrl": "http://creativecommons.org/licenses/by-nc/4.0/",
          "alt": "Idaea seriata"
        }
      }
    },
    {
      "type": "Feature",
      "id": "gbif-6159335076",
      "geometry": {
        "type": "Point",
        "coordinates": [
          19.811837,
          41.31013
        ]
      },
      "properties": {
        "name": "Fulica atra",
        "category": "fauna",
        "categoryLabel": "Vëzhgim faune",
        "location": "Tiranë, Shqipëri",
        "countryCodes": [
          "AL"
        ],
        "summary": "Vëzhgim i Fulica atra më 2026-02-02 në Shqipëri. Të dhënat nga GBIF.",
        "details": [
          "Një regjistrim i pranishmërisë së llojit; pika nuk paraqet shtrirjen e habitatit."
        ],
        "mapNote": "Koordinata e vëzhgimit nga GBIF; saktësia dhe origjina kontrollohen te regjistrimi burimor.",
        "geometryType": "Point",
        "sources": [
          {
            "label": "GBIF · regjistrimi dhe licenca",
            "url": "https://www.gbif.org/occurrence/6159335076"
          }
        ],
        "extra": {
          "Lloji": "Fulica atra",
          "Data": "2026-02-02",
          "Licenca": "http://creativecommons.org/licenses/by-nc/4.0/legalcode",
          "Burimi": "iNaturalist research-grade observations"
        },
        "image": {
          "url": "https://api.gbif.org/v1/image/cache/800x/occurrence/6159335076/media/be319646b1dfb27c1274e2395172f14b",
          "source": "https://www.inaturalist.org/photos/615637723",
          "credit": "Klajdi Duro",
          "license": "CC BY-NC 4.0",
          "licenseUrl": "http://creativecommons.org/licenses/by-nc/4.0/",
          "alt": "Fulica atra"
        }
      }
    },
    {
      "type": "Feature",
      "id": "gbif-6159357998",
      "geometry": {
        "type": "Point",
        "coordinates": [
          19.446805,
          41.316425
        ]
      },
      "properties": {
        "name": "Cornu aspersum",
        "category": "fauna",
        "categoryLabel": "Vëzhgim faune",
        "location": "Durrës, Shqipëri",
        "countryCodes": [
          "AL"
        ],
        "summary": "Vëzhgim i Cornu aspersum më 2026-02-12 në Shqipëri. Të dhënat nga GBIF.",
        "details": [
          "Një regjistrim i pranishmërisë së llojit; pika nuk paraqet shtrirjen e habitatit."
        ],
        "mapNote": "Koordinata e vëzhgimit nga GBIF; saktësia dhe origjina kontrollohen te regjistrimi burimor.",
        "geometryType": "Point",
        "sources": [
          {
            "label": "GBIF · regjistrimi dhe licenca",
            "url": "https://www.gbif.org/occurrence/6159357998"
          }
        ],
        "extra": {
          "Lloji": "Cornu aspersum",
          "Data": "2026-02-12",
          "Licenca": "http://creativecommons.org/licenses/by-nc/4.0/legalcode",
          "Burimi": "iNaturalist research-grade observations"
        },
        "image": {
          "url": "https://api.gbif.org/v1/image/cache/800x/occurrence/6159357998/media/b87c452f61a8346ffda2cb3a2d9b97b5",
          "source": "https://www.inaturalist.org/photos/615474879",
          "credit": "Marsel Mersinaj",
          "license": "CC BY-NC 4.0",
          "licenseUrl": "http://creativecommons.org/licenses/by-nc/4.0/",
          "alt": "Cornu aspersum"
        }
      }
    },
    {
      "type": "Feature",
      "id": "gbif-6130821047",
      "geometry": {
        "type": "Point",
        "coordinates": [
          21.221812,
          42.671847
        ]
      },
      "properties": {
        "name": "Dendrocopos major",
        "category": "fauna",
        "categoryLabel": "Vëzhgim faune",
        "location": "Pristina, Kosovë",
        "countryCodes": [
          "XK"
        ],
        "summary": "Vëzhgim i Dendrocopos major më 2026-01-18 në Kosovë. Të dhënat nga GBIF.",
        "details": [
          "Një regjistrim i pranishmërisë së llojit; pika nuk paraqet shtrirjen e habitatit."
        ],
        "mapNote": "Koordinata e vëzhgimit nga GBIF; saktësia dhe origjina kontrollohen te regjistrimi burimor.",
        "geometryType": "Point",
        "sources": [
          {
            "label": "GBIF · regjistrimi dhe licenca",
            "url": "https://www.gbif.org/occurrence/6130821047"
          }
        ],
        "extra": {
          "Lloji": "Dendrocopos major",
          "Data": "2026-01-18",
          "Licenca": "http://creativecommons.org/licenses/by-nc/4.0/legalcode",
          "Burimi": "iNaturalist research-grade observations"
        },
        "image": {
          "url": "https://api.gbif.org/v1/image/cache/800x/occurrence/6130821047/media/00ca1df9c7a01ca2a41202244fdc53d8",
          "source": "https://www.inaturalist.org/photos/608957451",
          "credit": "arddison",
          "license": "CC BY-NC 4.0",
          "licenseUrl": "http://creativecommons.org/licenses/by-nc/4.0/",
          "alt": "Dendrocopos major"
        }
      }
    },
    {
      "type": "Feature",
      "id": "gbif-6150720751",
      "geometry": {
        "type": "Point",
        "coordinates": [
          20.827568,
          42.870988
        ]
      },
      "properties": {
        "name": "Microcarbo pygmaeus",
        "category": "fauna",
        "categoryLabel": "Vëzhgim faune",
        "location": "Kosovska Mitrovica, Kosovë",
        "countryCodes": [
          "XK"
        ],
        "summary": "Vëzhgim i Microcarbo pygmaeus më 2026-01-18 në Kosovë. Të dhënat nga GBIF.",
        "details": [
          "Një regjistrim i pranishmërisë së llojit; pika nuk paraqet shtrirjen e habitatit."
        ],
        "mapNote": "Koordinata e vëzhgimit nga GBIF; saktësia dhe origjina kontrollohen te regjistrimi burimor.",
        "geometryType": "Point",
        "sources": [
          {
            "label": "GBIF · regjistrimi dhe licenca",
            "url": "https://www.gbif.org/occurrence/6150720751"
          }
        ],
        "extra": {
          "Lloji": "Microcarbo pygmaeus",
          "Data": "2026-01-18",
          "Licenca": "http://creativecommons.org/licenses/by-nc/4.0/legalcode",
          "Burimi": "GBIF"
        }
      }
    },
    {
      "type": "Feature",
      "id": "gbif-6150746086",
      "geometry": {
        "type": "Point",
        "coordinates": [
          20.964091,
          42.819557
        ]
      },
      "properties": {
        "name": "Ciconia ciconia",
        "category": "fauna",
        "categoryLabel": "Vëzhgim faune",
        "location": "Vucitrn, Kosovë",
        "countryCodes": [
          "XK"
        ],
        "summary": "Vëzhgim i Ciconia ciconia më 2026-01-18 në Kosovë. Të dhënat nga GBIF.",
        "details": [
          "Një regjistrim i pranishmërisë së llojit; pika nuk paraqet shtrirjen e habitatit."
        ],
        "mapNote": "Koordinata e vëzhgimit nga GBIF; saktësia dhe origjina kontrollohen te regjistrimi burimor.",
        "geometryType": "Point",
        "sources": [
          {
            "label": "GBIF · regjistrimi dhe licenca",
            "url": "https://www.gbif.org/occurrence/6150746086"
          }
        ],
        "extra": {
          "Lloji": "Ciconia ciconia",
          "Data": "2026-01-18",
          "Licenca": "http://creativecommons.org/licenses/by-nc/4.0/legalcode",
          "Burimi": "GBIF"
        }
      }
    },
    {
      "type": "Feature",
      "id": "gbif-6152076145",
      "geometry": {
        "type": "Point",
        "coordinates": [
          21.153327,
          42.662491
        ]
      },
      "properties": {
        "name": "Corvus corone",
        "category": "fauna",
        "categoryLabel": "Vëzhgim faune",
        "location": "Priština, Kosovë",
        "countryCodes": [
          "XK"
        ],
        "summary": "Vëzhgim i Corvus corone më 2026-01-19 në Kosovë. Të dhënat nga GBIF.",
        "details": [
          "Një regjistrim i pranishmërisë së llojit; pika nuk paraqet shtrirjen e habitatit."
        ],
        "mapNote": "Koordinata e vëzhgimit nga GBIF; saktësia dhe origjina kontrollohen te regjistrimi burimor.",
        "geometryType": "Point",
        "sources": [
          {
            "label": "GBIF · regjistrimi dhe licenca",
            "url": "https://www.gbif.org/occurrence/6152076145"
          }
        ],
        "extra": {
          "Lloji": "Corvus corone",
          "Data": "2026-01-19",
          "Licenca": "http://creativecommons.org/licenses/by-nc/4.0/legalcode",
          "Burimi": "GBIF"
        }
      }
    },
    {
      "type": "Feature",
      "id": "gbif-6169991645",
      "geometry": {
        "type": "Point",
        "coordinates": [
          21.070586,
          42.568376
        ]
      },
      "properties": {
        "name": "Asio otus",
        "category": "fauna",
        "categoryLabel": "Vëzhgim faune",
        "location": "Kosovo Polje, Kosovë",
        "countryCodes": [
          "XK"
        ],
        "summary": "Vëzhgim i Asio otus më 2026-01-18 në Kosovë. Të dhënat nga GBIF.",
        "details": [
          "Një regjistrim i pranishmërisë së llojit; pika nuk paraqet shtrirjen e habitatit."
        ],
        "mapNote": "Koordinata e vëzhgimit nga GBIF; saktësia dhe origjina kontrollohen te regjistrimi burimor.",
        "geometryType": "Point",
        "sources": [
          {
            "label": "GBIF · regjistrimi dhe licenca",
            "url": "https://www.gbif.org/occurrence/6169991645"
          }
        ],
        "extra": {
          "Lloji": "Asio otus",
          "Data": "2026-01-18",
          "Licenca": "http://creativecommons.org/licenses/by-nc/4.0/legalcode",
          "Burimi": "GBIF"
        }
      }
    },
    {
      "type": "Feature",
      "id": "gbif-6183202997",
      "geometry": {
        "type": "Point",
        "coordinates": [
          20.841966,
          42.876659
        ]
      },
      "properties": {
        "name": "Mergus merganser",
        "category": "fauna",
        "categoryLabel": "Vëzhgim faune",
        "location": "Kosovska Mitrovica, Kosovë",
        "countryCodes": [
          "XK"
        ],
        "summary": "Vëzhgim i Mergus merganser më 2026-01-19 në Kosovë. Të dhënat nga GBIF.",
        "details": [
          "Një regjistrim i pranishmërisë së llojit; pika nuk paraqet shtrirjen e habitatit."
        ],
        "mapNote": "Koordinata e vëzhgimit nga GBIF; saktësia dhe origjina kontrollohen te regjistrimi burimor.",
        "geometryType": "Point",
        "sources": [
          {
            "label": "GBIF · regjistrimi dhe licenca",
            "url": "https://www.gbif.org/occurrence/6183202997"
          }
        ],
        "extra": {
          "Lloji": "Mergus merganser",
          "Data": "2026-01-19",
          "Licenca": "http://creativecommons.org/licenses/by-nc/4.0/legalcode",
          "Burimi": "GBIF"
        }
      }
    },
    {
      "type": "Feature",
      "id": "gbif-6183749699",
      "geometry": {
        "type": "Point",
        "coordinates": [
          21.153327,
          42.662491
        ]
      },
      "properties": {
        "name": "Corvus frugilegus",
        "category": "fauna",
        "categoryLabel": "Vëzhgim faune",
        "location": "Priština, Kosovë",
        "countryCodes": [
          "XK"
        ],
        "summary": "Vëzhgim i Corvus frugilegus më 2026-01-19 në Kosovë. Të dhënat nga GBIF.",
        "details": [
          "Një regjistrim i pranishmërisë së llojit; pika nuk paraqet shtrirjen e habitatit."
        ],
        "mapNote": "Koordinata e vëzhgimit nga GBIF; saktësia dhe origjina kontrollohen te regjistrimi burimor.",
        "geometryType": "Point",
        "sources": [
          {
            "label": "GBIF · regjistrimi dhe licenca",
            "url": "https://www.gbif.org/occurrence/6183749699"
          }
        ],
        "extra": {
          "Lloji": "Corvus frugilegus",
          "Data": "2026-01-19",
          "Licenca": "http://creativecommons.org/licenses/by-nc/4.0/legalcode",
          "Burimi": "GBIF"
        }
      }
    },
    {
      "type": "Feature",
      "id": "gbif-6411232074",
      "geometry": {
        "type": "Point",
        "coordinates": [
          20.991463,
          42.819093
        ]
      },
      "properties": {
        "name": "Tadorna tadorna",
        "category": "fauna",
        "categoryLabel": "Vëzhgim faune",
        "location": "Vucitrn, Kosovë",
        "countryCodes": [
          "XK"
        ],
        "summary": "Vëzhgim i Tadorna tadorna më 2026-01-19 në Kosovë. Të dhënat nga GBIF.",
        "details": [
          "Një regjistrim i pranishmërisë së llojit; pika nuk paraqet shtrirjen e habitatit."
        ],
        "mapNote": "Koordinata e vëzhgimit nga GBIF; saktësia dhe origjina kontrollohen te regjistrimi burimor.",
        "geometryType": "Point",
        "sources": [
          {
            "label": "GBIF · regjistrimi dhe licenca",
            "url": "https://www.gbif.org/occurrence/6411232074"
          }
        ],
        "extra": {
          "Lloji": "Tadorna tadorna",
          "Data": "2026-01-19",
          "Licenca": "http://creativecommons.org/licenses/by-nc/4.0/legalcode",
          "Burimi": "GBIF"
        }
      }
    },
    {
      "type": "Feature",
      "id": "gbif-6423512494",
      "geometry": {
        "type": "Point",
        "coordinates": [
          20.769385,
          42.939226
        ]
      },
      "properties": {
        "name": "Aix galericulata",
        "category": "fauna",
        "categoryLabel": "Vëzhgim faune",
        "location": "Zvecan, Kosovë",
        "countryCodes": [
          "XK"
        ],
        "summary": "Vëzhgim i Aix galericulata më 2026-01-16 në Kosovë. Të dhënat nga GBIF.",
        "details": [
          "Një regjistrim i pranishmërisë së llojit; pika nuk paraqet shtrirjen e habitatit."
        ],
        "mapNote": "Koordinata e vëzhgimit nga GBIF; saktësia dhe origjina kontrollohen te regjistrimi burimor.",
        "geometryType": "Point",
        "sources": [
          {
            "label": "GBIF · regjistrimi dhe licenca",
            "url": "https://www.gbif.org/occurrence/6423512494"
          }
        ],
        "extra": {
          "Lloji": "Aix galericulata",
          "Data": "2026-01-16",
          "Licenca": "http://creativecommons.org/licenses/by-nc/4.0/legalcode",
          "Burimi": "GBIF"
        }
      }
    },
    {
      "type": "Feature",
      "id": "gbif-6423525751",
      "geometry": {
        "type": "Point",
        "coordinates": [
          20.088758,
          42.760222
        ]
      },
      "properties": {
        "name": "Dendrocopos major",
        "category": "fauna",
        "categoryLabel": "Vëzhgim faune",
        "location": "Peja/Peć, Kosovë",
        "countryCodes": [
          "XK"
        ],
        "summary": "Vëzhgim i Dendrocopos major më 2026-01-18 në Kosovë. Të dhënat nga GBIF.",
        "details": [
          "Një regjistrim i pranishmërisë së llojit; pika nuk paraqet shtrirjen e habitatit."
        ],
        "mapNote": "Koordinata e vëzhgimit nga GBIF; saktësia dhe origjina kontrollohen te regjistrimi burimor.",
        "geometryType": "Point",
        "sources": [
          {
            "label": "GBIF · regjistrimi dhe licenca",
            "url": "https://www.gbif.org/occurrence/6423525751"
          }
        ],
        "extra": {
          "Lloji": "Dendrocopos major",
          "Data": "2026-01-18",
          "Licenca": "http://creativecommons.org/licenses/by-nc/4.0/legalcode",
          "Burimi": "GBIF"
        }
      }
    },
    {
      "type": "Feature",
      "id": "gbif-6423554325",
      "geometry": {
        "type": "Point",
        "coordinates": [
          21.141633,
          42.985622
        ]
      },
      "properties": {
        "name": "Dendrocopos major",
        "category": "fauna",
        "categoryLabel": "Vëzhgim faune",
        "location": "Podujevo, Kosovë",
        "countryCodes": [
          "XK"
        ],
        "summary": "Vëzhgim i Dendrocopos major më 2026-01-18 në Kosovë. Të dhënat nga GBIF.",
        "details": [
          "Një regjistrim i pranishmërisë së llojit; pika nuk paraqet shtrirjen e habitatit."
        ],
        "mapNote": "Koordinata e vëzhgimit nga GBIF; saktësia dhe origjina kontrollohen te regjistrimi burimor.",
        "geometryType": "Point",
        "sources": [
          {
            "label": "GBIF · regjistrimi dhe licenca",
            "url": "https://www.gbif.org/occurrence/6423554325"
          }
        ],
        "extra": {
          "Lloji": "Dendrocopos major",
          "Data": "2026-01-18",
          "Licenca": "http://creativecommons.org/licenses/by-nc/4.0/legalcode",
          "Burimi": "GBIF"
        }
      }
    },
    {
      "type": "Feature",
      "id": "gbif-6423625757",
      "geometry": {
        "type": "Point",
        "coordinates": [
          21.649847,
          42.659186
        ]
      },
      "properties": {
        "name": "Dryocopus martius",
        "category": "fauna",
        "categoryLabel": "Vëzhgim faune",
        "location": "Gjilan, Kosovë",
        "countryCodes": [
          "XK"
        ],
        "summary": "Vëzhgim i Dryocopus martius më 2026-01-18 në Kosovë. Të dhënat nga GBIF.",
        "details": [
          "Një regjistrim i pranishmërisë së llojit; pika nuk paraqet shtrirjen e habitatit."
        ],
        "mapNote": "Koordinata e vëzhgimit nga GBIF; saktësia dhe origjina kontrollohen te regjistrimi burimor.",
        "geometryType": "Point",
        "sources": [
          {
            "label": "GBIF · regjistrimi dhe licenca",
            "url": "https://www.gbif.org/occurrence/6423625757"
          }
        ],
        "extra": {
          "Lloji": "Dryocopus martius",
          "Data": "2026-01-18",
          "Licenca": "http://creativecommons.org/licenses/by-nc/4.0/legalcode",
          "Burimi": "GBIF"
        }
      }
    },
    {
      "type": "Feature",
      "id": "gbif-6423638322",
      "geometry": {
        "type": "Point",
        "coordinates": [
          20.088758,
          42.760222
        ]
      },
      "properties": {
        "name": "Regulus regulus",
        "category": "fauna",
        "categoryLabel": "Vëzhgim faune",
        "location": "Peja/Peć, Kosovë",
        "countryCodes": [
          "XK"
        ],
        "summary": "Vëzhgim i Regulus regulus më 2026-01-18 në Kosovë. Të dhënat nga GBIF.",
        "details": [
          "Një regjistrim i pranishmërisë së llojit; pika nuk paraqet shtrirjen e habitatit."
        ],
        "mapNote": "Koordinata e vëzhgimit nga GBIF; saktësia dhe origjina kontrollohen te regjistrimi burimor.",
        "geometryType": "Point",
        "sources": [
          {
            "label": "GBIF · regjistrimi dhe licenca",
            "url": "https://www.gbif.org/occurrence/6423638322"
          }
        ],
        "extra": {
          "Lloji": "Regulus regulus",
          "Data": "2026-01-18",
          "Licenca": "http://creativecommons.org/licenses/by-nc/4.0/legalcode",
          "Burimi": "GBIF"
        }
      }
    },
    {
      "type": "Feature",
      "id": "gbif-6423675301",
      "geometry": {
        "type": "Point",
        "coordinates": [
          21.270154,
          42.62909
        ]
      },
      "properties": {
        "name": "Phalacrocorax carbo",
        "category": "fauna",
        "categoryLabel": "Vëzhgim faune",
        "location": "Badovačko jezero, RS01808, Kosovë",
        "countryCodes": [
          "XK"
        ],
        "summary": "Vëzhgim i Phalacrocorax carbo më 2026-01-17 në Kosovë. Të dhënat nga GBIF.",
        "details": [
          "Një regjistrim i pranishmërisë së llojit; pika nuk paraqet shtrirjen e habitatit."
        ],
        "mapNote": "Koordinata e vëzhgimit nga GBIF; saktësia dhe origjina kontrollohen te regjistrimi burimor.",
        "geometryType": "Point",
        "sources": [
          {
            "label": "GBIF · regjistrimi dhe licenca",
            "url": "https://www.gbif.org/occurrence/6423675301"
          }
        ],
        "extra": {
          "Lloji": "Phalacrocorax carbo",
          "Data": "2026-01-17",
          "Licenca": "http://creativecommons.org/licenses/by-nc/4.0/legalcode",
          "Burimi": "GBIF"
        }
      }
    },
    {
      "type": "Feature",
      "id": "gbif-6423693584",
      "geometry": {
        "type": "Point",
        "coordinates": [
          21.21932,
          42.680264
        ]
      },
      "properties": {
        "name": "Erithacus rubecula",
        "category": "fauna",
        "categoryLabel": "Vëzhgim faune",
        "location": "Priština, Kosovë",
        "countryCodes": [
          "XK"
        ],
        "summary": "Vëzhgim i Erithacus rubecula më 2026-01-18 në Kosovë. Të dhënat nga GBIF.",
        "details": [
          "Një regjistrim i pranishmërisë së llojit; pika nuk paraqet shtrirjen e habitatit."
        ],
        "mapNote": "Koordinata e vëzhgimit nga GBIF; saktësia dhe origjina kontrollohen te regjistrimi burimor.",
        "geometryType": "Point",
        "sources": [
          {
            "label": "GBIF · regjistrimi dhe licenca",
            "url": "https://www.gbif.org/occurrence/6423693584"
          }
        ],
        "extra": {
          "Lloji": "Erithacus rubecula",
          "Data": "2026-01-18",
          "Licenca": "http://creativecommons.org/licenses/by-nc/4.0/legalcode",
          "Burimi": "GBIF"
        }
      }
    },
    {
      "type": "Feature",
      "id": "gbif-6423695707",
      "geometry": {
        "type": "Point",
        "coordinates": [
          20.646937,
          42.939202
        ]
      },
      "properties": {
        "name": "Fulica atra",
        "category": "fauna",
        "categoryLabel": "Vëzhgim faune",
        "location": "Zubin Potok part, RSGAZ03, Kosovë",
        "countryCodes": [
          "XK"
        ],
        "summary": "Vëzhgim i Fulica atra më 2026-01-18 në Kosovë. Të dhënat nga GBIF.",
        "details": [
          "Një regjistrim i pranishmërisë së llojit; pika nuk paraqet shtrirjen e habitatit."
        ],
        "mapNote": "Koordinata e vëzhgimit nga GBIF; saktësia dhe origjina kontrollohen te regjistrimi burimor.",
        "geometryType": "Point",
        "sources": [
          {
            "label": "GBIF · regjistrimi dhe licenca",
            "url": "https://www.gbif.org/occurrence/6423695707"
          }
        ],
        "extra": {
          "Lloji": "Fulica atra",
          "Data": "2026-01-18",
          "Licenca": "http://creativecommons.org/licenses/by-nc/4.0/legalcode",
          "Burimi": "GBIF"
        }
      }
    },
    {
      "type": "Feature",
      "id": "gbif-6423697745",
      "geometry": {
        "type": "Point",
        "coordinates": [
          20.991438,
          42.819064
        ]
      },
      "properties": {
        "name": "Buteo buteo",
        "category": "fauna",
        "categoryLabel": "Vëzhgim faune",
        "location": "Vucitrn, Kosovë",
        "countryCodes": [
          "XK"
        ],
        "summary": "Vëzhgim i Buteo buteo më 2026-01-19 në Kosovë. Të dhënat nga GBIF.",
        "details": [
          "Një regjistrim i pranishmërisë së llojit; pika nuk paraqet shtrirjen e habitatit."
        ],
        "mapNote": "Koordinata e vëzhgimit nga GBIF; saktësia dhe origjina kontrollohen te regjistrimi burimor.",
        "geometryType": "Point",
        "sources": [
          {
            "label": "GBIF · regjistrimi dhe licenca",
            "url": "https://www.gbif.org/occurrence/6423697745"
          }
        ],
        "extra": {
          "Lloji": "Buteo buteo",
          "Data": "2026-01-19",
          "Licenca": "http://creativecommons.org/licenses/by-nc/4.0/legalcode",
          "Burimi": "GBIF"
        }
      }
    },
    {
      "type": "Feature",
      "id": "gbif-6423718771",
      "geometry": {
        "type": "Point",
        "coordinates": [
          20.66184,
          42.890203
        ]
      },
      "properties": {
        "name": "Turdus viscivorus",
        "category": "fauna",
        "categoryLabel": "Vëzhgim faune",
        "location": "Zubin Potok, Kosovë",
        "countryCodes": [
          "XK"
        ],
        "summary": "Vëzhgim i Turdus viscivorus më 2026-01-19 në Kosovë. Të dhënat nga GBIF.",
        "details": [
          "Një regjistrim i pranishmërisë së llojit; pika nuk paraqet shtrirjen e habitatit."
        ],
        "mapNote": "Koordinata e vëzhgimit nga GBIF; saktësia dhe origjina kontrollohen te regjistrimi burimor.",
        "geometryType": "Point",
        "sources": [
          {
            "label": "GBIF · regjistrimi dhe licenca",
            "url": "https://www.gbif.org/occurrence/6423718771"
          }
        ],
        "extra": {
          "Lloji": "Turdus viscivorus",
          "Data": "2026-01-19",
          "Licenca": "http://creativecommons.org/licenses/by-nc/4.0/legalcode",
          "Burimi": "GBIF"
        }
      }
    },
    {
      "type": "Feature",
      "id": "gbif-6423764635",
      "geometry": {
        "type": "Point",
        "coordinates": [
          20.088758,
          42.760222
        ]
      },
      "properties": {
        "name": "Periparus ater",
        "category": "fauna",
        "categoryLabel": "Vëzhgim faune",
        "location": "Peja/Peć, Kosovë",
        "countryCodes": [
          "XK"
        ],
        "summary": "Vëzhgim i Periparus ater më 2026-01-18 në Kosovë. Të dhënat nga GBIF.",
        "details": [
          "Një regjistrim i pranishmërisë së llojit; pika nuk paraqet shtrirjen e habitatit."
        ],
        "mapNote": "Koordinata e vëzhgimit nga GBIF; saktësia dhe origjina kontrollohen te regjistrimi burimor.",
        "geometryType": "Point",
        "sources": [
          {
            "label": "GBIF · regjistrimi dhe licenca",
            "url": "https://www.gbif.org/occurrence/6423764635"
          }
        ],
        "extra": {
          "Lloji": "Periparus ater",
          "Data": "2026-01-18",
          "Licenca": "http://creativecommons.org/licenses/by-nc/4.0/legalcode",
          "Burimi": "GBIF"
        }
      }
    },
    {
      "type": "Feature",
      "id": "gbif-6423771620",
      "geometry": {
        "type": "Point",
        "coordinates": [
          21.205459,
          42.677943
        ]
      },
      "properties": {
        "name": "Cyanistes caeruleus",
        "category": "fauna",
        "categoryLabel": "Vëzhgim faune",
        "location": "Priština, Kosovë",
        "countryCodes": [
          "XK"
        ],
        "summary": "Vëzhgim i Cyanistes caeruleus më 2026-01-25 në Kosovë. Të dhënat nga GBIF.",
        "details": [
          "Një regjistrim i pranishmërisë së llojit; pika nuk paraqet shtrirjen e habitatit."
        ],
        "mapNote": "Koordinata e vëzhgimit nga GBIF; saktësia dhe origjina kontrollohen te regjistrimi burimor.",
        "geometryType": "Point",
        "sources": [
          {
            "label": "GBIF · regjistrimi dhe licenca",
            "url": "https://www.gbif.org/occurrence/6423771620"
          }
        ],
        "extra": {
          "Lloji": "Cyanistes caeruleus",
          "Data": "2026-01-25",
          "Licenca": "http://creativecommons.org/licenses/by-nc/4.0/legalcode",
          "Burimi": "GBIF"
        }
      }
    },
    {
      "type": "Feature",
      "id": "gbif-6423835660",
      "geometry": {
        "type": "Point",
        "coordinates": [
          20.088758,
          42.760222
        ]
      },
      "properties": {
        "name": "Lophophanes cristatus",
        "category": "fauna",
        "categoryLabel": "Vëzhgim faune",
        "location": "Peja/Peć, Kosovë",
        "countryCodes": [
          "XK"
        ],
        "summary": "Vëzhgim i Lophophanes cristatus më 2026-01-18 në Kosovë. Të dhënat nga GBIF.",
        "details": [
          "Një regjistrim i pranishmërisë së llojit; pika nuk paraqet shtrirjen e habitatit."
        ],
        "mapNote": "Koordinata e vëzhgimit nga GBIF; saktësia dhe origjina kontrollohen te regjistrimi burimor.",
        "geometryType": "Point",
        "sources": [
          {
            "label": "GBIF · regjistrimi dhe licenca",
            "url": "https://www.gbif.org/occurrence/6423835660"
          }
        ],
        "extra": {
          "Lloji": "Lophophanes cristatus",
          "Data": "2026-01-18",
          "Licenca": "http://creativecommons.org/licenses/by-nc/4.0/legalcode",
          "Burimi": "GBIF"
        }
      }
    },
    {
      "type": "Feature",
      "id": "gbif-6423848675",
      "geometry": {
        "type": "Point",
        "coordinates": [
          21.34783,
          42.626564
        ]
      },
      "properties": {
        "name": "Oenanthe oenanthe",
        "category": "fauna",
        "categoryLabel": "Vëzhgim faune",
        "location": "Priština, Kosovë",
        "countryCodes": [
          "XK"
        ],
        "summary": "Vëzhgim i Oenanthe oenanthe më 2026-01-18 në Kosovë. Të dhënat nga GBIF.",
        "details": [
          "Një regjistrim i pranishmërisë së llojit; pika nuk paraqet shtrirjen e habitatit."
        ],
        "mapNote": "Koordinata e vëzhgimit nga GBIF; saktësia dhe origjina kontrollohen te regjistrimi burimor.",
        "geometryType": "Point",
        "sources": [
          {
            "label": "GBIF · regjistrimi dhe licenca",
            "url": "https://www.gbif.org/occurrence/6423848675"
          }
        ],
        "extra": {
          "Lloji": "Oenanthe oenanthe",
          "Data": "2026-01-18",
          "Licenca": "http://creativecommons.org/licenses/by-nc/4.0/legalcode",
          "Burimi": "GBIF"
        }
      }
    },
    {
      "type": "Feature",
      "id": "gbif-6423849701",
      "geometry": {
        "type": "Point",
        "coordinates": [
          20.840528,
          42.87539
        ]
      },
      "properties": {
        "name": "Podiceps nigricollis",
        "category": "fauna",
        "categoryLabel": "Vëzhgim faune",
        "location": "Kosovska Mitrovica, Kosovë",
        "countryCodes": [
          "XK"
        ],
        "summary": "Vëzhgim i Podiceps nigricollis më 2026-01-18 në Kosovë. Të dhënat nga GBIF.",
        "details": [
          "Një regjistrim i pranishmërisë së llojit; pika nuk paraqet shtrirjen e habitatit."
        ],
        "mapNote": "Koordinata e vëzhgimit nga GBIF; saktësia dhe origjina kontrollohen te regjistrimi burimor.",
        "geometryType": "Point",
        "sources": [
          {
            "label": "GBIF · regjistrimi dhe licenca",
            "url": "https://www.gbif.org/occurrence/6423849701"
          }
        ],
        "extra": {
          "Lloji": "Podiceps nigricollis",
          "Data": "2026-01-18",
          "Licenca": "http://creativecommons.org/licenses/by-nc/4.0/legalcode",
          "Burimi": "GBIF"
        }
      }
    },
    {
      "type": "Feature",
      "id": "gbif-6423894347",
      "geometry": {
        "type": "Point",
        "coordinates": [
          20.653278,
          42.942394
        ]
      },
      "properties": {
        "name": "Phalacrocorax carbo",
        "category": "fauna",
        "categoryLabel": "Vëzhgim faune",
        "location": "Zubin Potok, Kosovë",
        "countryCodes": [
          "XK"
        ],
        "summary": "Vëzhgim i Phalacrocorax carbo më 2026-01-18 në Kosovë. Të dhënat nga GBIF.",
        "details": [
          "Një regjistrim i pranishmërisë së llojit; pika nuk paraqet shtrirjen e habitatit."
        ],
        "mapNote": "Koordinata e vëzhgimit nga GBIF; saktësia dhe origjina kontrollohen te regjistrimi burimor.",
        "geometryType": "Point",
        "sources": [
          {
            "label": "GBIF · regjistrimi dhe licenca",
            "url": "https://www.gbif.org/occurrence/6423894347"
          }
        ],
        "extra": {
          "Lloji": "Phalacrocorax carbo",
          "Data": "2026-01-18",
          "Licenca": "http://creativecommons.org/licenses/by-nc/4.0/legalcode",
          "Burimi": "GBIF"
        }
      }
    },
    {
      "type": "Feature",
      "id": "gbif-6423894712",
      "geometry": {
        "type": "Point",
        "coordinates": [
          20.922589,
          42.79117
        ]
      },
      "properties": {
        "name": "Falco tinnunculus",
        "category": "fauna",
        "categoryLabel": "Vëzhgim faune",
        "location": "Vucitrn, Kosovë",
        "countryCodes": [
          "XK"
        ],
        "summary": "Vëzhgim i Falco tinnunculus më 2026-01-02 në Kosovë. Të dhënat nga GBIF.",
        "details": [
          "Një regjistrim i pranishmërisë së llojit; pika nuk paraqet shtrirjen e habitatit."
        ],
        "mapNote": "Koordinata e vëzhgimit nga GBIF; saktësia dhe origjina kontrollohen te regjistrimi burimor.",
        "geometryType": "Point",
        "sources": [
          {
            "label": "GBIF · regjistrimi dhe licenca",
            "url": "https://www.gbif.org/occurrence/6423894712"
          }
        ],
        "extra": {
          "Lloji": "Falco tinnunculus",
          "Data": "2026-01-02",
          "Licenca": "http://creativecommons.org/licenses/by-nc/4.0/legalcode",
          "Burimi": "GBIF"
        }
      }
    },
    {
      "type": "Feature",
      "id": "gbif-6423907644",
      "geometry": {
        "type": "Point",
        "coordinates": [
          20.99148,
          42.819051
        ]
      },
      "properties": {
        "name": "Podiceps nigricollis",
        "category": "fauna",
        "categoryLabel": "Vëzhgim faune",
        "location": "Vucitrn, Kosovë",
        "countryCodes": [
          "XK"
        ],
        "summary": "Vëzhgim i Podiceps nigricollis më 2026-01-18 në Kosovë. Të dhënat nga GBIF.",
        "details": [
          "Një regjistrim i pranishmërisë së llojit; pika nuk paraqet shtrirjen e habitatit."
        ],
        "mapNote": "Koordinata e vëzhgimit nga GBIF; saktësia dhe origjina kontrollohen te regjistrimi burimor.",
        "geometryType": "Point",
        "sources": [
          {
            "label": "GBIF · regjistrimi dhe licenca",
            "url": "https://www.gbif.org/occurrence/6423907644"
          }
        ],
        "extra": {
          "Lloji": "Podiceps nigricollis",
          "Data": "2026-01-18",
          "Licenca": "http://creativecommons.org/licenses/by-nc/4.0/legalcode",
          "Burimi": "GBIF"
        }
      }
    },
    {
      "type": "Feature",
      "id": "gbif-6423928323",
      "geometry": {
        "type": "Point",
        "coordinates": [
          21.21932,
          42.680264
        ]
      },
      "properties": {
        "name": "Garrulus glandarius",
        "category": "fauna",
        "categoryLabel": "Vëzhgim faune",
        "location": "Priština, Kosovë",
        "countryCodes": [
          "XK"
        ],
        "summary": "Vëzhgim i Garrulus glandarius më 2026-01-18 në Kosovë. Të dhënat nga GBIF.",
        "details": [
          "Një regjistrim i pranishmërisë së llojit; pika nuk paraqet shtrirjen e habitatit."
        ],
        "mapNote": "Koordinata e vëzhgimit nga GBIF; saktësia dhe origjina kontrollohen te regjistrimi burimor.",
        "geometryType": "Point",
        "sources": [
          {
            "label": "GBIF · regjistrimi dhe licenca",
            "url": "https://www.gbif.org/occurrence/6423928323"
          }
        ],
        "extra": {
          "Lloji": "Garrulus glandarius",
          "Data": "2026-01-18",
          "Licenca": "http://creativecommons.org/licenses/by-nc/4.0/legalcode",
          "Burimi": "GBIF"
        }
      }
    },
    {
      "type": "Feature",
      "id": "gbif-6423946323",
      "geometry": {
        "type": "Point",
        "coordinates": [
          20.991499,
          42.819062
        ]
      },
      "properties": {
        "name": "Mergus merganser",
        "category": "fauna",
        "categoryLabel": "Vëzhgim faune",
        "location": "Vucitrn, Kosovë",
        "countryCodes": [
          "XK"
        ],
        "summary": "Vëzhgim i Mergus merganser më 2026-01-18 në Kosovë. Të dhënat nga GBIF.",
        "details": [
          "Një regjistrim i pranishmërisë së llojit; pika nuk paraqet shtrirjen e habitatit."
        ],
        "mapNote": "Koordinata e vëzhgimit nga GBIF; saktësia dhe origjina kontrollohen te regjistrimi burimor.",
        "geometryType": "Point",
        "sources": [
          {
            "label": "GBIF · regjistrimi dhe licenca",
            "url": "https://www.gbif.org/occurrence/6423946323"
          }
        ],
        "extra": {
          "Lloji": "Mergus merganser",
          "Data": "2026-01-18",
          "Licenca": "http://creativecommons.org/licenses/by-nc/4.0/legalcode",
          "Burimi": "GBIF"
        }
      }
    },
    {
      "type": "Feature",
      "id": "gbif-6423954631",
      "geometry": {
        "type": "Point",
        "coordinates": [
          20.819706,
          42.790517
        ]
      },
      "properties": {
        "name": "Athene noctua",
        "category": "fauna",
        "categoryLabel": "Vëzhgim faune",
        "location": "Srbica, Kosovë",
        "countryCodes": [
          "XK"
        ],
        "summary": "Vëzhgim i Athene noctua më 2026-01-15 në Kosovë. Të dhënat nga GBIF.",
        "details": [
          "Një regjistrim i pranishmërisë së llojit; pika nuk paraqet shtrirjen e habitatit."
        ],
        "mapNote": "Koordinata e vëzhgimit nga GBIF; saktësia dhe origjina kontrollohen te regjistrimi burimor.",
        "geometryType": "Point",
        "sources": [
          {
            "label": "GBIF · regjistrimi dhe licenca",
            "url": "https://www.gbif.org/occurrence/6423954631"
          }
        ],
        "extra": {
          "Lloji": "Athene noctua",
          "Data": "2026-01-15",
          "Licenca": "http://creativecommons.org/licenses/by-nc/4.0/legalcode",
          "Burimi": "GBIF"
        }
      }
    },
    {
      "type": "Feature",
      "id": "gbif-6423983560",
      "geometry": {
        "type": "Point",
        "coordinates": [
          20.815669,
          42.802743
        ]
      },
      "properties": {
        "name": "Fringilla coelebs",
        "category": "fauna",
        "categoryLabel": "Vëzhgim faune",
        "location": "Kosovska Mitrovica, Kosovë",
        "countryCodes": [
          "XK"
        ],
        "summary": "Vëzhgim i Fringilla coelebs më 2026-01-13 në Kosovë. Të dhënat nga GBIF.",
        "details": [
          "Një regjistrim i pranishmërisë së llojit; pika nuk paraqet shtrirjen e habitatit."
        ],
        "mapNote": "Koordinata e vëzhgimit nga GBIF; saktësia dhe origjina kontrollohen te regjistrimi burimor.",
        "geometryType": "Point",
        "sources": [
          {
            "label": "GBIF · regjistrimi dhe licenca",
            "url": "https://www.gbif.org/occurrence/6423983560"
          }
        ],
        "extra": {
          "Lloji": "Fringilla coelebs",
          "Data": "2026-01-13",
          "Licenca": "http://creativecommons.org/licenses/by-nc/4.0/legalcode",
          "Burimi": "GBIF"
        }
      }
    },
    {
      "type": "Feature",
      "id": "gbif-6424059584",
      "geometry": {
        "type": "Point",
        "coordinates": [
          21.209686,
          42.677697
        ]
      },
      "properties": {
        "name": "Dendrocoptes medius",
        "category": "fauna",
        "categoryLabel": "Vëzhgim faune",
        "location": "Priština, Kosovë",
        "countryCodes": [
          "XK"
        ],
        "summary": "Vëzhgim i Dendrocoptes medius më 2026-01-25 në Kosovë. Të dhënat nga GBIF.",
        "details": [
          "Një regjistrim i pranishmërisë së llojit; pika nuk paraqet shtrirjen e habitatit."
        ],
        "mapNote": "Koordinata e vëzhgimit nga GBIF; saktësia dhe origjina kontrollohen te regjistrimi burimor.",
        "geometryType": "Point",
        "sources": [
          {
            "label": "GBIF · regjistrimi dhe licenca",
            "url": "https://www.gbif.org/occurrence/6424059584"
          }
        ],
        "extra": {
          "Lloji": "Dendrocoptes medius",
          "Data": "2026-01-25",
          "Licenca": "http://creativecommons.org/licenses/by-nc/4.0/legalcode",
          "Burimi": "GBIF"
        }
      }
    },
    {
      "type": "Feature",
      "id": "gbif-6424096347",
      "geometry": {
        "type": "Point",
        "coordinates": [
          21.257021,
          42.636352
        ]
      },
      "properties": {
        "name": "Carduelis carduelis",
        "category": "fauna",
        "categoryLabel": "Vëzhgim faune",
        "location": "Priština, Kosovë",
        "countryCodes": [
          "XK"
        ],
        "summary": "Vëzhgim i Carduelis carduelis më 2026-01-18 në Kosovë. Të dhënat nga GBIF.",
        "details": [
          "Një regjistrim i pranishmërisë së llojit; pika nuk paraqet shtrirjen e habitatit."
        ],
        "mapNote": "Koordinata e vëzhgimit nga GBIF; saktësia dhe origjina kontrollohen te regjistrimi burimor.",
        "geometryType": "Point",
        "sources": [
          {
            "label": "GBIF · regjistrimi dhe licenca",
            "url": "https://www.gbif.org/occurrence/6424096347"
          }
        ],
        "extra": {
          "Lloji": "Carduelis carduelis",
          "Data": "2026-01-18",
          "Licenca": "http://creativecommons.org/licenses/by-nc/4.0/legalcode",
          "Burimi": "GBIF"
        }
      }
    },
    {
      "type": "Feature",
      "id": "gbif-6424111615",
      "geometry": {
        "type": "Point",
        "coordinates": [
          21.217598,
          42.605788
        ]
      },
      "properties": {
        "name": "Rallus aquaticus",
        "category": "fauna",
        "categoryLabel": "Vëzhgim faune",
        "location": "Priština, Kosovë",
        "countryCodes": [
          "XK"
        ],
        "summary": "Vëzhgim i Rallus aquaticus më 2026-01-18 në Kosovë. Të dhënat nga GBIF.",
        "details": [
          "Një regjistrim i pranishmërisë së llojit; pika nuk paraqet shtrirjen e habitatit."
        ],
        "mapNote": "Koordinata e vëzhgimit nga GBIF; saktësia dhe origjina kontrollohen te regjistrimi burimor.",
        "geometryType": "Point",
        "sources": [
          {
            "label": "GBIF · regjistrimi dhe licenca",
            "url": "https://www.gbif.org/occurrence/6424111615"
          }
        ],
        "extra": {
          "Lloji": "Rallus aquaticus",
          "Data": "2026-01-18",
          "Licenca": "http://creativecommons.org/licenses/by-nc/4.0/legalcode",
          "Burimi": "GBIF"
        }
      }
    },
    {
      "type": "Feature",
      "id": "gbif-6424209386",
      "geometry": {
        "type": "Point",
        "coordinates": [
          20.841966,
          42.876659
        ]
      },
      "properties": {
        "name": "Anas platyrhynchos",
        "category": "fauna",
        "categoryLabel": "Vëzhgim faune",
        "location": "Kosovska Mitrovica, Kosovë",
        "countryCodes": [
          "XK"
        ],
        "summary": "Vëzhgim i Anas platyrhynchos më 2026-01-21 në Kosovë. Të dhënat nga GBIF.",
        "details": [
          "Një regjistrim i pranishmërisë së llojit; pika nuk paraqet shtrirjen e habitatit."
        ],
        "mapNote": "Koordinata e vëzhgimit nga GBIF; saktësia dhe origjina kontrollohen te regjistrimi burimor.",
        "geometryType": "Point",
        "sources": [
          {
            "label": "GBIF · regjistrimi dhe licenca",
            "url": "https://www.gbif.org/occurrence/6424209386"
          }
        ],
        "extra": {
          "Lloji": "Anas platyrhynchos",
          "Data": "2026-01-21",
          "Licenca": "http://creativecommons.org/licenses/by-nc/4.0/legalcode",
          "Burimi": "GBIF"
        }
      }
    },
    {
      "type": "Feature",
      "id": "gbif-6424210634",
      "geometry": {
        "type": "Point",
        "coordinates": [
          20.856664,
          42.88709
        ]
      },
      "properties": {
        "name": "Podiceps nigricollis",
        "category": "fauna",
        "categoryLabel": "Vëzhgim faune",
        "location": "Kosovska Mitrovica, Kosovë",
        "countryCodes": [
          "XK"
        ],
        "summary": "Vëzhgim i Podiceps nigricollis më 2026-01-18 në Kosovë. Të dhënat nga GBIF.",
        "details": [
          "Një regjistrim i pranishmërisë së llojit; pika nuk paraqet shtrirjen e habitatit."
        ],
        "mapNote": "Koordinata e vëzhgimit nga GBIF; saktësia dhe origjina kontrollohen te regjistrimi burimor.",
        "geometryType": "Point",
        "sources": [
          {
            "label": "GBIF · regjistrimi dhe licenca",
            "url": "https://www.gbif.org/occurrence/6424210634"
          }
        ],
        "extra": {
          "Lloji": "Podiceps nigricollis",
          "Data": "2026-01-18",
          "Licenca": "http://creativecommons.org/licenses/by-nc/4.0/legalcode",
          "Burimi": "GBIF"
        }
      }
    },
    {
      "type": "Feature",
      "id": "gbif-6424222409",
      "geometry": {
        "type": "Point",
        "coordinates": [
          21.34783,
          42.626564
        ]
      },
      "properties": {
        "name": "Athene noctua",
        "category": "fauna",
        "categoryLabel": "Vëzhgim faune",
        "location": "Priština, Kosovë",
        "countryCodes": [
          "XK"
        ],
        "summary": "Vëzhgim i Athene noctua më 2026-01-18 në Kosovë. Të dhënat nga GBIF.",
        "details": [
          "Një regjistrim i pranishmërisë së llojit; pika nuk paraqet shtrirjen e habitatit."
        ],
        "mapNote": "Koordinata e vëzhgimit nga GBIF; saktësia dhe origjina kontrollohen te regjistrimi burimor.",
        "geometryType": "Point",
        "sources": [
          {
            "label": "GBIF · regjistrimi dhe licenca",
            "url": "https://www.gbif.org/occurrence/6424222409"
          }
        ],
        "extra": {
          "Lloji": "Athene noctua",
          "Data": "2026-01-18",
          "Licenca": "http://creativecommons.org/licenses/by-nc/4.0/legalcode",
          "Burimi": "GBIF"
        }
      }
    },
    {
      "type": "Feature",
      "id": "gbif-6424290703",
      "geometry": {
        "type": "Point",
        "coordinates": [
          20.088758,
          42.760222
        ]
      },
      "properties": {
        "name": "Loxia curvirostra",
        "category": "fauna",
        "categoryLabel": "Vëzhgim faune",
        "location": "Peja/Peć, Kosovë",
        "countryCodes": [
          "XK"
        ],
        "summary": "Vëzhgim i Loxia curvirostra më 2026-01-18 në Kosovë. Të dhënat nga GBIF.",
        "details": [
          "Një regjistrim i pranishmërisë së llojit; pika nuk paraqet shtrirjen e habitatit."
        ],
        "mapNote": "Koordinata e vëzhgimit nga GBIF; saktësia dhe origjina kontrollohen te regjistrimi burimor.",
        "geometryType": "Point",
        "sources": [
          {
            "label": "GBIF · regjistrimi dhe licenca",
            "url": "https://www.gbif.org/occurrence/6424290703"
          }
        ],
        "extra": {
          "Lloji": "Loxia curvirostra",
          "Data": "2026-01-18",
          "Licenca": "http://creativecommons.org/licenses/by-nc/4.0/legalcode",
          "Burimi": "GBIF"
        }
      }
    },
    {
      "type": "Feature",
      "id": "gbif-6424322727",
      "geometry": {
        "type": "Point",
        "coordinates": [
          20.809191,
          42.793075
        ]
      },
      "properties": {
        "name": "Emberiza citrinella",
        "category": "fauna",
        "categoryLabel": "Vëzhgim faune",
        "location": "Srbica, Kosovë",
        "countryCodes": [
          "XK"
        ],
        "summary": "Vëzhgim i Emberiza citrinella më 2026-01-14 në Kosovë. Të dhënat nga GBIF.",
        "details": [
          "Një regjistrim i pranishmërisë së llojit; pika nuk paraqet shtrirjen e habitatit."
        ],
        "mapNote": "Koordinata e vëzhgimit nga GBIF; saktësia dhe origjina kontrollohen te regjistrimi burimor.",
        "geometryType": "Point",
        "sources": [
          {
            "label": "GBIF · regjistrimi dhe licenca",
            "url": "https://www.gbif.org/occurrence/6424322727"
          }
        ],
        "extra": {
          "Lloji": "Emberiza citrinella",
          "Data": "2026-01-14",
          "Licenca": "http://creativecommons.org/licenses/by-nc/4.0/legalcode",
          "Burimi": "GBIF"
        }
      }
    },
    {
      "type": "Feature",
      "id": "gbif-6424386427",
      "geometry": {
        "type": "Point",
        "coordinates": [
          21.04841,
          42.578802
        ]
      },
      "properties": {
        "name": "Circus cyaneus",
        "category": "fauna",
        "categoryLabel": "Vëzhgim faune",
        "location": "Lake 1, RSBAT01, Kosovë",
        "countryCodes": [
          "XK"
        ],
        "summary": "Vëzhgim i Circus cyaneus më 2026-01-17 në Kosovë. Të dhënat nga GBIF.",
        "details": [
          "Një regjistrim i pranishmërisë së llojit; pika nuk paraqet shtrirjen e habitatit."
        ],
        "mapNote": "Koordinata e vëzhgimit nga GBIF; saktësia dhe origjina kontrollohen te regjistrimi burimor.",
        "geometryType": "Point",
        "sources": [
          {
            "label": "GBIF · regjistrimi dhe licenca",
            "url": "https://www.gbif.org/occurrence/6424386427"
          }
        ],
        "extra": {
          "Lloji": "Circus cyaneus",
          "Data": "2026-01-17",
          "Licenca": "http://creativecommons.org/licenses/by-nc/4.0/legalcode",
          "Burimi": "GBIF"
        }
      }
    },
    {
      "type": "Feature",
      "id": "gbif-6424397591",
      "geometry": {
        "type": "Point",
        "coordinates": [
          20.66745,
          42.282637
        ]
      },
      "properties": {
        "name": "Galerida cristata",
        "category": "fauna",
        "categoryLabel": "Vëzhgim faune",
        "location": "Prizren, Kosovë",
        "countryCodes": [
          "XK"
        ],
        "summary": "Vëzhgim i Galerida cristata më 2026-01-18 në Kosovë. Të dhënat nga GBIF.",
        "details": [
          "Një regjistrim i pranishmërisë së llojit; pika nuk paraqet shtrirjen e habitatit."
        ],
        "mapNote": "Koordinata e vëzhgimit nga GBIF; saktësia dhe origjina kontrollohen te regjistrimi burimor.",
        "geometryType": "Point",
        "sources": [
          {
            "label": "GBIF · regjistrimi dhe licenca",
            "url": "https://www.gbif.org/occurrence/6424397591"
          }
        ],
        "extra": {
          "Lloji": "Galerida cristata",
          "Data": "2026-01-18",
          "Licenca": "http://creativecommons.org/licenses/by-nc/4.0/legalcode",
          "Burimi": "GBIF"
        }
      }
    },
    {
      "type": "Feature",
      "id": "gbif-6424443557",
      "geometry": {
        "type": "Point",
        "coordinates": [
          20.639408,
          42.922102
        ]
      },
      "properties": {
        "name": "Ardea cinerea",
        "category": "fauna",
        "categoryLabel": "Vëzhgim faune",
        "location": "Zubin Potok part, RSGAZ03, Kosovë",
        "countryCodes": [
          "XK"
        ],
        "summary": "Vëzhgim i Ardea cinerea më 2026-01-19 në Kosovë. Të dhënat nga GBIF.",
        "details": [
          "Një regjistrim i pranishmërisë së llojit; pika nuk paraqet shtrirjen e habitatit."
        ],
        "mapNote": "Koordinata e vëzhgimit nga GBIF; saktësia dhe origjina kontrollohen te regjistrimi burimor.",
        "geometryType": "Point",
        "sources": [
          {
            "label": "GBIF · regjistrimi dhe licenca",
            "url": "https://www.gbif.org/occurrence/6424443557"
          }
        ],
        "extra": {
          "Lloji": "Ardea cinerea",
          "Data": "2026-01-19",
          "Licenca": "http://creativecommons.org/licenses/by-nc/4.0/legalcode",
          "Burimi": "GBIF"
        }
      }
    },
    {
      "type": "Feature",
      "id": "gbif-6424491749",
      "geometry": {
        "type": "Point",
        "coordinates": [
          20.088758,
          42.760222
        ]
      },
      "properties": {
        "name": "Aquila chrysaetos",
        "category": "fauna",
        "categoryLabel": "Vëzhgim faune",
        "location": "Peja/Peć, Kosovë",
        "countryCodes": [
          "XK"
        ],
        "summary": "Vëzhgim i Aquila chrysaetos më 2026-01-18 në Kosovë. Të dhënat nga GBIF.",
        "details": [
          "Një regjistrim i pranishmërisë së llojit; pika nuk paraqet shtrirjen e habitatit."
        ],
        "mapNote": "Koordinata e vëzhgimit nga GBIF; saktësia dhe origjina kontrollohen te regjistrimi burimor.",
        "geometryType": "Point",
        "sources": [
          {
            "label": "GBIF · regjistrimi dhe licenca",
            "url": "https://www.gbif.org/occurrence/6424491749"
          }
        ],
        "extra": {
          "Lloji": "Aquila chrysaetos",
          "Data": "2026-01-18",
          "Licenca": "http://creativecommons.org/licenses/by-nc/4.0/legalcode",
          "Burimi": "GBIF"
        }
      }
    },
    {
      "type": "Feature",
      "id": "gbif-6424607652",
      "geometry": {
        "type": "Point",
        "coordinates": [
          20.856664,
          42.88709
        ]
      },
      "properties": {
        "name": "Mergus merganser",
        "category": "fauna",
        "categoryLabel": "Vëzhgim faune",
        "location": "Kosovska Mitrovica, Kosovë",
        "countryCodes": [
          "XK"
        ],
        "summary": "Vëzhgim i Mergus merganser më 2026-01-18 në Kosovë. Të dhënat nga GBIF.",
        "details": [
          "Një regjistrim i pranishmërisë së llojit; pika nuk paraqet shtrirjen e habitatit."
        ],
        "mapNote": "Koordinata e vëzhgimit nga GBIF; saktësia dhe origjina kontrollohen te regjistrimi burimor.",
        "geometryType": "Point",
        "sources": [
          {
            "label": "GBIF · regjistrimi dhe licenca",
            "url": "https://www.gbif.org/occurrence/6424607652"
          }
        ],
        "extra": {
          "Lloji": "Mergus merganser",
          "Data": "2026-01-18",
          "Licenca": "http://creativecommons.org/licenses/by-nc/4.0/legalcode",
          "Burimi": "GBIF"
        }
      }
    },
    {
      "type": "Feature",
      "id": "gbif-6424620441",
      "geometry": {
        "type": "Point",
        "coordinates": [
          20.735064,
          41.919523
        ]
      },
      "properties": {
        "name": "Prunella collaris",
        "category": "fauna",
        "categoryLabel": "Vëzhgim faune",
        "location": "Dragaš, Kosovë",
        "countryCodes": [
          "XK"
        ],
        "summary": "Vëzhgim i Prunella collaris më 2026-01-18 në Kosovë. Të dhënat nga GBIF.",
        "details": [
          "Një regjistrim i pranishmërisë së llojit; pika nuk paraqet shtrirjen e habitatit."
        ],
        "mapNote": "Koordinata e vëzhgimit nga GBIF; saktësia dhe origjina kontrollohen te regjistrimi burimor.",
        "geometryType": "Point",
        "sources": [
          {
            "label": "GBIF · regjistrimi dhe licenca",
            "url": "https://www.gbif.org/occurrence/6424620441"
          }
        ],
        "extra": {
          "Lloji": "Prunella collaris",
          "Data": "2026-01-18",
          "Licenca": "http://creativecommons.org/licenses/by-nc/4.0/legalcode",
          "Burimi": "GBIF"
        }
      }
    },
    {
      "type": "Feature",
      "id": "gbif-6424623346",
      "geometry": {
        "type": "Point",
        "coordinates": [
          21.374331,
          42.58921
        ]
      },
      "properties": {
        "name": "Oenanthe oenanthe",
        "category": "fauna",
        "categoryLabel": "Vëzhgim faune",
        "location": "Novo Brdo, Kosovë",
        "countryCodes": [
          "XK"
        ],
        "summary": "Vëzhgim i Oenanthe oenanthe më 2026-01-18 në Kosovë. Të dhënat nga GBIF.",
        "details": [
          "Një regjistrim i pranishmërisë së llojit; pika nuk paraqet shtrirjen e habitatit."
        ],
        "mapNote": "Koordinata e vëzhgimit nga GBIF; saktësia dhe origjina kontrollohen te regjistrimi burimor.",
        "geometryType": "Point",
        "sources": [
          {
            "label": "GBIF · regjistrimi dhe licenca",
            "url": "https://www.gbif.org/occurrence/6424623346"
          }
        ],
        "extra": {
          "Lloji": "Oenanthe oenanthe",
          "Data": "2026-01-18",
          "Licenca": "http://creativecommons.org/licenses/by-nc/4.0/legalcode",
          "Burimi": "GBIF"
        }
      }
    },
    {
      "type": "Feature",
      "id": "gbif-6424628463",
      "geometry": {
        "type": "Point",
        "coordinates": [
          21.044544,
          42.575969
        ]
      },
      "properties": {
        "name": "Emberiza schoeniclus",
        "category": "fauna",
        "categoryLabel": "Vëzhgim faune",
        "location": "Lake 2, RSBAT02, Kosovë",
        "countryCodes": [
          "XK"
        ],
        "summary": "Vëzhgim i Emberiza schoeniclus më 2026-01-14 në Kosovë. Të dhënat nga GBIF.",
        "details": [
          "Një regjistrim i pranishmërisë së llojit; pika nuk paraqet shtrirjen e habitatit."
        ],
        "mapNote": "Koordinata e vëzhgimit nga GBIF; saktësia dhe origjina kontrollohen te regjistrimi burimor.",
        "geometryType": "Point",
        "sources": [
          {
            "label": "GBIF · regjistrimi dhe licenca",
            "url": "https://www.gbif.org/occurrence/6424628463"
          }
        ],
        "extra": {
          "Lloji": "Emberiza schoeniclus",
          "Data": "2026-01-14",
          "Licenca": "http://creativecommons.org/licenses/by-nc/4.0/legalcode",
          "Burimi": "GBIF"
        }
      }
    },
    {
      "type": "Feature",
      "id": "gbif-6424646401",
      "geometry": {
        "type": "Point",
        "coordinates": [
          21.237388,
          42.676428
        ]
      },
      "properties": {
        "name": "Turdus philomelos",
        "category": "fauna",
        "categoryLabel": "Vëzhgim faune",
        "location": "Priština, Kosovë",
        "countryCodes": [
          "XK"
        ],
        "summary": "Vëzhgim i Turdus philomelos më 2026-01-18 në Kosovë. Të dhënat nga GBIF.",
        "details": [
          "Një regjistrim i pranishmërisë së llojit; pika nuk paraqet shtrirjen e habitatit."
        ],
        "mapNote": "Koordinata e vëzhgimit nga GBIF; saktësia dhe origjina kontrollohen te regjistrimi burimor.",
        "geometryType": "Point",
        "sources": [
          {
            "label": "GBIF · regjistrimi dhe licenca",
            "url": "https://www.gbif.org/occurrence/6424646401"
          }
        ],
        "extra": {
          "Lloji": "Turdus philomelos",
          "Data": "2026-01-18",
          "Licenca": "http://creativecommons.org/licenses/by-nc/4.0/legalcode",
          "Burimi": "GBIF"
        }
      }
    },
    {
      "type": "Feature",
      "id": "gbif-6424665473",
      "geometry": {
        "type": "Point",
        "coordinates": [
          20.991453,
          42.819094
        ]
      },
      "properties": {
        "name": "Phalacrocorax carbo",
        "category": "fauna",
        "categoryLabel": "Vëzhgim faune",
        "location": "Vucitrn, Kosovë",
        "countryCodes": [
          "XK"
        ],
        "summary": "Vëzhgim i Phalacrocorax carbo më 2026-01-18 në Kosovë. Të dhënat nga GBIF.",
        "details": [
          "Një regjistrim i pranishmërisë së llojit; pika nuk paraqet shtrirjen e habitatit."
        ],
        "mapNote": "Koordinata e vëzhgimit nga GBIF; saktësia dhe origjina kontrollohen te regjistrimi burimor.",
        "geometryType": "Point",
        "sources": [
          {
            "label": "GBIF · regjistrimi dhe licenca",
            "url": "https://www.gbif.org/occurrence/6424665473"
          }
        ],
        "extra": {
          "Lloji": "Phalacrocorax carbo",
          "Data": "2026-01-18",
          "Licenca": "http://creativecommons.org/licenses/by-nc/4.0/legalcode",
          "Burimi": "GBIF"
        }
      }
    },
    {
      "type": "Feature",
      "id": "gbif-6447716029",
      "geometry": {
        "type": "Point",
        "coordinates": [
          20.92257,
          42.791096
        ]
      },
      "properties": {
        "name": "Circus cyaneus",
        "category": "fauna",
        "categoryLabel": "Vëzhgim faune",
        "location": "Vucitrn, Kosovë",
        "countryCodes": [
          "XK"
        ],
        "summary": "Vëzhgim i Circus cyaneus më 2026-01-02 në Kosovë. Të dhënat nga GBIF.",
        "details": [
          "Një regjistrim i pranishmërisë së llojit; pika nuk paraqet shtrirjen e habitatit."
        ],
        "mapNote": "Koordinata e vëzhgimit nga GBIF; saktësia dhe origjina kontrollohen te regjistrimi burimor.",
        "geometryType": "Point",
        "sources": [
          {
            "label": "GBIF · regjistrimi dhe licenca",
            "url": "https://www.gbif.org/occurrence/6447716029"
          }
        ],
        "extra": {
          "Lloji": "Circus cyaneus",
          "Data": "2026-01-02",
          "Licenca": "http://creativecommons.org/licenses/by-nc/4.0/legalcode",
          "Burimi": "GBIF"
        }
      }
    },
    {
      "type": "Feature",
      "id": "gbif-6449171400",
      "geometry": {
        "type": "Point",
        "coordinates": [
          20.715614,
          41.957213
        ]
      },
      "properties": {
        "name": "Aquila chrysaetos",
        "category": "fauna",
        "categoryLabel": "Vëzhgim faune",
        "location": "Dragaš, Kosovë",
        "countryCodes": [
          "XK"
        ],
        "summary": "Vëzhgim i Aquila chrysaetos më 2026-01-18 në Kosovë. Të dhënat nga GBIF.",
        "details": [
          "Një regjistrim i pranishmërisë së llojit; pika nuk paraqet shtrirjen e habitatit."
        ],
        "mapNote": "Koordinata e vëzhgimit nga GBIF; saktësia dhe origjina kontrollohen te regjistrimi burimor.",
        "geometryType": "Point",
        "sources": [
          {
            "label": "GBIF · regjistrimi dhe licenca",
            "url": "https://www.gbif.org/occurrence/6449171400"
          }
        ],
        "extra": {
          "Lloji": "Aquila chrysaetos",
          "Data": "2026-01-18",
          "Licenca": "http://creativecommons.org/licenses/by-nc/4.0/legalcode",
          "Burimi": "GBIF"
        }
      }
    },
    {
      "type": "Feature",
      "id": "gbif-6449232655",
      "geometry": {
        "type": "Point",
        "coordinates": [
          20.815606,
          42.792088
        ]
      },
      "properties": {
        "name": "Circus cyaneus",
        "category": "fauna",
        "categoryLabel": "Vëzhgim faune",
        "location": "Srbica, Kosovë",
        "countryCodes": [
          "XK"
        ],
        "summary": "Vëzhgim i Circus cyaneus më 2026-01-25 në Kosovë. Të dhënat nga GBIF.",
        "details": [
          "Një regjistrim i pranishmërisë së llojit; pika nuk paraqet shtrirjen e habitatit."
        ],
        "mapNote": "Koordinata e vëzhgimit nga GBIF; saktësia dhe origjina kontrollohen te regjistrimi burimor.",
        "geometryType": "Point",
        "sources": [
          {
            "label": "GBIF · regjistrimi dhe licenca",
            "url": "https://www.gbif.org/occurrence/6449232655"
          }
        ],
        "extra": {
          "Lloji": "Circus cyaneus",
          "Data": "2026-01-25",
          "Licenca": "http://creativecommons.org/licenses/by-nc/4.0/legalcode",
          "Burimi": "GBIF"
        }
      }
    },
    {
      "type": "Feature",
      "id": "gbif-6159541854",
      "geometry": {
        "type": "Point",
        "coordinates": [
          21.20477,
          42.673605
        ]
      },
      "properties": {
        "name": "Andricus quercustozae",
        "category": "fauna",
        "categoryLabel": "Vëzhgim faune",
        "location": "Pristina, Kosovë",
        "countryCodes": [
          "XK"
        ],
        "summary": "Vëzhgim i Andricus quercustozae më 2026-02-14 në Kosovë. Të dhënat nga GBIF.",
        "details": [
          "Një regjistrim i pranishmërisë së llojit; pika nuk paraqet shtrirjen e habitatit."
        ],
        "mapNote": "Koordinata e vëzhgimit nga GBIF; saktësia dhe origjina kontrollohen te regjistrimi burimor.",
        "geometryType": "Point",
        "sources": [
          {
            "label": "GBIF · regjistrimi dhe licenca",
            "url": "https://www.gbif.org/occurrence/6159541854"
          }
        ],
        "extra": {
          "Lloji": "Andricus quercustozae",
          "Data": "2026-02-14",
          "Licenca": "http://creativecommons.org/licenses/by-nc/4.0/legalcode",
          "Burimi": "iNaturalist research-grade observations"
        },
        "image": {
          "url": "https://api.gbif.org/v1/image/cache/800x/occurrence/6159541854/media/f4a489356288755d69e48cc1994701ab",
          "source": "https://www.inaturalist.org/photos/615773599",
          "credit": "arddison",
          "license": "CC BY-NC 4.0",
          "licenseUrl": "http://creativecommons.org/licenses/by-nc/4.0/",
          "alt": "Andricus quercustozae"
        }
      }
    },
    {
      "type": "Feature",
      "id": "gbif-6169024144",
      "geometry": {
        "type": "Point",
        "coordinates": [
          21.055509,
          42.573021
        ]
      },
      "properties": {
        "name": "Asio otus",
        "category": "fauna",
        "categoryLabel": "Vëzhgim faune",
        "location": "Kosovo Polje, Kosovë",
        "countryCodes": [
          "XK"
        ],
        "summary": "Vëzhgim i Asio otus më 2026-02-08 në Kosovë. Të dhënat nga GBIF.",
        "details": [
          "Një regjistrim i pranishmërisë së llojit; pika nuk paraqet shtrirjen e habitatit."
        ],
        "mapNote": "Koordinata e vëzhgimit nga GBIF; saktësia dhe origjina kontrollohen te regjistrimi burimor.",
        "geometryType": "Point",
        "sources": [
          {
            "label": "GBIF · regjistrimi dhe licenca",
            "url": "https://www.gbif.org/occurrence/6169024144"
          }
        ],
        "extra": {
          "Lloji": "Asio otus",
          "Data": "2026-02-08",
          "Licenca": "http://creativecommons.org/licenses/by-nc/4.0/legalcode",
          "Burimi": "GBIF"
        }
      }
    },
    {
      "type": "Feature",
      "id": "gbif-6169202249",
      "geometry": {
        "type": "Point",
        "coordinates": [
          21.213098,
          42.603168
        ]
      },
      "properties": {
        "name": "Rallus aquaticus",
        "category": "fauna",
        "categoryLabel": "Vëzhgim faune",
        "location": "Priština, Kosovë",
        "countryCodes": [
          "XK"
        ],
        "summary": "Vëzhgim i Rallus aquaticus më 2026-02-09 në Kosovë. Të dhënat nga GBIF.",
        "details": [
          "Një regjistrim i pranishmërisë së llojit; pika nuk paraqet shtrirjen e habitatit."
        ],
        "mapNote": "Koordinata e vëzhgimit nga GBIF; saktësia dhe origjina kontrollohen te regjistrimi burimor.",
        "geometryType": "Point",
        "sources": [
          {
            "label": "GBIF · regjistrimi dhe licenca",
            "url": "https://www.gbif.org/occurrence/6169202249"
          }
        ],
        "extra": {
          "Lloji": "Rallus aquaticus",
          "Data": "2026-02-09",
          "Licenca": "http://creativecommons.org/licenses/by-nc/4.0/legalcode",
          "Burimi": "GBIF"
        }
      }
    },
    {
      "type": "Feature",
      "id": "gbif-6169963996",
      "geometry": {
        "type": "Point",
        "coordinates": [
          21.054274,
          42.861103
        ]
      },
      "properties": {
        "name": "Euplagia quadripunctaria",
        "category": "fauna",
        "categoryLabel": "Vëzhgim faune",
        "location": "Vucitrn, Kosovë",
        "countryCodes": [
          "XK"
        ],
        "summary": "Vëzhgim i Euplagia quadripunctaria më 2026-02-26 në Kosovë. Të dhënat nga GBIF.",
        "details": [
          "Një regjistrim i pranishmërisë së llojit; pika nuk paraqet shtrirjen e habitatit."
        ],
        "mapNote": "Koordinata e vëzhgimit nga GBIF; saktësia dhe origjina kontrollohen te regjistrimi burimor.",
        "geometryType": "Point",
        "sources": [
          {
            "label": "GBIF · regjistrimi dhe licenca",
            "url": "https://www.gbif.org/occurrence/6169963996"
          }
        ],
        "extra": {
          "Lloji": "Euplagia quadripunctaria",
          "Data": "2026-02-26",
          "Licenca": "http://creativecommons.org/licenses/by-nc/4.0/legalcode",
          "Burimi": "GBIF"
        }
      }
    },
    {
      "type": "Feature",
      "id": "gbif-6171108148",
      "geometry": {
        "type": "Point",
        "coordinates": [
          21.361979,
          42.625572
        ]
      },
      "properties": {
        "name": "Alauda arvensis",
        "category": "fauna",
        "categoryLabel": "Vëzhgim faune",
        "location": "Pristina, Kosovë",
        "countryCodes": [
          "XK"
        ],
        "summary": "Vëzhgim i Alauda arvensis më 2026-02-25 në Kosovë. Të dhënat nga GBIF.",
        "details": [
          "Një regjistrim i pranishmërisë së llojit; pika nuk paraqet shtrirjen e habitatit."
        ],
        "mapNote": "Koordinata e vëzhgimit nga GBIF; saktësia dhe origjina kontrollohen te regjistrimi burimor.",
        "geometryType": "Point",
        "sources": [
          {
            "label": "GBIF · regjistrimi dhe licenca",
            "url": "https://www.gbif.org/occurrence/6171108148"
          }
        ],
        "extra": {
          "Lloji": "Alauda arvensis",
          "Data": "2026-02-25",
          "Licenca": "http://creativecommons.org/licenses/by-nc/4.0/legalcode",
          "Burimi": "iNaturalist research-grade observations"
        },
        "image": {
          "url": "https://api.gbif.org/v1/image/cache/800x/occurrence/6171108148/media/1fc4ca036375cdc9277099a98401fb25",
          "source": "https://www.inaturalist.org/photos/619062090",
          "credit": "Albert Krasniqi",
          "license": "CC BY-NC 4.0",
          "licenseUrl": "http://creativecommons.org/licenses/by-nc/4.0/",
          "alt": "Alauda arvensis"
        }
      }
    },
    {
      "type": "Feature",
      "id": "gbif-6182902112",
      "geometry": {
        "type": "Point",
        "coordinates": [
          20.809805,
          42.77535
        ]
      },
      "properties": {
        "name": "Lullula arborea",
        "category": "fauna",
        "categoryLabel": "Vëzhgim faune",
        "location": "Srbica, Kosovë",
        "countryCodes": [
          "XK"
        ],
        "summary": "Vëzhgim i Lullula arborea më 2026-02-18 në Kosovë. Të dhënat nga GBIF.",
        "details": [
          "Një regjistrim i pranishmërisë së llojit; pika nuk paraqet shtrirjen e habitatit."
        ],
        "mapNote": "Koordinata e vëzhgimit nga GBIF; saktësia dhe origjina kontrollohen te regjistrimi burimor.",
        "geometryType": "Point",
        "sources": [
          {
            "label": "GBIF · regjistrimi dhe licenca",
            "url": "https://www.gbif.org/occurrence/6182902112"
          }
        ],
        "extra": {
          "Lloji": "Lullula arborea",
          "Data": "2026-02-18",
          "Licenca": "http://creativecommons.org/licenses/by-nc/4.0/legalcode",
          "Burimi": "GBIF"
        }
      }
    },
    {
      "type": "Feature",
      "id": "gbif-6183002368",
      "geometry": {
        "type": "Point",
        "coordinates": [
          20.813068,
          42.794557
        ]
      },
      "properties": {
        "name": "Corvus corax",
        "category": "fauna",
        "categoryLabel": "Vëzhgim faune",
        "location": "Srbica, Kosovë",
        "countryCodes": [
          "XK"
        ],
        "summary": "Vëzhgim i Corvus corax më 2026-02-07 në Kosovë. Të dhënat nga GBIF.",
        "details": [
          "Një regjistrim i pranishmërisë së llojit; pika nuk paraqet shtrirjen e habitatit."
        ],
        "mapNote": "Koordinata e vëzhgimit nga GBIF; saktësia dhe origjina kontrollohen te regjistrimi burimor.",
        "geometryType": "Point",
        "sources": [
          {
            "label": "GBIF · regjistrimi dhe licenca",
            "url": "https://www.gbif.org/occurrence/6183002368"
          }
        ],
        "extra": {
          "Lloji": "Corvus corax",
          "Data": "2026-02-07",
          "Licenca": "http://creativecommons.org/licenses/by-nc/4.0/legalcode",
          "Burimi": "GBIF"
        }
      }
    },
    {
      "type": "Feature",
      "id": "gbif-6183041020",
      "geometry": {
        "type": "Point",
        "coordinates": [
          20.810679,
          42.795001
        ]
      },
      "properties": {
        "name": "Lanius excubitor",
        "category": "fauna",
        "categoryLabel": "Vëzhgim faune",
        "location": "Srbica, Kosovë",
        "countryCodes": [
          "XK"
        ],
        "summary": "Vëzhgim i Lanius excubitor më 2026-02-20 në Kosovë. Të dhënat nga GBIF.",
        "details": [
          "Një regjistrim i pranishmërisë së llojit; pika nuk paraqet shtrirjen e habitatit."
        ],
        "mapNote": "Koordinata e vëzhgimit nga GBIF; saktësia dhe origjina kontrollohen te regjistrimi burimor.",
        "geometryType": "Point",
        "sources": [
          {
            "label": "GBIF · regjistrimi dhe licenca",
            "url": "https://www.gbif.org/occurrence/6183041020"
          }
        ],
        "extra": {
          "Lloji": "Lanius excubitor",
          "Data": "2026-02-20",
          "Licenca": "http://creativecommons.org/licenses/by-nc/4.0/legalcode",
          "Burimi": "GBIF"
        }
      }
    },
    {
      "type": "Feature",
      "id": "gbif-6183296215",
      "geometry": {
        "type": "Point",
        "coordinates": [
          20.810946,
          42.795157
        ]
      },
      "properties": {
        "name": "Galerida cristata",
        "category": "fauna",
        "categoryLabel": "Vëzhgim faune",
        "location": "Srbica, Kosovë",
        "countryCodes": [
          "XK"
        ],
        "summary": "Vëzhgim i Galerida cristata më 2026-02-20 në Kosovë. Të dhënat nga GBIF.",
        "details": [
          "Një regjistrim i pranishmërisë së llojit; pika nuk paraqet shtrirjen e habitatit."
        ],
        "mapNote": "Koordinata e vëzhgimit nga GBIF; saktësia dhe origjina kontrollohen te regjistrimi burimor.",
        "geometryType": "Point",
        "sources": [
          {
            "label": "GBIF · regjistrimi dhe licenca",
            "url": "https://www.gbif.org/occurrence/6183296215"
          }
        ],
        "extra": {
          "Lloji": "Galerida cristata",
          "Data": "2026-02-20",
          "Licenca": "http://creativecommons.org/licenses/by-nc/4.0/legalcode",
          "Burimi": "GBIF"
        }
      }
    },
    {
      "type": "Feature",
      "id": "gbif-6183349767",
      "geometry": {
        "type": "Point",
        "coordinates": [
          20.761186,
          42.829971
        ]
      },
      "properties": {
        "name": "Sitta europaea",
        "category": "fauna",
        "categoryLabel": "Vëzhgim faune",
        "location": "Kosovska Mitrovica, Kosovë",
        "countryCodes": [
          "XK"
        ],
        "summary": "Vëzhgim i Sitta europaea më 2026-02-12 në Kosovë. Të dhënat nga GBIF.",
        "details": [
          "Një regjistrim i pranishmërisë së llojit; pika nuk paraqet shtrirjen e habitatit."
        ],
        "mapNote": "Koordinata e vëzhgimit nga GBIF; saktësia dhe origjina kontrollohen te regjistrimi burimor.",
        "geometryType": "Point",
        "sources": [
          {
            "label": "GBIF · regjistrimi dhe licenca",
            "url": "https://www.gbif.org/occurrence/6183349767"
          }
        ],
        "extra": {
          "Lloji": "Sitta europaea",
          "Data": "2026-02-12",
          "Licenca": "http://creativecommons.org/licenses/by-nc/4.0/legalcode",
          "Burimi": "GBIF"
        }
      }
    },
    {
      "type": "Feature",
      "id": "gbif-6183488044",
      "geometry": {
        "type": "Point",
        "coordinates": [
          20.802874,
          42.797333
        ]
      },
      "properties": {
        "name": "Emberiza calandra",
        "category": "fauna",
        "categoryLabel": "Vëzhgim faune",
        "location": "Srbica, Kosovë",
        "countryCodes": [
          "XK"
        ],
        "summary": "Vëzhgim i Emberiza calandra më 2026-02-20 në Kosovë. Të dhënat nga GBIF.",
        "details": [
          "Një regjistrim i pranishmërisë së llojit; pika nuk paraqet shtrirjen e habitatit."
        ],
        "mapNote": "Koordinata e vëzhgimit nga GBIF; saktësia dhe origjina kontrollohen te regjistrimi burimor.",
        "geometryType": "Point",
        "sources": [
          {
            "label": "GBIF · regjistrimi dhe licenca",
            "url": "https://www.gbif.org/occurrence/6183488044"
          }
        ],
        "extra": {
          "Lloji": "Emberiza calandra",
          "Data": "2026-02-20",
          "Licenca": "http://creativecommons.org/licenses/by-nc/4.0/legalcode",
          "Burimi": "GBIF"
        }
      }
    },
    {
      "type": "Feature",
      "id": "gbif-6183585378",
      "geometry": {
        "type": "Point",
        "coordinates": [
          20.815283,
          42.783181
        ]
      },
      "properties": {
        "name": "Accipiter nisus",
        "category": "fauna",
        "categoryLabel": "Vëzhgim faune",
        "location": "Srbica, Kosovë",
        "countryCodes": [
          "XK"
        ],
        "summary": "Vëzhgim i Accipiter nisus më 2026-02-01 në Kosovë. Të dhënat nga GBIF.",
        "details": [
          "Një regjistrim i pranishmërisë së llojit; pika nuk paraqet shtrirjen e habitatit."
        ],
        "mapNote": "Koordinata e vëzhgimit nga GBIF; saktësia dhe origjina kontrollohen te regjistrimi burimor.",
        "geometryType": "Point",
        "sources": [
          {
            "label": "GBIF · regjistrimi dhe licenca",
            "url": "https://www.gbif.org/occurrence/6183585378"
          }
        ],
        "extra": {
          "Lloji": "Accipiter nisus",
          "Data": "2026-02-01",
          "Licenca": "http://creativecommons.org/licenses/by-nc/4.0/legalcode",
          "Burimi": "GBIF"
        }
      }
    },
    {
      "type": "Feature",
      "id": "gbif-6422585762",
      "geometry": {
        "type": "Point",
        "coordinates": [
          21.244647,
          42.365908
        ]
      },
      "properties": {
        "name": "Passer montanus",
        "category": "fauna",
        "categoryLabel": "Vëzhgim faune",
        "location": "Uroševac, Kosovë",
        "countryCodes": [
          "XK"
        ],
        "summary": "Vëzhgim i Passer montanus më 2026-02-16 në Kosovë. Të dhënat nga GBIF.",
        "details": [
          "Një regjistrim i pranishmërisë së llojit; pika nuk paraqet shtrirjen e habitatit."
        ],
        "mapNote": "Koordinata e vëzhgimit nga GBIF; saktësia dhe origjina kontrollohen te regjistrimi burimor.",
        "geometryType": "Point",
        "sources": [
          {
            "label": "GBIF · regjistrimi dhe licenca",
            "url": "https://www.gbif.org/occurrence/6422585762"
          }
        ],
        "extra": {
          "Lloji": "Passer montanus",
          "Data": "2026-02-16",
          "Licenca": "http://creativecommons.org/licenses/by-nc/4.0/legalcode",
          "Burimi": "iNaturalist research-grade observations"
        },
        "image": {
          "url": "https://api.gbif.org/v1/image/cache/800x/occurrence/6422585762/media/c10f0cec90aeaca8c180d17b078975a5",
          "source": "https://www.inaturalist.org/photos/675967228",
          "credit": "Erika Hall",
          "license": "CC BY-NC 4.0",
          "licenseUrl": "http://creativecommons.org/licenses/by-nc/4.0/",
          "alt": "Passer montanus"
        }
      }
    },
    {
      "type": "Feature",
      "id": "gbif-6423517640",
      "geometry": {
        "type": "Point",
        "coordinates": [
          21.576451,
          42.519541
        ]
      },
      "properties": {
        "name": "Strix aluco",
        "category": "fauna",
        "categoryLabel": "Vëzhgim faune",
        "location": "Kosovska Kamenica, Kosovë",
        "countryCodes": [
          "XK"
        ],
        "summary": "Vëzhgim i Strix aluco më 2026-02-08 në Kosovë. Të dhënat nga GBIF.",
        "details": [
          "Një regjistrim i pranishmërisë së llojit; pika nuk paraqet shtrirjen e habitatit."
        ],
        "mapNote": "Koordinata e vëzhgimit nga GBIF; saktësia dhe origjina kontrollohen te regjistrimi burimor.",
        "geometryType": "Point",
        "sources": [
          {
            "label": "GBIF · regjistrimi dhe licenca",
            "url": "https://www.gbif.org/occurrence/6423517640"
          }
        ],
        "extra": {
          "Lloji": "Strix aluco",
          "Data": "2026-02-08",
          "Licenca": "http://creativecommons.org/licenses/by-nc/4.0/legalcode",
          "Burimi": "GBIF"
        }
      }
    },
    {
      "type": "Feature",
      "id": "gbif-6423579388",
      "geometry": {
        "type": "Point",
        "coordinates": [
          21.069106,
          42.867154
        ]
      },
      "properties": {
        "name": "Phasianus colchicus",
        "category": "fauna",
        "categoryLabel": "Vëzhgim faune",
        "location": "Podujevo, Kosovë",
        "countryCodes": [
          "XK"
        ],
        "summary": "Vëzhgim i Phasianus colchicus më 2026-02-13 në Kosovë. Të dhënat nga GBIF.",
        "details": [
          "Një regjistrim i pranishmërisë së llojit; pika nuk paraqet shtrirjen e habitatit."
        ],
        "mapNote": "Koordinata e vëzhgimit nga GBIF; saktësia dhe origjina kontrollohen te regjistrimi burimor.",
        "geometryType": "Point",
        "sources": [
          {
            "label": "GBIF · regjistrimi dhe licenca",
            "url": "https://www.gbif.org/occurrence/6423579388"
          }
        ],
        "extra": {
          "Lloji": "Phasianus colchicus",
          "Data": "2026-02-13",
          "Licenca": "http://creativecommons.org/licenses/by-nc/4.0/legalcode",
          "Burimi": "GBIF"
        }
      }
    },
    {
      "type": "Feature",
      "id": "gbif-6423590445",
      "geometry": {
        "type": "Point",
        "coordinates": [
          20.837623,
          42.874638
        ]
      },
      "properties": {
        "name": "Fulica atra",
        "category": "fauna",
        "categoryLabel": "Vëzhgim faune",
        "location": "Kosovska Mitrovica, Kosovë",
        "countryCodes": [
          "XK"
        ],
        "summary": "Vëzhgim i Fulica atra më 2026-02-21 në Kosovë. Të dhënat nga GBIF.",
        "details": [
          "Një regjistrim i pranishmërisë së llojit; pika nuk paraqet shtrirjen e habitatit."
        ],
        "mapNote": "Koordinata e vëzhgimit nga GBIF; saktësia dhe origjina kontrollohen te regjistrimi burimor.",
        "geometryType": "Point",
        "sources": [
          {
            "label": "GBIF · regjistrimi dhe licenca",
            "url": "https://www.gbif.org/occurrence/6423590445"
          }
        ],
        "extra": {
          "Lloji": "Fulica atra",
          "Data": "2026-02-21",
          "Licenca": "http://creativecommons.org/licenses/by-nc/4.0/legalcode",
          "Burimi": "GBIF"
        }
      }
    },
    {
      "type": "Feature",
      "id": "gbif-6423591567",
      "geometry": {
        "type": "Point",
        "coordinates": [
          20.795999,
          42.795334
        ]
      },
      "properties": {
        "name": "Falco tinnunculus",
        "category": "fauna",
        "categoryLabel": "Vëzhgim faune",
        "location": "Srbica, Kosovë",
        "countryCodes": [
          "XK"
        ],
        "summary": "Vëzhgim i Falco tinnunculus më 2026-02-18 në Kosovë. Të dhënat nga GBIF.",
        "details": [
          "Një regjistrim i pranishmërisë së llojit; pika nuk paraqet shtrirjen e habitatit."
        ],
        "mapNote": "Koordinata e vëzhgimit nga GBIF; saktësia dhe origjina kontrollohen te regjistrimi burimor.",
        "geometryType": "Point",
        "sources": [
          {
            "label": "GBIF · regjistrimi dhe licenca",
            "url": "https://www.gbif.org/occurrence/6423591567"
          }
        ],
        "extra": {
          "Lloji": "Falco tinnunculus",
          "Data": "2026-02-18",
          "Licenca": "http://creativecommons.org/licenses/by-nc/4.0/legalcode",
          "Burimi": "GBIF"
        }
      }
    },
    {
      "type": "Feature",
      "id": "gbif-6423597480",
      "geometry": {
        "type": "Point",
        "coordinates": [
          21.325448,
          42.804318
        ]
      },
      "properties": {
        "name": "Ardea cinerea",
        "category": "fauna",
        "categoryLabel": "Vëzhgim faune",
        "location": "Orlane part, RSBTL02, Kosovë",
        "countryCodes": [
          "XK"
        ],
        "summary": "Vëzhgim i Ardea cinerea më 2026-02-02 në Kosovë. Të dhënat nga GBIF.",
        "details": [
          "Një regjistrim i pranishmërisë së llojit; pika nuk paraqet shtrirjen e habitatit."
        ],
        "mapNote": "Koordinata e vëzhgimit nga GBIF; saktësia dhe origjina kontrollohen te regjistrimi burimor.",
        "geometryType": "Point",
        "sources": [
          {
            "label": "GBIF · regjistrimi dhe licenca",
            "url": "https://www.gbif.org/occurrence/6423597480"
          }
        ],
        "extra": {
          "Lloji": "Ardea cinerea",
          "Data": "2026-02-02",
          "Licenca": "http://creativecommons.org/licenses/by-nc/4.0/legalcode",
          "Burimi": "GBIF"
        }
      }
    },
    {
      "type": "Feature",
      "id": "gbif-6423661718",
      "geometry": {
        "type": "Point",
        "coordinates": [
          21.014496,
          42.728696
        ]
      },
      "properties": {
        "name": "Vanellus vanellus",
        "category": "fauna",
        "categoryLabel": "Vëzhgim faune",
        "location": "Vucitrn, Kosovë",
        "countryCodes": [
          "XK"
        ],
        "summary": "Vëzhgim i Vanellus vanellus më 2026-02-02 në Kosovë. Të dhënat nga GBIF.",
        "details": [
          "Një regjistrim i pranishmërisë së llojit; pika nuk paraqet shtrirjen e habitatit."
        ],
        "mapNote": "Koordinata e vëzhgimit nga GBIF; saktësia dhe origjina kontrollohen te regjistrimi burimor.",
        "geometryType": "Point",
        "sources": [
          {
            "label": "GBIF · regjistrimi dhe licenca",
            "url": "https://www.gbif.org/occurrence/6423661718"
          }
        ],
        "extra": {
          "Lloji": "Vanellus vanellus",
          "Data": "2026-02-02",
          "Licenca": "http://creativecommons.org/licenses/by-nc/4.0/legalcode",
          "Burimi": "GBIF"
        }
      }
    },
    {
      "type": "Feature",
      "id": "gbif-6423684380",
      "geometry": {
        "type": "Point",
        "coordinates": [
          21.22256,
          42.677097
        ]
      },
      "properties": {
        "name": "Parus major",
        "category": "fauna",
        "categoryLabel": "Vëzhgim faune",
        "location": "Priština, Kosovë",
        "countryCodes": [
          "XK"
        ],
        "summary": "Vëzhgim i Parus major më 2026-02-13 në Kosovë. Të dhënat nga GBIF.",
        "details": [
          "Një regjistrim i pranishmërisë së llojit; pika nuk paraqet shtrirjen e habitatit."
        ],
        "mapNote": "Koordinata e vëzhgimit nga GBIF; saktësia dhe origjina kontrollohen te regjistrimi burimor.",
        "geometryType": "Point",
        "sources": [
          {
            "label": "GBIF · regjistrimi dhe licenca",
            "url": "https://www.gbif.org/occurrence/6423684380"
          }
        ],
        "extra": {
          "Lloji": "Parus major",
          "Data": "2026-02-13",
          "Licenca": "http://creativecommons.org/licenses/by-nc/4.0/legalcode",
          "Burimi": "GBIF"
        }
      }
    },
    {
      "type": "Feature",
      "id": "gbif-6423712521",
      "geometry": {
        "type": "Point",
        "coordinates": [
          21.048453,
          42.579813
        ]
      },
      "properties": {
        "name": "Larus michahellis",
        "category": "fauna",
        "categoryLabel": "Vëzhgim faune",
        "location": "Lake 1, RSBAT01, Kosovë",
        "countryCodes": [
          "XK"
        ],
        "summary": "Vëzhgim i Larus michahellis më 2026-02-08 në Kosovë. Të dhënat nga GBIF.",
        "details": [
          "Një regjistrim i pranishmërisë së llojit; pika nuk paraqet shtrirjen e habitatit."
        ],
        "mapNote": "Koordinata e vëzhgimit nga GBIF; saktësia dhe origjina kontrollohen te regjistrimi burimor.",
        "geometryType": "Point",
        "sources": [
          {
            "label": "GBIF · regjistrimi dhe licenca",
            "url": "https://www.gbif.org/occurrence/6423712521"
          }
        ],
        "extra": {
          "Lloji": "Larus michahellis",
          "Data": "2026-02-08",
          "Licenca": "http://creativecommons.org/licenses/by-nc/4.0/legalcode",
          "Burimi": "GBIF"
        }
      }
    },
    {
      "type": "Feature",
      "id": "gbif-6423716305",
      "geometry": {
        "type": "Point",
        "coordinates": [
          20.815283,
          42.783181
        ]
      },
      "properties": {
        "name": "Gallinula chloropus",
        "category": "fauna",
        "categoryLabel": "Vëzhgim faune",
        "location": "Srbica, Kosovë",
        "countryCodes": [
          "XK"
        ],
        "summary": "Vëzhgim i Gallinula chloropus më 2026-02-02 në Kosovë. Të dhënat nga GBIF.",
        "details": [
          "Një regjistrim i pranishmërisë së llojit; pika nuk paraqet shtrirjen e habitatit."
        ],
        "mapNote": "Koordinata e vëzhgimit nga GBIF; saktësia dhe origjina kontrollohen te regjistrimi burimor.",
        "geometryType": "Point",
        "sources": [
          {
            "label": "GBIF · regjistrimi dhe licenca",
            "url": "https://www.gbif.org/occurrence/6423716305"
          }
        ],
        "extra": {
          "Lloji": "Gallinula chloropus",
          "Data": "2026-02-02",
          "Licenca": "http://creativecommons.org/licenses/by-nc/4.0/legalcode",
          "Burimi": "GBIF"
        }
      }
    },
    {
      "type": "Feature",
      "id": "gbif-6423720619",
      "geometry": {
        "type": "Point",
        "coordinates": [
          20.767527,
          42.940396
        ]
      },
      "properties": {
        "name": "Erithacus rubecula",
        "category": "fauna",
        "categoryLabel": "Vëzhgim faune",
        "location": "Zvecan, Kosovë",
        "countryCodes": [
          "XK"
        ],
        "summary": "Vëzhgim i Erithacus rubecula më 2026-02-18 në Kosovë. Të dhënat nga GBIF.",
        "details": [
          "Një regjistrim i pranishmërisë së llojit; pika nuk paraqet shtrirjen e habitatit."
        ],
        "mapNote": "Koordinata e vëzhgimit nga GBIF; saktësia dhe origjina kontrollohen te regjistrimi burimor.",
        "geometryType": "Point",
        "sources": [
          {
            "label": "GBIF · regjistrimi dhe licenca",
            "url": "https://www.gbif.org/occurrence/6423720619"
          }
        ],
        "extra": {
          "Lloji": "Erithacus rubecula",
          "Data": "2026-02-18",
          "Licenca": "http://creativecommons.org/licenses/by-nc/4.0/legalcode",
          "Burimi": "GBIF"
        }
      }
    },
    {
      "type": "Feature",
      "id": "gbif-6423773533",
      "geometry": {
        "type": "Point",
        "coordinates": [
          20.991467,
          42.819022
        ]
      },
      "properties": {
        "name": "Sitta europaea",
        "category": "fauna",
        "categoryLabel": "Vëzhgim faune",
        "location": "Vucitrn, Kosovë",
        "countryCodes": [
          "XK"
        ],
        "summary": "Vëzhgim i Sitta europaea më 2026-02-22 në Kosovë. Të dhënat nga GBIF.",
        "details": [
          "Një regjistrim i pranishmërisë së llojit; pika nuk paraqet shtrirjen e habitatit."
        ],
        "mapNote": "Koordinata e vëzhgimit nga GBIF; saktësia dhe origjina kontrollohen te regjistrimi burimor.",
        "geometryType": "Point",
        "sources": [
          {
            "label": "GBIF · regjistrimi dhe licenca",
            "url": "https://www.gbif.org/occurrence/6423773533"
          }
        ],
        "extra": {
          "Lloji": "Sitta europaea",
          "Data": "2026-02-22",
          "Licenca": "http://creativecommons.org/licenses/by-nc/4.0/legalcode",
          "Burimi": "GBIF"
        }
      }
    },
    {
      "type": "Feature",
      "id": "gbif-6423907354",
      "geometry": {
        "type": "Point",
        "coordinates": [
          21.05444,
          42.576596
        ]
      },
      "properties": {
        "name": "Saxicola rubicola",
        "category": "fauna",
        "categoryLabel": "Vëzhgim faune",
        "location": "Kosovo Polje, Kosovë",
        "countryCodes": [
          "XK"
        ],
        "summary": "Vëzhgim i Saxicola rubicola më 2026-02-15 në Kosovë. Të dhënat nga GBIF.",
        "details": [
          "Një regjistrim i pranishmërisë së llojit; pika nuk paraqet shtrirjen e habitatit."
        ],
        "mapNote": "Koordinata e vëzhgimit nga GBIF; saktësia dhe origjina kontrollohen te regjistrimi burimor.",
        "geometryType": "Point",
        "sources": [
          {
            "label": "GBIF · regjistrimi dhe licenca",
            "url": "https://www.gbif.org/occurrence/6423907354"
          }
        ],
        "extra": {
          "Lloji": "Saxicola rubicola",
          "Data": "2026-02-15",
          "Licenca": "http://creativecommons.org/licenses/by-nc/4.0/legalcode",
          "Burimi": "GBIF"
        }
      }
    },
    {
      "type": "Feature",
      "id": "gbif-6423912329",
      "geometry": {
        "type": "Point",
        "coordinates": [
          21.048539,
          42.579908
        ]
      },
      "properties": {
        "name": "Aythya ferina",
        "category": "fauna",
        "categoryLabel": "Vëzhgim faune",
        "location": "Lake 1, RSBAT01, Kosovë",
        "countryCodes": [
          "XK"
        ],
        "summary": "Vëzhgim i Aythya ferina më 2026-02-08 në Kosovë. Të dhënat nga GBIF.",
        "details": [
          "Një regjistrim i pranishmërisë së llojit; pika nuk paraqet shtrirjen e habitatit."
        ],
        "mapNote": "Koordinata e vëzhgimit nga GBIF; saktësia dhe origjina kontrollohen te regjistrimi burimor.",
        "geometryType": "Point",
        "sources": [
          {
            "label": "GBIF · regjistrimi dhe licenca",
            "url": "https://www.gbif.org/occurrence/6423912329"
          }
        ],
        "extra": {
          "Lloji": "Aythya ferina",
          "Data": "2026-02-08",
          "Licenca": "http://creativecommons.org/licenses/by-nc/4.0/legalcode",
          "Burimi": "GBIF"
        }
      }
    },
    {
      "type": "Feature",
      "id": "gbif-6423925577",
      "geometry": {
        "type": "Point",
        "coordinates": [
          20.832559,
          42.871898
        ]
      },
      "properties": {
        "name": "Anas platyrhynchos",
        "category": "fauna",
        "categoryLabel": "Vëzhgim faune",
        "location": "Kosovska Mitrovica, Kosovë",
        "countryCodes": [
          "XK"
        ],
        "summary": "Vëzhgim i Anas platyrhynchos më 2026-02-21 në Kosovë. Të dhënat nga GBIF.",
        "details": [
          "Një regjistrim i pranishmërisë së llojit; pika nuk paraqet shtrirjen e habitatit."
        ],
        "mapNote": "Koordinata e vëzhgimit nga GBIF; saktësia dhe origjina kontrollohen te regjistrimi burimor.",
        "geometryType": "Point",
        "sources": [
          {
            "label": "GBIF · regjistrimi dhe licenca",
            "url": "https://www.gbif.org/occurrence/6423925577"
          }
        ],
        "extra": {
          "Lloji": "Anas platyrhynchos",
          "Data": "2026-02-21",
          "Licenca": "http://creativecommons.org/licenses/by-nc/4.0/legalcode",
          "Burimi": "GBIF"
        }
      }
    },
    {
      "type": "Feature",
      "id": "gbif-6423943433",
      "geometry": {
        "type": "Point",
        "coordinates": [
          20.767682,
          42.940412
        ]
      },
      "properties": {
        "name": "Troglodytes troglodytes",
        "category": "fauna",
        "categoryLabel": "Vëzhgim faune",
        "location": "Zvecan, Kosovë",
        "countryCodes": [
          "XK"
        ],
        "summary": "Vëzhgim i Troglodytes troglodytes më 2026-02-18 në Kosovë. Të dhënat nga GBIF.",
        "details": [
          "Një regjistrim i pranishmërisë së llojit; pika nuk paraqet shtrirjen e habitatit."
        ],
        "mapNote": "Koordinata e vëzhgimit nga GBIF; saktësia dhe origjina kontrollohen te regjistrimi burimor.",
        "geometryType": "Point",
        "sources": [
          {
            "label": "GBIF · regjistrimi dhe licenca",
            "url": "https://www.gbif.org/occurrence/6423943433"
          }
        ],
        "extra": {
          "Lloji": "Troglodytes troglodytes",
          "Data": "2026-02-18",
          "Licenca": "http://creativecommons.org/licenses/by-nc/4.0/legalcode",
          "Burimi": "GBIF"
        }
      }
    },
    {
      "type": "Feature",
      "id": "gbif-6423955368",
      "geometry": {
        "type": "Point",
        "coordinates": [
          21.017125,
          42.725855
        ]
      },
      "properties": {
        "name": "Pica pica",
        "category": "fauna",
        "categoryLabel": "Vëzhgim faune",
        "location": "Vucitrn, Kosovë",
        "countryCodes": [
          "XK"
        ],
        "summary": "Vëzhgim i Pica pica më 2026-02-07 në Kosovë. Të dhënat nga GBIF.",
        "details": [
          "Një regjistrim i pranishmërisë së llojit; pika nuk paraqet shtrirjen e habitatit."
        ],
        "mapNote": "Koordinata e vëzhgimit nga GBIF; saktësia dhe origjina kontrollohen te regjistrimi burimor.",
        "geometryType": "Point",
        "sources": [
          {
            "label": "GBIF · regjistrimi dhe licenca",
            "url": "https://www.gbif.org/occurrence/6423955368"
          }
        ],
        "extra": {
          "Lloji": "Pica pica",
          "Data": "2026-02-07",
          "Licenca": "http://creativecommons.org/licenses/by-nc/4.0/legalcode",
          "Burimi": "GBIF"
        }
      }
    },
    {
      "type": "Feature",
      "id": "gbif-6423993734",
      "geometry": {
        "type": "Point",
        "coordinates": [
          20.722082,
          41.958686
        ]
      },
      "properties": {
        "name": "Pyrrhocorax graculus",
        "category": "fauna",
        "categoryLabel": "Vëzhgim faune",
        "location": "Dragaš, Kosovë",
        "countryCodes": [
          "XK"
        ],
        "summary": "Vëzhgim i Pyrrhocorax graculus më 2026-02-14 në Kosovë. Të dhënat nga GBIF.",
        "details": [
          "Një regjistrim i pranishmërisë së llojit; pika nuk paraqet shtrirjen e habitatit."
        ],
        "mapNote": "Koordinata e vëzhgimit nga GBIF; saktësia dhe origjina kontrollohen te regjistrimi burimor.",
        "geometryType": "Point",
        "sources": [
          {
            "label": "GBIF · regjistrimi dhe licenca",
            "url": "https://www.gbif.org/occurrence/6423993734"
          }
        ],
        "extra": {
          "Lloji": "Pyrrhocorax graculus",
          "Data": "2026-02-14",
          "Licenca": "http://creativecommons.org/licenses/by-nc/4.0/legalcode",
          "Burimi": "GBIF"
        }
      }
    },
    {
      "type": "Feature",
      "id": "gbif-6423993748",
      "geometry": {
        "type": "Point",
        "coordinates": [
          21.56706,
          42.580218
        ]
      },
      "properties": {
        "name": "Galerida cristata",
        "category": "fauna",
        "categoryLabel": "Vëzhgim faune",
        "location": "Kosovska Kamenica, Kosovë",
        "countryCodes": [
          "XK"
        ],
        "summary": "Vëzhgim i Galerida cristata më 2026-02-20 në Kosovë. Të dhënat nga GBIF.",
        "details": [
          "Një regjistrim i pranishmërisë së llojit; pika nuk paraqet shtrirjen e habitatit."
        ],
        "mapNote": "Koordinata e vëzhgimit nga GBIF; saktësia dhe origjina kontrollohen te regjistrimi burimor.",
        "geometryType": "Point",
        "sources": [
          {
            "label": "GBIF · regjistrimi dhe licenca",
            "url": "https://www.gbif.org/occurrence/6423993748"
          }
        ],
        "extra": {
          "Lloji": "Galerida cristata",
          "Data": "2026-02-20",
          "Licenca": "http://creativecommons.org/licenses/by-nc/4.0/legalcode",
          "Burimi": "GBIF"
        }
      }
    },
    {
      "type": "Feature",
      "id": "gbif-6424046592",
      "geometry": {
        "type": "Point",
        "coordinates": [
          21.593816,
          42.499012
        ]
      },
      "properties": {
        "name": "Mareca strepera",
        "category": "fauna",
        "categoryLabel": "Vëzhgim faune",
        "location": "Kosovska Kamenica, Kosovë",
        "countryCodes": [
          "XK"
        ],
        "summary": "Vëzhgim i Mareca strepera më 2026-02-08 në Kosovë. Të dhënat nga GBIF.",
        "details": [
          "Një regjistrim i pranishmërisë së llojit; pika nuk paraqet shtrirjen e habitatit."
        ],
        "mapNote": "Koordinata e vëzhgimit nga GBIF; saktësia dhe origjina kontrollohen te regjistrimi burimor.",
        "geometryType": "Point",
        "sources": [
          {
            "label": "GBIF · regjistrimi dhe licenca",
            "url": "https://www.gbif.org/occurrence/6424046592"
          }
        ],
        "extra": {
          "Lloji": "Mareca strepera",
          "Data": "2026-02-08",
          "Licenca": "http://creativecommons.org/licenses/by-nc/4.0/legalcode",
          "Burimi": "GBIF"
        }
      }
    },
    {
      "type": "Feature",
      "id": "gbif-6424110451",
      "geometry": {
        "type": "Point",
        "coordinates": [
          21.123568,
          42.661917
        ]
      },
      "properties": {
        "name": "Perdix perdix",
        "category": "fauna",
        "categoryLabel": "Vëzhgim faune",
        "location": "Priština, Kosovë",
        "countryCodes": [
          "XK"
        ],
        "summary": "Vëzhgim i Perdix perdix më 2026-02-21 në Kosovë. Të dhënat nga GBIF.",
        "details": [
          "Një regjistrim i pranishmërisë së llojit; pika nuk paraqet shtrirjen e habitatit."
        ],
        "mapNote": "Koordinata e vëzhgimit nga GBIF; saktësia dhe origjina kontrollohen te regjistrimi burimor.",
        "geometryType": "Point",
        "sources": [
          {
            "label": "GBIF · regjistrimi dhe licenca",
            "url": "https://www.gbif.org/occurrence/6424110451"
          }
        ],
        "extra": {
          "Lloji": "Perdix perdix",
          "Data": "2026-02-21",
          "Licenca": "http://creativecommons.org/licenses/by-nc/4.0/legalcode",
          "Burimi": "GBIF"
        }
      }
    },
    {
      "type": "Feature",
      "id": "gbif-6424112365",
      "geometry": {
        "type": "Point",
        "coordinates": [
          20.808141,
          42.786359
        ]
      },
      "properties": {
        "name": "Buteo buteo",
        "category": "fauna",
        "categoryLabel": "Vëzhgim faune",
        "location": "Srbica, Kosovë",
        "countryCodes": [
          "XK"
        ],
        "summary": "Vëzhgim i Buteo buteo më 2026-02-18 në Kosovë. Të dhënat nga GBIF.",
        "details": [
          "Një regjistrim i pranishmërisë së llojit; pika nuk paraqet shtrirjen e habitatit."
        ],
        "mapNote": "Koordinata e vëzhgimit nga GBIF; saktësia dhe origjina kontrollohen te regjistrimi burimor.",
        "geometryType": "Point",
        "sources": [
          {
            "label": "GBIF · regjistrimi dhe licenca",
            "url": "https://www.gbif.org/occurrence/6424112365"
          }
        ],
        "extra": {
          "Lloji": "Buteo buteo",
          "Data": "2026-02-18",
          "Licenca": "http://creativecommons.org/licenses/by-nc/4.0/legalcode",
          "Burimi": "GBIF"
        }
      }
    },
    {
      "type": "Feature",
      "id": "gbif-6424167353",
      "geometry": {
        "type": "Point",
        "coordinates": [
          20.723841,
          41.947962
        ]
      },
      "properties": {
        "name": "Prunella collaris",
        "category": "fauna",
        "categoryLabel": "Vëzhgim faune",
        "location": "Dragaš, Kosovë",
        "countryCodes": [
          "XK"
        ],
        "summary": "Vëzhgim i Prunella collaris më 2026-02-14 në Kosovë. Të dhënat nga GBIF.",
        "details": [
          "Një regjistrim i pranishmërisë së llojit; pika nuk paraqet shtrirjen e habitatit."
        ],
        "mapNote": "Koordinata e vëzhgimit nga GBIF; saktësia dhe origjina kontrollohen te regjistrimi burimor.",
        "geometryType": "Point",
        "sources": [
          {
            "label": "GBIF · regjistrimi dhe licenca",
            "url": "https://www.gbif.org/occurrence/6424167353"
          }
        ],
        "extra": {
          "Lloji": "Prunella collaris",
          "Data": "2026-02-14",
          "Licenca": "http://creativecommons.org/licenses/by-nc/4.0/legalcode",
          "Burimi": "GBIF"
        }
      }
    },
    {
      "type": "Feature",
      "id": "gbif-6424182694",
      "geometry": {
        "type": "Point",
        "coordinates": [
          20.708885,
          41.982272
        ]
      },
      "properties": {
        "name": "Aquila chrysaetos",
        "category": "fauna",
        "categoryLabel": "Vëzhgim faune",
        "location": "Dragaš, Kosovë",
        "countryCodes": [
          "XK"
        ],
        "summary": "Vëzhgim i Aquila chrysaetos më 2026-02-25 në Kosovë. Të dhënat nga GBIF.",
        "details": [
          "Një regjistrim i pranishmërisë së llojit; pika nuk paraqet shtrirjen e habitatit."
        ],
        "mapNote": "Koordinata e vëzhgimit nga GBIF; saktësia dhe origjina kontrollohen te regjistrimi burimor.",
        "geometryType": "Point",
        "sources": [
          {
            "label": "GBIF · regjistrimi dhe licenca",
            "url": "https://www.gbif.org/occurrence/6424182694"
          }
        ],
        "extra": {
          "Lloji": "Aquila chrysaetos",
          "Data": "2026-02-25",
          "Licenca": "http://creativecommons.org/licenses/by-nc/4.0/legalcode",
          "Burimi": "GBIF"
        }
      }
    },
    {
      "type": "Feature",
      "id": "gbif-6424211325",
      "geometry": {
        "type": "Point",
        "coordinates": [
          20.817609,
          42.78072
        ]
      },
      "properties": {
        "name": "Carduelis carduelis",
        "category": "fauna",
        "categoryLabel": "Vëzhgim faune",
        "location": "Srbica, Kosovë",
        "countryCodes": [
          "XK"
        ],
        "summary": "Vëzhgim i Carduelis carduelis më 2026-02-18 në Kosovë. Të dhënat nga GBIF.",
        "details": [
          "Një regjistrim i pranishmërisë së llojit; pika nuk paraqet shtrirjen e habitatit."
        ],
        "mapNote": "Koordinata e vëzhgimit nga GBIF; saktësia dhe origjina kontrollohen te regjistrimi burimor.",
        "geometryType": "Point",
        "sources": [
          {
            "label": "GBIF · regjistrimi dhe licenca",
            "url": "https://www.gbif.org/occurrence/6424211325"
          }
        ],
        "extra": {
          "Lloji": "Carduelis carduelis",
          "Data": "2026-02-18",
          "Licenca": "http://creativecommons.org/licenses/by-nc/4.0/legalcode",
          "Burimi": "GBIF"
        }
      }
    },
    {
      "type": "Feature",
      "id": "gbif-6424259666",
      "geometry": {
        "type": "Point",
        "coordinates": [
          21.010891,
          42.730209
        ]
      },
      "properties": {
        "name": "Galerida cristata",
        "category": "fauna",
        "categoryLabel": "Vëzhgim faune",
        "location": "Vucitrn, Kosovë",
        "countryCodes": [
          "XK"
        ],
        "summary": "Vëzhgim i Galerida cristata më 2026-02-07 në Kosovë. Të dhënat nga GBIF.",
        "details": [
          "Një regjistrim i pranishmërisë së llojit; pika nuk paraqet shtrirjen e habitatit."
        ],
        "mapNote": "Koordinata e vëzhgimit nga GBIF; saktësia dhe origjina kontrollohen te regjistrimi burimor.",
        "geometryType": "Point",
        "sources": [
          {
            "label": "GBIF · regjistrimi dhe licenca",
            "url": "https://www.gbif.org/occurrence/6424259666"
          }
        ],
        "extra": {
          "Lloji": "Galerida cristata",
          "Data": "2026-02-07",
          "Licenca": "http://creativecommons.org/licenses/by-nc/4.0/legalcode",
          "Burimi": "GBIF"
        }
      }
    },
    {
      "type": "Feature",
      "id": "gbif-6424271581",
      "geometry": {
        "type": "Point",
        "coordinates": [
          20.832559,
          42.871898
        ]
      },
      "properties": {
        "name": "Ardea cinerea",
        "category": "fauna",
        "categoryLabel": "Vëzhgim faune",
        "location": "Kosovska Mitrovica, Kosovë",
        "countryCodes": [
          "XK"
        ],
        "summary": "Vëzhgim i Ardea cinerea më 2026-02-21 në Kosovë. Të dhënat nga GBIF.",
        "details": [
          "Një regjistrim i pranishmërisë së llojit; pika nuk paraqet shtrirjen e habitatit."
        ],
        "mapNote": "Koordinata e vëzhgimit nga GBIF; saktësia dhe origjina kontrollohen te regjistrimi burimor.",
        "geometryType": "Point",
        "sources": [
          {
            "label": "GBIF · regjistrimi dhe licenca",
            "url": "https://www.gbif.org/occurrence/6424271581"
          }
        ],
        "extra": {
          "Lloji": "Ardea cinerea",
          "Data": "2026-02-21",
          "Licenca": "http://creativecommons.org/licenses/by-nc/4.0/legalcode",
          "Burimi": "GBIF"
        }
      }
    },
    {
      "type": "Feature",
      "id": "gbif-6424337669",
      "geometry": {
        "type": "Point",
        "coordinates": [
          20.761186,
          42.829971
        ]
      },
      "properties": {
        "name": "Spinus spinus",
        "category": "fauna",
        "categoryLabel": "Vëzhgim faune",
        "location": "Kosovska Mitrovica, Kosovë",
        "countryCodes": [
          "XK"
        ],
        "summary": "Vëzhgim i Spinus spinus më 2026-02-12 në Kosovë. Të dhënat nga GBIF.",
        "details": [
          "Një regjistrim i pranishmërisë së llojit; pika nuk paraqet shtrirjen e habitatit."
        ],
        "mapNote": "Koordinata e vëzhgimit nga GBIF; saktësia dhe origjina kontrollohen te regjistrimi burimor.",
        "geometryType": "Point",
        "sources": [
          {
            "label": "GBIF · regjistrimi dhe licenca",
            "url": "https://www.gbif.org/occurrence/6424337669"
          }
        ],
        "extra": {
          "Lloji": "Spinus spinus",
          "Data": "2026-02-12",
          "Licenca": "http://creativecommons.org/licenses/by-nc/4.0/legalcode",
          "Burimi": "GBIF"
        }
      }
    },
    {
      "type": "Feature",
      "id": "gbif-6424515699",
      "geometry": {
        "type": "Point",
        "coordinates": [
          21.049499,
          42.581374
        ]
      },
      "properties": {
        "name": "Carduelis carduelis",
        "category": "fauna",
        "categoryLabel": "Vëzhgim faune",
        "location": "Lake 1, RSBAT01, Kosovë",
        "countryCodes": [
          "XK"
        ],
        "summary": "Vëzhgim i Carduelis carduelis më 2026-02-02 në Kosovë. Të dhënat nga GBIF.",
        "details": [
          "Një regjistrim i pranishmërisë së llojit; pika nuk paraqet shtrirjen e habitatit."
        ],
        "mapNote": "Koordinata e vëzhgimit nga GBIF; saktësia dhe origjina kontrollohen te regjistrimi burimor.",
        "geometryType": "Point",
        "sources": [
          {
            "label": "GBIF · regjistrimi dhe licenca",
            "url": "https://www.gbif.org/occurrence/6424515699"
          }
        ],
        "extra": {
          "Lloji": "Carduelis carduelis",
          "Data": "2026-02-02",
          "Licenca": "http://creativecommons.org/licenses/by-nc/4.0/legalcode",
          "Burimi": "GBIF"
        }
      }
    },
    {
      "type": "Feature",
      "id": "gbif-6424516411",
      "geometry": {
        "type": "Point",
        "coordinates": [
          20.633622,
          42.297656
        ]
      },
      "properties": {
        "name": "Galerida cristata",
        "category": "fauna",
        "categoryLabel": "Vëzhgim faune",
        "location": "Prizren, Kosovë",
        "countryCodes": [
          "XK"
        ],
        "summary": "Vëzhgim i Galerida cristata më 2026-02-12 në Kosovë. Të dhënat nga GBIF.",
        "details": [
          "Një regjistrim i pranishmërisë së llojit; pika nuk paraqet shtrirjen e habitatit."
        ],
        "mapNote": "Koordinata e vëzhgimit nga GBIF; saktësia dhe origjina kontrollohen te regjistrimi burimor.",
        "geometryType": "Point",
        "sources": [
          {
            "label": "GBIF · regjistrimi dhe licenca",
            "url": "https://www.gbif.org/occurrence/6424516411"
          }
        ],
        "extra": {
          "Lloji": "Galerida cristata",
          "Data": "2026-02-12",
          "Licenca": "http://creativecommons.org/licenses/by-nc/4.0/legalcode",
          "Burimi": "GBIF"
        }
      }
    },
    {
      "type": "Feature",
      "id": "gbif-6424541686",
      "geometry": {
        "type": "Point",
        "coordinates": [
          20.832559,
          42.871898
        ]
      },
      "properties": {
        "name": "Gallinula chloropus",
        "category": "fauna",
        "categoryLabel": "Vëzhgim faune",
        "location": "Kosovska Mitrovica, Kosovë",
        "countryCodes": [
          "XK"
        ],
        "summary": "Vëzhgim i Gallinula chloropus më 2026-02-21 në Kosovë. Të dhënat nga GBIF.",
        "details": [
          "Një regjistrim i pranishmërisë së llojit; pika nuk paraqet shtrirjen e habitatit."
        ],
        "mapNote": "Koordinata e vëzhgimit nga GBIF; saktësia dhe origjina kontrollohen te regjistrimi burimor.",
        "geometryType": "Point",
        "sources": [
          {
            "label": "GBIF · regjistrimi dhe licenca",
            "url": "https://www.gbif.org/occurrence/6424541686"
          }
        ],
        "extra": {
          "Lloji": "Gallinula chloropus",
          "Data": "2026-02-21",
          "Licenca": "http://creativecommons.org/licenses/by-nc/4.0/legalcode",
          "Burimi": "GBIF"
        }
      }
    },
    {
      "type": "Feature",
      "id": "gbif-6424584346",
      "geometry": {
        "type": "Point",
        "coordinates": [
          21.083716,
          42.57151
        ]
      },
      "properties": {
        "name": "Falco tinnunculus",
        "category": "fauna",
        "categoryLabel": "Vëzhgim faune",
        "location": "Priština, Kosovë",
        "countryCodes": [
          "XK"
        ],
        "summary": "Vëzhgim i Falco tinnunculus më 2026-02-28 në Kosovë. Të dhënat nga GBIF.",
        "details": [
          "Një regjistrim i pranishmërisë së llojit; pika nuk paraqet shtrirjen e habitatit."
        ],
        "mapNote": "Koordinata e vëzhgimit nga GBIF; saktësia dhe origjina kontrollohen te regjistrimi burimor.",
        "geometryType": "Point",
        "sources": [
          {
            "label": "GBIF · regjistrimi dhe licenca",
            "url": "https://www.gbif.org/occurrence/6424584346"
          }
        ],
        "extra": {
          "Lloji": "Falco tinnunculus",
          "Data": "2026-02-28",
          "Licenca": "http://creativecommons.org/licenses/by-nc/4.0/legalcode",
          "Burimi": "GBIF"
        }
      }
    }
  ]
}
