{
  "type": "FeatureCollection",
  "features": [
    {
      "type": "Feature",
      "id": "gbif-6129815306",
      "geometry": {
        "type": "Point",
        "coordinates": [
          19.802525,
          41.333669
        ]
      },
      "properties": {
        "name": "Olea europaea",
        "category": "flora",
        "categoryLabel": "Vëzhgim flore",
        "location": "Tiranë, Shqipëri",
        "countryCodes": [
          "AL"
        ],
        "summary": "Vëzhgim i Olea europaea më 2026-01-08 në Shqipëri. Të dhënat nga GBIF.",
        "details": [
          "Një regjistrim i pranishmërisë së llojit; pika nuk paraqet shtrirjen e habitatit."
        ],
        "mapNote": "Koordinata e vëzhgimit nga GBIF; saktësia dhe origjina kontrollohen te regjistrimi burimor.",
        "geometryType": "Point",
        "sources": [
          {
            "label": "GBIF · regjistrimi dhe licenca",
            "url": "https://www.gbif.org/occurrence/6129815306"
          }
        ],
        "extra": {
          "Lloji": "Olea europaea",
          "Data": "2026-01-08",
          "Licenca": "http://creativecommons.org/licenses/by-nc/4.0/legalcode",
          "Burimi": "iNaturalist research-grade observations"
        },
        "image": {
          "url": "https://api.gbif.org/v1/image/cache/800x/occurrence/6129815306/media/aae3fb74455cfdcf78acd39acd65bed9",
          "source": "https://www.inaturalist.org/photos/606394912",
          "credit": "Emileda Haxho",
          "license": "CC BY-NC 4.0",
          "licenseUrl": "http://creativecommons.org/licenses/by-nc/4.0/",
          "alt": "Olea europaea"
        }
      }
    },
    {
      "type": "Feature",
      "id": "gbif-6129856135",
      "geometry": {
        "type": "Point",
        "coordinates": [
          19.822208,
          41.315222
        ]
      },
      "properties": {
        "name": "Arum italicum",
        "category": "flora",
        "categoryLabel": "Vëzhgim flore",
        "location": "Tiranë, Shqipëri",
        "countryCodes": [
          "AL"
        ],
        "summary": "Vëzhgim i Arum italicum më 2026-01-25 në Shqipëri. Të dhënat nga GBIF.",
        "details": [
          "Një regjistrim i pranishmërisë së llojit; pika nuk paraqet shtrirjen e habitatit."
        ],
        "mapNote": "Koordinata e vëzhgimit nga GBIF; saktësia dhe origjina kontrollohen te regjistrimi burimor.",
        "geometryType": "Point",
        "sources": [
          {
            "label": "GBIF · regjistrimi dhe licenca",
            "url": "https://www.gbif.org/occurrence/6129856135"
          }
        ],
        "extra": {
          "Lloji": "Arum italicum",
          "Data": "2026-01-25",
          "Licenca": "http://creativecommons.org/licenses/by-nc/4.0/legalcode",
          "Burimi": "iNaturalist research-grade observations"
        },
        "image": {
          "url": "https://api.gbif.org/v1/image/cache/800x/occurrence/6129856135/media/920aeab2f39c52cfe72fd415188de486",
          "source": "https://www.inaturalist.org/photos/610671489",
          "credit": "arberzaimi",
          "license": "CC BY-NC 4.0",
          "licenseUrl": "http://creativecommons.org/licenses/by-nc/4.0/",
          "alt": "Arum italicum"
        }
      }
    },
    {
      "type": "Feature",
      "id": "gbif-6129860097",
      "geometry": {
        "type": "Point",
        "coordinates": [
          19.989472,
          39.874593
        ]
      },
      "properties": {
        "name": "Paliurus spina-christi",
        "category": "flora",
        "categoryLabel": "Vëzhgim flore",
        "location": "Vlorë, Shqipëri",
        "countryCodes": [
          "AL"
        ],
        "summary": "Vëzhgim i Paliurus spina-christi më 2026-01-13 në Shqipëri. Të dhënat nga GBIF.",
        "details": [
          "Një regjistrim i pranishmërisë së llojit; pika nuk paraqet shtrirjen e habitatit."
        ],
        "mapNote": "Koordinata e vëzhgimit nga GBIF; saktësia dhe origjina kontrollohen te regjistrimi burimor.",
        "geometryType": "Point",
        "sources": [
          {
            "label": "GBIF · regjistrimi dhe licenca",
            "url": "https://www.gbif.org/occurrence/6129860097"
          }
        ],
        "extra": {
          "Lloji": "Paliurus spina-christi",
          "Data": "2026-01-13",
          "Licenca": "http://creativecommons.org/licenses/by-nc/4.0/legalcode",
          "Burimi": "iNaturalist research-grade observations"
        },
        "image": {
          "url": "https://api.gbif.org/v1/image/cache/800x/occurrence/6129860097/media/c97b3741f0b727e2968976b1989b7a6d",
          "source": "https://www.inaturalist.org/photos/607699867",
          "credit": "arberzaimi",
          "license": "CC BY-NC 4.0",
          "licenseUrl": "http://creativecommons.org/licenses/by-nc/4.0/",
          "alt": "Paliurus spina-christi"
        }
      }
    },
    {
      "type": "Feature",
      "id": "gbif-6129889729",
      "geometry": {
        "type": "Point",
        "coordinates": [
          19.802471,
          41.334024
        ]
      },
      "properties": {
        "name": "Lolium pratense",
        "category": "flora",
        "categoryLabel": "Vëzhgim flore",
        "location": "Tiranë, Shqipëri",
        "countryCodes": [
          "AL"
        ],
        "summary": "Vëzhgim i Lolium pratense më 2026-01-15 në Shqipëri. Të dhënat nga GBIF.",
        "details": [
          "Një regjistrim i pranishmërisë së llojit; pika nuk paraqet shtrirjen e habitatit."
        ],
        "mapNote": "Koordinata e vëzhgimit nga GBIF; saktësia dhe origjina kontrollohen te regjistrimi burimor.",
        "geometryType": "Point",
        "sources": [
          {
            "label": "GBIF · regjistrimi dhe licenca",
            "url": "https://www.gbif.org/occurrence/6129889729"
          }
        ],
        "extra": {
          "Lloji": "Lolium pratense",
          "Data": "2026-01-15",
          "Licenca": "http://creativecommons.org/licenses/by-nc/4.0/legalcode",
          "Burimi": "iNaturalist research-grade observations"
        },
        "image": {
          "url": "https://api.gbif.org/v1/image/cache/800x/occurrence/6129889729/media/1c01702ebcf83b456fde2ae096b235c7",
          "source": "https://www.inaturalist.org/photos/608168540",
          "credit": "Rajmonda Mena",
          "license": "CC BY-NC 4.0",
          "licenseUrl": "http://creativecommons.org/licenses/by-nc/4.0/",
          "alt": "Lolium pratense"
        }
      }
    },
    {
      "type": "Feature",
      "id": "gbif-6129995321",
      "geometry": {
        "type": "Point",
        "coordinates": [
          19.802494,
          41.333676
        ]
      },
      "properties": {
        "name": "Senecio vulgaris",
        "category": "flora",
        "categoryLabel": "Vëzhgim flore",
        "location": "Tiranë, Shqipëri",
        "countryCodes": [
          "AL"
        ],
        "summary": "Vëzhgim i Senecio vulgaris më 2026-01-08 në Shqipëri. Të dhënat nga GBIF.",
        "details": [
          "Një regjistrim i pranishmërisë së llojit; pika nuk paraqet shtrirjen e habitatit."
        ],
        "mapNote": "Koordinata e vëzhgimit nga GBIF; saktësia dhe origjina kontrollohen te regjistrimi burimor.",
        "geometryType": "Point",
        "sources": [
          {
            "label": "GBIF · regjistrimi dhe licenca",
            "url": "https://www.gbif.org/occurrence/6129995321"
          }
        ],
        "extra": {
          "Lloji": "Senecio vulgaris",
          "Data": "2026-01-08",
          "Licenca": "http://creativecommons.org/licenses/by-nc/4.0/legalcode",
          "Burimi": "iNaturalist research-grade observations"
        },
        "image": {
          "url": "https://api.gbif.org/v1/image/cache/800x/occurrence/6129995321/media/709f1742891570c05532ac4af31c73dc",
          "source": "https://www.inaturalist.org/photos/606399772",
          "credit": "Niselda Myrtaj",
          "license": "CC BY-NC 4.0",
          "licenseUrl": "http://creativecommons.org/licenses/by-nc/4.0/",
          "alt": "Senecio vulgaris"
        }
      }
    },
    {
      "type": "Feature",
      "id": "gbif-6129996307",
      "geometry": {
        "type": "Point",
        "coordinates": [
          19.799429,
          41.31732
        ]
      },
      "properties": {
        "name": "Chamaecyparis pisifera",
        "category": "flora",
        "categoryLabel": "Vëzhgim flore",
        "location": "Tiranë, Shqipëri",
        "countryCodes": [
          "AL"
        ],
        "summary": "Vëzhgim i Chamaecyparis pisifera më 2026-01-05 në Shqipëri. Të dhënat nga GBIF.",
        "details": [
          "Një regjistrim i pranishmërisë së llojit; pika nuk paraqet shtrirjen e habitatit."
        ],
        "mapNote": "Koordinata e vëzhgimit nga GBIF; saktësia dhe origjina kontrollohen te regjistrimi burimor.",
        "geometryType": "Point",
        "sources": [
          {
            "label": "GBIF · regjistrimi dhe licenca",
            "url": "https://www.gbif.org/occurrence/6129996307"
          }
        ],
        "extra": {
          "Lloji": "Chamaecyparis pisifera",
          "Data": "2026-01-05",
          "Licenca": "http://creativecommons.org/licenses/by-nc/4.0/legalcode",
          "Burimi": "iNaturalist research-grade observations"
        },
        "image": {
          "url": "https://api.gbif.org/v1/image/cache/800x/occurrence/6129996307/media/eae68ed20f789324e5fd4d617502cc27",
          "source": "https://www.inaturalist.org/photos/605877600",
          "credit": "Mirela",
          "license": "CC BY-NC 4.0",
          "licenseUrl": "http://creativecommons.org/licenses/by-nc/4.0/",
          "alt": "Chamaecyparis pisifera"
        }
      }
    },
    {
      "type": "Feature",
      "id": "gbif-6130108524",
      "geometry": {
        "type": "Point",
        "coordinates": [
          19.821699,
          41.314561
        ]
      },
      "properties": {
        "name": "Veronica persica",
        "category": "flora",
        "categoryLabel": "Vëzhgim flore",
        "location": "Tiranë, Shqipëri",
        "countryCodes": [
          "AL"
        ],
        "summary": "Vëzhgim i Veronica persica më 2026-01-25 në Shqipëri. Të dhënat nga GBIF.",
        "details": [
          "Një regjistrim i pranishmërisë së llojit; pika nuk paraqet shtrirjen e habitatit."
        ],
        "mapNote": "Koordinata e vëzhgimit nga GBIF; saktësia dhe origjina kontrollohen te regjistrimi burimor.",
        "geometryType": "Point",
        "sources": [
          {
            "label": "GBIF · regjistrimi dhe licenca",
            "url": "https://www.gbif.org/occurrence/6130108524"
          }
        ],
        "extra": {
          "Lloji": "Veronica persica",
          "Data": "2026-01-25",
          "Licenca": "http://creativecommons.org/licenses/by-nc/4.0/legalcode",
          "Burimi": "iNaturalist research-grade observations"
        },
        "image": {
          "url": "https://api.gbif.org/v1/image/cache/800x/occurrence/6130108524/media/32e6ee0f241c02ba0b79974984a59fa6",
          "source": "https://www.inaturalist.org/photos/610674058",
          "credit": "arberzaimi",
          "license": "CC BY-NC 4.0",
          "licenseUrl": "http://creativecommons.org/licenses/by-nc/4.0/",
          "alt": "Veronica persica"
        }
      }
    },
    {
      "type": "Feature",
      "id": "gbif-6130144223",
      "geometry": {
        "type": "Point",
        "coordinates": [
          19.437005,
          41.351619
        ]
      },
      "properties": {
        "name": "Euphorbia peplus",
        "category": "flora",
        "categoryLabel": "Vëzhgim flore",
        "location": "Durrës, Shqipëri",
        "countryCodes": [
          "AL"
        ],
        "summary": "Vëzhgim i Euphorbia peplus më 2026-01-16 në Shqipëri. Të dhënat nga GBIF.",
        "details": [
          "Një regjistrim i pranishmërisë së llojit; pika nuk paraqet shtrirjen e habitatit."
        ],
        "mapNote": "Koordinata e vëzhgimit nga GBIF; saktësia dhe origjina kontrollohen te regjistrimi burimor.",
        "geometryType": "Point",
        "sources": [
          {
            "label": "GBIF · regjistrimi dhe licenca",
            "url": "https://www.gbif.org/occurrence/6130144223"
          }
        ],
        "extra": {
          "Lloji": "Euphorbia peplus",
          "Data": "2026-01-16",
          "Licenca": "http://creativecommons.org/licenses/by-nc/4.0/legalcode",
          "Burimi": "iNaturalist research-grade observations"
        },
        "image": {
          "url": "https://api.gbif.org/v1/image/cache/800x/occurrence/6130144223/media/958159ac38db5f5483180f27fdaf0441",
          "source": "https://www.inaturalist.org/photos/608420749",
          "credit": "Arian",
          "license": "CC BY-NC 4.0",
          "licenseUrl": "http://creativecommons.org/licenses/by-nc/4.0/",
          "alt": "Euphorbia peplus"
        }
      }
    },
    {
      "type": "Feature",
      "id": "gbif-6130145424",
      "geometry": {
        "type": "Point",
        "coordinates": [
          20.013319,
          39.87261
        ]
      },
      "properties": {
        "name": "Ricinus communis",
        "category": "flora",
        "categoryLabel": "Vëzhgim flore",
        "location": "Vlorë, Shqipëri",
        "countryCodes": [
          "AL"
        ],
        "summary": "Vëzhgim i Ricinus communis më 2026-01-12 në Shqipëri. Të dhënat nga GBIF.",
        "details": [
          "Një regjistrim i pranishmërisë së llojit; pika nuk paraqet shtrirjen e habitatit."
        ],
        "mapNote": "Koordinata e vëzhgimit nga GBIF; saktësia dhe origjina kontrollohen te regjistrimi burimor.",
        "geometryType": "Point",
        "sources": [
          {
            "label": "GBIF · regjistrimi dhe licenca",
            "url": "https://www.gbif.org/occurrence/6130145424"
          }
        ],
        "extra": {
          "Lloji": "Ricinus communis",
          "Data": "2026-01-12",
          "Licenca": "http://creativecommons.org/licenses/by-nc/4.0/legalcode",
          "Burimi": "iNaturalist research-grade observations"
        },
        "image": {
          "url": "https://api.gbif.org/v1/image/cache/800x/occurrence/6130145424/media/1c3da67de9a7f509601e4e27429ee4a5",
          "source": "https://www.inaturalist.org/photos/607434089",
          "credit": "arberzaimi",
          "license": "CC BY-NC 4.0",
          "licenseUrl": "http://creativecommons.org/licenses/by-nc/4.0/",
          "alt": "Ricinus communis"
        }
      }
    },
    {
      "type": "Feature",
      "id": "gbif-6130168490",
      "geometry": {
        "type": "Point",
        "coordinates": [
          19.994335,
          39.872276
        ]
      },
      "properties": {
        "name": "Tradescantia pallida",
        "category": "flora",
        "categoryLabel": "Vëzhgim flore",
        "location": "Vlorë, Shqipëri",
        "countryCodes": [
          "AL"
        ],
        "summary": "Vëzhgim i Tradescantia pallida më 2026-01-13 në Shqipëri. Të dhënat nga GBIF.",
        "details": [
          "Një regjistrim i pranishmërisë së llojit; pika nuk paraqet shtrirjen e habitatit."
        ],
        "mapNote": "Koordinata e vëzhgimit nga GBIF; saktësia dhe origjina kontrollohen te regjistrimi burimor.",
        "geometryType": "Point",
        "sources": [
          {
            "label": "GBIF · regjistrimi dhe licenca",
            "url": "https://www.gbif.org/occurrence/6130168490"
          }
        ],
        "extra": {
          "Lloji": "Tradescantia pallida",
          "Data": "2026-01-13",
          "Licenca": "http://creativecommons.org/licenses/by-nc/4.0/legalcode",
          "Burimi": "iNaturalist research-grade observations"
        },
        "image": {
          "url": "https://api.gbif.org/v1/image/cache/800x/occurrence/6130168490/media/5edd6110c4c0575e245665f8570f14a7",
          "source": "https://www.inaturalist.org/photos/607699234",
          "credit": "arberzaimi",
          "license": "CC BY-NC 4.0",
          "licenseUrl": "http://creativecommons.org/licenses/by-nc/4.0/",
          "alt": "Tradescantia pallida"
        }
      }
    },
    {
      "type": "Feature",
      "id": "gbif-6130272171",
      "geometry": {
        "type": "Point",
        "coordinates": [
          20.003911,
          39.872792
        ]
      },
      "properties": {
        "name": "Hibiscus rosa-sinensis",
        "category": "flora",
        "categoryLabel": "Vëzhgim flore",
        "location": "Vlorë, Shqipëri",
        "countryCodes": [
          "AL"
        ],
        "summary": "Vëzhgim i Hibiscus rosa-sinensis më 2026-01-10 në Shqipëri. Të dhënat nga GBIF.",
        "details": [
          "Një regjistrim i pranishmërisë së llojit; pika nuk paraqet shtrirjen e habitatit."
        ],
        "mapNote": "Koordinata e vëzhgimit nga GBIF; saktësia dhe origjina kontrollohen te regjistrimi burimor.",
        "geometryType": "Point",
        "sources": [
          {
            "label": "GBIF · regjistrimi dhe licenca",
            "url": "https://www.gbif.org/occurrence/6130272171"
          }
        ],
        "extra": {
          "Lloji": "Hibiscus rosa-sinensis",
          "Data": "2026-01-10",
          "Licenca": "http://creativecommons.org/licenses/by-nc/4.0/legalcode",
          "Burimi": "iNaturalist research-grade observations"
        },
        "image": {
          "url": "https://api.gbif.org/v1/image/cache/800x/occurrence/6130272171/media/69dc2ac40598a951337c15fcfa61c33f",
          "source": "https://www.inaturalist.org/photos/606861998",
          "credit": "arberzaimi",
          "license": "CC BY-NC 4.0",
          "licenseUrl": "http://creativecommons.org/licenses/by-nc/4.0/",
          "alt": "Hibiscus rosa-sinensis"
        }
      }
    },
    {
      "type": "Feature",
      "id": "gbif-6130524882",
      "geometry": {
        "type": "Point",
        "coordinates": [
          19.482861,
          40.989364
        ]
      },
      "properties": {
        "name": "Anemone hortensis",
        "category": "flora",
        "categoryLabel": "Vëzhgim flore",
        "location": "Fier, Shqipëri",
        "countryCodes": [
          "AL"
        ],
        "summary": "Vëzhgim i Anemone hortensis më 2026-01-20 në Shqipëri. Të dhënat nga GBIF.",
        "details": [
          "Një regjistrim i pranishmërisë së llojit; pika nuk paraqet shtrirjen e habitatit."
        ],
        "mapNote": "Koordinata e vëzhgimit nga GBIF; saktësia dhe origjina kontrollohen te regjistrimi burimor.",
        "geometryType": "Point",
        "sources": [
          {
            "label": "GBIF · regjistrimi dhe licenca",
            "url": "https://www.gbif.org/occurrence/6130524882"
          }
        ],
        "extra": {
          "Lloji": "Anemone hortensis",
          "Data": "2026-01-20",
          "Licenca": "http://creativecommons.org/licenses/by-nc/4.0/legalcode",
          "Burimi": "iNaturalist research-grade observations"
        },
        "image": {
          "url": "https://api.gbif.org/v1/image/cache/800x/occurrence/6130524882/media/76793e360da2ca0a1072a3a9cbd282ee",
          "source": "https://www.inaturalist.org/photos/609695271",
          "credit": "ervin_allushi",
          "license": "CC BY-NC 4.0",
          "licenseUrl": "http://creativecommons.org/licenses/by-nc/4.0/",
          "alt": "Anemone hortensis"
        }
      }
    },
    {
      "type": "Feature",
      "id": "gbif-6130612041",
      "geometry": {
        "type": "Point",
        "coordinates": [
          19.802517,
          41.333656
        ]
      },
      "properties": {
        "name": "Saponaria officinalis",
        "category": "flora",
        "categoryLabel": "Vëzhgim flore",
        "location": "Tiranë, Shqipëri",
        "countryCodes": [
          "AL"
        ],
        "summary": "Vëzhgim i Saponaria officinalis më 2026-01-15 në Shqipëri. Të dhënat nga GBIF.",
        "details": [
          "Një regjistrim i pranishmërisë së llojit; pika nuk paraqet shtrirjen e habitatit."
        ],
        "mapNote": "Koordinata e vëzhgimit nga GBIF; saktësia dhe origjina kontrollohen te regjistrimi burimor.",
        "geometryType": "Point",
        "sources": [
          {
            "label": "GBIF · regjistrimi dhe licenca",
            "url": "https://www.gbif.org/occurrence/6130612041"
          }
        ],
        "extra": {
          "Lloji": "Saponaria officinalis",
          "Data": "2026-01-15",
          "Licenca": "http://creativecommons.org/licenses/by-nc/4.0/legalcode",
          "Burimi": "iNaturalist research-grade observations"
        },
        "image": {
          "url": "https://api.gbif.org/v1/image/cache/800x/occurrence/6130612041/media/658d7cfaef56713c7d2197065ad75a05",
          "source": "https://www.inaturalist.org/photos/608165435",
          "credit": "Miribana 1982",
          "license": "CC BY-NC 4.0",
          "licenseUrl": "http://creativecommons.org/licenses/by-nc/4.0/",
          "alt": "Saponaria officinalis"
        }
      }
    },
    {
      "type": "Feature",
      "id": "gbif-6130638077",
      "geometry": {
        "type": "Point",
        "coordinates": [
          19.799458,
          41.317321
        ]
      },
      "properties": {
        "name": "Euphorbia peplus",
        "category": "flora",
        "categoryLabel": "Vëzhgim flore",
        "location": "Tiranë, Shqipëri",
        "countryCodes": [
          "AL"
        ],
        "summary": "Vëzhgim i Euphorbia peplus më 2026-01-06 në Shqipëri. Të dhënat nga GBIF.",
        "details": [
          "Një regjistrim i pranishmërisë së llojit; pika nuk paraqet shtrirjen e habitatit."
        ],
        "mapNote": "Koordinata e vëzhgimit nga GBIF; saktësia dhe origjina kontrollohen te regjistrimi burimor.",
        "geometryType": "Point",
        "sources": [
          {
            "label": "GBIF · regjistrimi dhe licenca",
            "url": "https://www.gbif.org/occurrence/6130638077"
          }
        ],
        "extra": {
          "Lloji": "Euphorbia peplus",
          "Data": "2026-01-06",
          "Licenca": "http://creativecommons.org/licenses/by-nc/4.0/legalcode",
          "Burimi": "iNaturalist research-grade observations"
        },
        "image": {
          "url": "https://api.gbif.org/v1/image/cache/800x/occurrence/6130638077/media/ad651e64214fe5f1287f9bfa9fb4f31c",
          "source": "https://www.inaturalist.org/photos/606171155",
          "credit": "Mirela",
          "license": "CC BY-NC 4.0",
          "licenseUrl": "http://creativecommons.org/licenses/by-nc/4.0/",
          "alt": "Euphorbia peplus"
        }
      }
    },
    {
      "type": "Feature",
      "id": "gbif-6130648378",
      "geometry": {
        "type": "Point",
        "coordinates": [
          19.802484,
          41.333676
        ]
      },
      "properties": {
        "name": "Fragaria vesca",
        "category": "flora",
        "categoryLabel": "Vëzhgim flore",
        "location": "Tiranë, Shqipëri",
        "countryCodes": [
          "AL"
        ],
        "summary": "Vëzhgim i Fragaria vesca më 2026-01-15 në Shqipëri. Të dhënat nga GBIF.",
        "details": [
          "Një regjistrim i pranishmërisë së llojit; pika nuk paraqet shtrirjen e habitatit."
        ],
        "mapNote": "Koordinata e vëzhgimit nga GBIF; saktësia dhe origjina kontrollohen te regjistrimi burimor.",
        "geometryType": "Point",
        "sources": [
          {
            "label": "GBIF · regjistrimi dhe licenca",
            "url": "https://www.gbif.org/occurrence/6130648378"
          }
        ],
        "extra": {
          "Lloji": "Fragaria vesca",
          "Data": "2026-01-15",
          "Licenca": "http://creativecommons.org/licenses/by-nc/4.0/legalcode",
          "Burimi": "iNaturalist research-grade observations"
        },
        "image": {
          "url": "https://api.gbif.org/v1/image/cache/800x/occurrence/6130648378/media/b24f9e9d81ea39d248af67ac90a04f7a",
          "source": "https://www.inaturalist.org/photos/608165503",
          "credit": "Miribana 1982",
          "license": "CC BY-NC 4.0",
          "licenseUrl": "http://creativecommons.org/licenses/by-nc/4.0/",
          "alt": "Fragaria vesca"
        }
      }
    },
    {
      "type": "Feature",
      "id": "gbif-6130765140",
      "geometry": {
        "type": "Point",
        "coordinates": [
          19.994512,
          39.872903
        ]
      },
      "properties": {
        "name": "Galium aparine",
        "category": "flora",
        "categoryLabel": "Vëzhgim flore",
        "location": "Vlorë, Shqipëri",
        "countryCodes": [
          "AL"
        ],
        "summary": "Vëzhgim i Galium aparine më 2026-01-10 në Shqipëri. Të dhënat nga GBIF.",
        "details": [
          "Një regjistrim i pranishmërisë së llojit; pika nuk paraqet shtrirjen e habitatit."
        ],
        "mapNote": "Koordinata e vëzhgimit nga GBIF; saktësia dhe origjina kontrollohen te regjistrimi burimor.",
        "geometryType": "Point",
        "sources": [
          {
            "label": "GBIF · regjistrimi dhe licenca",
            "url": "https://www.gbif.org/occurrence/6130765140"
          }
        ],
        "extra": {
          "Lloji": "Galium aparine",
          "Data": "2026-01-10",
          "Licenca": "http://creativecommons.org/licenses/by-nc/4.0/legalcode",
          "Burimi": "iNaturalist research-grade observations"
        },
        "image": {
          "url": "https://api.gbif.org/v1/image/cache/800x/occurrence/6130765140/media/c1332e502a25f0b9660a4f052f09d964",
          "source": "https://www.inaturalist.org/photos/606860859",
          "credit": "arberzaimi",
          "license": "CC BY-NC 4.0",
          "licenseUrl": "http://creativecommons.org/licenses/by-nc/4.0/",
          "alt": "Galium aparine"
        }
      }
    },
    {
      "type": "Feature",
      "id": "gbif-6130917376",
      "geometry": {
        "type": "Point",
        "coordinates": [
          19.5683,
          40.945654
        ]
      },
      "properties": {
        "name": "Ruscus aculeatus",
        "category": "flora",
        "categoryLabel": "Vëzhgim flore",
        "location": "Fier, Shqipëri",
        "countryCodes": [
          "AL"
        ],
        "summary": "Vëzhgim i Ruscus aculeatus më 2026-01-13 në Shqipëri. Të dhënat nga GBIF.",
        "details": [
          "Një regjistrim i pranishmërisë së llojit; pika nuk paraqet shtrirjen e habitatit."
        ],
        "mapNote": "Koordinata e vëzhgimit nga GBIF; saktësia dhe origjina kontrollohen te regjistrimi burimor.",
        "geometryType": "Point",
        "sources": [
          {
            "label": "GBIF · regjistrimi dhe licenca",
            "url": "https://www.gbif.org/occurrence/6130917376"
          }
        ],
        "extra": {
          "Lloji": "Ruscus aculeatus",
          "Data": "2026-01-13",
          "Licenca": "http://creativecommons.org/licenses/by-nc/4.0/legalcode",
          "Burimi": "iNaturalist research-grade observations"
        },
        "image": {
          "url": "https://api.gbif.org/v1/image/cache/800x/occurrence/6130917376/media/9cb56f988e45c005bc55c194e4a22015",
          "source": "https://www.inaturalist.org/photos/609696831",
          "credit": "ervin_allushi",
          "license": "CC BY-NC 4.0",
          "licenseUrl": "http://creativecommons.org/licenses/by-nc/4.0/",
          "alt": "Ruscus aculeatus"
        }
      }
    },
    {
      "type": "Feature",
      "id": "gbif-6131015869",
      "geometry": {
        "type": "Point",
        "coordinates": [
          20.43323,
          40.244237
        ]
      },
      "properties": {
        "name": "Leptodon smithii",
        "category": "flora",
        "categoryLabel": "Vëzhgim flore",
        "location": "Gjirokastër, Shqipëri",
        "countryCodes": [
          "AL"
        ],
        "summary": "Vëzhgim i Leptodon smithii më 2026-01-10 në Shqipëri. Të dhënat nga GBIF.",
        "details": [
          "Një regjistrim i pranishmërisë së llojit; pika nuk paraqet shtrirjen e habitatit."
        ],
        "mapNote": "Koordinata e vëzhgimit nga GBIF; saktësia dhe origjina kontrollohen te regjistrimi burimor.",
        "geometryType": "Point",
        "sources": [
          {
            "label": "GBIF · regjistrimi dhe licenca",
            "url": "https://www.gbif.org/occurrence/6131015869"
          }
        ],
        "extra": {
          "Lloji": "Leptodon smithii",
          "Data": "2026-01-10",
          "Licenca": "http://creativecommons.org/licenses/by-nc/4.0/legalcode",
          "Burimi": "iNaturalist research-grade observations"
        },
        "image": {
          "url": "https://api.gbif.org/v1/image/cache/800x/occurrence/6131015869/media/60eca7c86df26d761ad7d1899dee65e5",
          "source": "https://www.inaturalist.org/photos/607012994",
          "credit": "Katie Goss",
          "license": "CC BY-NC 4.0",
          "licenseUrl": "http://creativecommons.org/licenses/by-nc/4.0/",
          "alt": "Leptodon smithii"
        }
      }
    },
    {
      "type": "Feature",
      "id": "gbif-6131017953",
      "geometry": {
        "type": "Point",
        "coordinates": [
          19.483177,
          40.987914
        ]
      },
      "properties": {
        "name": "Smilax aspera",
        "category": "flora",
        "categoryLabel": "Vëzhgim flore",
        "location": "Fier, Shqipëri",
        "countryCodes": [
          "AL"
        ],
        "summary": "Vëzhgim i Smilax aspera më 2026-01-20 në Shqipëri. Të dhënat nga GBIF.",
        "details": [
          "Një regjistrim i pranishmërisë së llojit; pika nuk paraqet shtrirjen e habitatit."
        ],
        "mapNote": "Koordinata e vëzhgimit nga GBIF; saktësia dhe origjina kontrollohen te regjistrimi burimor.",
        "geometryType": "Point",
        "sources": [
          {
            "label": "GBIF · regjistrimi dhe licenca",
            "url": "https://www.gbif.org/occurrence/6131017953"
          }
        ],
        "extra": {
          "Lloji": "Smilax aspera",
          "Data": "2026-01-20",
          "Licenca": "http://creativecommons.org/licenses/by-nc/4.0/legalcode",
          "Burimi": "iNaturalist research-grade observations"
        },
        "image": {
          "url": "https://api.gbif.org/v1/image/cache/800x/occurrence/6131017953/media/259d5373b464022c9cb05420e43eae1c",
          "source": "https://www.inaturalist.org/photos/609462556",
          "credit": "ervin_allushi",
          "license": "CC BY-NC 4.0",
          "licenseUrl": "http://creativecommons.org/licenses/by-nc/4.0/",
          "alt": "Smilax aspera"
        }
      }
    },
    {
      "type": "Feature",
      "id": "gbif-6131237417",
      "geometry": {
        "type": "Point",
        "coordinates": [
          19.802422,
          41.333647
        ]
      },
      "properties": {
        "name": "Acer negundo",
        "category": "flora",
        "categoryLabel": "Vëzhgim flore",
        "location": "Tiranë, Shqipëri",
        "countryCodes": [
          "AL"
        ],
        "summary": "Vëzhgim i Acer negundo më 2026-01-08 në Shqipëri. Të dhënat nga GBIF.",
        "details": [
          "Një regjistrim i pranishmërisë së llojit; pika nuk paraqet shtrirjen e habitatit."
        ],
        "mapNote": "Koordinata e vëzhgimit nga GBIF; saktësia dhe origjina kontrollohen te regjistrimi burimor.",
        "geometryType": "Point",
        "sources": [
          {
            "label": "GBIF · regjistrimi dhe licenca",
            "url": "https://www.gbif.org/occurrence/6131237417"
          }
        ],
        "extra": {
          "Lloji": "Acer negundo",
          "Data": "2026-01-08",
          "Licenca": "http://creativecommons.org/licenses/by-nc/4.0/legalcode",
          "Burimi": "iNaturalist research-grade observations"
        },
        "image": {
          "url": "https://api.gbif.org/v1/image/cache/800x/occurrence/6131237417/media/d43273ebb3bf4463bc76019c9002fa5a",
          "source": "https://www.inaturalist.org/photos/606397267",
          "credit": "Emileda Haxho",
          "license": "CC BY-NC 4.0",
          "licenseUrl": "http://creativecommons.org/licenses/by-nc/4.0/",
          "alt": "Acer negundo"
        }
      }
    },
    {
      "type": "Feature",
      "id": "gbif-6131298032",
      "geometry": {
        "type": "Point",
        "coordinates": [
          19.439137,
          41.314114
        ]
      },
      "properties": {
        "name": "Arum italicum",
        "category": "flora",
        "categoryLabel": "Vëzhgim flore",
        "location": "Durrës, Shqipëri",
        "countryCodes": [
          "AL"
        ],
        "summary": "Vëzhgim i Arum italicum më 2026-01-23 në Shqipëri. Të dhënat nga GBIF.",
        "details": [
          "Një regjistrim i pranishmërisë së llojit; pika nuk paraqet shtrirjen e habitatit."
        ],
        "mapNote": "Koordinata e vëzhgimit nga GBIF; saktësia dhe origjina kontrollohen te regjistrimi burimor.",
        "geometryType": "Point",
        "sources": [
          {
            "label": "GBIF · regjistrimi dhe licenca",
            "url": "https://www.gbif.org/occurrence/6131298032"
          }
        ],
        "extra": {
          "Lloji": "Arum italicum",
          "Data": "2026-01-23",
          "Licenca": "http://creativecommons.org/licenses/by-nc/4.0/legalcode",
          "Burimi": "iNaturalist research-grade observations"
        },
        "image": {
          "url": "https://api.gbif.org/v1/image/cache/800x/occurrence/6131298032/media/8476b1c95f92e4ada2d8b73afecf2b34",
          "source": "https://www.inaturalist.org/photos/610234547",
          "credit": "Marsel Mersinaj",
          "license": "CC BY-NC 4.0",
          "licenseUrl": "http://creativecommons.org/licenses/by-nc/4.0/",
          "alt": "Arum italicum"
        }
      }
    },
    {
      "type": "Feature",
      "id": "gbif-6131367457",
      "geometry": {
        "type": "Point",
        "coordinates": [
          19.990466,
          39.874693
        ]
      },
      "properties": {
        "name": "Cercis siliquastrum",
        "category": "flora",
        "categoryLabel": "Vëzhgim flore",
        "location": "Vlorë, Shqipëri",
        "countryCodes": [
          "AL"
        ],
        "summary": "Vëzhgim i Cercis siliquastrum më 2026-01-13 në Shqipëri. Të dhënat nga GBIF.",
        "details": [
          "Një regjistrim i pranishmërisë së llojit; pika nuk paraqet shtrirjen e habitatit."
        ],
        "mapNote": "Koordinata e vëzhgimit nga GBIF; saktësia dhe origjina kontrollohen te regjistrimi burimor.",
        "geometryType": "Point",
        "sources": [
          {
            "label": "GBIF · regjistrimi dhe licenca",
            "url": "https://www.gbif.org/occurrence/6131367457"
          }
        ],
        "extra": {
          "Lloji": "Cercis siliquastrum",
          "Data": "2026-01-13",
          "Licenca": "http://creativecommons.org/licenses/by-nc/4.0/legalcode",
          "Burimi": "iNaturalist research-grade observations"
        },
        "image": {
          "url": "https://api.gbif.org/v1/image/cache/800x/occurrence/6131367457/media/f774e3c6d19cc2d5e91c92c219e249b5",
          "source": "https://www.inaturalist.org/photos/607699784",
          "credit": "arberzaimi",
          "license": "CC BY-NC 4.0",
          "licenseUrl": "http://creativecommons.org/licenses/by-nc/4.0/",
          "alt": "Cercis siliquastrum"
        }
      }
    },
    {
      "type": "Feature",
      "id": "gbif-6131401418",
      "geometry": {
        "type": "Point",
        "coordinates": [
          20.437188,
          40.243275
        ]
      },
      "properties": {
        "name": "Arbutus unedo",
        "category": "flora",
        "categoryLabel": "Vëzhgim flore",
        "location": "Gjirokastër, Shqipëri",
        "countryCodes": [
          "AL"
        ],
        "summary": "Vëzhgim i Arbutus unedo më 2026-01-10 në Shqipëri. Të dhënat nga GBIF.",
        "details": [
          "Një regjistrim i pranishmërisë së llojit; pika nuk paraqet shtrirjen e habitatit."
        ],
        "mapNote": "Koordinata e vëzhgimit nga GBIF; saktësia dhe origjina kontrollohen te regjistrimi burimor.",
        "geometryType": "Point",
        "sources": [
          {
            "label": "GBIF · regjistrimi dhe licenca",
            "url": "https://www.gbif.org/occurrence/6131401418"
          }
        ],
        "extra": {
          "Lloji": "Arbutus unedo",
          "Data": "2026-01-10",
          "Licenca": "http://creativecommons.org/licenses/by-nc/4.0/legalcode",
          "Burimi": "iNaturalist research-grade observations"
        },
        "image": {
          "url": "https://api.gbif.org/v1/image/cache/800x/occurrence/6131401418/media/9aabd4319c01a8a9484e9368f680fa5c",
          "source": "https://www.inaturalist.org/photos/607012894",
          "credit": "Katie Goss",
          "license": "CC BY-NC 4.0",
          "licenseUrl": "http://creativecommons.org/licenses/by-nc/4.0/",
          "alt": "Arbutus unedo"
        }
      }
    },
    {
      "type": "Feature",
      "id": "gbif-6131424595",
      "geometry": {
        "type": "Point",
        "coordinates": [
          20.006228,
          39.873253
        ]
      },
      "properties": {
        "name": "Tagetes erecta",
        "category": "flora",
        "categoryLabel": "Vëzhgim flore",
        "location": "Vlorë, Shqipëri",
        "countryCodes": [
          "AL"
        ],
        "summary": "Vëzhgim i Tagetes erecta më 2026-01-10 në Shqipëri. Të dhënat nga GBIF.",
        "details": [
          "Një regjistrim i pranishmërisë së llojit; pika nuk paraqet shtrirjen e habitatit."
        ],
        "mapNote": "Koordinata e vëzhgimit nga GBIF; saktësia dhe origjina kontrollohen te regjistrimi burimor.",
        "geometryType": "Point",
        "sources": [
          {
            "label": "GBIF · regjistrimi dhe licenca",
            "url": "https://www.gbif.org/occurrence/6131424595"
          }
        ],
        "extra": {
          "Lloji": "Tagetes erecta",
          "Data": "2026-01-10",
          "Licenca": "http://creativecommons.org/licenses/by-nc/4.0/legalcode",
          "Burimi": "iNaturalist research-grade observations"
        },
        "image": {
          "url": "https://api.gbif.org/v1/image/cache/800x/occurrence/6131424595/media/9d368e6831509a131cb5f330876f0e7b",
          "source": "https://www.inaturalist.org/photos/606862238",
          "credit": "arberzaimi",
          "license": "CC BY-NC 4.0",
          "licenseUrl": "http://creativecommons.org/licenses/by-nc/4.0/",
          "alt": "Tagetes erecta"
        }
      }
    },
    {
      "type": "Feature",
      "id": "gbif-6131485690",
      "geometry": {
        "type": "Point",
        "coordinates": [
          20.029184,
          41.14974
        ]
      },
      "properties": {
        "name": "Iris unguicularis",
        "category": "flora",
        "categoryLabel": "Vëzhgim flore",
        "location": "Elbasan, Shqipëri",
        "countryCodes": [
          "AL"
        ],
        "summary": "Vëzhgim i Iris unguicularis më 2026-01-13 në Shqipëri. Të dhënat nga GBIF.",
        "details": [
          "Një regjistrim i pranishmërisë së llojit; pika nuk paraqet shtrirjen e habitatit."
        ],
        "mapNote": "Koordinata e vëzhgimit nga GBIF; saktësia dhe origjina kontrollohen te regjistrimi burimor.",
        "geometryType": "Point",
        "sources": [
          {
            "label": "GBIF · regjistrimi dhe licenca",
            "url": "https://www.gbif.org/occurrence/6131485690"
          }
        ],
        "extra": {
          "Lloji": "Iris unguicularis",
          "Data": "2026-01-13",
          "Licenca": "http://creativecommons.org/licenses/by-nc/4.0/legalcode",
          "Burimi": "iNaturalist research-grade observations"
        },
        "image": {
          "url": "https://api.gbif.org/v1/image/cache/800x/occurrence/6131485690/media/75a504a9ddfec111769a6ae2d62f8f2d",
          "source": "https://www.inaturalist.org/photos/607727777",
          "credit": "ervin_allushi",
          "license": "CC BY-NC 4.0",
          "licenseUrl": "http://creativecommons.org/licenses/by-nc/4.0/",
          "alt": "Iris unguicularis"
        }
      }
    },
    {
      "type": "Feature",
      "id": "gbif-6131545960",
      "geometry": {
        "type": "Point",
        "coordinates": [
          19.822217,
          41.3152
        ]
      },
      "properties": {
        "name": "Ficaria verna",
        "category": "flora",
        "categoryLabel": "Vëzhgim flore",
        "location": "Tiranë, Shqipëri",
        "countryCodes": [
          "AL"
        ],
        "summary": "Vëzhgim i Ficaria verna më 2026-01-25 në Shqipëri. Të dhënat nga GBIF.",
        "details": [
          "Një regjistrim i pranishmërisë së llojit; pika nuk paraqet shtrirjen e habitatit."
        ],
        "mapNote": "Koordinata e vëzhgimit nga GBIF; saktësia dhe origjina kontrollohen te regjistrimi burimor.",
        "geometryType": "Point",
        "sources": [
          {
            "label": "GBIF · regjistrimi dhe licenca",
            "url": "https://www.gbif.org/occurrence/6131545960"
          }
        ],
        "extra": {
          "Lloji": "Ficaria verna",
          "Data": "2026-01-25",
          "Licenca": "http://creativecommons.org/licenses/by-nc/4.0/legalcode",
          "Burimi": "iNaturalist research-grade observations"
        },
        "image": {
          "url": "https://api.gbif.org/v1/image/cache/800x/occurrence/6131545960/media/acab22b6ec9594dd81e3ca1e4ae1fe9c",
          "source": "https://www.inaturalist.org/photos/610673413",
          "credit": "arberzaimi",
          "license": "CC BY-NC 4.0",
          "licenseUrl": "http://creativecommons.org/licenses/by-nc/4.0/",
          "alt": "Ficaria verna"
        }
      }
    },
    {
      "type": "Feature",
      "id": "gbif-6131682390",
      "geometry": {
        "type": "Point",
        "coordinates": [
          19.990435,
          39.87469
        ]
      },
      "properties": {
        "name": "Geranium molle",
        "category": "flora",
        "categoryLabel": "Vëzhgim flore",
        "location": "Vlorë, Shqipëri",
        "countryCodes": [
          "AL"
        ],
        "summary": "Vëzhgim i Geranium molle më 2026-01-13 në Shqipëri. Të dhënat nga GBIF.",
        "details": [
          "Një regjistrim i pranishmërisë së llojit; pika nuk paraqet shtrirjen e habitatit."
        ],
        "mapNote": "Koordinata e vëzhgimit nga GBIF; saktësia dhe origjina kontrollohen te regjistrimi burimor.",
        "geometryType": "Point",
        "sources": [
          {
            "label": "GBIF · regjistrimi dhe licenca",
            "url": "https://www.gbif.org/occurrence/6131682390"
          }
        ],
        "extra": {
          "Lloji": "Geranium molle",
          "Data": "2026-01-13",
          "Licenca": "http://creativecommons.org/licenses/by-nc/4.0/legalcode",
          "Burimi": "iNaturalist research-grade observations"
        },
        "image": {
          "url": "https://api.gbif.org/v1/image/cache/800x/occurrence/6131682390/media/f4b8d2b85718baadb7285012e6a7d1ba",
          "source": "https://www.inaturalist.org/photos/607699723",
          "credit": "arberzaimi",
          "license": "CC BY-NC 4.0",
          "licenseUrl": "http://creativecommons.org/licenses/by-nc/4.0/",
          "alt": "Geranium molle"
        }
      }
    },
    {
      "type": "Feature",
      "id": "gbif-6131694097",
      "geometry": {
        "type": "Point",
        "coordinates": [
          20.01397,
          39.871326
        ]
      },
      "properties": {
        "name": "Musa paradisiaca",
        "category": "flora",
        "categoryLabel": "Vëzhgim flore",
        "location": "Vlorë, Shqipëri",
        "countryCodes": [
          "AL"
        ],
        "summary": "Vëzhgim i Musa paradisiaca më 2026-01-12 në Shqipëri. Të dhënat nga GBIF.",
        "details": [
          "Një regjistrim i pranishmërisë së llojit; pika nuk paraqet shtrirjen e habitatit."
        ],
        "mapNote": "Koordinata e vëzhgimit nga GBIF; saktësia dhe origjina kontrollohen te regjistrimi burimor.",
        "geometryType": "Point",
        "sources": [
          {
            "label": "GBIF · regjistrimi dhe licenca",
            "url": "https://www.gbif.org/occurrence/6131694097"
          }
        ],
        "extra": {
          "Lloji": "Musa paradisiaca",
          "Data": "2026-01-12",
          "Licenca": "http://creativecommons.org/licenses/by-nc/4.0/legalcode",
          "Burimi": "iNaturalist research-grade observations"
        },
        "image": {
          "url": "https://api.gbif.org/v1/image/cache/800x/occurrence/6131694097/media/20b11a77add93e6f32c30fa79a6b4006",
          "source": "https://www.inaturalist.org/photos/607432628",
          "credit": "arberzaimi",
          "license": "CC BY-NC 4.0",
          "licenseUrl": "http://creativecommons.org/licenses/by-nc/4.0/",
          "alt": "Musa paradisiaca"
        }
      }
    },
    {
      "type": "Feature",
      "id": "gbif-6133173318",
      "geometry": {
        "type": "Point",
        "coordinates": [
          19.989959,
          39.87467
        ]
      },
      "properties": {
        "name": "Opuntia monacantha",
        "category": "flora",
        "categoryLabel": "Vëzhgim flore",
        "location": "Vlorë, Shqipëri",
        "countryCodes": [
          "AL"
        ],
        "summary": "Vëzhgim i Opuntia monacantha më 2026-01-13 në Shqipëri. Të dhënat nga GBIF.",
        "details": [
          "Një regjistrim i pranishmërisë së llojit; pika nuk paraqet shtrirjen e habitatit."
        ],
        "mapNote": "Koordinata e vëzhgimit nga GBIF; saktësia dhe origjina kontrollohen te regjistrimi burimor.",
        "geometryType": "Point",
        "sources": [
          {
            "label": "GBIF · regjistrimi dhe licenca",
            "url": "https://www.gbif.org/occurrence/6133173318"
          }
        ],
        "extra": {
          "Lloji": "Opuntia monacantha",
          "Data": "2026-01-13",
          "Licenca": "http://creativecommons.org/licenses/by-nc/4.0/legalcode",
          "Burimi": "iNaturalist research-grade observations"
        },
        "image": {
          "url": "https://api.gbif.org/v1/image/cache/800x/occurrence/6133173318/media/bb23ae9271bc5794e2461bf92454845f",
          "source": "https://www.inaturalist.org/photos/607699818",
          "credit": "arberzaimi",
          "license": "CC BY-NC 4.0",
          "licenseUrl": "http://creativecommons.org/licenses/by-nc/4.0/",
          "alt": "Opuntia monacantha"
        }
      }
    },
    {
      "type": "Feature",
      "id": "gbif-6133388319",
      "geometry": {
        "type": "Point",
        "coordinates": [
          19.821997,
          41.31505
        ]
      },
      "properties": {
        "name": "Bellis perennis",
        "category": "flora",
        "categoryLabel": "Vëzhgim flore",
        "location": "Tiranë, Shqipëri",
        "countryCodes": [
          "AL"
        ],
        "summary": "Vëzhgim i Bellis perennis më 2026-01-25 në Shqipëri. Të dhënat nga GBIF.",
        "details": [
          "Një regjistrim i pranishmërisë së llojit; pika nuk paraqet shtrirjen e habitatit."
        ],
        "mapNote": "Koordinata e vëzhgimit nga GBIF; saktësia dhe origjina kontrollohen te regjistrimi burimor.",
        "geometryType": "Point",
        "sources": [
          {
            "label": "GBIF · regjistrimi dhe licenca",
            "url": "https://www.gbif.org/occurrence/6133388319"
          }
        ],
        "extra": {
          "Lloji": "Bellis perennis",
          "Data": "2026-01-25",
          "Licenca": "http://creativecommons.org/licenses/by-nc/4.0/legalcode",
          "Burimi": "iNaturalist research-grade observations"
        },
        "image": {
          "url": "https://api.gbif.org/v1/image/cache/800x/occurrence/6133388319/media/88c2487b87669a638e1bbe71407b2e43",
          "source": "https://www.inaturalist.org/photos/610673556",
          "credit": "arberzaimi",
          "license": "CC BY-NC 4.0",
          "licenseUrl": "http://creativecommons.org/licenses/by-nc/4.0/",
          "alt": "Bellis perennis"
        }
      }
    },
    {
      "type": "Feature",
      "id": "gbif-6147332818",
      "geometry": {
        "type": "Point",
        "coordinates": [
          19.764385,
          42.431042
        ]
      },
      "properties": {
        "name": "Epipactis atrorubens",
        "category": "flora",
        "categoryLabel": "Vëzhgim flore",
        "location": "Shkodër, Shqipëri",
        "countryCodes": [
          "AL"
        ],
        "summary": "Vëzhgim i Epipactis atrorubens më 2026-01-23 në Shqipëri. Të dhënat nga GBIF.",
        "details": [
          "Një regjistrim i pranishmërisë së llojit; pika nuk paraqet shtrirjen e habitatit."
        ],
        "mapNote": "Koordinata e vëzhgimit nga GBIF; saktësia dhe origjina kontrollohen te regjistrimi burimor.",
        "geometryType": "Point",
        "sources": [
          {
            "label": "GBIF · regjistrimi dhe licenca",
            "url": "https://www.gbif.org/occurrence/6147332818"
          }
        ],
        "extra": {
          "Lloji": "Epipactis atrorubens",
          "Data": "2026-01-23",
          "Licenca": "http://creativecommons.org/licenses/by-nc/4.0/legalcode",
          "Burimi": "iNaturalist research-grade observations"
        },
        "image": {
          "url": "https://api.gbif.org/v1/image/cache/800x/occurrence/6147332818/media/3a7fb80d486f5a76838faba0570c052b",
          "source": "https://www.inaturalist.org/photos/613186162",
          "credit": "Ivan Jarolímek",
          "license": "CC BY-NC 4.0",
          "licenseUrl": "http://creativecommons.org/licenses/by-nc/4.0/",
          "alt": "Epipactis atrorubens"
        }
      }
    },
    {
      "type": "Feature",
      "id": "gbif-6159245602",
      "geometry": {
        "type": "Point",
        "coordinates": [
          19.568573,
          40.951945
        ]
      },
      "properties": {
        "name": "Bellis perennis",
        "category": "flora",
        "categoryLabel": "Vëzhgim flore",
        "location": "Fier, Shqipëri",
        "countryCodes": [
          "AL"
        ],
        "summary": "Vëzhgim i Bellis perennis më 2026-01-13 në Shqipëri. Të dhënat nga GBIF.",
        "details": [
          "Një regjistrim i pranishmërisë së llojit; pika nuk paraqet shtrirjen e habitatit."
        ],
        "mapNote": "Koordinata e vëzhgimit nga GBIF; saktësia dhe origjina kontrollohen te regjistrimi burimor.",
        "geometryType": "Point",
        "sources": [
          {
            "label": "GBIF · regjistrimi dhe licenca",
            "url": "https://www.gbif.org/occurrence/6159245602"
          }
        ],
        "extra": {
          "Lloji": "Bellis perennis",
          "Data": "2026-01-13",
          "Licenca": "http://creativecommons.org/licenses/by-nc/4.0/legalcode",
          "Burimi": "iNaturalist research-grade observations"
        },
        "image": {
          "url": "https://api.gbif.org/v1/image/cache/800x/occurrence/6159245602/media/599d4c495965d72a00faf7d20254adf8",
          "source": "https://www.inaturalist.org/photos/609697061",
          "credit": "ervin_allushi",
          "license": "CC BY-NC 4.0",
          "licenseUrl": "http://creativecommons.org/licenses/by-nc/4.0/",
          "alt": "Bellis perennis"
        }
      }
    },
    {
      "type": "Feature",
      "id": "gbif-6159297072",
      "geometry": {
        "type": "Point",
        "coordinates": [
          19.990518,
          39.874635
        ]
      },
      "properties": {
        "name": "Galactites tomentosa",
        "category": "flora",
        "categoryLabel": "Vëzhgim flore",
        "location": "Vlorë, Shqipëri",
        "countryCodes": [
          "AL"
        ],
        "summary": "Vëzhgim i Galactites tomentosa më 2026-01-13 në Shqipëri. Të dhënat nga GBIF.",
        "details": [
          "Një regjistrim i pranishmërisë së llojit; pika nuk paraqet shtrirjen e habitatit."
        ],
        "mapNote": "Koordinata e vëzhgimit nga GBIF; saktësia dhe origjina kontrollohen te regjistrimi burimor.",
        "geometryType": "Point",
        "sources": [
          {
            "label": "GBIF · regjistrimi dhe licenca",
            "url": "https://www.gbif.org/occurrence/6159297072"
          }
        ],
        "extra": {
          "Lloji": "Galactites tomentosa",
          "Data": "2026-01-13",
          "Licenca": "http://creativecommons.org/licenses/by-nc/4.0/legalcode",
          "Burimi": "iNaturalist research-grade observations"
        },
        "image": {
          "url": "https://api.gbif.org/v1/image/cache/800x/occurrence/6159297072/media/3ad9c5a34d79f629d4187b3a2445f9d4",
          "source": "https://www.inaturalist.org/photos/607699575",
          "credit": "arberzaimi",
          "license": "CC BY-NC 4.0",
          "licenseUrl": "http://creativecommons.org/licenses/by-nc/4.0/",
          "alt": "Galactites tomentosa"
        }
      }
    },
    {
      "type": "Feature",
      "id": "gbif-6159446641",
      "geometry": {
        "type": "Point",
        "coordinates": [
          19.483487,
          40.988625
        ]
      },
      "properties": {
        "name": "Pistacia lentiscus",
        "category": "flora",
        "categoryLabel": "Vëzhgim flore",
        "location": "Fier, Shqipëri",
        "countryCodes": [
          "AL"
        ],
        "summary": "Vëzhgim i Pistacia lentiscus më 2026-01-28 në Shqipëri. Të dhënat nga GBIF.",
        "details": [
          "Një regjistrim i pranishmërisë së llojit; pika nuk paraqet shtrirjen e habitatit."
        ],
        "mapNote": "Koordinata e vëzhgimit nga GBIF; saktësia dhe origjina kontrollohen te regjistrimi burimor.",
        "geometryType": "Point",
        "sources": [
          {
            "label": "GBIF · regjistrimi dhe licenca",
            "url": "https://www.gbif.org/occurrence/6159446641"
          }
        ],
        "extra": {
          "Lloji": "Pistacia lentiscus",
          "Data": "2026-01-28",
          "Licenca": "http://creativecommons.org/licenses/by-nc/4.0/legalcode",
          "Burimi": "iNaturalist research-grade observations"
        },
        "image": {
          "url": "https://api.gbif.org/v1/image/cache/800x/occurrence/6159446641/media/947a3a75fcfd8fb457584f868e3f869f",
          "source": "https://www.inaturalist.org/photos/614696447",
          "credit": "ervin_allushi",
          "license": "CC BY-NC 4.0",
          "licenseUrl": "http://creativecommons.org/licenses/by-nc/4.0/",
          "alt": "Pistacia lentiscus"
        }
      }
    },
    {
      "type": "Feature",
      "id": "gbif-6159667727",
      "geometry": {
        "type": "Point",
        "coordinates": [
          19.482625,
          40.98971
        ]
      },
      "properties": {
        "name": "Bellis perennis",
        "category": "flora",
        "categoryLabel": "Vëzhgim flore",
        "location": "Fier, Shqipëri",
        "countryCodes": [
          "AL"
        ],
        "summary": "Vëzhgim i Bellis perennis më 2026-01-20 në Shqipëri. Të dhënat nga GBIF.",
        "details": [
          "Një regjistrim i pranishmërisë së llojit; pika nuk paraqet shtrirjen e habitatit."
        ],
        "mapNote": "Koordinata e vëzhgimit nga GBIF; saktësia dhe origjina kontrollohen te regjistrimi burimor.",
        "geometryType": "Point",
        "sources": [
          {
            "label": "GBIF · regjistrimi dhe licenca",
            "url": "https://www.gbif.org/occurrence/6159667727"
          }
        ],
        "extra": {
          "Lloji": "Bellis perennis",
          "Data": "2026-01-20",
          "Licenca": "http://creativecommons.org/licenses/by-nc/4.0/legalcode",
          "Burimi": "iNaturalist research-grade observations"
        },
        "image": {
          "url": "https://api.gbif.org/v1/image/cache/800x/occurrence/6159667727/media/10188f09d91a0a072b05a0349527ff76",
          "source": "https://www.inaturalist.org/photos/609695718",
          "credit": "ervin_allushi",
          "license": "CC BY-NC 4.0",
          "licenseUrl": "http://creativecommons.org/licenses/by-nc/4.0/",
          "alt": "Bellis perennis"
        }
      }
    },
    {
      "type": "Feature",
      "id": "gbif-6179099955",
      "geometry": {
        "type": "Point",
        "coordinates": [
          20.013359,
          39.872367
        ]
      },
      "properties": {
        "name": "Mercurialis annua",
        "category": "flora",
        "categoryLabel": "Vëzhgim flore",
        "location": "Vlorë, Shqipëri",
        "countryCodes": [
          "AL"
        ],
        "summary": "Vëzhgim i Mercurialis annua më 2026-01-12 në Shqipëri. Të dhënat nga GBIF.",
        "details": [
          "Një regjistrim i pranishmërisë së llojit; pika nuk paraqet shtrirjen e habitatit."
        ],
        "mapNote": "Koordinata e vëzhgimit nga GBIF; saktësia dhe origjina kontrollohen te regjistrimi burimor.",
        "geometryType": "Point",
        "sources": [
          {
            "label": "GBIF · regjistrimi dhe licenca",
            "url": "https://www.gbif.org/occurrence/6179099955"
          }
        ],
        "extra": {
          "Lloji": "Mercurialis annua",
          "Data": "2026-01-12",
          "Licenca": "http://creativecommons.org/licenses/by-nc/4.0/legalcode",
          "Burimi": "iNaturalist research-grade observations"
        },
        "image": {
          "url": "https://api.gbif.org/v1/image/cache/800x/occurrence/6179099955/media/2154d40d6d4fd4c7ed25ce9510e62df7",
          "source": "https://www.inaturalist.org/photos/607434065",
          "credit": "arberzaimi",
          "license": "CC BY-NC 4.0",
          "licenseUrl": "http://creativecommons.org/licenses/by-nc/4.0/",
          "alt": "Mercurialis annua"
        }
      }
    },
    {
      "type": "Feature",
      "id": "gbif-6185529559",
      "geometry": {
        "type": "Point",
        "coordinates": [
          19.433487,
          41.312571
        ]
      },
      "properties": {
        "name": "Posidonia oceanica",
        "category": "flora",
        "categoryLabel": "Vëzhgim flore",
        "location": "Durrës, Shqipëri",
        "countryCodes": [
          "AL"
        ],
        "summary": "Vëzhgim i Posidonia oceanica më 2026-01-30 në Shqipëri. Të dhënat nga GBIF.",
        "details": [
          "Një regjistrim i pranishmërisë së llojit; pika nuk paraqet shtrirjen e habitatit."
        ],
        "mapNote": "Koordinata e vëzhgimit nga GBIF; saktësia dhe origjina kontrollohen te regjistrimi burimor.",
        "geometryType": "Point",
        "sources": [
          {
            "label": "GBIF · regjistrimi dhe licenca",
            "url": "https://www.gbif.org/occurrence/6185529559"
          }
        ],
        "extra": {
          "Lloji": "Posidonia oceanica",
          "Data": "2026-01-30",
          "Licenca": "http://creativecommons.org/licenses/by-nc/4.0/legalcode",
          "Burimi": "iNaturalist research-grade observations"
        },
        "image": {
          "url": "https://api.gbif.org/v1/image/cache/800x/occurrence/6185529559/media/d4a39026ccd92dcec3086adf8bf7acee",
          "source": "https://www.inaturalist.org/photos/611974890",
          "credit": "Marsel Mersinaj",
          "license": "CC BY-NC 4.0",
          "licenseUrl": "http://creativecommons.org/licenses/by-nc/4.0/",
          "alt": "Posidonia oceanica"
        }
      }
    },
    {
      "type": "Feature",
      "id": "gbif-6236364326",
      "geometry": {
        "type": "Point",
        "coordinates": [
          19.995462,
          39.873213
        ]
      },
      "properties": {
        "name": "Monstera deliciosa",
        "category": "flora",
        "categoryLabel": "Vëzhgim flore",
        "location": "Vlorë, Shqipëri",
        "countryCodes": [
          "AL"
        ],
        "summary": "Vëzhgim i Monstera deliciosa më 2026-01-10 në Shqipëri. Të dhënat nga GBIF.",
        "details": [
          "Një regjistrim i pranishmërisë së llojit; pika nuk paraqet shtrirjen e habitatit."
        ],
        "mapNote": "Koordinata e vëzhgimit nga GBIF; saktësia dhe origjina kontrollohen te regjistrimi burimor.",
        "geometryType": "Point",
        "sources": [
          {
            "label": "GBIF · regjistrimi dhe licenca",
            "url": "https://www.gbif.org/occurrence/6236364326"
          }
        ],
        "extra": {
          "Lloji": "Monstera deliciosa",
          "Data": "2026-01-10",
          "Licenca": "http://creativecommons.org/licenses/by-nc/4.0/legalcode",
          "Burimi": "iNaturalist research-grade observations"
        },
        "image": {
          "url": "https://api.gbif.org/v1/image/cache/800x/occurrence/6236364326/media/0c77126cf0aa8f9156e693db789128ef",
          "source": "https://www.inaturalist.org/photos/606900702",
          "credit": "arberzaimi",
          "license": "CC BY-NC 4.0",
          "licenseUrl": "http://creativecommons.org/licenses/by-nc/4.0/",
          "alt": "Monstera deliciosa"
        }
      }
    },
    {
      "type": "Feature",
      "id": "gbif-6320910528",
      "geometry": {
        "type": "Point",
        "coordinates": [
          19.994337,
          39.872738
        ]
      },
      "properties": {
        "name": "Agave americana",
        "category": "flora",
        "categoryLabel": "Vëzhgim flore",
        "location": "Vlorë, Shqipëri",
        "countryCodes": [
          "AL"
        ],
        "summary": "Vëzhgim i Agave americana më 2026-01-11 në Shqipëri. Të dhënat nga GBIF.",
        "details": [
          "Një regjistrim i pranishmërisë së llojit; pika nuk paraqet shtrirjen e habitatit."
        ],
        "mapNote": "Koordinata e vëzhgimit nga GBIF; saktësia dhe origjina kontrollohen te regjistrimi burimor.",
        "geometryType": "Point",
        "sources": [
          {
            "label": "GBIF · regjistrimi dhe licenca",
            "url": "https://www.gbif.org/occurrence/6320910528"
          }
        ],
        "extra": {
          "Lloji": "Agave americana",
          "Data": "2026-01-11",
          "Licenca": "http://creativecommons.org/licenses/by-nc/4.0/legalcode",
          "Burimi": "iNaturalist research-grade observations"
        },
        "image": {
          "url": "https://api.gbif.org/v1/image/cache/800x/occurrence/6320910528/media/1f6700f26e697d80d3d5b0495ba780a2",
          "source": "https://www.inaturalist.org/photos/607192133",
          "credit": "arberzaimi",
          "license": "CC BY-NC 4.0",
          "licenseUrl": "http://creativecommons.org/licenses/by-nc/4.0/",
          "alt": "Agave americana"
        }
      }
    },
    {
      "type": "Feature",
      "id": "gbif-6430904972",
      "geometry": {
        "type": "Point",
        "coordinates": [
          19.434168,
          41.311618
        ]
      },
      "properties": {
        "name": "Sphaerococcus coronopifolius",
        "category": "flora",
        "categoryLabel": "Vëzhgim flore",
        "location": "Durrës, Shqipëri",
        "countryCodes": [
          "AL"
        ],
        "summary": "Vëzhgim i Sphaerococcus coronopifolius më 2026-01-30 në Shqipëri. Të dhënat nga GBIF.",
        "details": [
          "Një regjistrim i pranishmërisë së llojit; pika nuk paraqet shtrirjen e habitatit."
        ],
        "mapNote": "Koordinata e vëzhgimit nga GBIF; saktësia dhe origjina kontrollohen te regjistrimi burimor.",
        "geometryType": "Point",
        "sources": [
          {
            "label": "GBIF · regjistrimi dhe licenca",
            "url": "https://www.gbif.org/occurrence/6430904972"
          }
        ],
        "extra": {
          "Lloji": "Sphaerococcus coronopifolius",
          "Data": "2026-01-30",
          "Licenca": "http://creativecommons.org/licenses/by-nc/4.0/legalcode",
          "Burimi": "iNaturalist research-grade observations"
        },
        "image": {
          "url": "https://api.gbif.org/v1/image/cache/800x/occurrence/6430904972/media/94f87a8ca532e29b4a065dec0195f6a6",
          "source": "https://www.inaturalist.org/photos/611975155",
          "credit": "Marsel Mersinaj",
          "license": "CC BY-NC 4.0",
          "licenseUrl": "http://creativecommons.org/licenses/by-nc/4.0/",
          "alt": "Sphaerococcus coronopifolius"
        }
      }
    },
    {
      "type": "Feature",
      "id": "gbif-6147177427",
      "geometry": {
        "type": "Point",
        "coordinates": [
          20.145081,
          41.140273
        ]
      },
      "properties": {
        "name": "Sonchus oleraceus",
        "category": "flora",
        "categoryLabel": "Vëzhgim flore",
        "location": "Elbasan, Shqipëri",
        "countryCodes": [
          "AL"
        ],
        "summary": "Vëzhgim i Sonchus oleraceus më 2026-02-03 në Shqipëri. Të dhënat nga GBIF.",
        "details": [
          "Një regjistrim i pranishmërisë së llojit; pika nuk paraqet shtrirjen e habitatit."
        ],
        "mapNote": "Koordinata e vëzhgimit nga GBIF; saktësia dhe origjina kontrollohen te regjistrimi burimor.",
        "geometryType": "Point",
        "sources": [
          {
            "label": "GBIF · regjistrimi dhe licenca",
            "url": "https://www.gbif.org/occurrence/6147177427"
          }
        ],
        "extra": {
          "Lloji": "Sonchus oleraceus",
          "Data": "2026-02-03",
          "Licenca": "http://creativecommons.org/licenses/by-nc/4.0/legalcode",
          "Burimi": "iNaturalist research-grade observations"
        },
        "image": {
          "url": "https://api.gbif.org/v1/image/cache/800x/occurrence/6147177427/media/131f33f9d6ab228a0f4881086462bbb9",
          "source": "https://www.inaturalist.org/photos/612960528",
          "credit": "arberzaimi",
          "license": "CC BY-NC 4.0",
          "licenseUrl": "http://creativecommons.org/licenses/by-nc/4.0/",
          "alt": "Sonchus oleraceus"
        }
      }
    },
    {
      "type": "Feature",
      "id": "gbif-6147593522",
      "geometry": {
        "type": "Point",
        "coordinates": [
          20.144306,
          41.140306
        ]
      },
      "properties": {
        "name": "Senecio vulgaris",
        "category": "flora",
        "categoryLabel": "Vëzhgim flore",
        "location": "Elbasan, Shqipëri",
        "countryCodes": [
          "AL"
        ],
        "summary": "Vëzhgim i Senecio vulgaris më 2026-02-03 në Shqipëri. Të dhënat nga GBIF.",
        "details": [
          "Një regjistrim i pranishmërisë së llojit; pika nuk paraqet shtrirjen e habitatit."
        ],
        "mapNote": "Koordinata e vëzhgimit nga GBIF; saktësia dhe origjina kontrollohen te regjistrimi burimor.",
        "geometryType": "Point",
        "sources": [
          {
            "label": "GBIF · regjistrimi dhe licenca",
            "url": "https://www.gbif.org/occurrence/6147593522"
          }
        ],
        "extra": {
          "Lloji": "Senecio vulgaris",
          "Data": "2026-02-03",
          "Licenca": "http://creativecommons.org/licenses/by-nc/4.0/legalcode",
          "Burimi": "iNaturalist research-grade observations"
        },
        "image": {
          "url": "https://api.gbif.org/v1/image/cache/800x/occurrence/6147593522/media/4273fcd23bdd7ead1c96148bdfab01e5",
          "source": "https://www.inaturalist.org/photos/612959894",
          "credit": "arberzaimi",
          "license": "CC BY-NC 4.0",
          "licenseUrl": "http://creativecommons.org/licenses/by-nc/4.0/",
          "alt": "Senecio vulgaris"
        }
      }
    },
    {
      "type": "Feature",
      "id": "gbif-6147654520",
      "geometry": {
        "type": "Point",
        "coordinates": [
          19.535667,
          41.379726
        ]
      },
      "properties": {
        "name": "Adiantum capillus-veneris",
        "category": "flora",
        "categoryLabel": "Vëzhgim flore",
        "location": "Durrës, Shqipëri",
        "countryCodes": [
          "AL"
        ],
        "summary": "Vëzhgim i Adiantum capillus-veneris më 2026-02-01 në Shqipëri. Të dhënat nga GBIF.",
        "details": [
          "Një regjistrim i pranishmërisë së llojit; pika nuk paraqet shtrirjen e habitatit."
        ],
        "mapNote": "Koordinata e vëzhgimit nga GBIF; saktësia dhe origjina kontrollohen te regjistrimi burimor.",
        "geometryType": "Point",
        "sources": [
          {
            "label": "GBIF · regjistrimi dhe licenca",
            "url": "https://www.gbif.org/occurrence/6147654520"
          }
        ],
        "extra": {
          "Lloji": "Adiantum capillus-veneris",
          "Data": "2026-02-01",
          "Licenca": "http://creativecommons.org/licenses/by-nc/4.0/legalcode",
          "Burimi": "iNaturalist research-grade observations"
        },
        "image": {
          "url": "https://api.gbif.org/v1/image/cache/800x/occurrence/6147654520/media/d0a02d527fdd00cfbcd57f0f52ee009b",
          "source": "https://www.inaturalist.org/photos/612664818",
          "credit": "Arian",
          "license": "CC BY-NC 4.0",
          "licenseUrl": "http://creativecommons.org/licenses/by-nc/4.0/",
          "alt": "Adiantum capillus-veneris"
        }
      }
    },
    {
      "type": "Feature",
      "id": "gbif-6147662640",
      "geometry": {
        "type": "Point",
        "coordinates": [
          20.144313,
          41.140442
        ]
      },
      "properties": {
        "name": "Ficaria verna",
        "category": "flora",
        "categoryLabel": "Vëzhgim flore",
        "location": "Elbasan, Shqipëri",
        "countryCodes": [
          "AL"
        ],
        "summary": "Vëzhgim i Ficaria verna më 2026-02-03 në Shqipëri. Të dhënat nga GBIF.",
        "details": [
          "Një regjistrim i pranishmërisë së llojit; pika nuk paraqet shtrirjen e habitatit."
        ],
        "mapNote": "Koordinata e vëzhgimit nga GBIF; saktësia dhe origjina kontrollohen te regjistrimi burimor.",
        "geometryType": "Point",
        "sources": [
          {
            "label": "GBIF · regjistrimi dhe licenca",
            "url": "https://www.gbif.org/occurrence/6147662640"
          }
        ],
        "extra": {
          "Lloji": "Ficaria verna",
          "Data": "2026-02-03",
          "Licenca": "http://creativecommons.org/licenses/by-nc/4.0/legalcode",
          "Burimi": "iNaturalist research-grade observations"
        },
        "image": {
          "url": "https://api.gbif.org/v1/image/cache/800x/occurrence/6147662640/media/10cee8c6eafe5ce467244abbb5efd096",
          "source": "https://www.inaturalist.org/photos/612960046",
          "credit": "arberzaimi",
          "license": "CC BY-NC 4.0",
          "licenseUrl": "http://creativecommons.org/licenses/by-nc/4.0/",
          "alt": "Ficaria verna"
        }
      }
    },
    {
      "type": "Feature",
      "id": "gbif-6159159791",
      "geometry": {
        "type": "Point",
        "coordinates": [
          19.491977,
          40.992264
        ]
      },
      "properties": {
        "name": "Bellis perennis",
        "category": "flora",
        "categoryLabel": "Vëzhgim flore",
        "location": "Fier, Shqipëri",
        "countryCodes": [
          "AL"
        ],
        "summary": "Vëzhgim i Bellis perennis më 2026-02-10 në Shqipëri. Të dhënat nga GBIF.",
        "details": [
          "Një regjistrim i pranishmërisë së llojit; pika nuk paraqet shtrirjen e habitatit."
        ],
        "mapNote": "Koordinata e vëzhgimit nga GBIF; saktësia dhe origjina kontrollohen te regjistrimi burimor.",
        "geometryType": "Point",
        "sources": [
          {
            "label": "GBIF · regjistrimi dhe licenca",
            "url": "https://www.gbif.org/occurrence/6159159791"
          }
        ],
        "extra": {
          "Lloji": "Bellis perennis",
          "Data": "2026-02-10",
          "Licenca": "http://creativecommons.org/licenses/by-nc/4.0/legalcode",
          "Burimi": "iNaturalist research-grade observations"
        },
        "image": {
          "url": "https://api.gbif.org/v1/image/cache/800x/occurrence/6159159791/media/f97f94eb3886556c62f553dbaccbcb14",
          "source": "https://www.inaturalist.org/photos/614695846",
          "credit": "ervin_allushi",
          "license": "CC BY-NC 4.0",
          "licenseUrl": "http://creativecommons.org/licenses/by-nc/4.0/",
          "alt": "Bellis perennis"
        }
      }
    },
    {
      "type": "Feature",
      "id": "gbif-6159187239",
      "geometry": {
        "type": "Point",
        "coordinates": [
          19.535776,
          41.379827
        ]
      },
      "properties": {
        "name": "Pohlia nutans",
        "category": "flora",
        "categoryLabel": "Vëzhgim flore",
        "location": "Durrës, Shqipëri",
        "countryCodes": [
          "AL"
        ],
        "summary": "Vëzhgim i Pohlia nutans më 2026-02-01 në Shqipëri. Të dhënat nga GBIF.",
        "details": [
          "Një regjistrim i pranishmërisë së llojit; pika nuk paraqet shtrirjen e habitatit."
        ],
        "mapNote": "Koordinata e vëzhgimit nga GBIF; saktësia dhe origjina kontrollohen te regjistrimi burimor.",
        "geometryType": "Point",
        "sources": [
          {
            "label": "GBIF · regjistrimi dhe licenca",
            "url": "https://www.gbif.org/occurrence/6159187239"
          }
        ],
        "extra": {
          "Lloji": "Pohlia nutans",
          "Data": "2026-02-01",
          "Licenca": "http://creativecommons.org/licenses/by-nc/4.0/legalcode",
          "Burimi": "iNaturalist research-grade observations"
        },
        "image": {
          "url": "https://api.gbif.org/v1/image/cache/800x/occurrence/6159187239/media/8814f51b0467287d388a101ae1929a79",
          "source": "https://www.inaturalist.org/photos/612665485",
          "credit": "Arian",
          "license": "CC BY-NC 4.0",
          "licenseUrl": "http://creativecommons.org/licenses/by-nc/4.0/",
          "alt": "Pohlia nutans"
        }
      }
    },
    {
      "type": "Feature",
      "id": "gbif-6159313542",
      "geometry": {
        "type": "Point",
        "coordinates": [
          19.492698,
          40.990826
        ]
      },
      "properties": {
        "name": "Anemone hortensis",
        "category": "flora",
        "categoryLabel": "Vëzhgim flore",
        "location": "Fier, Shqipëri",
        "countryCodes": [
          "AL"
        ],
        "summary": "Vëzhgim i Anemone hortensis më 2026-02-10 në Shqipëri. Të dhënat nga GBIF.",
        "details": [
          "Një regjistrim i pranishmërisë së llojit; pika nuk paraqet shtrirjen e habitatit."
        ],
        "mapNote": "Koordinata e vëzhgimit nga GBIF; saktësia dhe origjina kontrollohen te regjistrimi burimor.",
        "geometryType": "Point",
        "sources": [
          {
            "label": "GBIF · regjistrimi dhe licenca",
            "url": "https://www.gbif.org/occurrence/6159313542"
          }
        ],
        "extra": {
          "Lloji": "Anemone hortensis",
          "Data": "2026-02-10",
          "Licenca": "http://creativecommons.org/licenses/by-nc/4.0/legalcode",
          "Burimi": "iNaturalist research-grade observations"
        },
        "image": {
          "url": "https://api.gbif.org/v1/image/cache/800x/occurrence/6159313542/media/92219454f75724f51f44c29a31bde6b0",
          "source": "https://www.inaturalist.org/photos/614695536",
          "credit": "ervin_allushi",
          "license": "CC BY-NC 4.0",
          "licenseUrl": "http://creativecommons.org/licenses/by-nc/4.0/",
          "alt": "Anemone hortensis"
        }
      }
    },
    {
      "type": "Feature",
      "id": "gbif-6159322429",
      "geometry": {
        "type": "Point",
        "coordinates": [
          19.5357,
          41.379894
        ]
      },
      "properties": {
        "name": "Veronica persica",
        "category": "flora",
        "categoryLabel": "Vëzhgim flore",
        "location": "Durrës, Shqipëri",
        "countryCodes": [
          "AL"
        ],
        "summary": "Vëzhgim i Veronica persica më 2026-02-01 në Shqipëri. Të dhënat nga GBIF.",
        "details": [
          "Një regjistrim i pranishmërisë së llojit; pika nuk paraqet shtrirjen e habitatit."
        ],
        "mapNote": "Koordinata e vëzhgimit nga GBIF; saktësia dhe origjina kontrollohen te regjistrimi burimor.",
        "geometryType": "Point",
        "sources": [
          {
            "label": "GBIF · regjistrimi dhe licenca",
            "url": "https://www.gbif.org/occurrence/6159322429"
          }
        ],
        "extra": {
          "Lloji": "Veronica persica",
          "Data": "2026-02-01",
          "Licenca": "http://creativecommons.org/licenses/by-nc/4.0/legalcode",
          "Burimi": "iNaturalist research-grade observations"
        },
        "image": {
          "url": "https://api.gbif.org/v1/image/cache/800x/occurrence/6159322429/media/c61608d3533e344e074ab0b933be3120",
          "source": "https://www.inaturalist.org/photos/612663140",
          "credit": "Arian",
          "license": "CC BY-NC 4.0",
          "licenseUrl": "http://creativecommons.org/licenses/by-nc/4.0/",
          "alt": "Veronica persica"
        }
      }
    },
    {
      "type": "Feature",
      "id": "gbif-6159627831",
      "geometry": {
        "type": "Point",
        "coordinates": [
          19.820028,
          41.320092
        ]
      },
      "properties": {
        "name": "Veronica persica",
        "category": "flora",
        "categoryLabel": "Vëzhgim flore",
        "location": "Tiranë, Shqipëri",
        "countryCodes": [
          "AL"
        ],
        "summary": "Vëzhgim i Veronica persica më 2026-02-07 në Shqipëri. Të dhënat nga GBIF.",
        "details": [
          "Një regjistrim i pranishmërisë së llojit; pika nuk paraqet shtrirjen e habitatit."
        ],
        "mapNote": "Koordinata e vëzhgimit nga GBIF; saktësia dhe origjina kontrollohen te regjistrimi burimor.",
        "geometryType": "Point",
        "sources": [
          {
            "label": "GBIF · regjistrimi dhe licenca",
            "url": "https://www.gbif.org/occurrence/6159627831"
          }
        ],
        "extra": {
          "Lloji": "Veronica persica",
          "Data": "2026-02-07",
          "Licenca": "http://creativecommons.org/licenses/by-nc/4.0/legalcode",
          "Burimi": "iNaturalist research-grade observations"
        },
        "image": {
          "url": "https://api.gbif.org/v1/image/cache/800x/occurrence/6159627831/media/c67892cb2198ee0bf46b7768a87ec923",
          "source": "https://www.inaturalist.org/photos/614573309",
          "credit": "Yasnaturegirl",
          "license": "CC BY-NC 4.0",
          "licenseUrl": "http://creativecommons.org/licenses/by-nc/4.0/",
          "alt": "Veronica persica"
        }
      }
    },
    {
      "type": "Feature",
      "id": "gbif-6162850429",
      "geometry": {
        "type": "Point",
        "coordinates": [
          19.79383,
          41.507837
        ]
      },
      "properties": {
        "name": "Mercurialis annua",
        "category": "flora",
        "categoryLabel": "Vëzhgim flore",
        "location": "Durrës, Shqipëri",
        "countryCodes": [
          "AL"
        ],
        "summary": "Vëzhgim i Mercurialis annua më 2026-02-18 në Shqipëri. Të dhënat nga GBIF.",
        "details": [
          "Një regjistrim i pranishmërisë së llojit; pika nuk paraqet shtrirjen e habitatit."
        ],
        "mapNote": "Koordinata e vëzhgimit nga GBIF; saktësia dhe origjina kontrollohen te regjistrimi burimor.",
        "geometryType": "Point",
        "sources": [
          {
            "label": "GBIF · regjistrimi dhe licenca",
            "url": "https://www.gbif.org/occurrence/6162850429"
          }
        ],
        "extra": {
          "Lloji": "Mercurialis annua",
          "Data": "2026-02-18",
          "Licenca": "http://creativecommons.org/licenses/by/4.0/legalcode",
          "Burimi": "iNaturalist research-grade observations"
        },
        "image": {
          "url": "https://api.gbif.org/v1/image/cache/800x/occurrence/6162850429/media/5ba041379ab65b21fae688076827449c",
          "source": "https://www.inaturalist.org/photos/617749532",
          "credit": "Ingvild Riska",
          "license": "CC BY 4.0",
          "licenseUrl": "http://creativecommons.org/licenses/by/4.0/",
          "alt": "Mercurialis annua"
        }
      }
    },
    {
      "type": "Feature",
      "id": "gbif-6162881058",
      "geometry": {
        "type": "Point",
        "coordinates": [
          19.802058,
          41.517612
        ]
      },
      "properties": {
        "name": "Ramonda serbica",
        "category": "flora",
        "categoryLabel": "Vëzhgim flore",
        "location": "Durrës, Shqipëri",
        "countryCodes": [
          "AL"
        ],
        "summary": "Vëzhgim i Ramonda serbica më 2026-02-18 në Shqipëri. Të dhënat nga GBIF.",
        "details": [
          "Një regjistrim i pranishmërisë së llojit; pika nuk paraqet shtrirjen e habitatit."
        ],
        "mapNote": "Koordinata e vëzhgimit nga GBIF; saktësia dhe origjina kontrollohen te regjistrimi burimor.",
        "geometryType": "Point",
        "sources": [
          {
            "label": "GBIF · regjistrimi dhe licenca",
            "url": "https://www.gbif.org/occurrence/6162881058"
          }
        ],
        "extra": {
          "Lloji": "Ramonda serbica",
          "Data": "2026-02-18",
          "Licenca": "http://creativecommons.org/licenses/by/4.0/legalcode",
          "Burimi": "iNaturalist research-grade observations"
        },
        "image": {
          "url": "https://api.gbif.org/v1/image/cache/800x/occurrence/6162881058/media/80c017e71f3d3473b8725d5fb36dfbff",
          "source": "https://www.inaturalist.org/photos/617748284",
          "credit": "Ingvild Riska",
          "license": "CC BY 4.0",
          "licenseUrl": "http://creativecommons.org/licenses/by/4.0/",
          "alt": "Ramonda serbica"
        }
      }
    },
    {
      "type": "Feature",
      "id": "gbif-6162944224",
      "geometry": {
        "type": "Point",
        "coordinates": [
          19.491356,
          41.018742
        ]
      },
      "properties": {
        "name": "Anemone hortensis",
        "category": "flora",
        "categoryLabel": "Vëzhgim flore",
        "location": "Fier, Shqipëri",
        "countryCodes": [
          "AL"
        ],
        "summary": "Vëzhgim i Anemone hortensis më 2026-02-16 në Shqipëri. Të dhënat nga GBIF.",
        "details": [
          "Një regjistrim i pranishmërisë së llojit; pika nuk paraqet shtrirjen e habitatit."
        ],
        "mapNote": "Koordinata e vëzhgimit nga GBIF; saktësia dhe origjina kontrollohen te regjistrimi burimor.",
        "geometryType": "Point",
        "sources": [
          {
            "label": "GBIF · regjistrimi dhe licenca",
            "url": "https://www.gbif.org/occurrence/6162944224"
          }
        ],
        "extra": {
          "Lloji": "Anemone hortensis",
          "Data": "2026-02-16",
          "Licenca": "http://creativecommons.org/licenses/by-nc/4.0/legalcode",
          "Burimi": "iNaturalist research-grade observations"
        },
        "image": {
          "url": "https://api.gbif.org/v1/image/cache/800x/occurrence/6162944224/media/0ca24dd00c1c0e09168d45792e4083a8",
          "source": "https://www.inaturalist.org/photos/616643262",
          "credit": "ervin_allushi",
          "license": "CC BY-NC 4.0",
          "licenseUrl": "http://creativecommons.org/licenses/by-nc/4.0/",
          "alt": "Anemone hortensis"
        }
      }
    },
    {
      "type": "Feature",
      "id": "gbif-6163127529",
      "geometry": {
        "type": "Point",
        "coordinates": [
          19.491631,
          41.018714
        ]
      },
      "properties": {
        "name": "Crepis sancta",
        "category": "flora",
        "categoryLabel": "Vëzhgim flore",
        "location": "Fier, Shqipëri",
        "countryCodes": [
          "AL"
        ],
        "summary": "Vëzhgim i Crepis sancta më 2026-02-16 në Shqipëri. Të dhënat nga GBIF.",
        "details": [
          "Një regjistrim i pranishmërisë së llojit; pika nuk paraqet shtrirjen e habitatit."
        ],
        "mapNote": "Koordinata e vëzhgimit nga GBIF; saktësia dhe origjina kontrollohen te regjistrimi burimor.",
        "geometryType": "Point",
        "sources": [
          {
            "label": "GBIF · regjistrimi dhe licenca",
            "url": "https://www.gbif.org/occurrence/6163127529"
          }
        ],
        "extra": {
          "Lloji": "Crepis sancta",
          "Data": "2026-02-16",
          "Licenca": "http://creativecommons.org/licenses/by-nc/4.0/legalcode",
          "Burimi": "iNaturalist research-grade observations"
        },
        "image": {
          "url": "https://api.gbif.org/v1/image/cache/800x/occurrence/6163127529/media/52b0b1044dca45eb7bd39ef64d7b5fe9",
          "source": "https://www.inaturalist.org/photos/616643611",
          "credit": "ervin_allushi",
          "license": "CC BY-NC 4.0",
          "licenseUrl": "http://creativecommons.org/licenses/by-nc/4.0/",
          "alt": "Crepis sancta"
        }
      }
    },
    {
      "type": "Feature",
      "id": "gbif-6163127645",
      "geometry": {
        "type": "Point",
        "coordinates": [
          19.64801,
          40.552235
        ]
      },
      "properties": {
        "name": "Romulea bulbocodium",
        "category": "flora",
        "categoryLabel": "Vëzhgim flore",
        "location": "Fier, Shqipëri",
        "countryCodes": [
          "AL"
        ],
        "summary": "Vëzhgim i Romulea bulbocodium më 2026-02-19 në Shqipëri. Të dhënat nga GBIF.",
        "details": [
          "Një regjistrim i pranishmërisë së llojit; pika nuk paraqet shtrirjen e habitatit."
        ],
        "mapNote": "Koordinata e vëzhgimit nga GBIF; saktësia dhe origjina kontrollohen te regjistrimi burimor.",
        "geometryType": "Point",
        "sources": [
          {
            "label": "GBIF · regjistrimi dhe licenca",
            "url": "https://www.gbif.org/occurrence/6163127645"
          }
        ],
        "extra": {
          "Lloji": "Romulea bulbocodium",
          "Data": "2026-02-19",
          "Licenca": "http://creativecommons.org/licenses/by-nc/4.0/legalcode",
          "Burimi": "iNaturalist research-grade observations"
        },
        "image": {
          "url": "https://api.gbif.org/v1/image/cache/800x/occurrence/6163127645/media/d973552e5c2d5a688858874be97a9ff8",
          "source": "https://www.inaturalist.org/photos/617212797",
          "credit": "Anton Drescher",
          "license": "CC BY-NC 4.0",
          "licenseUrl": "http://creativecommons.org/licenses/by-nc/4.0/",
          "alt": "Romulea bulbocodium"
        }
      }
    },
    {
      "type": "Feature",
      "id": "gbif-6163304225",
      "geometry": {
        "type": "Point",
        "coordinates": [
          19.491491,
          41.01863
        ]
      },
      "properties": {
        "name": "Bellis perennis",
        "category": "flora",
        "categoryLabel": "Vëzhgim flore",
        "location": "Fier, Shqipëri",
        "countryCodes": [
          "AL"
        ],
        "summary": "Vëzhgim i Bellis perennis më 2026-02-16 në Shqipëri. Të dhënat nga GBIF.",
        "details": [
          "Një regjistrim i pranishmërisë së llojit; pika nuk paraqet shtrirjen e habitatit."
        ],
        "mapNote": "Koordinata e vëzhgimit nga GBIF; saktësia dhe origjina kontrollohen te regjistrimi burimor.",
        "geometryType": "Point",
        "sources": [
          {
            "label": "GBIF · regjistrimi dhe licenca",
            "url": "https://www.gbif.org/occurrence/6163304225"
          }
        ],
        "extra": {
          "Lloji": "Bellis perennis",
          "Data": "2026-02-16",
          "Licenca": "http://creativecommons.org/licenses/by-nc/4.0/legalcode",
          "Burimi": "iNaturalist research-grade observations"
        },
        "image": {
          "url": "https://api.gbif.org/v1/image/cache/800x/occurrence/6163304225/media/bc159711c1fd1b7d6a7c50c5068e8f6a",
          "source": "https://www.inaturalist.org/photos/616642266",
          "credit": "ervin_allushi",
          "license": "CC BY-NC 4.0",
          "licenseUrl": "http://creativecommons.org/licenses/by-nc/4.0/",
          "alt": "Bellis perennis"
        }
      }
    },
    {
      "type": "Feature",
      "id": "gbif-6170472958",
      "geometry": {
        "type": "Point",
        "coordinates": [
          19.473909,
          40.955185
        ]
      },
      "properties": {
        "name": "Smilax aspera",
        "category": "flora",
        "categoryLabel": "Vëzhgim flore",
        "location": "Divjakë-Karavasta NP, Shqipëri",
        "countryCodes": [
          "AL"
        ],
        "summary": "Vëzhgim i Smilax aspera më 2026-02-25 në Shqipëri. Të dhënat nga GBIF.",
        "details": [
          "Një regjistrim i pranishmërisë së llojit; pika nuk paraqet shtrirjen e habitatit."
        ],
        "mapNote": "Koordinata e vëzhgimit nga GBIF; saktësia dhe origjina kontrollohen te regjistrimi burimor.",
        "geometryType": "Point",
        "sources": [
          {
            "label": "GBIF · regjistrimi dhe licenca",
            "url": "https://www.gbif.org/occurrence/6170472958"
          }
        ],
        "extra": {
          "Lloji": "Smilax aspera",
          "Data": "2026-02-25",
          "Licenca": "http://creativecommons.org/licenses/by-nc/4.0/legalcode",
          "Burimi": "GBIF"
        }
      }
    },
    {
      "type": "Feature",
      "id": "gbif-6170839000",
      "geometry": {
        "type": "Point",
        "coordinates": [
          20.077492,
          40.2927
        ]
      },
      "properties": {
        "name": "Sedum dasyphyllum",
        "category": "flora",
        "categoryLabel": "Vëzhgim flore",
        "location": "Gjirokastër, Shqipëri",
        "countryCodes": [
          "AL"
        ],
        "summary": "Vëzhgim i Sedum dasyphyllum më 2026-02-18 në Shqipëri. Të dhënat nga GBIF.",
        "details": [
          "Një regjistrim i pranishmërisë së llojit; pika nuk paraqet shtrirjen e habitatit."
        ],
        "mapNote": "Koordinata e vëzhgimit nga GBIF; saktësia dhe origjina kontrollohen te regjistrimi burimor.",
        "geometryType": "Point",
        "sources": [
          {
            "label": "GBIF · regjistrimi dhe licenca",
            "url": "https://www.gbif.org/occurrence/6170839000"
          }
        ],
        "extra": {
          "Lloji": "Sedum dasyphyllum",
          "Data": "2026-02-18",
          "Licenca": "http://creativecommons.org/licenses/by-nc/4.0/legalcode",
          "Burimi": "iNaturalist research-grade observations"
        },
        "image": {
          "url": "https://api.gbif.org/v1/image/cache/800x/occurrence/6170839000/media/a1480eb96898ba753ad7ff7383eb20f4",
          "source": "https://www.inaturalist.org/photos/618494309",
          "credit": "Anton Drescher",
          "license": "CC BY-NC 4.0",
          "licenseUrl": "http://creativecommons.org/licenses/by-nc/4.0/",
          "alt": "Sedum dasyphyllum"
        }
      }
    },
    {
      "type": "Feature",
      "id": "gbif-6170842428",
      "geometry": {
        "type": "Point",
        "coordinates": [
          19.51993,
          41.260456
        ]
      },
      "properties": {
        "name": "Cakile maritima",
        "category": "flora",
        "categoryLabel": "Vëzhgim flore",
        "location": "Tiranë, Shqipëri",
        "countryCodes": [
          "AL"
        ],
        "summary": "Vëzhgim i Cakile maritima më 2026-02-27 në Shqipëri. Të dhënat nga GBIF.",
        "details": [
          "Një regjistrim i pranishmërisë së llojit; pika nuk paraqet shtrirjen e habitatit."
        ],
        "mapNote": "Koordinata e vëzhgimit nga GBIF; saktësia dhe origjina kontrollohen te regjistrimi burimor.",
        "geometryType": "Point",
        "sources": [
          {
            "label": "GBIF · regjistrimi dhe licenca",
            "url": "https://www.gbif.org/occurrence/6170842428"
          }
        ],
        "extra": {
          "Lloji": "Cakile maritima",
          "Data": "2026-02-27",
          "Licenca": "http://creativecommons.org/licenses/by-nc/4.0/legalcode",
          "Burimi": "iNaturalist research-grade observations"
        },
        "image": {
          "url": "https://api.gbif.org/v1/image/cache/800x/occurrence/6170842428/media/bc4f1080a83a17ba227abd8ee44b2b36",
          "source": "https://www.inaturalist.org/photos/619488269",
          "credit": "Arian",
          "license": "CC BY-NC 4.0",
          "licenseUrl": "http://creativecommons.org/licenses/by-nc/4.0/",
          "alt": "Cakile maritima"
        }
      }
    },
    {
      "type": "Feature",
      "id": "gbif-6171100761",
      "geometry": {
        "type": "Point",
        "coordinates": [
          19.934599,
          41.432839
        ]
      },
      "properties": {
        "name": "Tussilago farfara",
        "category": "flora",
        "categoryLabel": "Vëzhgim flore",
        "location": "Tiranë, Shqipëri",
        "countryCodes": [
          "AL"
        ],
        "summary": "Vëzhgim i Tussilago farfara më 2026-02-25 në Shqipëri. Të dhënat nga GBIF.",
        "details": [
          "Një regjistrim i pranishmërisë së llojit; pika nuk paraqet shtrirjen e habitatit."
        ],
        "mapNote": "Koordinata e vëzhgimit nga GBIF; saktësia dhe origjina kontrollohen te regjistrimi burimor.",
        "geometryType": "Point",
        "sources": [
          {
            "label": "GBIF · regjistrimi dhe licenca",
            "url": "https://www.gbif.org/occurrence/6171100761"
          }
        ],
        "extra": {
          "Lloji": "Tussilago farfara",
          "Data": "2026-02-25",
          "Licenca": "http://creativecommons.org/licenses/by-nc/4.0/legalcode",
          "Burimi": "iNaturalist research-grade observations"
        },
        "image": {
          "url": "https://api.gbif.org/v1/image/cache/800x/occurrence/6171100761/media/1191b5c64330c2ceb2c99a01fec5b1c3",
          "source": "https://www.inaturalist.org/photos/620163981",
          "credit": "sajmirhoxha",
          "license": "CC BY-NC 4.0",
          "licenseUrl": "http://creativecommons.org/licenses/by-nc/4.0/",
          "alt": "Tussilago farfara"
        }
      }
    },
    {
      "type": "Feature",
      "id": "gbif-6171288313",
      "geometry": {
        "type": "Point",
        "coordinates": [
          19.4447,
          41.309582
        ]
      },
      "properties": {
        "name": "Oxalis pes-caprae",
        "category": "flora",
        "categoryLabel": "Vëzhgim flore",
        "location": "Durrës, Shqipëri",
        "countryCodes": [
          "AL"
        ],
        "summary": "Vëzhgim i Oxalis pes-caprae më 2026-02-25 në Shqipëri. Të dhënat nga GBIF.",
        "details": [
          "Një regjistrim i pranishmërisë së llojit; pika nuk paraqet shtrirjen e habitatit."
        ],
        "mapNote": "Koordinata e vëzhgimit nga GBIF; saktësia dhe origjina kontrollohen te regjistrimi burimor.",
        "geometryType": "Point",
        "sources": [
          {
            "label": "GBIF · regjistrimi dhe licenca",
            "url": "https://www.gbif.org/occurrence/6171288313"
          }
        ],
        "extra": {
          "Lloji": "Oxalis pes-caprae",
          "Data": "2026-02-25",
          "Licenca": "http://creativecommons.org/licenses/by-nc/4.0/legalcode",
          "Burimi": "iNaturalist research-grade observations"
        },
        "image": {
          "url": "https://api.gbif.org/v1/image/cache/800x/occurrence/6171288313/media/6496cc1317a59c9e12b46e089d93787a",
          "source": "https://www.inaturalist.org/photos/618943691",
          "credit": "Arian",
          "license": "CC BY-NC 4.0",
          "licenseUrl": "http://creativecommons.org/licenses/by-nc/4.0/",
          "alt": "Oxalis pes-caprae"
        }
      }
    },
    {
      "type": "Feature",
      "id": "gbif-6178579675",
      "geometry": {
        "type": "Point",
        "coordinates": [
          19.439214,
          41.314157
        ]
      },
      "properties": {
        "name": "Vinca major",
        "category": "flora",
        "categoryLabel": "Vëzhgim flore",
        "location": "Durrës, Shqipëri",
        "countryCodes": [
          "AL"
        ],
        "summary": "Vëzhgim i Vinca major më 2026-02-13 në Shqipëri. Të dhënat nga GBIF.",
        "details": [
          "Një regjistrim i pranishmërisë së llojit; pika nuk paraqet shtrirjen e habitatit."
        ],
        "mapNote": "Koordinata e vëzhgimit nga GBIF; saktësia dhe origjina kontrollohen te regjistrimi burimor.",
        "geometryType": "Point",
        "sources": [
          {
            "label": "GBIF · regjistrimi dhe licenca",
            "url": "https://www.gbif.org/occurrence/6178579675"
          }
        ],
        "extra": {
          "Lloji": "Vinca major",
          "Data": "2026-02-13",
          "Licenca": "http://creativecommons.org/licenses/by-nc/4.0/legalcode",
          "Burimi": "iNaturalist research-grade observations"
        },
        "image": {
          "url": "https://api.gbif.org/v1/image/cache/800x/occurrence/6178579675/media/c160f29baca9561c375ad78639c70624",
          "source": "https://www.inaturalist.org/photos/615541407",
          "credit": "Marsel Mersinaj",
          "license": "CC BY-NC 4.0",
          "licenseUrl": "http://creativecommons.org/licenses/by-nc/4.0/",
          "alt": "Vinca major"
        }
      }
    },
    {
      "type": "Feature",
      "id": "gbif-6179178874",
      "geometry": {
        "type": "Point",
        "coordinates": [
          19.765913,
          41.482712
        ]
      },
      "properties": {
        "name": "Punica granatum",
        "category": "flora",
        "categoryLabel": "Vëzhgim flore",
        "location": "Durrës, Shqipëri",
        "countryCodes": [
          "AL"
        ],
        "summary": "Vëzhgim i Punica granatum më 2026-02-18 në Shqipëri. Të dhënat nga GBIF.",
        "details": [
          "Një regjistrim i pranishmërisë së llojit; pika nuk paraqet shtrirjen e habitatit."
        ],
        "mapNote": "Koordinata e vëzhgimit nga GBIF; saktësia dhe origjina kontrollohen te regjistrimi burimor.",
        "geometryType": "Point",
        "sources": [
          {
            "label": "GBIF · regjistrimi dhe licenca",
            "url": "https://www.gbif.org/occurrence/6179178874"
          }
        ],
        "extra": {
          "Lloji": "Punica granatum",
          "Data": "2026-02-18",
          "Licenca": "http://creativecommons.org/licenses/by/4.0/legalcode",
          "Burimi": "iNaturalist research-grade observations"
        },
        "image": {
          "url": "https://api.gbif.org/v1/image/cache/800x/occurrence/6179178874/media/44ed0180705f8b19dd3bfd314f9332a7",
          "source": "https://www.inaturalist.org/photos/617746674",
          "credit": "Ingvild Riska",
          "license": "CC BY 4.0",
          "licenseUrl": "http://creativecommons.org/licenses/by/4.0/",
          "alt": "Punica granatum"
        }
      }
    },
    {
      "type": "Feature",
      "id": "gbif-6185162854",
      "geometry": {
        "type": "Point",
        "coordinates": [
          19.491572,
          41.01858
        ]
      },
      "properties": {
        "name": "Euphorbia helioscopia",
        "category": "flora",
        "categoryLabel": "Vëzhgim flore",
        "location": "Fier, Shqipëri",
        "countryCodes": [
          "AL"
        ],
        "summary": "Vëzhgim i Euphorbia helioscopia më 2026-02-16 në Shqipëri. Të dhënat nga GBIF.",
        "details": [
          "Një regjistrim i pranishmërisë së llojit; pika nuk paraqet shtrirjen e habitatit."
        ],
        "mapNote": "Koordinata e vëzhgimit nga GBIF; saktësia dhe origjina kontrollohen te regjistrimi burimor.",
        "geometryType": "Point",
        "sources": [
          {
            "label": "GBIF · regjistrimi dhe licenca",
            "url": "https://www.gbif.org/occurrence/6185162854"
          }
        ],
        "extra": {
          "Lloji": "Euphorbia helioscopia",
          "Data": "2026-02-16",
          "Licenca": "http://creativecommons.org/licenses/by-nc/4.0/legalcode",
          "Burimi": "iNaturalist research-grade observations"
        },
        "image": {
          "url": "https://api.gbif.org/v1/image/cache/800x/occurrence/6185162854/media/f5b5e4f26d415c4b2088652822418c9b",
          "source": "https://www.inaturalist.org/photos/616643135",
          "credit": "ervin_allushi",
          "license": "CC BY-NC 4.0",
          "licenseUrl": "http://creativecommons.org/licenses/by-nc/4.0/",
          "alt": "Euphorbia helioscopia"
        }
      }
    },
    {
      "type": "Feature",
      "id": "gbif-6251933426",
      "geometry": {
        "type": "Point",
        "coordinates": [
          19.519817,
          41.263272
        ]
      },
      "properties": {
        "name": "Veronica persica",
        "category": "flora",
        "categoryLabel": "Vëzhgim flore",
        "location": "Durrës, Shqipëri",
        "countryCodes": [
          "AL"
        ],
        "summary": "Vëzhgim i Veronica persica më 2026-02-28 në Shqipëri. Të dhënat nga GBIF.",
        "details": [
          "Një regjistrim i pranishmërisë së llojit; pika nuk paraqet shtrirjen e habitatit."
        ],
        "mapNote": "Koordinata e vëzhgimit nga GBIF; saktësia dhe origjina kontrollohen te regjistrimi burimor.",
        "geometryType": "Point",
        "sources": [
          {
            "label": "GBIF · regjistrimi dhe licenca",
            "url": "https://www.gbif.org/occurrence/6251933426"
          }
        ],
        "extra": {
          "Lloji": "Veronica persica",
          "Data": "2026-02-28",
          "Licenca": "http://creativecommons.org/licenses/by-nc/4.0/legalcode",
          "Burimi": "iNaturalist research-grade observations"
        },
        "image": {
          "url": "https://api.gbif.org/v1/image/cache/800x/occurrence/6251933426/media/9e10dd8c390866022f8cbeeeb6d7251f",
          "source": "https://www.inaturalist.org/photos/619810807",
          "credit": "Arian",
          "license": "CC BY-NC 4.0",
          "licenseUrl": "http://creativecommons.org/licenses/by-nc/4.0/",
          "alt": "Veronica persica"
        }
      }
    },
    {
      "type": "Feature",
      "id": "gbif-6251999141",
      "geometry": {
        "type": "Point",
        "coordinates": [
          19.490055,
          41.018463
        ]
      },
      "properties": {
        "name": "Veronica persica",
        "category": "flora",
        "categoryLabel": "Vëzhgim flore",
        "location": "Fier, Shqipëri",
        "countryCodes": [
          "AL"
        ],
        "summary": "Vëzhgim i Veronica persica më 2026-02-16 në Shqipëri. Të dhënat nga GBIF.",
        "details": [
          "Një regjistrim i pranishmërisë së llojit; pika nuk paraqet shtrirjen e habitatit."
        ],
        "mapNote": "Koordinata e vëzhgimit nga GBIF; saktësia dhe origjina kontrollohen te regjistrimi burimor.",
        "geometryType": "Point",
        "sources": [
          {
            "label": "GBIF · regjistrimi dhe licenca",
            "url": "https://www.gbif.org/occurrence/6251999141"
          }
        ],
        "extra": {
          "Lloji": "Veronica persica",
          "Data": "2026-02-16",
          "Licenca": "http://creativecommons.org/licenses/by-nc/4.0/legalcode",
          "Burimi": "iNaturalist research-grade observations"
        },
        "image": {
          "url": "https://api.gbif.org/v1/image/cache/800x/occurrence/6251999141/media/c491316bd5b22ef863b0e67e6e8b53c5",
          "source": "https://www.inaturalist.org/photos/616642419",
          "credit": "ervin_allushi",
          "license": "CC BY-NC 4.0",
          "licenseUrl": "http://creativecommons.org/licenses/by-nc/4.0/",
          "alt": "Veronica persica"
        }
      }
    },
    {
      "type": "Feature",
      "id": "gbif-6400493546",
      "geometry": {
        "type": "Point",
        "coordinates": [
          19.535729,
          41.379879
        ]
      },
      "properties": {
        "name": "Alopecurus myosuroides",
        "category": "flora",
        "categoryLabel": "Vëzhgim flore",
        "location": "Durrës, Shqipëri",
        "countryCodes": [
          "AL"
        ],
        "summary": "Vëzhgim i Alopecurus myosuroides më 2026-02-01 në Shqipëri. Të dhënat nga GBIF.",
        "details": [
          "Një regjistrim i pranishmërisë së llojit; pika nuk paraqet shtrirjen e habitatit."
        ],
        "mapNote": "Koordinata e vëzhgimit nga GBIF; saktësia dhe origjina kontrollohen te regjistrimi burimor.",
        "geometryType": "Point",
        "sources": [
          {
            "label": "GBIF · regjistrimi dhe licenca",
            "url": "https://www.gbif.org/occurrence/6400493546"
          }
        ],
        "extra": {
          "Lloji": "Alopecurus myosuroides",
          "Data": "2026-02-01",
          "Licenca": "http://creativecommons.org/licenses/by-nc/4.0/legalcode",
          "Burimi": "iNaturalist research-grade observations"
        },
        "image": {
          "url": "https://api.gbif.org/v1/image/cache/800x/occurrence/6400493546/media/120a639274b516b5f038f957c17e32cd",
          "source": "https://www.inaturalist.org/photos/612665279",
          "credit": "Arian",
          "license": "CC BY-NC 4.0",
          "licenseUrl": "http://creativecommons.org/licenses/by-nc/4.0/",
          "alt": "Alopecurus myosuroides"
        }
      }
    },
    {
      "type": "Feature",
      "id": "gbif-6178327622",
      "geometry": {
        "type": "Point",
        "coordinates": [
          20.030998,
          40.282591
        ]
      },
      "properties": {
        "name": "Silybum marianum",
        "category": "flora",
        "categoryLabel": "Vëzhgim flore",
        "location": "Gjirokastër, Shqipëri",
        "countryCodes": [
          "AL"
        ],
        "summary": "Vëzhgim i Silybum marianum më 2026-03-12 në Shqipëri. Të dhënat nga GBIF.",
        "details": [
          "Një regjistrim i pranishmërisë së llojit; pika nuk paraqet shtrirjen e habitatit."
        ],
        "mapNote": "Koordinata e vëzhgimit nga GBIF; saktësia dhe origjina kontrollohen te regjistrimi burimor.",
        "geometryType": "Point",
        "sources": [
          {
            "label": "GBIF · regjistrimi dhe licenca",
            "url": "https://www.gbif.org/occurrence/6178327622"
          }
        ],
        "extra": {
          "Lloji": "Silybum marianum",
          "Data": "2026-03-12",
          "Licenca": "http://creativecommons.org/licenses/by-nc/4.0/legalcode",
          "Burimi": "iNaturalist research-grade observations"
        },
        "image": {
          "url": "https://api.gbif.org/v1/image/cache/800x/occurrence/6178327622/media/97d979e146ba185d53bdf567c704c82d",
          "source": "https://www.inaturalist.org/photos/623901012",
          "credit": "Chelsea Nuez",
          "license": "CC BY-NC 4.0",
          "licenseUrl": "http://creativecommons.org/licenses/by-nc/4.0/",
          "alt": "Silybum marianum"
        }
      }
    },
    {
      "type": "Feature",
      "id": "gbif-6178334502",
      "geometry": {
        "type": "Point",
        "coordinates": [
          19.436414,
          41.351106
        ]
      },
      "properties": {
        "name": "Geranium molle",
        "category": "flora",
        "categoryLabel": "Vëzhgim flore",
        "location": "Durrës, Shqipëri",
        "countryCodes": [
          "AL"
        ],
        "summary": "Vëzhgim i Geranium molle më 2026-03-08 në Shqipëri. Të dhënat nga GBIF.",
        "details": [
          "Një regjistrim i pranishmërisë së llojit; pika nuk paraqet shtrirjen e habitatit."
        ],
        "mapNote": "Koordinata e vëzhgimit nga GBIF; saktësia dhe origjina kontrollohen te regjistrimi burimor.",
        "geometryType": "Point",
        "sources": [
          {
            "label": "GBIF · regjistrimi dhe licenca",
            "url": "https://www.gbif.org/occurrence/6178334502"
          }
        ],
        "extra": {
          "Lloji": "Geranium molle",
          "Data": "2026-03-08",
          "Licenca": "http://creativecommons.org/licenses/by-nc/4.0/legalcode",
          "Burimi": "iNaturalist research-grade observations"
        },
        "image": {
          "url": "https://api.gbif.org/v1/image/cache/800x/occurrence/6178334502/media/be61a326320afb1cd4c8ae2d7a6ff32b",
          "source": "https://www.inaturalist.org/photos/622452128",
          "credit": "Arian",
          "license": "CC BY-NC 4.0",
          "licenseUrl": "http://creativecommons.org/licenses/by-nc/4.0/",
          "alt": "Geranium molle"
        }
      }
    },
    {
      "type": "Feature",
      "id": "gbif-6178336605",
      "geometry": {
        "type": "Point",
        "coordinates": [
          20.023085,
          39.746323
        ]
      },
      "properties": {
        "name": "Cercis siliquastrum",
        "category": "flora",
        "categoryLabel": "Vëzhgim flore",
        "location": "Vlorë, Shqipëri",
        "countryCodes": [
          "AL"
        ],
        "summary": "Vëzhgim i Cercis siliquastrum më 2026-03-16 në Shqipëri. Të dhënat nga GBIF.",
        "details": [
          "Një regjistrim i pranishmërisë së llojit; pika nuk paraqet shtrirjen e habitatit."
        ],
        "mapNote": "Koordinata e vëzhgimit nga GBIF; saktësia dhe origjina kontrollohen te regjistrimi burimor.",
        "geometryType": "Point",
        "sources": [
          {
            "label": "GBIF · regjistrimi dhe licenca",
            "url": "https://www.gbif.org/occurrence/6178336605"
          }
        ],
        "extra": {
          "Lloji": "Cercis siliquastrum",
          "Data": "2026-03-16",
          "Licenca": "http://creativecommons.org/licenses/by-nc/4.0/legalcode",
          "Burimi": "iNaturalist research-grade observations"
        },
        "image": {
          "url": "https://api.gbif.org/v1/image/cache/800x/occurrence/6178336605/media/698304a0f5e8ee966ec4ea0c78bdf7a1",
          "source": "https://www.inaturalist.org/photos/625332270",
          "credit": "Chelsea Nuez",
          "license": "CC BY-NC 4.0",
          "licenseUrl": "http://creativecommons.org/licenses/by-nc/4.0/",
          "alt": "Cercis siliquastrum"
        }
      }
    },
    {
      "type": "Feature",
      "id": "gbif-6178408059",
      "geometry": {
        "type": "Point",
        "coordinates": [
          19.484007,
          40.990822
        ]
      },
      "properties": {
        "name": "Ophrys sphegodes",
        "category": "flora",
        "categoryLabel": "Vëzhgim flore",
        "location": "Fier, Shqipëri",
        "countryCodes": [
          "AL"
        ],
        "summary": "Vëzhgim i Ophrys sphegodes më 2026-03-10 në Shqipëri. Të dhënat nga GBIF.",
        "details": [
          "Një regjistrim i pranishmërisë së llojit; pika nuk paraqet shtrirjen e habitatit."
        ],
        "mapNote": "Koordinata e vëzhgimit nga GBIF; saktësia dhe origjina kontrollohen te regjistrimi burimor.",
        "geometryType": "Point",
        "sources": [
          {
            "label": "GBIF · regjistrimi dhe licenca",
            "url": "https://www.gbif.org/occurrence/6178408059"
          }
        ],
        "extra": {
          "Lloji": "Ophrys sphegodes",
          "Data": "2026-03-10",
          "Licenca": "http://creativecommons.org/licenses/by-nc/4.0/legalcode",
          "Burimi": "iNaturalist research-grade observations"
        },
        "image": {
          "url": "https://api.gbif.org/v1/image/cache/800x/occurrence/6178408059/media/8c3860314c2d8dc76ea308e40920667d",
          "source": "https://www.inaturalist.org/photos/623176137",
          "credit": "ervin_allushi",
          "license": "CC BY-NC 4.0",
          "licenseUrl": "http://creativecommons.org/licenses/by-nc/4.0/",
          "alt": "Ophrys sphegodes"
        }
      }
    },
    {
      "type": "Feature",
      "id": "gbif-6178425661",
      "geometry": {
        "type": "Point",
        "coordinates": [
          20.187252,
          39.922361
        ]
      },
      "properties": {
        "name": "Lysimachia arvensis",
        "category": "flora",
        "categoryLabel": "Vëzhgim flore",
        "location": "Vlorë, Shqipëri",
        "countryCodes": [
          "AL"
        ],
        "summary": "Vëzhgim i Lysimachia arvensis më 2026-03-15 në Shqipëri. Të dhënat nga GBIF.",
        "details": [
          "Një regjistrim i pranishmërisë së llojit; pika nuk paraqet shtrirjen e habitatit."
        ],
        "mapNote": "Koordinata e vëzhgimit nga GBIF; saktësia dhe origjina kontrollohen te regjistrimi burimor.",
        "geometryType": "Point",
        "sources": [
          {
            "label": "GBIF · regjistrimi dhe licenca",
            "url": "https://www.gbif.org/occurrence/6178425661"
          }
        ],
        "extra": {
          "Lloji": "Lysimachia arvensis",
          "Data": "2026-03-15",
          "Licenca": "http://creativecommons.org/licenses/by-nc/4.0/legalcode",
          "Burimi": "iNaturalist research-grade observations"
        },
        "image": {
          "url": "https://api.gbif.org/v1/image/cache/800x/occurrence/6178425661/media/0519348ea06516b9b580f90b600294c1",
          "source": "https://www.inaturalist.org/photos/624958646",
          "credit": "Chelsea Nuez",
          "license": "CC BY-NC 4.0",
          "licenseUrl": "http://creativecommons.org/licenses/by-nc/4.0/",
          "alt": "Lysimachia arvensis"
        }
      }
    },
    {
      "type": "Feature",
      "id": "gbif-6178442917",
      "geometry": {
        "type": "Point",
        "coordinates": [
          20.036876,
          40.259325
        ]
      },
      "properties": {
        "name": "Anemone hortensis",
        "category": "flora",
        "categoryLabel": "Vëzhgim flore",
        "location": "Gjirokastër, Shqipëri",
        "countryCodes": [
          "AL"
        ],
        "summary": "Vëzhgim i Anemone hortensis më 2026-03-13 në Shqipëri. Të dhënat nga GBIF.",
        "details": [
          "Një regjistrim i pranishmërisë së llojit; pika nuk paraqet shtrirjen e habitatit."
        ],
        "mapNote": "Koordinata e vëzhgimit nga GBIF; saktësia dhe origjina kontrollohen te regjistrimi burimor.",
        "geometryType": "Point",
        "sources": [
          {
            "label": "GBIF · regjistrimi dhe licenca",
            "url": "https://www.gbif.org/occurrence/6178442917"
          }
        ],
        "extra": {
          "Lloji": "Anemone hortensis",
          "Data": "2026-03-13",
          "Licenca": "http://creativecommons.org/licenses/by-nc/4.0/legalcode",
          "Burimi": "iNaturalist research-grade observations"
        },
        "image": {
          "url": "https://api.gbif.org/v1/image/cache/800x/occurrence/6178442917/media/7507d81e7ab15077cd983a080d86dee4",
          "source": "https://www.inaturalist.org/photos/624316273",
          "credit": "Chelsea Nuez",
          "license": "CC BY-NC 4.0",
          "licenseUrl": "http://creativecommons.org/licenses/by-nc/4.0/",
          "alt": "Anemone hortensis"
        }
      }
    },
    {
      "type": "Feature",
      "id": "gbif-6178483852",
      "geometry": {
        "type": "Point",
        "coordinates": [
          20.188678,
          39.92257
        ]
      },
      "properties": {
        "name": "Equisetum telmateia",
        "category": "flora",
        "categoryLabel": "Vëzhgim flore",
        "location": "Vlorë, Shqipëri",
        "countryCodes": [
          "AL"
        ],
        "summary": "Vëzhgim i Equisetum telmateia më 2026-03-15 në Shqipëri. Të dhënat nga GBIF.",
        "details": [
          "Një regjistrim i pranishmërisë së llojit; pika nuk paraqet shtrirjen e habitatit."
        ],
        "mapNote": "Koordinata e vëzhgimit nga GBIF; saktësia dhe origjina kontrollohen te regjistrimi burimor.",
        "geometryType": "Point",
        "sources": [
          {
            "label": "GBIF · regjistrimi dhe licenca",
            "url": "https://www.gbif.org/occurrence/6178483852"
          }
        ],
        "extra": {
          "Lloji": "Equisetum telmateia",
          "Data": "2026-03-15",
          "Licenca": "http://creativecommons.org/licenses/by-nc/4.0/legalcode",
          "Burimi": "iNaturalist research-grade observations"
        },
        "image": {
          "url": "https://api.gbif.org/v1/image/cache/800x/occurrence/6178483852/media/3dfa64103e16055f7684b1a38b1f7100",
          "source": "https://www.inaturalist.org/photos/625299778",
          "credit": "Chelsea Nuez",
          "license": "CC BY-NC 4.0",
          "licenseUrl": "http://creativecommons.org/licenses/by-nc/4.0/",
          "alt": "Equisetum telmateia"
        }
      }
    },
    {
      "type": "Feature",
      "id": "gbif-6178503343",
      "geometry": {
        "type": "Point",
        "coordinates": [
          19.998107,
          39.746838
        ]
      },
      "properties": {
        "name": "Galactites tomentosa",
        "category": "flora",
        "categoryLabel": "Vëzhgim flore",
        "location": "Vlorë, Shqipëri",
        "countryCodes": [
          "AL"
        ],
        "summary": "Vëzhgim i Galactites tomentosa më 2026-03-16 në Shqipëri. Të dhënat nga GBIF.",
        "details": [
          "Një regjistrim i pranishmërisë së llojit; pika nuk paraqet shtrirjen e habitatit."
        ],
        "mapNote": "Koordinata e vëzhgimit nga GBIF; saktësia dhe origjina kontrollohen te regjistrimi burimor.",
        "geometryType": "Point",
        "sources": [
          {
            "label": "GBIF · regjistrimi dhe licenca",
            "url": "https://www.gbif.org/occurrence/6178503343"
          }
        ],
        "extra": {
          "Lloji": "Galactites tomentosa",
          "Data": "2026-03-16",
          "Licenca": "http://creativecommons.org/licenses/by-nc/4.0/legalcode",
          "Burimi": "iNaturalist research-grade observations"
        },
        "image": {
          "url": "https://api.gbif.org/v1/image/cache/800x/occurrence/6178503343/media/a17b65ec756dd1bbf79075db198fcda7",
          "source": "https://www.inaturalist.org/photos/625335115",
          "credit": "Chelsea Nuez",
          "license": "CC BY-NC 4.0",
          "licenseUrl": "http://creativecommons.org/licenses/by-nc/4.0/",
          "alt": "Galactites tomentosa"
        }
      }
    },
    {
      "type": "Feature",
      "id": "gbif-6178508261",
      "geometry": {
        "type": "Point",
        "coordinates": [
          20.187934,
          39.922251
        ]
      },
      "properties": {
        "name": "Echium plantagineum",
        "category": "flora",
        "categoryLabel": "Vëzhgim flore",
        "location": "Vlorë, Shqipëri",
        "countryCodes": [
          "AL"
        ],
        "summary": "Vëzhgim i Echium plantagineum më 2026-03-15 në Shqipëri. Të dhënat nga GBIF.",
        "details": [
          "Një regjistrim i pranishmërisë së llojit; pika nuk paraqet shtrirjen e habitatit."
        ],
        "mapNote": "Koordinata e vëzhgimit nga GBIF; saktësia dhe origjina kontrollohen te regjistrimi burimor.",
        "geometryType": "Point",
        "sources": [
          {
            "label": "GBIF · regjistrimi dhe licenca",
            "url": "https://www.gbif.org/occurrence/6178508261"
          }
        ],
        "extra": {
          "Lloji": "Echium plantagineum",
          "Data": "2026-03-15",
          "Licenca": "http://creativecommons.org/licenses/by-nc/4.0/legalcode",
          "Burimi": "iNaturalist research-grade observations"
        },
        "image": {
          "url": "https://api.gbif.org/v1/image/cache/800x/occurrence/6178508261/media/dd12c7e355d1e4e546068619bfed7015",
          "source": "https://www.inaturalist.org/photos/624956759",
          "credit": "Chelsea Nuez",
          "license": "CC BY-NC 4.0",
          "licenseUrl": "http://creativecommons.org/licenses/by-nc/4.0/",
          "alt": "Echium plantagineum"
        }
      }
    },
    {
      "type": "Feature",
      "id": "gbif-6178511823",
      "geometry": {
        "type": "Point",
        "coordinates": [
          20.001967,
          39.746234
        ]
      },
      "properties": {
        "name": "Pteridium aquilinum",
        "category": "flora",
        "categoryLabel": "Vëzhgim flore",
        "location": "Vlorë, Shqipëri",
        "countryCodes": [
          "AL"
        ],
        "summary": "Vëzhgim i Pteridium aquilinum më 2026-03-16 në Shqipëri. Të dhënat nga GBIF.",
        "details": [
          "Një regjistrim i pranishmërisë së llojit; pika nuk paraqet shtrirjen e habitatit."
        ],
        "mapNote": "Koordinata e vëzhgimit nga GBIF; saktësia dhe origjina kontrollohen te regjistrimi burimor.",
        "geometryType": "Point",
        "sources": [
          {
            "label": "GBIF · regjistrimi dhe licenca",
            "url": "https://www.gbif.org/occurrence/6178511823"
          }
        ],
        "extra": {
          "Lloji": "Pteridium aquilinum",
          "Data": "2026-03-16",
          "Licenca": "http://creativecommons.org/licenses/by-nc/4.0/legalcode",
          "Burimi": "iNaturalist research-grade observations"
        },
        "image": {
          "url": "https://api.gbif.org/v1/image/cache/800x/occurrence/6178511823/media/b49b72665905915adb454c788dcc7bed",
          "source": "https://www.inaturalist.org/photos/625333865",
          "credit": "Chelsea Nuez",
          "license": "CC BY-NC 4.0",
          "licenseUrl": "http://creativecommons.org/licenses/by-nc/4.0/",
          "alt": "Pteridium aquilinum"
        }
      }
    },
    {
      "type": "Feature",
      "id": "gbif-6178522255",
      "geometry": {
        "type": "Point",
        "coordinates": [
          19.822959,
          41.310361
        ]
      },
      "properties": {
        "name": "Veronica chamaedrys",
        "category": "flora",
        "categoryLabel": "Vëzhgim flore",
        "location": "Tiranë, Shqipëri",
        "countryCodes": [
          "AL"
        ],
        "summary": "Vëzhgim i Veronica chamaedrys më 2026-03-10 në Shqipëri. Të dhënat nga GBIF.",
        "details": [
          "Një regjistrim i pranishmërisë së llojit; pika nuk paraqet shtrirjen e habitatit."
        ],
        "mapNote": "Koordinata e vëzhgimit nga GBIF; saktësia dhe origjina kontrollohen te regjistrimi burimor.",
        "geometryType": "Point",
        "sources": [
          {
            "label": "GBIF · regjistrimi dhe licenca",
            "url": "https://www.gbif.org/occurrence/6178522255"
          }
        ],
        "extra": {
          "Lloji": "Veronica chamaedrys",
          "Data": "2026-03-10",
          "Licenca": "http://creativecommons.org/licenses/by-nc/4.0/legalcode",
          "Burimi": "iNaturalist research-grade observations"
        },
        "image": {
          "url": "https://api.gbif.org/v1/image/cache/800x/occurrence/6178522255/media/4c730ec0bee2edc0388bb574b9c40cbf",
          "source": "https://www.inaturalist.org/photos/623199391",
          "credit": "Chelsea Nuez",
          "license": "CC BY-NC 4.0",
          "licenseUrl": "http://creativecommons.org/licenses/by-nc/4.0/",
          "alt": "Veronica chamaedrys"
        }
      }
    },
    {
      "type": "Feature",
      "id": "gbif-6178581091",
      "geometry": {
        "type": "Point",
        "coordinates": [
          20.036887,
          40.259324
        ]
      },
      "properties": {
        "name": "Parentucellia latifolia",
        "category": "flora",
        "categoryLabel": "Vëzhgim flore",
        "location": "Gjirokastër, Shqipëri",
        "countryCodes": [
          "AL"
        ],
        "summary": "Vëzhgim i Parentucellia latifolia më 2026-03-13 në Shqipëri. Të dhënat nga GBIF.",
        "details": [
          "Një regjistrim i pranishmërisë së llojit; pika nuk paraqet shtrirjen e habitatit."
        ],
        "mapNote": "Koordinata e vëzhgimit nga GBIF; saktësia dhe origjina kontrollohen te regjistrimi burimor.",
        "geometryType": "Point",
        "sources": [
          {
            "label": "GBIF · regjistrimi dhe licenca",
            "url": "https://www.gbif.org/occurrence/6178581091"
          }
        ],
        "extra": {
          "Lloji": "Parentucellia latifolia",
          "Data": "2026-03-13",
          "Licenca": "http://creativecommons.org/licenses/by-nc/4.0/legalcode",
          "Burimi": "iNaturalist research-grade observations"
        },
        "image": {
          "url": "https://api.gbif.org/v1/image/cache/800x/occurrence/6178581091/media/7ff515a462c2873ed1a30aa62405d2e1",
          "source": "https://www.inaturalist.org/photos/624316552",
          "credit": "Chelsea Nuez",
          "license": "CC BY-NC 4.0",
          "licenseUrl": "http://creativecommons.org/licenses/by-nc/4.0/",
          "alt": "Parentucellia latifolia"
        }
      }
    },
    {
      "type": "Feature",
      "id": "gbif-6178698061",
      "geometry": {
        "type": "Point",
        "coordinates": [
          19.422326,
          41.325293
        ]
      },
      "properties": {
        "name": "Pistacia lentiscus",
        "category": "flora",
        "categoryLabel": "Vëzhgim flore",
        "location": "Durrës, Shqipëri",
        "countryCodes": [
          "AL"
        ],
        "summary": "Vëzhgim i Pistacia lentiscus më 2026-03-14 në Shqipëri. Të dhënat nga GBIF.",
        "details": [
          "Një regjistrim i pranishmërisë së llojit; pika nuk paraqet shtrirjen e habitatit."
        ],
        "mapNote": "Koordinata e vëzhgimit nga GBIF; saktësia dhe origjina kontrollohen te regjistrimi burimor.",
        "geometryType": "Point",
        "sources": [
          {
            "label": "GBIF · regjistrimi dhe licenca",
            "url": "https://www.gbif.org/occurrence/6178698061"
          }
        ],
        "extra": {
          "Lloji": "Pistacia lentiscus",
          "Data": "2026-03-14",
          "Licenca": "http://creativecommons.org/licenses/by-nc/4.0/legalcode",
          "Burimi": "iNaturalist research-grade observations"
        },
        "image": {
          "url": "https://api.gbif.org/v1/image/cache/800x/occurrence/6178698061/media/bfebf2ebb4b4d3e9e8a01991558a6e46",
          "source": "https://www.inaturalist.org/photos/625451199",
          "credit": "Arian",
          "license": "CC BY-NC 4.0",
          "licenseUrl": "http://creativecommons.org/licenses/by-nc/4.0/",
          "alt": "Pistacia lentiscus"
        }
      }
    },
    {
      "type": "Feature",
      "id": "gbif-6178741706",
      "geometry": {
        "type": "Point",
        "coordinates": [
          19.915901,
          41.357449
        ]
      },
      "properties": {
        "name": "Primula vulgaris",
        "category": "flora",
        "categoryLabel": "Vëzhgim flore",
        "location": "Tiranë, Shqipëri",
        "countryCodes": [
          "AL"
        ],
        "summary": "Vëzhgim i Primula vulgaris më 2026-03-11 në Shqipëri. Të dhënat nga GBIF.",
        "details": [
          "Një regjistrim i pranishmërisë së llojit; pika nuk paraqet shtrirjen e habitatit."
        ],
        "mapNote": "Koordinata e vëzhgimit nga GBIF; saktësia dhe origjina kontrollohen te regjistrimi burimor.",
        "geometryType": "Point",
        "sources": [
          {
            "label": "GBIF · regjistrimi dhe licenca",
            "url": "https://www.gbif.org/occurrence/6178741706"
          }
        ],
        "extra": {
          "Lloji": "Primula vulgaris",
          "Data": "2026-03-11",
          "Licenca": "http://creativecommons.org/licenses/by-nc/4.0/legalcode",
          "Burimi": "iNaturalist research-grade observations"
        },
        "image": {
          "url": "https://api.gbif.org/v1/image/cache/800x/occurrence/6178741706/media/3b70d2f57fd13aa386eb3cf8c5ff3545",
          "source": "https://www.inaturalist.org/photos/623581846",
          "credit": "Chelsea Nuez",
          "license": "CC BY-NC 4.0",
          "licenseUrl": "http://creativecommons.org/licenses/by-nc/4.0/",
          "alt": "Primula vulgaris"
        }
      }
    },
    {
      "type": "Feature",
      "id": "gbif-6178848453",
      "geometry": {
        "type": "Point",
        "coordinates": [
          20.023024,
          39.745501
        ]
      },
      "properties": {
        "name": "Ajuga reptans",
        "category": "flora",
        "categoryLabel": "Vëzhgim flore",
        "location": "Vlorë, Shqipëri",
        "countryCodes": [
          "AL"
        ],
        "summary": "Vëzhgim i Ajuga reptans më 2026-03-16 në Shqipëri. Të dhënat nga GBIF.",
        "details": [
          "Një regjistrim i pranishmërisë së llojit; pika nuk paraqet shtrirjen e habitatit."
        ],
        "mapNote": "Koordinata e vëzhgimit nga GBIF; saktësia dhe origjina kontrollohen te regjistrimi burimor.",
        "geometryType": "Point",
        "sources": [
          {
            "label": "GBIF · regjistrimi dhe licenca",
            "url": "https://www.gbif.org/occurrence/6178848453"
          }
        ],
        "extra": {
          "Lloji": "Ajuga reptans",
          "Data": "2026-03-16",
          "Licenca": "http://creativecommons.org/licenses/by-nc/4.0/legalcode",
          "Burimi": "iNaturalist research-grade observations"
        },
        "image": {
          "url": "https://api.gbif.org/v1/image/cache/800x/occurrence/6178848453/media/85922b94d1d0d50d23687ba4647a897f",
          "source": "https://www.inaturalist.org/photos/625332716",
          "credit": "Chelsea Nuez",
          "license": "CC BY-NC 4.0",
          "licenseUrl": "http://creativecommons.org/licenses/by-nc/4.0/",
          "alt": "Ajuga reptans"
        }
      }
    },
    {
      "type": "Feature",
      "id": "gbif-6178875212",
      "geometry": {
        "type": "Point",
        "coordinates": [
          20.067118,
          40.245825
        ]
      },
      "properties": {
        "name": "Ficaria verna",
        "category": "flora",
        "categoryLabel": "Vëzhgim flore",
        "location": "Gjirokastër, Shqipëri",
        "countryCodes": [
          "AL"
        ],
        "summary": "Vëzhgim i Ficaria verna më 2026-03-13 në Shqipëri. Të dhënat nga GBIF.",
        "details": [
          "Një regjistrim i pranishmërisë së llojit; pika nuk paraqet shtrirjen e habitatit."
        ],
        "mapNote": "Koordinata e vëzhgimit nga GBIF; saktësia dhe origjina kontrollohen te regjistrimi burimor.",
        "geometryType": "Point",
        "sources": [
          {
            "label": "GBIF · regjistrimi dhe licenca",
            "url": "https://www.gbif.org/occurrence/6178875212"
          }
        ],
        "extra": {
          "Lloji": "Ficaria verna",
          "Data": "2026-03-13",
          "Licenca": "http://creativecommons.org/licenses/by-nc/4.0/legalcode",
          "Burimi": "iNaturalist research-grade observations"
        },
        "image": {
          "url": "https://api.gbif.org/v1/image/cache/800x/occurrence/6178875212/media/3a00389a4db9afb50097bc3618af8419",
          "source": "https://www.inaturalist.org/photos/624163882",
          "credit": "Chelsea Nuez",
          "license": "CC BY-NC 4.0",
          "licenseUrl": "http://creativecommons.org/licenses/by-nc/4.0/",
          "alt": "Ficaria verna"
        }
      }
    },
    {
      "type": "Feature",
      "id": "gbif-6178991537",
      "geometry": {
        "type": "Point",
        "coordinates": [
          20.186908,
          39.920521
        ]
      },
      "properties": {
        "name": "Cistus creticus",
        "category": "flora",
        "categoryLabel": "Vëzhgim flore",
        "location": "Vlorë, Shqipëri",
        "countryCodes": [
          "AL"
        ],
        "summary": "Vëzhgim i Cistus creticus më 2026-03-15 në Shqipëri. Të dhënat nga GBIF.",
        "details": [
          "Një regjistrim i pranishmërisë së llojit; pika nuk paraqet shtrirjen e habitatit."
        ],
        "mapNote": "Koordinata e vëzhgimit nga GBIF; saktësia dhe origjina kontrollohen te regjistrimi burimor.",
        "geometryType": "Point",
        "sources": [
          {
            "label": "GBIF · regjistrimi dhe licenca",
            "url": "https://www.gbif.org/occurrence/6178991537"
          }
        ],
        "extra": {
          "Lloji": "Cistus creticus",
          "Data": "2026-03-15",
          "Licenca": "http://creativecommons.org/licenses/by-nc/4.0/legalcode",
          "Burimi": "iNaturalist research-grade observations"
        },
        "image": {
          "url": "https://api.gbif.org/v1/image/cache/800x/occurrence/6178991537/media/860ce22b75d37230977908e473345fa5",
          "source": "https://www.inaturalist.org/photos/624955604",
          "credit": "Chelsea Nuez",
          "license": "CC BY-NC 4.0",
          "licenseUrl": "http://creativecommons.org/licenses/by-nc/4.0/",
          "alt": "Cistus creticus"
        }
      }
    },
    {
      "type": "Feature",
      "id": "gbif-6179014253",
      "geometry": {
        "type": "Point",
        "coordinates": [
          19.436432,
          41.351842
        ]
      },
      "properties": {
        "name": "Geranium purpureum",
        "category": "flora",
        "categoryLabel": "Vëzhgim flore",
        "location": "Durrës, Shqipëri",
        "countryCodes": [
          "AL"
        ],
        "summary": "Vëzhgim i Geranium purpureum më 2026-03-08 në Shqipëri. Të dhënat nga GBIF.",
        "details": [
          "Një regjistrim i pranishmërisë së llojit; pika nuk paraqet shtrirjen e habitatit."
        ],
        "mapNote": "Koordinata e vëzhgimit nga GBIF; saktësia dhe origjina kontrollohen te regjistrimi burimor.",
        "geometryType": "Point",
        "sources": [
          {
            "label": "GBIF · regjistrimi dhe licenca",
            "url": "https://www.gbif.org/occurrence/6179014253"
          }
        ],
        "extra": {
          "Lloji": "Geranium purpureum",
          "Data": "2026-03-08",
          "Licenca": "http://creativecommons.org/licenses/by-nc/4.0/legalcode",
          "Burimi": "iNaturalist research-grade observations"
        },
        "image": {
          "url": "https://api.gbif.org/v1/image/cache/800x/occurrence/6179014253/media/ae2c123e228cb16ac17b3d1f2f278f11",
          "source": "https://www.inaturalist.org/photos/622452046",
          "credit": "Arian",
          "license": "CC BY-NC 4.0",
          "licenseUrl": "http://creativecommons.org/licenses/by-nc/4.0/",
          "alt": "Geranium purpureum"
        }
      }
    },
    {
      "type": "Feature",
      "id": "gbif-6179034354",
      "geometry": {
        "type": "Point",
        "coordinates": [
          19.907819,
          41.358674
        ]
      },
      "properties": {
        "name": "Asplenium ceterach",
        "category": "flora",
        "categoryLabel": "Vëzhgim flore",
        "location": "Tiranë, Shqipëri",
        "countryCodes": [
          "AL"
        ],
        "summary": "Vëzhgim i Asplenium ceterach më 2026-03-11 në Shqipëri. Të dhënat nga GBIF.",
        "details": [
          "Një regjistrim i pranishmërisë së llojit; pika nuk paraqet shtrirjen e habitatit."
        ],
        "mapNote": "Koordinata e vëzhgimit nga GBIF; saktësia dhe origjina kontrollohen te regjistrimi burimor.",
        "geometryType": "Point",
        "sources": [
          {
            "label": "GBIF · regjistrimi dhe licenca",
            "url": "https://www.gbif.org/occurrence/6179034354"
          }
        ],
        "extra": {
          "Lloji": "Asplenium ceterach",
          "Data": "2026-03-11",
          "Licenca": "http://creativecommons.org/licenses/by-nc/4.0/legalcode",
          "Burimi": "iNaturalist research-grade observations"
        },
        "image": {
          "url": "https://api.gbif.org/v1/image/cache/800x/occurrence/6179034354/media/82efbdcbd96589f96ce48e5f0836ed1b",
          "source": "https://www.inaturalist.org/photos/623580911",
          "credit": "Chelsea Nuez",
          "license": "CC BY-NC 4.0",
          "licenseUrl": "http://creativecommons.org/licenses/by-nc/4.0/",
          "alt": "Asplenium ceterach"
        }
      }
    },
    {
      "type": "Feature",
      "id": "gbif-6179125589",
      "geometry": {
        "type": "Point",
        "coordinates": [
          19.909953,
          41.364434
        ]
      },
      "properties": {
        "name": "Cornus mas",
        "category": "flora",
        "categoryLabel": "Vëzhgim flore",
        "location": "Tiranë, Shqipëri",
        "countryCodes": [
          "AL"
        ],
        "summary": "Vëzhgim i Cornus mas më 2026-03-11 në Shqipëri. Të dhënat nga GBIF.",
        "details": [
          "Një regjistrim i pranishmërisë së llojit; pika nuk paraqet shtrirjen e habitatit."
        ],
        "mapNote": "Koordinata e vëzhgimit nga GBIF; saktësia dhe origjina kontrollohen te regjistrimi burimor.",
        "geometryType": "Point",
        "sources": [
          {
            "label": "GBIF · regjistrimi dhe licenca",
            "url": "https://www.gbif.org/occurrence/6179125589"
          }
        ],
        "extra": {
          "Lloji": "Cornus mas",
          "Data": "2026-03-11",
          "Licenca": "http://creativecommons.org/licenses/by-nc/4.0/legalcode",
          "Burimi": "iNaturalist research-grade observations"
        },
        "image": {
          "url": "https://api.gbif.org/v1/image/cache/800x/occurrence/6179125589/media/ba2366c4a5d6281e663919a0f224ad5e",
          "source": "https://www.inaturalist.org/photos/623582396",
          "credit": "Chelsea Nuez",
          "license": "CC BY-NC 4.0",
          "licenseUrl": "http://creativecommons.org/licenses/by-nc/4.0/",
          "alt": "Cornus mas"
        }
      }
    },
    {
      "type": "Feature",
      "id": "gbif-6159198126",
      "geometry": {
        "type": "Point",
        "coordinates": [
          21.220362,
          42.666595
        ]
      },
      "properties": {
        "name": "Primula vulgaris",
        "category": "flora",
        "categoryLabel": "Vëzhgim flore",
        "location": "Pristina, Kosovë",
        "countryCodes": [
          "XK"
        ],
        "summary": "Vëzhgim i Primula vulgaris më 2026-02-14 në Kosovë. Të dhënat nga GBIF.",
        "details": [
          "Një regjistrim i pranishmërisë së llojit; pika nuk paraqet shtrirjen e habitatit."
        ],
        "mapNote": "Koordinata e vëzhgimit nga GBIF; saktësia dhe origjina kontrollohen te regjistrimi burimor.",
        "geometryType": "Point",
        "sources": [
          {
            "label": "GBIF · regjistrimi dhe licenca",
            "url": "https://www.gbif.org/occurrence/6159198126"
          }
        ],
        "extra": {
          "Lloji": "Primula vulgaris",
          "Data": "2026-02-14",
          "Licenca": "http://creativecommons.org/licenses/by-nc/4.0/legalcode",
          "Burimi": "iNaturalist research-grade observations"
        },
        "image": {
          "url": "https://api.gbif.org/v1/image/cache/800x/occurrence/6159198126/media/368a2084119dd595bfcee0d0e3285fe0",
          "source": "https://www.inaturalist.org/photos/615774141",
          "credit": "arddison",
          "license": "CC BY-NC 4.0",
          "licenseUrl": "http://creativecommons.org/licenses/by-nc/4.0/",
          "alt": "Primula vulgaris"
        }
      }
    },
    {
      "type": "Feature",
      "id": "gbif-6178580259",
      "geometry": {
        "type": "Point",
        "coordinates": [
          21.199135,
          42.673687
        ]
      },
      "properties": {
        "name": "Veronica persica",
        "category": "flora",
        "categoryLabel": "Vëzhgim flore",
        "location": "Pristina, Kosovë",
        "countryCodes": [
          "XK"
        ],
        "summary": "Vëzhgim i Veronica persica më 2026-03-07 në Kosovë. Të dhënat nga GBIF.",
        "details": [
          "Një regjistrim i pranishmërisë së llojit; pika nuk paraqet shtrirjen e habitatit."
        ],
        "mapNote": "Koordinata e vëzhgimit nga GBIF; saktësia dhe origjina kontrollohen te regjistrimi burimor.",
        "geometryType": "Point",
        "sources": [
          {
            "label": "GBIF · regjistrimi dhe licenca",
            "url": "https://www.gbif.org/occurrence/6178580259"
          }
        ],
        "extra": {
          "Lloji": "Veronica persica",
          "Data": "2026-03-07",
          "Licenca": "http://creativecommons.org/licenses/by-nc/4.0/legalcode",
          "Burimi": "iNaturalist research-grade observations"
        },
        "image": {
          "url": "https://api.gbif.org/v1/image/cache/800x/occurrence/6178580259/media/271ba82ced5c7bcbdffecb4a0c96c331",
          "source": "https://www.inaturalist.org/photos/622011448",
          "credit": "Sam Forgey",
          "license": "CC BY-NC 4.0",
          "licenseUrl": "http://creativecommons.org/licenses/by-nc/4.0/",
          "alt": "Veronica persica"
        }
      }
    },
    {
      "type": "Feature",
      "id": "gbif-6178935847",
      "geometry": {
        "type": "Point",
        "coordinates": [
          21.210787,
          42.674045
        ]
      },
      "properties": {
        "name": "Erythronium dens-canis",
        "category": "flora",
        "categoryLabel": "Vëzhgim flore",
        "location": "Pristina, Kosovë",
        "countryCodes": [
          "XK"
        ],
        "summary": "Vëzhgim i Erythronium dens-canis më 2026-03-15 në Kosovë. Të dhënat nga GBIF.",
        "details": [
          "Një regjistrim i pranishmërisë së llojit; pika nuk paraqet shtrirjen e habitatit."
        ],
        "mapNote": "Koordinata e vëzhgimit nga GBIF; saktësia dhe origjina kontrollohen te regjistrimi burimor.",
        "geometryType": "Point",
        "sources": [
          {
            "label": "GBIF · regjistrimi dhe licenca",
            "url": "https://www.gbif.org/occurrence/6178935847"
          }
        ],
        "extra": {
          "Lloji": "Erythronium dens-canis",
          "Data": "2026-03-15",
          "Licenca": "http://creativecommons.org/licenses/by-nc/4.0/legalcode",
          "Burimi": "iNaturalist research-grade observations"
        },
        "image": {
          "url": "https://api.gbif.org/v1/image/cache/800x/occurrence/6178935847/media/8bdad1b6541db10d800d7bff9b62fd86",
          "source": "https://www.inaturalist.org/photos/625065134",
          "credit": "arddison",
          "license": "CC BY-NC 4.0",
          "licenseUrl": "http://creativecommons.org/licenses/by-nc/4.0/",
          "alt": "Erythronium dens-canis"
        }
      }
    },
    {
      "type": "Feature",
      "id": "gbif-6179241386",
      "geometry": {
        "type": "Point",
        "coordinates": [
          21.01667,
          42.337845
        ]
      },
      "properties": {
        "name": "Cirsium vulgare",
        "category": "flora",
        "categoryLabel": "Vëzhgim flore",
        "location": "Uroševac, Kosovë",
        "countryCodes": [
          "XK"
        ],
        "summary": "Vëzhgim i Cirsium vulgare më 2026-03-15 në Kosovë. Të dhënat nga GBIF.",
        "details": [
          "Një regjistrim i pranishmërisë së llojit; pika nuk paraqet shtrirjen e habitatit."
        ],
        "mapNote": "Koordinata e vëzhgimit nga GBIF; saktësia dhe origjina kontrollohen te regjistrimi burimor.",
        "geometryType": "Point",
        "sources": [
          {
            "label": "GBIF · regjistrimi dhe licenca",
            "url": "https://www.gbif.org/occurrence/6179241386"
          }
        ],
        "extra": {
          "Lloji": "Cirsium vulgare",
          "Data": "2026-03-15",
          "Licenca": "http://creativecommons.org/licenses/by-nc/4.0/legalcode",
          "Burimi": "iNaturalist research-grade observations"
        },
        "image": {
          "url": "https://api.gbif.org/v1/image/cache/800x/occurrence/6179241386/media/baadb244a03c91144c86419522d50d2f",
          "source": "https://www.inaturalist.org/photos/624941192",
          "credit": "arberzaimi",
          "license": "CC BY-NC 4.0",
          "licenseUrl": "http://creativecommons.org/licenses/by-nc/4.0/",
          "alt": "Cirsium vulgare"
        }
      }
    },
    {
      "type": "Feature",
      "id": "gbif-6179547985",
      "geometry": {
        "type": "Point",
        "coordinates": [
          20.110989,
          42.603438
        ]
      },
      "properties": {
        "name": "Tussilago farfara",
        "category": "flora",
        "categoryLabel": "Vëzhgim flore",
        "location": "Đakovica, Kosovë",
        "countryCodes": [
          "XK"
        ],
        "summary": "Vëzhgim i Tussilago farfara më 2026-03-07 në Kosovë. Të dhënat nga GBIF.",
        "details": [
          "Një regjistrim i pranishmërisë së llojit; pika nuk paraqet shtrirjen e habitatit."
        ],
        "mapNote": "Koordinata e vëzhgimit nga GBIF; saktësia dhe origjina kontrollohen te regjistrimi burimor.",
        "geometryType": "Point",
        "sources": [
          {
            "label": "GBIF · regjistrimi dhe licenca",
            "url": "https://www.gbif.org/occurrence/6179547985"
          }
        ],
        "extra": {
          "Lloji": "Tussilago farfara",
          "Data": "2026-03-07",
          "Licenca": "http://creativecommons.org/licenses/by-nc/4.0/legalcode",
          "Burimi": "iNaturalist research-grade observations"
        },
        "image": {
          "url": "https://api.gbif.org/v1/image/cache/800x/occurrence/6179547985/media/4b9cd2946d58e86916ed96a2e03a47ba",
          "source": "https://www.inaturalist.org/photos/622887873",
          "credit": "arddison",
          "license": "CC BY-NC 4.0",
          "licenseUrl": "http://creativecommons.org/licenses/by-nc/4.0/",
          "alt": "Tussilago farfara"
        }
      }
    },
    {
      "type": "Feature",
      "id": "gbif-6185848025",
      "geometry": {
        "type": "Point",
        "coordinates": [
          21.169547,
          42.661697
        ]
      },
      "properties": {
        "name": "Lamium purpureum",
        "category": "flora",
        "categoryLabel": "Vëzhgim flore",
        "location": "Pristina, Kosovë",
        "countryCodes": [
          "XK"
        ],
        "summary": "Vëzhgim i Lamium purpureum më 2026-03-14 në Kosovë. Të dhënat nga GBIF.",
        "details": [
          "Një regjistrim i pranishmërisë së llojit; pika nuk paraqet shtrirjen e habitatit."
        ],
        "mapNote": "Koordinata e vëzhgimit nga GBIF; saktësia dhe origjina kontrollohen te regjistrimi burimor.",
        "geometryType": "Point",
        "sources": [
          {
            "label": "GBIF · regjistrimi dhe licenca",
            "url": "https://www.gbif.org/occurrence/6185848025"
          }
        ],
        "extra": {
          "Lloji": "Lamium purpureum",
          "Data": "2026-03-14",
          "Licenca": "http://creativecommons.org/licenses/by-nc/4.0/legalcode",
          "Burimi": "iNaturalist research-grade observations"
        },
        "image": {
          "url": "https://api.gbif.org/v1/image/cache/800x/occurrence/6185848025/media/a5665d78c6bd9a5943debf677e3ba9db",
          "source": "https://www.inaturalist.org/photos/624500168",
          "credit": "arddison",
          "license": "CC BY-NC 4.0",
          "licenseUrl": "http://creativecommons.org/licenses/by-nc/4.0/",
          "alt": "Lamium purpureum"
        }
      }
    },
    {
      "type": "Feature",
      "id": "gbif-6188124627",
      "geometry": {
        "type": "Point",
        "coordinates": [
          20.306961,
          42.737206
        ]
      },
      "properties": {
        "name": "Saxifraga rotundifolia",
        "category": "flora",
        "categoryLabel": "Vëzhgim flore",
        "location": "Pećki, Kosovë",
        "countryCodes": [
          "XK"
        ],
        "summary": "Vëzhgim i Saxifraga rotundifolia më 2026-03-26 në Kosovë. Të dhënat nga GBIF.",
        "details": [
          "Një regjistrim i pranishmërisë së llojit; pika nuk paraqet shtrirjen e habitatit."
        ],
        "mapNote": "Koordinata e vëzhgimit nga GBIF; saktësia dhe origjina kontrollohen te regjistrimi burimor.",
        "geometryType": "Point",
        "sources": [
          {
            "label": "GBIF · regjistrimi dhe licenca",
            "url": "https://www.gbif.org/occurrence/6188124627"
          }
        ],
        "extra": {
          "Lloji": "Saxifraga rotundifolia",
          "Data": "2026-03-26",
          "Licenca": "http://creativecommons.org/licenses/by-nc/4.0/legalcode",
          "Burimi": "iNaturalist research-grade observations"
        },
        "image": {
          "url": "https://api.gbif.org/v1/image/cache/800x/occurrence/6188124627/media/b3363f76a56981ed1380de7652dd3b98",
          "source": "https://www.inaturalist.org/photos/629205222",
          "credit": "rizah",
          "license": "CC BY-NC 4.0",
          "licenseUrl": "http://creativecommons.org/licenses/by-nc/4.0/",
          "alt": "Saxifraga rotundifolia"
        }
      }
    },
    {
      "type": "Feature",
      "id": "gbif-6234798029",
      "geometry": {
        "type": "Point",
        "coordinates": [
          20.205905,
          42.566138
        ]
      },
      "properties": {
        "name": "Dryopteris filix-mas",
        "category": "flora",
        "categoryLabel": "Vëzhgim flore",
        "location": "Đakovica, Kosovë",
        "countryCodes": [
          "XK"
        ],
        "summary": "Vëzhgim i Dryopteris filix-mas më 2026-04-18 në Kosovë. Të dhënat nga GBIF.",
        "details": [
          "Një regjistrim i pranishmërisë së llojit; pika nuk paraqet shtrirjen e habitatit."
        ],
        "mapNote": "Koordinata e vëzhgimit nga GBIF; saktësia dhe origjina kontrollohen te regjistrimi burimor.",
        "geometryType": "Point",
        "sources": [
          {
            "label": "GBIF · regjistrimi dhe licenca",
            "url": "https://www.gbif.org/occurrence/6234798029"
          }
        ],
        "extra": {
          "Lloji": "Dryopteris filix-mas",
          "Data": "2026-04-18",
          "Licenca": "http://creativecommons.org/licenses/by-nc/4.0/legalcode",
          "Burimi": "iNaturalist research-grade observations"
        },
        "image": {
          "url": "https://api.gbif.org/v1/image/cache/800x/occurrence/6234798029/media/0f882fa8f3f021d187bf38ff6d0c19c5",
          "source": "https://www.inaturalist.org/photos/640617211",
          "credit": "arddison",
          "license": "CC BY-NC 4.0",
          "licenseUrl": "http://creativecommons.org/licenses/by-nc/4.0/",
          "alt": "Dryopteris filix-mas"
        }
      }
    },
    {
      "type": "Feature",
      "id": "gbif-6234864266",
      "geometry": {
        "type": "Point",
        "coordinates": [
          20.177588,
          42.590222
        ]
      },
      "properties": {
        "name": "Lilium martagon",
        "category": "flora",
        "categoryLabel": "Vëzhgim flore",
        "location": "Đakovica, Kosovë",
        "countryCodes": [
          "XK"
        ],
        "summary": "Vëzhgim i Lilium martagon më 2026-04-18 në Kosovë. Të dhënat nga GBIF.",
        "details": [
          "Një regjistrim i pranishmërisë së llojit; pika nuk paraqet shtrirjen e habitatit."
        ],
        "mapNote": "Koordinata e vëzhgimit nga GBIF; saktësia dhe origjina kontrollohen te regjistrimi burimor.",
        "geometryType": "Point",
        "sources": [
          {
            "label": "GBIF · regjistrimi dhe licenca",
            "url": "https://www.gbif.org/occurrence/6234864266"
          }
        ],
        "extra": {
          "Lloji": "Lilium martagon",
          "Data": "2026-04-18",
          "Licenca": "http://creativecommons.org/licenses/by-nc/4.0/legalcode",
          "Burimi": "iNaturalist research-grade observations"
        },
        "image": {
          "url": "https://api.gbif.org/v1/image/cache/800x/occurrence/6234864266/media/a3808b49eb5dbaaa95440b7422ec91f4",
          "source": "https://www.inaturalist.org/photos/640617559",
          "credit": "arddison",
          "license": "CC BY-NC 4.0",
          "licenseUrl": "http://creativecommons.org/licenses/by-nc/4.0/",
          "alt": "Lilium martagon"
        }
      }
    },
    {
      "type": "Feature",
      "id": "gbif-6234902507",
      "geometry": {
        "type": "Point",
        "coordinates": [
          21.157583,
          42.663778
        ]
      },
      "properties": {
        "name": "Alliaria petiolata",
        "category": "flora",
        "categoryLabel": "Vëzhgim flore",
        "location": "Pristina, Kosovë",
        "countryCodes": [
          "XK"
        ],
        "summary": "Vëzhgim i Alliaria petiolata më 2026-04-26 në Kosovë. Të dhënat nga GBIF.",
        "details": [
          "Një regjistrim i pranishmërisë së llojit; pika nuk paraqet shtrirjen e habitatit."
        ],
        "mapNote": "Koordinata e vëzhgimit nga GBIF; saktësia dhe origjina kontrollohen te regjistrimi burimor.",
        "geometryType": "Point",
        "sources": [
          {
            "label": "GBIF · regjistrimi dhe licenca",
            "url": "https://www.gbif.org/occurrence/6234902507"
          }
        ],
        "extra": {
          "Lloji": "Alliaria petiolata",
          "Data": "2026-04-26",
          "Licenca": "http://creativecommons.org/licenses/by-nc/4.0/legalcode",
          "Burimi": "iNaturalist research-grade observations"
        },
        "image": {
          "url": "https://api.gbif.org/v1/image/cache/800x/occurrence/6234902507/media/d2584ca1ee89840defce63f14df3dfc6",
          "source": "https://www.inaturalist.org/photos/646279115",
          "credit": "arddison",
          "license": "CC BY-NC 4.0",
          "licenseUrl": "http://creativecommons.org/licenses/by-nc/4.0/",
          "alt": "Alliaria petiolata"
        }
      }
    },
    {
      "type": "Feature",
      "id": "gbif-6235088750",
      "geometry": {
        "type": "Point",
        "coordinates": [
          20.161625,
          42.595653
        ]
      },
      "properties": {
        "name": "Lathraea squamaria",
        "category": "flora",
        "categoryLabel": "Vëzhgim flore",
        "location": "Đakovica, Kosovë",
        "countryCodes": [
          "XK"
        ],
        "summary": "Vëzhgim i Lathraea squamaria më 2026-04-18 në Kosovë. Të dhënat nga GBIF.",
        "details": [
          "Një regjistrim i pranishmërisë së llojit; pika nuk paraqet shtrirjen e habitatit."
        ],
        "mapNote": "Koordinata e vëzhgimit nga GBIF; saktësia dhe origjina kontrollohen te regjistrimi burimor.",
        "geometryType": "Point",
        "sources": [
          {
            "label": "GBIF · regjistrimi dhe licenca",
            "url": "https://www.gbif.org/occurrence/6235088750"
          }
        ],
        "extra": {
          "Lloji": "Lathraea squamaria",
          "Data": "2026-04-18",
          "Licenca": "http://creativecommons.org/licenses/by-nc/4.0/legalcode",
          "Burimi": "iNaturalist research-grade observations"
        },
        "image": {
          "url": "https://api.gbif.org/v1/image/cache/800x/occurrence/6235088750/media/9b5d40b13a0a407454f288c44afbb597",
          "source": "https://www.inaturalist.org/photos/640617657",
          "credit": "arddison",
          "license": "CC BY-NC 4.0",
          "licenseUrl": "http://creativecommons.org/licenses/by-nc/4.0/",
          "alt": "Lathraea squamaria"
        }
      }
    },
    {
      "type": "Feature",
      "id": "gbif-6235430487",
      "geometry": {
        "type": "Point",
        "coordinates": [
          20.205328,
          42.56615
        ]
      },
      "properties": {
        "name": "Allium ursinum",
        "category": "flora",
        "categoryLabel": "Vëzhgim flore",
        "location": "Đakovica, Kosovë",
        "countryCodes": [
          "XK"
        ],
        "summary": "Vëzhgim i Allium ursinum më 2026-04-18 në Kosovë. Të dhënat nga GBIF.",
        "details": [
          "Një regjistrim i pranishmërisë së llojit; pika nuk paraqet shtrirjen e habitatit."
        ],
        "mapNote": "Koordinata e vëzhgimit nga GBIF; saktësia dhe origjina kontrollohen te regjistrimi burimor.",
        "geometryType": "Point",
        "sources": [
          {
            "label": "GBIF · regjistrimi dhe licenca",
            "url": "https://www.gbif.org/occurrence/6235430487"
          }
        ],
        "extra": {
          "Lloji": "Allium ursinum",
          "Data": "2026-04-18",
          "Licenca": "http://creativecommons.org/licenses/by-nc/4.0/legalcode",
          "Burimi": "iNaturalist research-grade observations"
        },
        "image": {
          "url": "https://api.gbif.org/v1/image/cache/800x/occurrence/6235430487/media/4867cb378e4dc624592fcc2bb89e6069",
          "source": "https://www.inaturalist.org/photos/640617353",
          "credit": "arddison",
          "license": "CC BY-NC 4.0",
          "licenseUrl": "http://creativecommons.org/licenses/by-nc/4.0/",
          "alt": "Allium ursinum"
        }
      }
    },
    {
      "type": "Feature",
      "id": "gbif-6235604832",
      "geometry": {
        "type": "Point",
        "coordinates": [
          20.265945,
          42.545772
        ]
      },
      "properties": {
        "name": "Primula vulgaris",
        "category": "flora",
        "categoryLabel": "Vëzhgim flore",
        "location": "Đakovica, Kosovë",
        "countryCodes": [
          "XK"
        ],
        "summary": "Vëzhgim i Primula vulgaris më 2026-04-13 në Kosovë. Të dhënat nga GBIF.",
        "details": [
          "Një regjistrim i pranishmërisë së llojit; pika nuk paraqet shtrirjen e habitatit."
        ],
        "mapNote": "Koordinata e vëzhgimit nga GBIF; saktësia dhe origjina kontrollohen te regjistrimi burimor.",
        "geometryType": "Point",
        "sources": [
          {
            "label": "GBIF · regjistrimi dhe licenca",
            "url": "https://www.gbif.org/occurrence/6235604832"
          }
        ],
        "extra": {
          "Lloji": "Primula vulgaris",
          "Data": "2026-04-13",
          "Licenca": "http://creativecommons.org/licenses/by-nc/4.0/legalcode",
          "Burimi": "iNaturalist research-grade observations"
        },
        "image": {
          "url": "https://api.gbif.org/v1/image/cache/800x/occurrence/6235604832/media/bd8e9fc3941465fc39c6244fb71ee58c",
          "source": "https://www.inaturalist.org/photos/642886032",
          "credit": "Sreten Stojanov",
          "license": "CC BY-NC 4.0",
          "licenseUrl": "http://creativecommons.org/licenses/by-nc/4.0/",
          "alt": "Primula vulgaris"
        }
      }
    },
    {
      "type": "Feature",
      "id": "gbif-6236045598",
      "geometry": {
        "type": "Point",
        "coordinates": [
          21.16825,
          42.66172
        ]
      },
      "properties": {
        "name": "Bellis perennis",
        "category": "flora",
        "categoryLabel": "Vëzhgim flore",
        "location": "Pristina, Kosovë",
        "countryCodes": [
          "XK"
        ],
        "summary": "Vëzhgim i Bellis perennis më 2026-04-25 në Kosovë. Të dhënat nga GBIF.",
        "details": [
          "Një regjistrim i pranishmërisë së llojit; pika nuk paraqet shtrirjen e habitatit."
        ],
        "mapNote": "Koordinata e vëzhgimit nga GBIF; saktësia dhe origjina kontrollohen te regjistrimi burimor.",
        "geometryType": "Point",
        "sources": [
          {
            "label": "GBIF · regjistrimi dhe licenca",
            "url": "https://www.gbif.org/occurrence/6236045598"
          }
        ],
        "extra": {
          "Lloji": "Bellis perennis",
          "Data": "2026-04-25",
          "Licenca": "http://creativecommons.org/licenses/by-nc/4.0/legalcode",
          "Burimi": "iNaturalist research-grade observations"
        },
        "image": {
          "url": "https://api.gbif.org/v1/image/cache/800x/occurrence/6236045598/media/99dd5e46f438a1fbb15c75c55adce087",
          "source": "https://www.inaturalist.org/photos/647945194",
          "credit": "Lola Kytka",
          "license": "CC BY-NC 4.0",
          "licenseUrl": "http://creativecommons.org/licenses/by-nc/4.0/",
          "alt": "Bellis perennis"
        }
      }
    },
    {
      "type": "Feature",
      "id": "gbif-6236407306",
      "geometry": {
        "type": "Point",
        "coordinates": [
          20.186163,
          42.690692
        ]
      },
      "properties": {
        "name": "Anemone nemorosa",
        "category": "flora",
        "categoryLabel": "Vëzhgim flore",
        "location": "Pećki, Kosovë",
        "countryCodes": [
          "XK"
        ],
        "summary": "Vëzhgim i Anemone nemorosa më 2026-04-10 në Kosovë. Të dhënat nga GBIF.",
        "details": [
          "Një regjistrim i pranishmërisë së llojit; pika nuk paraqet shtrirjen e habitatit."
        ],
        "mapNote": "Koordinata e vëzhgimit nga GBIF; saktësia dhe origjina kontrollohen te regjistrimi burimor.",
        "geometryType": "Point",
        "sources": [
          {
            "label": "GBIF · regjistrimi dhe licenca",
            "url": "https://www.gbif.org/occurrence/6236407306"
          }
        ],
        "extra": {
          "Lloji": "Anemone nemorosa",
          "Data": "2026-04-10",
          "Licenca": "http://creativecommons.org/licenses/by-nc/4.0/legalcode",
          "Burimi": "iNaturalist research-grade observations"
        },
        "image": {
          "url": "https://api.gbif.org/v1/image/cache/800x/occurrence/6236407306/media/6b9f7f79442c0ad2ca430a0ea5dc132e",
          "source": "https://www.inaturalist.org/photos/638079733",
          "credit": "Lucy Ford",
          "license": "CC BY-NC 4.0",
          "licenseUrl": "http://creativecommons.org/licenses/by-nc/4.0/",
          "alt": "Anemone nemorosa"
        }
      }
    },
    {
      "type": "Feature",
      "id": "gbif-6236440535",
      "geometry": {
        "type": "Point",
        "coordinates": [
          20.790853,
          42.176525
        ]
      },
      "properties": {
        "name": "Primula vulgaris",
        "category": "flora",
        "categoryLabel": "Vëzhgim flore",
        "location": "Prizren, Kosovë",
        "countryCodes": [
          "XK"
        ],
        "summary": "Vëzhgim i Primula vulgaris më 2026-04-12 në Kosovë. Të dhënat nga GBIF.",
        "details": [
          "Një regjistrim i pranishmërisë së llojit; pika nuk paraqet shtrirjen e habitatit."
        ],
        "mapNote": "Koordinata e vëzhgimit nga GBIF; saktësia dhe origjina kontrollohen te regjistrimi burimor.",
        "geometryType": "Point",
        "sources": [
          {
            "label": "GBIF · regjistrimi dhe licenca",
            "url": "https://www.gbif.org/occurrence/6236440535"
          }
        ],
        "extra": {
          "Lloji": "Primula vulgaris",
          "Data": "2026-04-12",
          "Licenca": "http://creativecommons.org/licenses/by-nc/4.0/legalcode",
          "Burimi": "iNaturalist research-grade observations"
        },
        "image": {
          "url": "https://api.gbif.org/v1/image/cache/800x/occurrence/6236440535/media/a2ac2e0f3bb6271dad95f0d03a24d167",
          "source": "https://www.inaturalist.org/photos/638202867",
          "credit": "robertosoriente",
          "license": "CC BY-NC 4.0",
          "licenseUrl": "http://creativecommons.org/licenses/by-nc/4.0/",
          "alt": "Primula vulgaris"
        }
      }
    },
    {
      "type": "Feature",
      "id": "gbif-6273629634",
      "geometry": {
        "type": "Point",
        "coordinates": [
          21.168113,
          42.661913
        ]
      },
      "properties": {
        "name": "Aesculus hippocastanum",
        "category": "flora",
        "categoryLabel": "Vëzhgim flore",
        "location": "Pristina, Kosovë",
        "countryCodes": [
          "XK"
        ],
        "summary": "Vëzhgim i Aesculus hippocastanum më 2026-04-25 në Kosovë. Të dhënat nga GBIF.",
        "details": [
          "Një regjistrim i pranishmërisë së llojit; pika nuk paraqet shtrirjen e habitatit."
        ],
        "mapNote": "Koordinata e vëzhgimit nga GBIF; saktësia dhe origjina kontrollohen te regjistrimi burimor.",
        "geometryType": "Point",
        "sources": [
          {
            "label": "GBIF · regjistrimi dhe licenca",
            "url": "https://www.gbif.org/occurrence/6273629634"
          }
        ],
        "extra": {
          "Lloji": "Aesculus hippocastanum",
          "Data": "2026-04-25",
          "Licenca": "http://creativecommons.org/licenses/by-nc/4.0/legalcode",
          "Burimi": "iNaturalist research-grade observations"
        },
        "image": {
          "url": "https://api.gbif.org/v1/image/cache/800x/occurrence/6273629634/media/9d4279b9ad3b51fffbeebdbab7b35ffb",
          "source": "https://www.inaturalist.org/photos/654776698",
          "credit": "Lola Kytka",
          "license": "CC BY-NC 4.0",
          "licenseUrl": "http://creativecommons.org/licenses/by-nc/4.0/",
          "alt": "Aesculus hippocastanum"
        }
      }
    },
    {
      "type": "Feature",
      "id": "gbif-6470534079",
      "geometry": {
        "type": "Point",
        "coordinates": [
          20.999713,
          42.584005
        ]
      },
      "properties": {
        "name": "Oxalis corniculata",
        "category": "flora",
        "categoryLabel": "Vëzhgim flore",
        "location": "Pristina, Kosovë",
        "countryCodes": [
          "XK"
        ],
        "summary": "Vëzhgim i Oxalis corniculata më 2026-04-25 në Kosovë. Të dhënat nga GBIF.",
        "details": [
          "Një regjistrim i pranishmërisë së llojit; pika nuk paraqet shtrirjen e habitatit."
        ],
        "mapNote": "Koordinata e vëzhgimit nga GBIF; saktësia dhe origjina kontrollohen te regjistrimi burimor.",
        "geometryType": "Point",
        "sources": [
          {
            "label": "GBIF · regjistrimi dhe licenca",
            "url": "https://www.gbif.org/occurrence/6470534079"
          }
        ],
        "extra": {
          "Lloji": "Oxalis corniculata",
          "Data": "2026-04-25",
          "Licenca": "http://creativecommons.org/licenses/by-nc/4.0/legalcode",
          "Burimi": "iNaturalist research-grade observations"
        },
        "image": {
          "url": "https://api.gbif.org/v1/image/cache/800x/occurrence/6470534079/media/f365a057b7554a6c1e4e77cb1c5a8a5b",
          "source": "https://www.inaturalist.org/photos/702058290",
          "credit": "Naim Berisha",
          "license": "CC BY-NC 4.0",
          "licenseUrl": "http://creativecommons.org/licenses/by-nc/4.0/",
          "alt": "Oxalis corniculata"
        }
      }
    },
    {
      "type": "Feature",
      "id": "gbif-6252951621",
      "geometry": {
        "type": "Point",
        "coordinates": [
          21.243753,
          42.724333
        ]
      },
      "properties": {
        "name": "Anacamptis morio",
        "category": "flora",
        "categoryLabel": "Vëzhgim flore",
        "location": "Pristina, Kosovë",
        "countryCodes": [
          "XK"
        ],
        "summary": "Vëzhgim i Anacamptis morio më 2026-05-01 në Kosovë. Të dhënat nga GBIF.",
        "details": [
          "Një regjistrim i pranishmërisë së llojit; pika nuk paraqet shtrirjen e habitatit."
        ],
        "mapNote": "Koordinata e vëzhgimit nga GBIF; saktësia dhe origjina kontrollohen te regjistrimi burimor.",
        "geometryType": "Point",
        "sources": [
          {
            "label": "GBIF · regjistrimi dhe licenca",
            "url": "https://www.gbif.org/occurrence/6252951621"
          }
        ],
        "extra": {
          "Lloji": "Anacamptis morio",
          "Data": "2026-05-01",
          "Licenca": "http://creativecommons.org/licenses/by-nc/4.0/legalcode",
          "Burimi": "iNaturalist research-grade observations"
        },
        "image": {
          "url": "https://api.gbif.org/v1/image/cache/800x/occurrence/6252951621/media/fdab3255bca315bd7184af68bafa2fd2",
          "source": "https://www.inaturalist.org/photos/651556131",
          "credit": "arddison",
          "license": "CC BY-NC 4.0",
          "licenseUrl": "http://creativecommons.org/licenses/by-nc/4.0/",
          "alt": "Anacamptis morio"
        }
      }
    },
    {
      "type": "Feature",
      "id": "gbif-6273338132",
      "geometry": {
        "type": "Point",
        "coordinates": [
          21.166853,
          42.666775
        ]
      },
      "properties": {
        "name": "Trifolium pratense",
        "category": "flora",
        "categoryLabel": "Vëzhgim flore",
        "location": "Pristina, Kosovë",
        "countryCodes": [
          "XK"
        ],
        "summary": "Vëzhgim i Trifolium pratense më 2026-05-09 në Kosovë. Të dhënat nga GBIF.",
        "details": [
          "Një regjistrim i pranishmërisë së llojit; pika nuk paraqet shtrirjen e habitatit."
        ],
        "mapNote": "Koordinata e vëzhgimit nga GBIF; saktësia dhe origjina kontrollohen te regjistrimi burimor.",
        "geometryType": "Point",
        "sources": [
          {
            "label": "GBIF · regjistrimi dhe licenca",
            "url": "https://www.gbif.org/occurrence/6273338132"
          }
        ],
        "extra": {
          "Lloji": "Trifolium pratense",
          "Data": "2026-05-09",
          "Licenca": "http://creativecommons.org/licenses/by/4.0/legalcode",
          "Burimi": "iNaturalist research-grade observations"
        },
        "image": {
          "url": "https://api.gbif.org/v1/image/cache/800x/occurrence/6273338132/media/2e28311c042745019929cb3b54e41583",
          "source": "https://www.inaturalist.org/photos/658201781",
          "credit": "Paulius Rupšas",
          "license": "CC BY 4.0",
          "licenseUrl": "http://creativecommons.org/licenses/by/4.0/",
          "alt": "Trifolium pratense"
        }
      }
    },
    {
      "type": "Feature",
      "id": "gbif-6273351673",
      "geometry": {
        "type": "Point",
        "coordinates": [
          21.164934,
          42.660301
        ]
      },
      "properties": {
        "name": "Bellis perennis",
        "category": "flora",
        "categoryLabel": "Vëzhgim flore",
        "location": "Pristina, Kosovë",
        "countryCodes": [
          "XK"
        ],
        "summary": "Vëzhgim i Bellis perennis më 2026-05-08 në Kosovë. Të dhënat nga GBIF.",
        "details": [
          "Një regjistrim i pranishmërisë së llojit; pika nuk paraqet shtrirjen e habitatit."
        ],
        "mapNote": "Koordinata e vëzhgimit nga GBIF; saktësia dhe origjina kontrollohen te regjistrimi burimor.",
        "geometryType": "Point",
        "sources": [
          {
            "label": "GBIF · regjistrimi dhe licenca",
            "url": "https://www.gbif.org/occurrence/6273351673"
          }
        ],
        "extra": {
          "Lloji": "Bellis perennis",
          "Data": "2026-05-08",
          "Licenca": "http://creativecommons.org/licenses/by/4.0/legalcode",
          "Burimi": "iNaturalist research-grade observations"
        },
        "image": {
          "url": "https://api.gbif.org/v1/image/cache/800x/occurrence/6273351673/media/08cfa1f9b70e2c1c0e77151b32b39431",
          "source": "https://www.inaturalist.org/photos/656056099",
          "credit": "Paulius Rupšas",
          "license": "CC BY 4.0",
          "licenseUrl": "http://creativecommons.org/licenses/by/4.0/",
          "alt": "Bellis perennis"
        }
      }
    },
    {
      "type": "Feature",
      "id": "gbif-6273552770",
      "geometry": {
        "type": "Point",
        "coordinates": [
          21.242253,
          42.723312
        ]
      },
      "properties": {
        "name": "Orchis simia",
        "category": "flora",
        "categoryLabel": "Vëzhgim flore",
        "location": "Pristina, Kosovë",
        "countryCodes": [
          "XK"
        ],
        "summary": "Vëzhgim i Orchis simia më 2026-05-01 në Kosovë. Të dhënat nga GBIF.",
        "details": [
          "Një regjistrim i pranishmërisë së llojit; pika nuk paraqet shtrirjen e habitatit."
        ],
        "mapNote": "Koordinata e vëzhgimit nga GBIF; saktësia dhe origjina kontrollohen te regjistrimi burimor.",
        "geometryType": "Point",
        "sources": [
          {
            "label": "GBIF · regjistrimi dhe licenca",
            "url": "https://www.gbif.org/occurrence/6273552770"
          }
        ],
        "extra": {
          "Lloji": "Orchis simia",
          "Data": "2026-05-01",
          "Licenca": "http://creativecommons.org/licenses/by-nc/4.0/legalcode",
          "Burimi": "iNaturalist research-grade observations"
        },
        "image": {
          "url": "https://api.gbif.org/v1/image/cache/800x/occurrence/6273552770/media/d8ca71fe8d1365e82d27666ba4dfdbb8",
          "source": "https://www.inaturalist.org/photos/655242472",
          "credit": "arddison",
          "license": "CC BY-NC 4.0",
          "licenseUrl": "http://creativecommons.org/licenses/by-nc/4.0/",
          "alt": "Orchis simia"
        }
      }
    },
    {
      "type": "Feature",
      "id": "gbif-6273950955",
      "geometry": {
        "type": "Point",
        "coordinates": [
          21.167717,
          42.668352
        ]
      },
      "properties": {
        "name": "Bellis perennis",
        "category": "flora",
        "categoryLabel": "Vëzhgim flore",
        "location": "Pristina, Kosovë",
        "countryCodes": [
          "XK"
        ],
        "summary": "Vëzhgim i Bellis perennis më 2026-05-09 në Kosovë. Të dhënat nga GBIF.",
        "details": [
          "Një regjistrim i pranishmërisë së llojit; pika nuk paraqet shtrirjen e habitatit."
        ],
        "mapNote": "Koordinata e vëzhgimit nga GBIF; saktësia dhe origjina kontrollohen te regjistrimi burimor.",
        "geometryType": "Point",
        "sources": [
          {
            "label": "GBIF · regjistrimi dhe licenca",
            "url": "https://www.gbif.org/occurrence/6273950955"
          }
        ],
        "extra": {
          "Lloji": "Bellis perennis",
          "Data": "2026-05-09",
          "Licenca": "http://creativecommons.org/licenses/by/4.0/legalcode",
          "Burimi": "iNaturalist research-grade observations"
        },
        "image": {
          "url": "https://api.gbif.org/v1/image/cache/800x/occurrence/6273950955/media/508f8de345f50d70db27663b82c1cdd9",
          "source": "https://www.inaturalist.org/photos/658198120",
          "credit": "Paulius Rupšas",
          "license": "CC BY 4.0",
          "licenseUrl": "http://creativecommons.org/licenses/by/4.0/",
          "alt": "Bellis perennis"
        }
      }
    },
    {
      "type": "Feature",
      "id": "gbif-6273966866",
      "geometry": {
        "type": "Point",
        "coordinates": [
          20.1619,
          42.595275
        ]
      },
      "properties": {
        "name": "Hepatica nobilis",
        "category": "flora",
        "categoryLabel": "Vëzhgim flore",
        "location": "Đakovica, Kosovë",
        "countryCodes": [
          "XK"
        ],
        "summary": "Vëzhgim i Hepatica nobilis më 2026-05-09 në Kosovë. Të dhënat nga GBIF.",
        "details": [
          "Një regjistrim i pranishmërisë së llojit; pika nuk paraqet shtrirjen e habitatit."
        ],
        "mapNote": "Koordinata e vëzhgimit nga GBIF; saktësia dhe origjina kontrollohen te regjistrimi burimor.",
        "geometryType": "Point",
        "sources": [
          {
            "label": "GBIF · regjistrimi dhe licenca",
            "url": "https://www.gbif.org/occurrence/6273966866"
          }
        ],
        "extra": {
          "Lloji": "Hepatica nobilis",
          "Data": "2026-05-09",
          "Licenca": "http://creativecommons.org/licenses/by-nc/4.0/legalcode",
          "Burimi": "iNaturalist research-grade observations"
        },
        "image": {
          "url": "https://api.gbif.org/v1/image/cache/800x/occurrence/6273966866/media/0450388c3844ecf5678b880a076f85e4",
          "source": "https://www.inaturalist.org/photos/658445693",
          "credit": "arddison",
          "license": "CC BY-NC 4.0",
          "licenseUrl": "http://creativecommons.org/licenses/by-nc/4.0/",
          "alt": "Hepatica nobilis"
        }
      }
    },
    {
      "type": "Feature",
      "id": "gbif-6274263624",
      "geometry": {
        "type": "Point",
        "coordinates": [
          20.894712,
          42.417688
        ]
      },
      "properties": {
        "name": "Quercus cerris",
        "category": "flora",
        "categoryLabel": "Vëzhgim flore",
        "location": "Prizren, Kosovë",
        "countryCodes": [
          "XK"
        ],
        "summary": "Vëzhgim i Quercus cerris më 2026-05-06 në Kosovë. Të dhënat nga GBIF.",
        "details": [
          "Një regjistrim i pranishmërisë së llojit; pika nuk paraqet shtrirjen e habitatit."
        ],
        "mapNote": "Koordinata e vëzhgimit nga GBIF; saktësia dhe origjina kontrollohen te regjistrimi burimor.",
        "geometryType": "Point",
        "sources": [
          {
            "label": "GBIF · regjistrimi dhe licenca",
            "url": "https://www.gbif.org/occurrence/6274263624"
          }
        ],
        "extra": {
          "Lloji": "Quercus cerris",
          "Data": "2026-05-06",
          "Licenca": "http://creativecommons.org/licenses/by-nc/4.0/legalcode",
          "Burimi": "iNaturalist research-grade observations"
        },
        "image": {
          "url": "https://api.gbif.org/v1/image/cache/800x/occurrence/6274263624/media/33e17c756e181fc06a412458c160fe52",
          "source": "https://www.inaturalist.org/photos/654911586",
          "credit": "arberzaimi",
          "license": "CC BY-NC 4.0",
          "licenseUrl": "http://creativecommons.org/licenses/by-nc/4.0/",
          "alt": "Quercus cerris"
        }
      }
    },
    {
      "type": "Feature",
      "id": "gbif-6320096729",
      "geometry": {
        "type": "Point",
        "coordinates": [
          20.744432,
          42.208681
        ]
      },
      "properties": {
        "name": "Ficus carica",
        "category": "flora",
        "categoryLabel": "Vëzhgim flore",
        "location": "Prizren, Kosovë",
        "countryCodes": [
          "XK"
        ],
        "summary": "Vëzhgim i Ficus carica më 2026-05-07 në Kosovë. Të dhënat nga GBIF.",
        "details": [
          "Një regjistrim i pranishmërisë së llojit; pika nuk paraqet shtrirjen e habitatit."
        ],
        "mapNote": "Koordinata e vëzhgimit nga GBIF; saktësia dhe origjina kontrollohen te regjistrimi burimor.",
        "geometryType": "Point",
        "sources": [
          {
            "label": "GBIF · regjistrimi dhe licenca",
            "url": "https://www.gbif.org/occurrence/6320096729"
          }
        ],
        "extra": {
          "Lloji": "Ficus carica",
          "Data": "2026-05-07",
          "Licenca": "http://creativecommons.org/licenses/by/4.0/legalcode",
          "Burimi": "iNaturalist research-grade observations"
        },
        "image": {
          "url": "https://api.gbif.org/v1/image/cache/800x/occurrence/6320096729/media/40daf4c45ae65448ae0baa5dd3ed2e2f",
          "source": "https://www.inaturalist.org/photos/659501804",
          "credit": "Paulius Rupšas",
          "license": "CC BY 4.0",
          "licenseUrl": "http://creativecommons.org/licenses/by/4.0/",
          "alt": "Ficus carica"
        }
      }
    },
    {
      "type": "Feature",
      "id": "gbif-6320106632",
      "geometry": {
        "type": "Point",
        "coordinates": [
          21.167881,
          42.663742
        ]
      },
      "properties": {
        "name": "Acer negundo",
        "category": "flora",
        "categoryLabel": "Vëzhgim flore",
        "location": "Pristina, Kosovë",
        "countryCodes": [
          "XK"
        ],
        "summary": "Vëzhgim i Acer negundo më 2026-05-09 në Kosovë. Të dhënat nga GBIF.",
        "details": [
          "Një regjistrim i pranishmërisë së llojit; pika nuk paraqet shtrirjen e habitatit."
        ],
        "mapNote": "Koordinata e vëzhgimit nga GBIF; saktësia dhe origjina kontrollohen te regjistrimi burimor.",
        "geometryType": "Point",
        "sources": [
          {
            "label": "GBIF · regjistrimi dhe licenca",
            "url": "https://www.gbif.org/occurrence/6320106632"
          }
        ],
        "extra": {
          "Lloji": "Acer negundo",
          "Data": "2026-05-09",
          "Licenca": "http://creativecommons.org/licenses/by/4.0/legalcode",
          "Burimi": "iNaturalist research-grade observations"
        },
        "image": {
          "url": "https://api.gbif.org/v1/image/cache/800x/occurrence/6320106632/media/90c8b63a3428e9c8d70896799a849911",
          "source": "https://www.inaturalist.org/photos/659487108",
          "credit": "Paulius Rupšas",
          "license": "CC BY 4.0",
          "licenseUrl": "http://creativecommons.org/licenses/by/4.0/",
          "alt": "Acer negundo"
        }
      }
    },
    {
      "type": "Feature",
      "id": "gbif-6320135343",
      "geometry": {
        "type": "Point",
        "coordinates": [
          20.099,
          42.592403
        ]
      },
      "properties": {
        "name": "Tussilago farfara",
        "category": "flora",
        "categoryLabel": "Vëzhgim flore",
        "location": "Đakovica, Kosovë",
        "countryCodes": [
          "XK"
        ],
        "summary": "Vëzhgim i Tussilago farfara më 2026-05-11 në Kosovë. Të dhënat nga GBIF.",
        "details": [
          "Një regjistrim i pranishmërisë së llojit; pika nuk paraqet shtrirjen e habitatit."
        ],
        "mapNote": "Koordinata e vëzhgimit nga GBIF; saktësia dhe origjina kontrollohen te regjistrimi burimor.",
        "geometryType": "Point",
        "sources": [
          {
            "label": "GBIF · regjistrimi dhe licenca",
            "url": "https://www.gbif.org/occurrence/6320135343"
          }
        ],
        "extra": {
          "Lloji": "Tussilago farfara",
          "Data": "2026-05-11",
          "Licenca": "http://creativecommons.org/licenses/by-nc/4.0/legalcode",
          "Burimi": "iNaturalist research-grade observations"
        },
        "image": {
          "url": "https://api.gbif.org/v1/image/cache/800x/occurrence/6320135343/media/11897d821e63132c6f3f1b9b8b821a79",
          "source": "https://www.inaturalist.org/photos/658458144",
          "credit": "Lola Kytka",
          "license": "CC BY-NC 4.0",
          "licenseUrl": "http://creativecommons.org/licenses/by-nc/4.0/",
          "alt": "Tussilago farfara"
        }
      }
    },
    {
      "type": "Feature",
      "id": "gbif-6320141118",
      "geometry": {
        "type": "Point",
        "coordinates": [
          20.751463,
          42.200855
        ]
      },
      "properties": {
        "name": "Geranium lucidum",
        "category": "flora",
        "categoryLabel": "Vëzhgim flore",
        "location": "Prizren, Kosovë",
        "countryCodes": [
          "XK"
        ],
        "summary": "Vëzhgim i Geranium lucidum më 2026-05-07 në Kosovë. Të dhënat nga GBIF.",
        "details": [
          "Një regjistrim i pranishmërisë së llojit; pika nuk paraqet shtrirjen e habitatit."
        ],
        "mapNote": "Koordinata e vëzhgimit nga GBIF; saktësia dhe origjina kontrollohen te regjistrimi burimor.",
        "geometryType": "Point",
        "sources": [
          {
            "label": "GBIF · regjistrimi dhe licenca",
            "url": "https://www.gbif.org/occurrence/6320141118"
          }
        ],
        "extra": {
          "Lloji": "Geranium lucidum",
          "Data": "2026-05-07",
          "Licenca": "http://creativecommons.org/licenses/by/4.0/legalcode",
          "Burimi": "iNaturalist research-grade observations"
        },
        "image": {
          "url": "https://api.gbif.org/v1/image/cache/800x/occurrence/6320141118/media/9a1361f71eb7b146a39b73e7bdc068b8",
          "source": "https://www.inaturalist.org/photos/659523529",
          "credit": "Paulius Rupšas",
          "license": "CC BY 4.0",
          "licenseUrl": "http://creativecommons.org/licenses/by/4.0/",
          "alt": "Geranium lucidum"
        }
      }
    },
    {
      "type": "Feature",
      "id": "gbif-6320199911",
      "geometry": {
        "type": "Point",
        "coordinates": [
          21.167383,
          42.666159
        ]
      },
      "properties": {
        "name": "Acer platanoides",
        "category": "flora",
        "categoryLabel": "Vëzhgim flore",
        "location": "Pristina, Kosovë",
        "countryCodes": [
          "XK"
        ],
        "summary": "Vëzhgim i Acer platanoides më 2026-05-09 në Kosovë. Të dhënat nga GBIF.",
        "details": [
          "Një regjistrim i pranishmërisë së llojit; pika nuk paraqet shtrirjen e habitatit."
        ],
        "mapNote": "Koordinata e vëzhgimit nga GBIF; saktësia dhe origjina kontrollohen te regjistrimi burimor.",
        "geometryType": "Point",
        "sources": [
          {
            "label": "GBIF · regjistrimi dhe licenca",
            "url": "https://www.gbif.org/occurrence/6320199911"
          }
        ],
        "extra": {
          "Lloji": "Acer platanoides",
          "Data": "2026-05-09",
          "Licenca": "http://creativecommons.org/licenses/by/4.0/legalcode",
          "Burimi": "iNaturalist research-grade observations"
        },
        "image": {
          "url": "https://api.gbif.org/v1/image/cache/800x/occurrence/6320199911/media/8e64bca56c5b42f93bdb81f94928a540",
          "source": "https://www.inaturalist.org/photos/658203887",
          "credit": "Paulius Rupšas",
          "license": "CC BY 4.0",
          "licenseUrl": "http://creativecommons.org/licenses/by/4.0/",
          "alt": "Acer platanoides"
        }
      }
    },
    {
      "type": "Feature",
      "id": "gbif-6320210935",
      "geometry": {
        "type": "Point",
        "coordinates": [
          20.753219,
          42.206847
        ]
      },
      "properties": {
        "name": "Silene vulgaris",
        "category": "flora",
        "categoryLabel": "Vëzhgim flore",
        "location": "Prizren, Kosovë",
        "countryCodes": [
          "XK"
        ],
        "summary": "Vëzhgim i Silene vulgaris më 2026-05-07 në Kosovë. Të dhënat nga GBIF.",
        "details": [
          "Një regjistrim i pranishmërisë së llojit; pika nuk paraqet shtrirjen e habitatit."
        ],
        "mapNote": "Koordinata e vëzhgimit nga GBIF; saktësia dhe origjina kontrollohen te regjistrimi burimor.",
        "geometryType": "Point",
        "sources": [
          {
            "label": "GBIF · regjistrimi dhe licenca",
            "url": "https://www.gbif.org/occurrence/6320210935"
          }
        ],
        "extra": {
          "Lloji": "Silene vulgaris",
          "Data": "2026-05-07",
          "Licenca": "http://creativecommons.org/licenses/by/4.0/legalcode",
          "Burimi": "iNaturalist research-grade observations"
        },
        "image": {
          "url": "https://api.gbif.org/v1/image/cache/800x/occurrence/6320210935/media/1606464573204304f353439e313fe6e4",
          "source": "https://www.inaturalist.org/photos/659596453",
          "credit": "Paulius Rupšas",
          "license": "CC BY 4.0",
          "licenseUrl": "http://creativecommons.org/licenses/by/4.0/",
          "alt": "Silene vulgaris"
        }
      }
    },
    {
      "type": "Feature",
      "id": "gbif-6320222552",
      "geometry": {
        "type": "Point",
        "coordinates": [
          20.756313,
          42.206982
        ]
      },
      "properties": {
        "name": "Geranium purpureum",
        "category": "flora",
        "categoryLabel": "Vëzhgim flore",
        "location": "Prizren, Kosovë",
        "countryCodes": [
          "XK"
        ],
        "summary": "Vëzhgim i Geranium purpureum më 2026-05-07 në Kosovë. Të dhënat nga GBIF.",
        "details": [
          "Një regjistrim i pranishmërisë së llojit; pika nuk paraqet shtrirjen e habitatit."
        ],
        "mapNote": "Koordinata e vëzhgimit nga GBIF; saktësia dhe origjina kontrollohen te regjistrimi burimor.",
        "geometryType": "Point",
        "sources": [
          {
            "label": "GBIF · regjistrimi dhe licenca",
            "url": "https://www.gbif.org/occurrence/6320222552"
          }
        ],
        "extra": {
          "Lloji": "Geranium purpureum",
          "Data": "2026-05-07",
          "Licenca": "http://creativecommons.org/licenses/by/4.0/legalcode",
          "Burimi": "iNaturalist research-grade observations"
        },
        "image": {
          "url": "https://api.gbif.org/v1/image/cache/800x/occurrence/6320222552/media/54a58ea1914b03c47f069b31cde85e36",
          "source": "https://www.inaturalist.org/photos/659587780",
          "credit": "Paulius Rupšas",
          "license": "CC BY 4.0",
          "licenseUrl": "http://creativecommons.org/licenses/by/4.0/",
          "alt": "Geranium purpureum"
        }
      }
    },
    {
      "type": "Feature",
      "id": "gbif-6320230092",
      "geometry": {
        "type": "Point",
        "coordinates": [
          20.744181,
          42.208559
        ]
      },
      "properties": {
        "name": "Chelidonium majus",
        "category": "flora",
        "categoryLabel": "Vëzhgim flore",
        "location": "Prizren, Kosovë",
        "countryCodes": [
          "XK"
        ],
        "summary": "Vëzhgim i Chelidonium majus më 2026-05-07 në Kosovë. Të dhënat nga GBIF.",
        "details": [
          "Një regjistrim i pranishmërisë së llojit; pika nuk paraqet shtrirjen e habitatit."
        ],
        "mapNote": "Koordinata e vëzhgimit nga GBIF; saktësia dhe origjina kontrollohen te regjistrimi burimor.",
        "geometryType": "Point",
        "sources": [
          {
            "label": "GBIF · regjistrimi dhe licenca",
            "url": "https://www.gbif.org/occurrence/6320230092"
          }
        ],
        "extra": {
          "Lloji": "Chelidonium majus",
          "Data": "2026-05-07",
          "Licenca": "http://creativecommons.org/licenses/by/4.0/legalcode",
          "Burimi": "iNaturalist research-grade observations"
        },
        "image": {
          "url": "https://api.gbif.org/v1/image/cache/800x/occurrence/6320230092/media/dc31f8a91441e971fff07bd2c4a49d57",
          "source": "https://www.inaturalist.org/photos/659500959",
          "credit": "Paulius Rupšas",
          "license": "CC BY 4.0",
          "licenseUrl": "http://creativecommons.org/licenses/by/4.0/",
          "alt": "Chelidonium majus"
        }
      }
    },
    {
      "type": "Feature",
      "id": "gbif-6320235419",
      "geometry": {
        "type": "Point",
        "coordinates": [
          20.749962,
          42.209244
        ]
      },
      "properties": {
        "name": "Chelidonium majus",
        "category": "flora",
        "categoryLabel": "Vëzhgim flore",
        "location": "Prizren, Kosovë",
        "countryCodes": [
          "XK"
        ],
        "summary": "Vëzhgim i Chelidonium majus më 2026-05-06 në Kosovë. Të dhënat nga GBIF.",
        "details": [
          "Një regjistrim i pranishmërisë së llojit; pika nuk paraqet shtrirjen e habitatit."
        ],
        "mapNote": "Koordinata e vëzhgimit nga GBIF; saktësia dhe origjina kontrollohen te regjistrimi burimor.",
        "geometryType": "Point",
        "sources": [
          {
            "label": "GBIF · regjistrimi dhe licenca",
            "url": "https://www.gbif.org/occurrence/6320235419"
          }
        ],
        "extra": {
          "Lloji": "Chelidonium majus",
          "Data": "2026-05-06",
          "Licenca": "http://creativecommons.org/licenses/by/4.0/legalcode",
          "Burimi": "iNaturalist research-grade observations"
        },
        "image": {
          "url": "https://api.gbif.org/v1/image/cache/800x/occurrence/6320235419/media/123460cef194b1dfb4a084a8d0247340",
          "source": "https://www.inaturalist.org/photos/661243588",
          "credit": "Paulius Rupšas",
          "license": "CC BY 4.0",
          "licenseUrl": "http://creativecommons.org/licenses/by/4.0/",
          "alt": "Chelidonium majus"
        }
      }
    },
    {
      "type": "Feature",
      "id": "gbif-6320326747",
      "geometry": {
        "type": "Point",
        "coordinates": [
          20.747451,
          42.210185
        ]
      },
      "properties": {
        "name": "Geranium lucidum",
        "category": "flora",
        "categoryLabel": "Vëzhgim flore",
        "location": "Prizren, Kosovë",
        "countryCodes": [
          "XK"
        ],
        "summary": "Vëzhgim i Geranium lucidum më 2026-05-07 në Kosovë. Të dhënat nga GBIF.",
        "details": [
          "Një regjistrim i pranishmërisë së llojit; pika nuk paraqet shtrirjen e habitatit."
        ],
        "mapNote": "Koordinata e vëzhgimit nga GBIF; saktësia dhe origjina kontrollohen te regjistrimi burimor.",
        "geometryType": "Point",
        "sources": [
          {
            "label": "GBIF · regjistrimi dhe licenca",
            "url": "https://www.gbif.org/occurrence/6320326747"
          }
        ],
        "extra": {
          "Lloji": "Geranium lucidum",
          "Data": "2026-05-07",
          "Licenca": "http://creativecommons.org/licenses/by/4.0/legalcode",
          "Burimi": "iNaturalist research-grade observations"
        },
        "image": {
          "url": "https://api.gbif.org/v1/image/cache/800x/occurrence/6320326747/media/e15c229e6977aefc7de2e417efc966be",
          "source": "https://www.inaturalist.org/photos/659625728",
          "credit": "Paulius Rupšas",
          "license": "CC BY 4.0",
          "licenseUrl": "http://creativecommons.org/licenses/by/4.0/",
          "alt": "Geranium lucidum"
        }
      }
    },
    {
      "type": "Feature",
      "id": "gbif-6320352893",
      "geometry": {
        "type": "Point",
        "coordinates": [
          20.755611,
          42.203571
        ]
      },
      "properties": {
        "name": "Lamium purpureum",
        "category": "flora",
        "categoryLabel": "Vëzhgim flore",
        "location": "Prizren, Kosovë",
        "countryCodes": [
          "XK"
        ],
        "summary": "Vëzhgim i Lamium purpureum më 2026-05-07 në Kosovë. Të dhënat nga GBIF.",
        "details": [
          "Një regjistrim i pranishmërisë së llojit; pika nuk paraqet shtrirjen e habitatit."
        ],
        "mapNote": "Koordinata e vëzhgimit nga GBIF; saktësia dhe origjina kontrollohen te regjistrimi burimor.",
        "geometryType": "Point",
        "sources": [
          {
            "label": "GBIF · regjistrimi dhe licenca",
            "url": "https://www.gbif.org/occurrence/6320352893"
          }
        ],
        "extra": {
          "Lloji": "Lamium purpureum",
          "Data": "2026-05-07",
          "Licenca": "http://creativecommons.org/licenses/by/4.0/legalcode",
          "Burimi": "iNaturalist research-grade observations"
        },
        "image": {
          "url": "https://api.gbif.org/v1/image/cache/800x/occurrence/6320352893/media/18826b8478e58718e974ba35b4d796eb",
          "source": "https://www.inaturalist.org/photos/659571858",
          "credit": "Paulius Rupšas",
          "license": "CC BY 4.0",
          "licenseUrl": "http://creativecommons.org/licenses/by/4.0/",
          "alt": "Lamium purpureum"
        }
      }
    },
    {
      "type": "Feature",
      "id": "gbif-6320362564",
      "geometry": {
        "type": "Point",
        "coordinates": [
          20.750259,
          42.204819
        ]
      },
      "properties": {
        "name": "Alliaria petiolata",
        "category": "flora",
        "categoryLabel": "Vëzhgim flore",
        "location": "Prizren, Kosovë",
        "countryCodes": [
          "XK"
        ],
        "summary": "Vëzhgim i Alliaria petiolata më 2026-05-07 në Kosovë. Të dhënat nga GBIF.",
        "details": [
          "Një regjistrim i pranishmërisë së llojit; pika nuk paraqet shtrirjen e habitatit."
        ],
        "mapNote": "Koordinata e vëzhgimit nga GBIF; saktësia dhe origjina kontrollohen te regjistrimi burimor.",
        "geometryType": "Point",
        "sources": [
          {
            "label": "GBIF · regjistrimi dhe licenca",
            "url": "https://www.gbif.org/occurrence/6320362564"
          }
        ],
        "extra": {
          "Lloji": "Alliaria petiolata",
          "Data": "2026-05-07",
          "Licenca": "http://creativecommons.org/licenses/by/4.0/legalcode",
          "Burimi": "iNaturalist research-grade observations"
        },
        "image": {
          "url": "https://api.gbif.org/v1/image/cache/800x/occurrence/6320362564/media/d4fa9bdf8f870995153c5bda84e31bee",
          "source": "https://www.inaturalist.org/photos/659514552",
          "credit": "Paulius Rupšas",
          "license": "CC BY 4.0",
          "licenseUrl": "http://creativecommons.org/licenses/by/4.0/",
          "alt": "Alliaria petiolata"
        }
      }
    },
    {
      "type": "Feature",
      "id": "gbif-6320366923",
      "geometry": {
        "type": "Point",
        "coordinates": [
          20.749903,
          42.209236
        ]
      },
      "properties": {
        "name": "Asplenium ceterach",
        "category": "flora",
        "categoryLabel": "Vëzhgim flore",
        "location": "Prizren, Kosovë",
        "countryCodes": [
          "XK"
        ],
        "summary": "Vëzhgim i Asplenium ceterach më 2026-05-07 në Kosovë. Të dhënat nga GBIF.",
        "details": [
          "Një regjistrim i pranishmërisë së llojit; pika nuk paraqet shtrirjen e habitatit."
        ],
        "mapNote": "Koordinata e vëzhgimit nga GBIF; saktësia dhe origjina kontrollohen te regjistrimi burimor.",
        "geometryType": "Point",
        "sources": [
          {
            "label": "GBIF · regjistrimi dhe licenca",
            "url": "https://www.gbif.org/occurrence/6320366923"
          }
        ],
        "extra": {
          "Lloji": "Asplenium ceterach",
          "Data": "2026-05-07",
          "Licenca": "http://creativecommons.org/licenses/by/4.0/legalcode",
          "Burimi": "iNaturalist research-grade observations"
        },
        "image": {
          "url": "https://api.gbif.org/v1/image/cache/800x/occurrence/6320366923/media/a62f4cc33b97f5e431ca89b13476412d",
          "source": "https://www.inaturalist.org/photos/659616681",
          "credit": "Paulius Rupšas",
          "license": "CC BY 4.0",
          "licenseUrl": "http://creativecommons.org/licenses/by/4.0/",
          "alt": "Asplenium ceterach"
        }
      }
    },
    {
      "type": "Feature",
      "id": "gbif-6320408386",
      "geometry": {
        "type": "Point",
        "coordinates": [
          20.748648,
          42.207134
        ]
      },
      "properties": {
        "name": "Arum cylindraceum",
        "category": "flora",
        "categoryLabel": "Vëzhgim flore",
        "location": "Prizren, Kosovë",
        "countryCodes": [
          "XK"
        ],
        "summary": "Vëzhgim i Arum cylindraceum më 2026-05-07 në Kosovë. Të dhënat nga GBIF.",
        "details": [
          "Një regjistrim i pranishmërisë së llojit; pika nuk paraqet shtrirjen e habitatit."
        ],
        "mapNote": "Koordinata e vëzhgimit nga GBIF; saktësia dhe origjina kontrollohen te regjistrimi burimor.",
        "geometryType": "Point",
        "sources": [
          {
            "label": "GBIF · regjistrimi dhe licenca",
            "url": "https://www.gbif.org/occurrence/6320408386"
          }
        ],
        "extra": {
          "Lloji": "Arum cylindraceum",
          "Data": "2026-05-07",
          "Licenca": "http://creativecommons.org/licenses/by/4.0/legalcode",
          "Burimi": "iNaturalist research-grade observations"
        },
        "image": {
          "url": "https://api.gbif.org/v1/image/cache/800x/occurrence/6320408386/media/10fa033574007495b920dcc8f997d429",
          "source": "https://www.inaturalist.org/photos/659511733",
          "credit": "Paulius Rupšas",
          "license": "CC BY 4.0",
          "licenseUrl": "http://creativecommons.org/licenses/by/4.0/",
          "alt": "Arum cylindraceum"
        }
      }
    },
    {
      "type": "Feature",
      "id": "gbif-6320413775",
      "geometry": {
        "type": "Point",
        "coordinates": [
          20.751774,
          42.199654
        ]
      },
      "properties": {
        "name": "Lamium galeobdolon",
        "category": "flora",
        "categoryLabel": "Vëzhgim flore",
        "location": "Prizren, Kosovë",
        "countryCodes": [
          "XK"
        ],
        "summary": "Vëzhgim i Lamium galeobdolon më 2026-05-07 në Kosovë. Të dhënat nga GBIF.",
        "details": [
          "Një regjistrim i pranishmërisë së llojit; pika nuk paraqet shtrirjen e habitatit."
        ],
        "mapNote": "Koordinata e vëzhgimit nga GBIF; saktësia dhe origjina kontrollohen te regjistrimi burimor.",
        "geometryType": "Point",
        "sources": [
          {
            "label": "GBIF · regjistrimi dhe licenca",
            "url": "https://www.gbif.org/occurrence/6320413775"
          }
        ],
        "extra": {
          "Lloji": "Lamium galeobdolon",
          "Data": "2026-05-07",
          "Licenca": "http://creativecommons.org/licenses/by/4.0/legalcode",
          "Burimi": "iNaturalist research-grade observations"
        },
        "image": {
          "url": "https://api.gbif.org/v1/image/cache/800x/occurrence/6320413775/media/a91e923eb9df2c111c43af4a34c9ee0c",
          "source": "https://www.inaturalist.org/photos/659525177",
          "credit": "Paulius Rupšas",
          "license": "CC BY 4.0",
          "licenseUrl": "http://creativecommons.org/licenses/by/4.0/",
          "alt": "Lamium galeobdolon"
        }
      }
    },
    {
      "type": "Feature",
      "id": "gbif-6320423611",
      "geometry": {
        "type": "Point",
        "coordinates": [
          21.169804,
          42.662125
        ]
      },
      "properties": {
        "name": "Alliaria petiolata",
        "category": "flora",
        "categoryLabel": "Vëzhgim flore",
        "location": "Pristina, Kosovë",
        "countryCodes": [
          "XK"
        ],
        "summary": "Vëzhgim i Alliaria petiolata më 2026-05-09 në Kosovë. Të dhënat nga GBIF.",
        "details": [
          "Një regjistrim i pranishmërisë së llojit; pika nuk paraqet shtrirjen e habitatit."
        ],
        "mapNote": "Koordinata e vëzhgimit nga GBIF; saktësia dhe origjina kontrollohen te regjistrimi burimor.",
        "geometryType": "Point",
        "sources": [
          {
            "label": "GBIF · regjistrimi dhe licenca",
            "url": "https://www.gbif.org/occurrence/6320423611"
          }
        ],
        "extra": {
          "Lloji": "Alliaria petiolata",
          "Data": "2026-05-09",
          "Licenca": "http://creativecommons.org/licenses/by/4.0/legalcode",
          "Burimi": "iNaturalist research-grade observations"
        },
        "image": {
          "url": "https://api.gbif.org/v1/image/cache/800x/occurrence/6320423611/media/70b62d6f2c544f90501e2821671893a5",
          "source": "https://www.inaturalist.org/photos/659484814",
          "credit": "Paulius Rupšas",
          "license": "CC BY 4.0",
          "licenseUrl": "http://creativecommons.org/licenses/by/4.0/",
          "alt": "Alliaria petiolata"
        }
      }
    },
    {
      "type": "Feature",
      "id": "gbif-6320430965",
      "geometry": {
        "type": "Point",
        "coordinates": [
          20.745665,
          42.208569
        ]
      },
      "properties": {
        "name": "Hyoscyamus niger",
        "category": "flora",
        "categoryLabel": "Vëzhgim flore",
        "location": "Prizren, Kosovë",
        "countryCodes": [
          "XK"
        ],
        "summary": "Vëzhgim i Hyoscyamus niger më 2026-05-07 në Kosovë. Të dhënat nga GBIF.",
        "details": [
          "Një regjistrim i pranishmërisë së llojit; pika nuk paraqet shtrirjen e habitatit."
        ],
        "mapNote": "Koordinata e vëzhgimit nga GBIF; saktësia dhe origjina kontrollohen te regjistrimi burimor.",
        "geometryType": "Point",
        "sources": [
          {
            "label": "GBIF · regjistrimi dhe licenca",
            "url": "https://www.gbif.org/occurrence/6320430965"
          }
        ],
        "extra": {
          "Lloji": "Hyoscyamus niger",
          "Data": "2026-05-07",
          "Licenca": "http://creativecommons.org/licenses/by/4.0/legalcode",
          "Burimi": "iNaturalist research-grade observations"
        },
        "image": {
          "url": "https://api.gbif.org/v1/image/cache/800x/occurrence/6320430965/media/467c6f7b5f4053d3017ab2782d8fd210",
          "source": "https://www.inaturalist.org/photos/659507680",
          "credit": "Paulius Rupšas",
          "license": "CC BY 4.0",
          "licenseUrl": "http://creativecommons.org/licenses/by/4.0/",
          "alt": "Hyoscyamus niger"
        }
      }
    },
    {
      "type": "Feature",
      "id": "gbif-6320466719",
      "geometry": {
        "type": "Point",
        "coordinates": [
          20.751591,
          42.208275
        ]
      },
      "properties": {
        "name": "Alliaria petiolata",
        "category": "flora",
        "categoryLabel": "Vëzhgim flore",
        "location": "Prizren, Kosovë",
        "countryCodes": [
          "XK"
        ],
        "summary": "Vëzhgim i Alliaria petiolata më 2026-05-06 në Kosovë. Të dhënat nga GBIF.",
        "details": [
          "Një regjistrim i pranishmërisë së llojit; pika nuk paraqet shtrirjen e habitatit."
        ],
        "mapNote": "Koordinata e vëzhgimit nga GBIF; saktësia dhe origjina kontrollohen te regjistrimi burimor.",
        "geometryType": "Point",
        "sources": [
          {
            "label": "GBIF · regjistrimi dhe licenca",
            "url": "https://www.gbif.org/occurrence/6320466719"
          }
        ],
        "extra": {
          "Lloji": "Alliaria petiolata",
          "Data": "2026-05-06",
          "Licenca": "http://creativecommons.org/licenses/by/4.0/legalcode",
          "Burimi": "iNaturalist research-grade observations"
        },
        "image": {
          "url": "https://api.gbif.org/v1/image/cache/800x/occurrence/6320466719/media/b8797669839c289540d859a98bcd41cb",
          "source": "https://www.inaturalist.org/photos/661238276",
          "credit": "Paulius Rupšas",
          "license": "CC BY 4.0",
          "licenseUrl": "http://creativecommons.org/licenses/by/4.0/",
          "alt": "Alliaria petiolata"
        }
      }
    },
    {
      "type": "Feature",
      "id": "gbif-6320563623",
      "geometry": {
        "type": "Point",
        "coordinates": [
          20.753716,
          42.204784
        ]
      },
      "properties": {
        "name": "Bellis perennis",
        "category": "flora",
        "categoryLabel": "Vëzhgim flore",
        "location": "Prizren, Kosovë",
        "countryCodes": [
          "XK"
        ],
        "summary": "Vëzhgim i Bellis perennis më 2026-05-07 në Kosovë. Të dhënat nga GBIF.",
        "details": [
          "Një regjistrim i pranishmërisë së llojit; pika nuk paraqet shtrirjen e habitatit."
        ],
        "mapNote": "Koordinata e vëzhgimit nga GBIF; saktësia dhe origjina kontrollohen te regjistrimi burimor.",
        "geometryType": "Point",
        "sources": [
          {
            "label": "GBIF · regjistrimi dhe licenca",
            "url": "https://www.gbif.org/occurrence/6320563623"
          }
        ],
        "extra": {
          "Lloji": "Bellis perennis",
          "Data": "2026-05-07",
          "Licenca": "http://creativecommons.org/licenses/by/4.0/legalcode",
          "Burimi": "iNaturalist research-grade observations"
        },
        "image": {
          "url": "https://api.gbif.org/v1/image/cache/800x/occurrence/6320563623/media/16298655a2e48088bbe4a070ae942841",
          "source": "https://www.inaturalist.org/photos/659538296",
          "credit": "Paulius Rupšas",
          "license": "CC BY 4.0",
          "licenseUrl": "http://creativecommons.org/licenses/by/4.0/",
          "alt": "Bellis perennis"
        }
      }
    },
    {
      "type": "Feature",
      "id": "gbif-6320605441",
      "geometry": {
        "type": "Point",
        "coordinates": [
          21.17134,
          42.661638
        ]
      },
      "properties": {
        "name": "Cymbalaria muralis",
        "category": "flora",
        "categoryLabel": "Vëzhgim flore",
        "location": "Pristina, Kosovë",
        "countryCodes": [
          "XK"
        ],
        "summary": "Vëzhgim i Cymbalaria muralis më 2026-05-09 në Kosovë. Të dhënat nga GBIF.",
        "details": [
          "Një regjistrim i pranishmërisë së llojit; pika nuk paraqet shtrirjen e habitatit."
        ],
        "mapNote": "Koordinata e vëzhgimit nga GBIF; saktësia dhe origjina kontrollohen te regjistrimi burimor.",
        "geometryType": "Point",
        "sources": [
          {
            "label": "GBIF · regjistrimi dhe licenca",
            "url": "https://www.gbif.org/occurrence/6320605441"
          }
        ],
        "extra": {
          "Lloji": "Cymbalaria muralis",
          "Data": "2026-05-09",
          "Licenca": "http://creativecommons.org/licenses/by/4.0/legalcode",
          "Burimi": "iNaturalist research-grade observations"
        },
        "image": {
          "url": "https://api.gbif.org/v1/image/cache/800x/occurrence/6320605441/media/52c07836c486ec6ea5e2c4e6b570bd15",
          "source": "https://www.inaturalist.org/photos/659485081",
          "credit": "Paulius Rupšas",
          "license": "CC BY 4.0",
          "licenseUrl": "http://creativecommons.org/licenses/by/4.0/",
          "alt": "Cymbalaria muralis"
        }
      }
    },
    {
      "type": "Feature",
      "id": "gbif-6320676735",
      "geometry": {
        "type": "Point",
        "coordinates": [
          20.097814,
          42.592553
        ]
      },
      "properties": {
        "name": "Crocus bertiscensis",
        "category": "flora",
        "categoryLabel": "Vëzhgim flore",
        "location": "Đakovica, Kosovë",
        "countryCodes": [
          "XK"
        ],
        "summary": "Vëzhgim i Crocus bertiscensis më 2026-05-11 në Kosovë. Të dhënat nga GBIF.",
        "details": [
          "Një regjistrim i pranishmërisë së llojit; pika nuk paraqet shtrirjen e habitatit."
        ],
        "mapNote": "Koordinata e vëzhgimit nga GBIF; saktësia dhe origjina kontrollohen te regjistrimi burimor.",
        "geometryType": "Point",
        "sources": [
          {
            "label": "GBIF · regjistrimi dhe licenca",
            "url": "https://www.gbif.org/occurrence/6320676735"
          }
        ],
        "extra": {
          "Lloji": "Crocus bertiscensis",
          "Data": "2026-05-11",
          "Licenca": "http://creativecommons.org/licenses/by-nc/4.0/legalcode",
          "Burimi": "iNaturalist research-grade observations"
        },
        "image": {
          "url": "https://api.gbif.org/v1/image/cache/800x/occurrence/6320676735/media/d7ff71a5fdae7f6c00465e40485fd7ae",
          "source": "https://www.inaturalist.org/photos/658190595",
          "credit": "arddison",
          "license": "CC BY-NC 4.0",
          "licenseUrl": "http://creativecommons.org/licenses/by-nc/4.0/",
          "alt": "Crocus bertiscensis"
        }
      }
    },
    {
      "type": "Feature",
      "id": "gbif-6320731996",
      "geometry": {
        "type": "Point",
        "coordinates": [
          20.744218,
          42.21076
        ]
      },
      "properties": {
        "name": "Silene vulgaris",
        "category": "flora",
        "categoryLabel": "Vëzhgim flore",
        "location": "Prizren, Kosovë",
        "countryCodes": [
          "XK"
        ],
        "summary": "Vëzhgim i Silene vulgaris më 2026-05-06 në Kosovë. Të dhënat nga GBIF.",
        "details": [
          "Një regjistrim i pranishmërisë së llojit; pika nuk paraqet shtrirjen e habitatit."
        ],
        "mapNote": "Koordinata e vëzhgimit nga GBIF; saktësia dhe origjina kontrollohen te regjistrimi burimor.",
        "geometryType": "Point",
        "sources": [
          {
            "label": "GBIF · regjistrimi dhe licenca",
            "url": "https://www.gbif.org/occurrence/6320731996"
          }
        ],
        "extra": {
          "Lloji": "Silene vulgaris",
          "Data": "2026-05-06",
          "Licenca": "http://creativecommons.org/licenses/by/4.0/legalcode",
          "Burimi": "iNaturalist research-grade observations"
        },
        "image": {
          "url": "https://api.gbif.org/v1/image/cache/800x/occurrence/6320731996/media/e8396016f570d7ccb8fd3d445350fa32",
          "source": "https://www.inaturalist.org/photos/661250395",
          "credit": "Paulius Rupšas",
          "license": "CC BY 4.0",
          "licenseUrl": "http://creativecommons.org/licenses/by/4.0/",
          "alt": "Silene vulgaris"
        }
      }
    },
    {
      "type": "Feature",
      "id": "gbif-6320749631",
      "geometry": {
        "type": "Point",
        "coordinates": [
          20.75432,
          42.204357
        ]
      },
      "properties": {
        "name": "Silene vulgaris",
        "category": "flora",
        "categoryLabel": "Vëzhgim flore",
        "location": "Prizren, Kosovë",
        "countryCodes": [
          "XK"
        ],
        "summary": "Vëzhgim i Silene vulgaris më 2026-05-07 në Kosovë. Të dhënat nga GBIF.",
        "details": [
          "Një regjistrim i pranishmërisë së llojit; pika nuk paraqet shtrirjen e habitatit."
        ],
        "mapNote": "Koordinata e vëzhgimit nga GBIF; saktësia dhe origjina kontrollohen te regjistrimi burimor.",
        "geometryType": "Point",
        "sources": [
          {
            "label": "GBIF · regjistrimi dhe licenca",
            "url": "https://www.gbif.org/occurrence/6320749631"
          }
        ],
        "extra": {
          "Lloji": "Silene vulgaris",
          "Data": "2026-05-07",
          "Licenca": "http://creativecommons.org/licenses/by/4.0/legalcode",
          "Burimi": "iNaturalist research-grade observations"
        },
        "image": {
          "url": "https://api.gbif.org/v1/image/cache/800x/occurrence/6320749631/media/56faf20cbbcde381cf1bf4d767535651",
          "source": "https://www.inaturalist.org/photos/659538957",
          "credit": "Paulius Rupšas",
          "license": "CC BY 4.0",
          "licenseUrl": "http://creativecommons.org/licenses/by/4.0/",
          "alt": "Silene vulgaris"
        }
      }
    },
    {
      "type": "Feature",
      "id": "gbif-6320801801",
      "geometry": {
        "type": "Point",
        "coordinates": [
          20.753166,
          42.206928
        ]
      },
      "properties": {
        "name": "Senecio vulgaris",
        "category": "flora",
        "categoryLabel": "Vëzhgim flore",
        "location": "Prizren, Kosovë",
        "countryCodes": [
          "XK"
        ],
        "summary": "Vëzhgim i Senecio vulgaris më 2026-05-07 në Kosovë. Të dhënat nga GBIF.",
        "details": [
          "Një regjistrim i pranishmërisë së llojit; pika nuk paraqet shtrirjen e habitatit."
        ],
        "mapNote": "Koordinata e vëzhgimit nga GBIF; saktësia dhe origjina kontrollohen te regjistrimi burimor.",
        "geometryType": "Point",
        "sources": [
          {
            "label": "GBIF · regjistrimi dhe licenca",
            "url": "https://www.gbif.org/occurrence/6320801801"
          }
        ],
        "extra": {
          "Lloji": "Senecio vulgaris",
          "Data": "2026-05-07",
          "Licenca": "http://creativecommons.org/licenses/by/4.0/legalcode",
          "Burimi": "iNaturalist research-grade observations"
        },
        "image": {
          "url": "https://api.gbif.org/v1/image/cache/800x/occurrence/6320801801/media/7e2beb739130737268578fe6b4b47f14",
          "source": "https://www.inaturalist.org/photos/659595979",
          "credit": "Paulius Rupšas",
          "license": "CC BY 4.0",
          "licenseUrl": "http://creativecommons.org/licenses/by/4.0/",
          "alt": "Senecio vulgaris"
        }
      }
    },
    {
      "type": "Feature",
      "id": "gbif-6320928361",
      "geometry": {
        "type": "Point",
        "coordinates": [
          20.756306,
          42.207321
        ]
      },
      "properties": {
        "name": "Ficus carica",
        "category": "flora",
        "categoryLabel": "Vëzhgim flore",
        "location": "Prizren, Kosovë",
        "countryCodes": [
          "XK"
        ],
        "summary": "Vëzhgim i Ficus carica më 2026-05-07 në Kosovë. Të dhënat nga GBIF.",
        "details": [
          "Një regjistrim i pranishmërisë së llojit; pika nuk paraqet shtrirjen e habitatit."
        ],
        "mapNote": "Koordinata e vëzhgimit nga GBIF; saktësia dhe origjina kontrollohen te regjistrimi burimor.",
        "geometryType": "Point",
        "sources": [
          {
            "label": "GBIF · regjistrimi dhe licenca",
            "url": "https://www.gbif.org/occurrence/6320928361"
          }
        ],
        "extra": {
          "Lloji": "Ficus carica",
          "Data": "2026-05-07",
          "Licenca": "http://creativecommons.org/licenses/by/4.0/legalcode",
          "Burimi": "iNaturalist research-grade observations"
        },
        "image": {
          "url": "https://api.gbif.org/v1/image/cache/800x/occurrence/6320928361/media/4874e03fc55d5630050785f83d5b3d6d",
          "source": "https://www.inaturalist.org/photos/659580002",
          "credit": "Paulius Rupšas",
          "license": "CC BY 4.0",
          "licenseUrl": "http://creativecommons.org/licenses/by/4.0/",
          "alt": "Ficus carica"
        }
      }
    },
    {
      "type": "Feature",
      "id": "gbif-6320958460",
      "geometry": {
        "type": "Point",
        "coordinates": [
          20.743128,
          42.208256
        ]
      },
      "properties": {
        "name": "Cymbalaria muralis",
        "category": "flora",
        "categoryLabel": "Vëzhgim flore",
        "location": "Prizren, Kosovë",
        "countryCodes": [
          "XK"
        ],
        "summary": "Vëzhgim i Cymbalaria muralis më 2026-05-07 në Kosovë. Të dhënat nga GBIF.",
        "details": [
          "Një regjistrim i pranishmërisë së llojit; pika nuk paraqet shtrirjen e habitatit."
        ],
        "mapNote": "Koordinata e vëzhgimit nga GBIF; saktësia dhe origjina kontrollohen te regjistrimi burimor.",
        "geometryType": "Point",
        "sources": [
          {
            "label": "GBIF · regjistrimi dhe licenca",
            "url": "https://www.gbif.org/occurrence/6320958460"
          }
        ],
        "extra": {
          "Lloji": "Cymbalaria muralis",
          "Data": "2026-05-07",
          "Licenca": "http://creativecommons.org/licenses/by/4.0/legalcode",
          "Burimi": "iNaturalist research-grade observations"
        },
        "image": {
          "url": "https://api.gbif.org/v1/image/cache/800x/occurrence/6320958460/media/21c921f4bc840ebeff72d99041eef487",
          "source": "https://www.inaturalist.org/photos/659498828",
          "credit": "Paulius Rupšas",
          "license": "CC BY 4.0",
          "licenseUrl": "http://creativecommons.org/licenses/by/4.0/",
          "alt": "Cymbalaria muralis"
        }
      }
    },
    {
      "type": "Feature",
      "id": "gbif-6320975502",
      "geometry": {
        "type": "Point",
        "coordinates": [
          20.74371,
          42.211609
        ]
      },
      "properties": {
        "name": "Trifolium pratense",
        "category": "flora",
        "categoryLabel": "Vëzhgim flore",
        "location": "Prizren, Kosovë",
        "countryCodes": [
          "XK"
        ],
        "summary": "Vëzhgim i Trifolium pratense më 2026-05-07 në Kosovë. Të dhënat nga GBIF.",
        "details": [
          "Një regjistrim i pranishmërisë së llojit; pika nuk paraqet shtrirjen e habitatit."
        ],
        "mapNote": "Koordinata e vëzhgimit nga GBIF; saktësia dhe origjina kontrollohen te regjistrimi burimor.",
        "geometryType": "Point",
        "sources": [
          {
            "label": "GBIF · regjistrimi dhe licenca",
            "url": "https://www.gbif.org/occurrence/6320975502"
          }
        ],
        "extra": {
          "Lloji": "Trifolium pratense",
          "Data": "2026-05-07",
          "Licenca": "http://creativecommons.org/licenses/by/4.0/legalcode",
          "Burimi": "iNaturalist research-grade observations"
        },
        "image": {
          "url": "https://api.gbif.org/v1/image/cache/800x/occurrence/6320975502/media/78403bdf127948f4e2e9f2fc4b7ba139",
          "source": "https://www.inaturalist.org/photos/661229901",
          "credit": "Paulius Rupšas",
          "license": "CC BY 4.0",
          "licenseUrl": "http://creativecommons.org/licenses/by/4.0/",
          "alt": "Trifolium pratense"
        }
      }
    },
    {
      "type": "Feature",
      "id": "gbif-6320986921",
      "geometry": {
        "type": "Point",
        "coordinates": [
          20.756313,
          42.206982
        ]
      },
      "properties": {
        "name": "Geranium lucidum",
        "category": "flora",
        "categoryLabel": "Vëzhgim flore",
        "location": "Prizren, Kosovë",
        "countryCodes": [
          "XK"
        ],
        "summary": "Vëzhgim i Geranium lucidum më 2026-05-07 në Kosovë. Të dhënat nga GBIF.",
        "details": [
          "Një regjistrim i pranishmërisë së llojit; pika nuk paraqet shtrirjen e habitatit."
        ],
        "mapNote": "Koordinata e vëzhgimit nga GBIF; saktësia dhe origjina kontrollohen te regjistrimi burimor.",
        "geometryType": "Point",
        "sources": [
          {
            "label": "GBIF · regjistrimi dhe licenca",
            "url": "https://www.gbif.org/occurrence/6320986921"
          }
        ],
        "extra": {
          "Lloji": "Geranium lucidum",
          "Data": "2026-05-07",
          "Licenca": "http://creativecommons.org/licenses/by/4.0/legalcode",
          "Burimi": "iNaturalist research-grade observations"
        },
        "image": {
          "url": "https://api.gbif.org/v1/image/cache/800x/occurrence/6320986921/media/54a58ea1914b03c47f069b31cde85e36",
          "source": "https://www.inaturalist.org/photos/659587780",
          "credit": "Paulius Rupšas",
          "license": "CC BY 4.0",
          "licenseUrl": "http://creativecommons.org/licenses/by/4.0/",
          "alt": "Geranium lucidum"
        }
      }
    },
    {
      "type": "Feature",
      "id": "gbif-6321049889",
      "geometry": {
        "type": "Point",
        "coordinates": [
          20.751677,
          42.199455
        ]
      },
      "properties": {
        "name": "Euonymus europaeus",
        "category": "flora",
        "categoryLabel": "Vëzhgim flore",
        "location": "Prizren, Kosovë",
        "countryCodes": [
          "XK"
        ],
        "summary": "Vëzhgim i Euonymus europaeus më 2026-05-07 në Kosovë. Të dhënat nga GBIF.",
        "details": [
          "Një regjistrim i pranishmërisë së llojit; pika nuk paraqet shtrirjen e habitatit."
        ],
        "mapNote": "Koordinata e vëzhgimit nga GBIF; saktësia dhe origjina kontrollohen te regjistrimi burimor.",
        "geometryType": "Point",
        "sources": [
          {
            "label": "GBIF · regjistrimi dhe licenca",
            "url": "https://www.gbif.org/occurrence/6321049889"
          }
        ],
        "extra": {
          "Lloji": "Euonymus europaeus",
          "Data": "2026-05-07",
          "Licenca": "http://creativecommons.org/licenses/by/4.0/legalcode",
          "Burimi": "iNaturalist research-grade observations"
        },
        "image": {
          "url": "https://api.gbif.org/v1/image/cache/800x/occurrence/6321049889/media/96b28338b102381e07c27a63d6a2c487",
          "source": "https://www.inaturalist.org/photos/659524418",
          "credit": "Paulius Rupšas",
          "license": "CC BY 4.0",
          "licenseUrl": "http://creativecommons.org/licenses/by/4.0/",
          "alt": "Euonymus europaeus"
        }
      }
    },
    {
      "type": "Feature",
      "id": "gbif-6321112908",
      "geometry": {
        "type": "Point",
        "coordinates": [
          20.743407,
          42.211464
        ]
      },
      "properties": {
        "name": "Bellis perennis",
        "category": "flora",
        "categoryLabel": "Vëzhgim flore",
        "location": "Prizren, Kosovë",
        "countryCodes": [
          "XK"
        ],
        "summary": "Vëzhgim i Bellis perennis më 2026-05-07 në Kosovë. Të dhënat nga GBIF.",
        "details": [
          "Një regjistrim i pranishmërisë së llojit; pika nuk paraqet shtrirjen e habitatit."
        ],
        "mapNote": "Koordinata e vëzhgimit nga GBIF; saktësia dhe origjina kontrollohen te regjistrimi burimor.",
        "geometryType": "Point",
        "sources": [
          {
            "label": "GBIF · regjistrimi dhe licenca",
            "url": "https://www.gbif.org/occurrence/6321112908"
          }
        ],
        "extra": {
          "Lloji": "Bellis perennis",
          "Data": "2026-05-07",
          "Licenca": "http://creativecommons.org/licenses/by/4.0/legalcode",
          "Burimi": "iNaturalist research-grade observations"
        },
        "image": {
          "url": "https://api.gbif.org/v1/image/cache/800x/occurrence/6321112908/media/7aaed4eee57b75d095dd6f3dd75b5c13",
          "source": "https://www.inaturalist.org/photos/661229171",
          "credit": "Paulius Rupšas",
          "license": "CC BY 4.0",
          "licenseUrl": "http://creativecommons.org/licenses/by/4.0/",
          "alt": "Bellis perennis"
        }
      }
    },
    {
      "type": "Feature",
      "id": "gbif-6321246571",
      "geometry": {
        "type": "Point",
        "coordinates": [
          21.168183,
          42.66175
        ]
      },
      "properties": {
        "name": "Laburnum anagyroides",
        "category": "flora",
        "categoryLabel": "Vëzhgim flore",
        "location": "Pristina, Kosovë",
        "countryCodes": [
          "XK"
        ],
        "summary": "Vëzhgim i Laburnum anagyroides më 2026-05-12 në Kosovë. Të dhënat nga GBIF.",
        "details": [
          "Një regjistrim i pranishmërisë së llojit; pika nuk paraqet shtrirjen e habitatit."
        ],
        "mapNote": "Koordinata e vëzhgimit nga GBIF; saktësia dhe origjina kontrollohen te regjistrimi burimor.",
        "geometryType": "Point",
        "sources": [
          {
            "label": "GBIF · regjistrimi dhe licenca",
            "url": "https://www.gbif.org/occurrence/6321246571"
          }
        ],
        "extra": {
          "Lloji": "Laburnum anagyroides",
          "Data": "2026-05-12",
          "Licenca": "http://creativecommons.org/licenses/by-nc/4.0/legalcode",
          "Burimi": "iNaturalist research-grade observations"
        },
        "image": {
          "url": "https://api.gbif.org/v1/image/cache/800x/occurrence/6321246571/media/a447f84de6ab0cd77b94f55f3bc5449c",
          "source": "https://www.inaturalist.org/photos/658629210",
          "credit": "Lola Kytka",
          "license": "CC BY-NC 4.0",
          "licenseUrl": "http://creativecommons.org/licenses/by-nc/4.0/",
          "alt": "Laburnum anagyroides"
        }
      }
    },
    {
      "type": "Feature",
      "id": "gbif-6333995746",
      "geometry": {
        "type": "Point",
        "coordinates": [
          21.20173,
          42.674347
        ]
      },
      "properties": {
        "name": "Robinia pseudoacacia",
        "category": "flora",
        "categoryLabel": "Vëzhgim flore",
        "location": "Pristina, Kosovë",
        "countryCodes": [
          "XK"
        ],
        "summary": "Vëzhgim i Robinia pseudoacacia më 2026-05-23 në Kosovë. Të dhënat nga GBIF.",
        "details": [
          "Një regjistrim i pranishmërisë së llojit; pika nuk paraqet shtrirjen e habitatit."
        ],
        "mapNote": "Koordinata e vëzhgimit nga GBIF; saktësia dhe origjina kontrollohen te regjistrimi burimor.",
        "geometryType": "Point",
        "sources": [
          {
            "label": "GBIF · regjistrimi dhe licenca",
            "url": "https://www.gbif.org/occurrence/6333995746"
          }
        ],
        "extra": {
          "Lloji": "Robinia pseudoacacia",
          "Data": "2026-05-23",
          "Licenca": "http://creativecommons.org/licenses/by-nc/4.0/legalcode",
          "Burimi": "iNaturalist research-grade observations"
        },
        "image": {
          "url": "https://api.gbif.org/v1/image/cache/800x/occurrence/6333995746/media/7e51cd4a193557e1b0198e02a2c69209",
          "source": "https://www.inaturalist.org/photos/665235986",
          "credit": "Lola Kytka",
          "license": "CC BY-NC 4.0",
          "licenseUrl": "http://creativecommons.org/licenses/by-nc/4.0/",
          "alt": "Robinia pseudoacacia"
        }
      }
    },
    {
      "type": "Feature",
      "id": "gbif-6334174521",
      "geometry": {
        "type": "Point",
        "coordinates": [
          20.753465,
          42.204173
        ]
      },
      "properties": {
        "name": "Sedum cepaea",
        "category": "flora",
        "categoryLabel": "Vëzhgim flore",
        "location": "Prizren, Kosovë",
        "countryCodes": [
          "XK"
        ],
        "summary": "Vëzhgim i Sedum cepaea më 2026-05-07 në Kosovë. Të dhënat nga GBIF.",
        "details": [
          "Një regjistrim i pranishmërisë së llojit; pika nuk paraqet shtrirjen e habitatit."
        ],
        "mapNote": "Koordinata e vëzhgimit nga GBIF; saktësia dhe origjina kontrollohen te regjistrimi burimor.",
        "geometryType": "Point",
        "sources": [
          {
            "label": "GBIF · regjistrimi dhe licenca",
            "url": "https://www.gbif.org/occurrence/6334174521"
          }
        ],
        "extra": {
          "Lloji": "Sedum cepaea",
          "Data": "2026-05-07",
          "Licenca": "http://creativecommons.org/licenses/by/4.0/legalcode",
          "Burimi": "iNaturalist research-grade observations"
        },
        "image": {
          "url": "https://api.gbif.org/v1/image/cache/800x/occurrence/6334174521/media/7c119167b6fe21ec931c47d047afa63d",
          "source": "https://www.inaturalist.org/photos/659517313",
          "credit": "Paulius Rupšas",
          "license": "CC BY 4.0",
          "licenseUrl": "http://creativecommons.org/licenses/by/4.0/",
          "alt": "Sedum cepaea"
        }
      }
    },
    {
      "type": "Feature",
      "id": "gbif-6334279884",
      "geometry": {
        "type": "Point",
        "coordinates": [
          20.736211,
          42.204687
        ]
      },
      "properties": {
        "name": "Asplenium ruta-muraria",
        "category": "flora",
        "categoryLabel": "Vëzhgim flore",
        "location": "Prizren, Kosovë",
        "countryCodes": [
          "XK"
        ],
        "summary": "Vëzhgim i Asplenium ruta-muraria më 2026-05-06 në Kosovë. Të dhënat nga GBIF.",
        "details": [
          "Një regjistrim i pranishmërisë së llojit; pika nuk paraqet shtrirjen e habitatit."
        ],
        "mapNote": "Koordinata e vëzhgimit nga GBIF; saktësia dhe origjina kontrollohen te regjistrimi burimor.",
        "geometryType": "Point",
        "sources": [
          {
            "label": "GBIF · regjistrimi dhe licenca",
            "url": "https://www.gbif.org/occurrence/6334279884"
          }
        ],
        "extra": {
          "Lloji": "Asplenium ruta-muraria",
          "Data": "2026-05-06",
          "Licenca": "http://creativecommons.org/licenses/by/4.0/legalcode",
          "Burimi": "iNaturalist research-grade observations"
        },
        "image": {
          "url": "https://api.gbif.org/v1/image/cache/800x/occurrence/6334279884/media/7fb6c792fface1995378117ae24d8b6f",
          "source": "https://www.inaturalist.org/photos/661230123",
          "credit": "Paulius Rupšas",
          "license": "CC BY 4.0",
          "licenseUrl": "http://creativecommons.org/licenses/by/4.0/",
          "alt": "Asplenium ruta-muraria"
        }
      }
    },
    {
      "type": "Feature",
      "id": "gbif-6334442486",
      "geometry": {
        "type": "Point",
        "coordinates": [
          21.051103,
          42.702438
        ]
      },
      "properties": {
        "name": "Convallaria majalis",
        "category": "flora",
        "categoryLabel": "Vëzhgim flore",
        "location": "Pristina, Kosovë",
        "countryCodes": [
          "XK"
        ],
        "summary": "Vëzhgim i Convallaria majalis më 2026-05-23 në Kosovë. Të dhënat nga GBIF.",
        "details": [
          "Një regjistrim i pranishmërisë së llojit; pika nuk paraqet shtrirjen e habitatit."
        ],
        "mapNote": "Koordinata e vëzhgimit nga GBIF; saktësia dhe origjina kontrollohen te regjistrimi burimor.",
        "geometryType": "Point",
        "sources": [
          {
            "label": "GBIF · regjistrimi dhe licenca",
            "url": "https://www.gbif.org/occurrence/6334442486"
          }
        ],
        "extra": {
          "Lloji": "Convallaria majalis",
          "Data": "2026-05-23",
          "Licenca": "http://creativecommons.org/licenses/by-nc/4.0/legalcode",
          "Burimi": "iNaturalist research-grade observations"
        },
        "image": {
          "url": "https://api.gbif.org/v1/image/cache/800x/occurrence/6334442486/media/90274b65b467f5210caa586decfafeb9",
          "source": "https://www.inaturalist.org/photos/666391204",
          "credit": "arddison",
          "license": "CC BY-NC 4.0",
          "licenseUrl": "http://creativecommons.org/licenses/by-nc/4.0/",
          "alt": "Convallaria majalis"
        }
      }
    },
    {
      "type": "Feature",
      "id": "gbif-6334689089",
      "geometry": {
        "type": "Point",
        "coordinates": [
          21.201612,
          42.674328
        ]
      },
      "properties": {
        "name": "Rosa canina",
        "category": "flora",
        "categoryLabel": "Vëzhgim flore",
        "location": "Pristina, Kosovë",
        "countryCodes": [
          "XK"
        ],
        "summary": "Vëzhgim i Rosa canina më 2026-05-23 në Kosovë. Të dhënat nga GBIF.",
        "details": [
          "Një regjistrim i pranishmërisë së llojit; pika nuk paraqet shtrirjen e habitatit."
        ],
        "mapNote": "Koordinata e vëzhgimit nga GBIF; saktësia dhe origjina kontrollohen te regjistrimi burimor.",
        "geometryType": "Point",
        "sources": [
          {
            "label": "GBIF · regjistrimi dhe licenca",
            "url": "https://www.gbif.org/occurrence/6334689089"
          }
        ],
        "extra": {
          "Lloji": "Rosa canina",
          "Data": "2026-05-23",
          "Licenca": "http://creativecommons.org/licenses/by-nc/4.0/legalcode",
          "Burimi": "iNaturalist research-grade observations"
        },
        "image": {
          "url": "https://api.gbif.org/v1/image/cache/800x/occurrence/6334689089/media/7a0d165552a1cb2549e451d10d89bf29",
          "source": "https://www.inaturalist.org/photos/665231306",
          "credit": "Lola Kytka",
          "license": "CC BY-NC 4.0",
          "licenseUrl": "http://creativecommons.org/licenses/by-nc/4.0/",
          "alt": "Rosa canina"
        }
      }
    },
    {
      "type": "Feature",
      "id": "gbif-6352419520",
      "geometry": {
        "type": "Point",
        "coordinates": [
          20.750591,
          42.209049
        ]
      },
      "properties": {
        "name": "Robinia pseudoacacia",
        "category": "flora",
        "categoryLabel": "Vëzhgim flore",
        "location": "Prizren, Kosovë",
        "countryCodes": [
          "XK"
        ],
        "summary": "Vëzhgim i Robinia pseudoacacia më 2026-05-06 në Kosovë. Të dhënat nga GBIF.",
        "details": [
          "Një regjistrim i pranishmërisë së llojit; pika nuk paraqet shtrirjen e habitatit."
        ],
        "mapNote": "Koordinata e vëzhgimit nga GBIF; saktësia dhe origjina kontrollohen te regjistrimi burimor.",
        "geometryType": "Point",
        "sources": [
          {
            "label": "GBIF · regjistrimi dhe licenca",
            "url": "https://www.gbif.org/occurrence/6352419520"
          }
        ],
        "extra": {
          "Lloji": "Robinia pseudoacacia",
          "Data": "2026-05-06",
          "Licenca": "http://creativecommons.org/licenses/by/4.0/legalcode",
          "Burimi": "iNaturalist research-grade observations"
        },
        "image": {
          "url": "https://api.gbif.org/v1/image/cache/800x/occurrence/6352419520/media/5452519772a607a739f07e33e3d45330",
          "source": "https://www.inaturalist.org/photos/661242945",
          "credit": "Paulius Rupšas",
          "license": "CC BY 4.0",
          "licenseUrl": "http://creativecommons.org/licenses/by/4.0/",
          "alt": "Robinia pseudoacacia"
        }
      }
    },
    {
      "type": "Feature",
      "id": "gbif-6352440002",
      "geometry": {
        "type": "Point",
        "coordinates": [
          20.743486,
          42.208284
        ]
      },
      "properties": {
        "name": "Geranium lucidum",
        "category": "flora",
        "categoryLabel": "Vëzhgim flore",
        "location": "Prizren, Kosovë",
        "countryCodes": [
          "XK"
        ],
        "summary": "Vëzhgim i Geranium lucidum më 2026-05-07 në Kosovë. Të dhënat nga GBIF.",
        "details": [
          "Një regjistrim i pranishmërisë së llojit; pika nuk paraqet shtrirjen e habitatit."
        ],
        "mapNote": "Koordinata e vëzhgimit nga GBIF; saktësia dhe origjina kontrollohen te regjistrimi burimor.",
        "geometryType": "Point",
        "sources": [
          {
            "label": "GBIF · regjistrimi dhe licenca",
            "url": "https://www.gbif.org/occurrence/6352440002"
          }
        ],
        "extra": {
          "Lloji": "Geranium lucidum",
          "Data": "2026-05-07",
          "Licenca": "http://creativecommons.org/licenses/by/4.0/legalcode",
          "Burimi": "iNaturalist research-grade observations"
        },
        "image": {
          "url": "https://api.gbif.org/v1/image/cache/800x/occurrence/6352440002/media/fdebd43edf1a16bd4f2cfa15b814917c",
          "source": "https://www.inaturalist.org/photos/659499683",
          "credit": "Paulius Rupšas",
          "license": "CC BY 4.0",
          "licenseUrl": "http://creativecommons.org/licenses/by/4.0/",
          "alt": "Geranium lucidum"
        }
      }
    },
    {
      "type": "Feature",
      "id": "gbif-6352469934",
      "geometry": {
        "type": "Point",
        "coordinates": [
          21.224838,
          42.671245
        ]
      },
      "properties": {
        "name": "Melittis melissophyllum",
        "category": "flora",
        "categoryLabel": "Vëzhgim flore",
        "location": "Pristina, Kosovë",
        "countryCodes": [
          "XK"
        ],
        "summary": "Vëzhgim i Melittis melissophyllum më 2026-05-23 në Kosovë. Të dhënat nga GBIF.",
        "details": [
          "Një regjistrim i pranishmërisë së llojit; pika nuk paraqet shtrirjen e habitatit."
        ],
        "mapNote": "Koordinata e vëzhgimit nga GBIF; saktësia dhe origjina kontrollohen te regjistrimi burimor.",
        "geometryType": "Point",
        "sources": [
          {
            "label": "GBIF · regjistrimi dhe licenca",
            "url": "https://www.gbif.org/occurrence/6352469934"
          }
        ],
        "extra": {
          "Lloji": "Melittis melissophyllum",
          "Data": "2026-05-23",
          "Licenca": "http://creativecommons.org/licenses/by-nc/4.0/legalcode",
          "Burimi": "iNaturalist research-grade observations"
        },
        "image": {
          "url": "https://api.gbif.org/v1/image/cache/800x/occurrence/6352469934/media/128a5ffb143d5615a20bd875d2565816",
          "source": "https://www.inaturalist.org/photos/666391266",
          "credit": "arddison",
          "license": "CC BY-NC 4.0",
          "licenseUrl": "http://creativecommons.org/licenses/by-nc/4.0/",
          "alt": "Melittis melissophyllum"
        }
      }
    },
    {
      "type": "Feature",
      "id": "gbif-6352812724",
      "geometry": {
        "type": "Point",
        "coordinates": [
          21.2135,
          42.674478
        ]
      },
      "properties": {
        "name": "Viburnum opulus",
        "category": "flora",
        "categoryLabel": "Vëzhgim flore",
        "location": "Pristina, Kosovë",
        "countryCodes": [
          "XK"
        ],
        "summary": "Vëzhgim i Viburnum opulus më 2026-05-23 në Kosovë. Të dhënat nga GBIF.",
        "details": [
          "Një regjistrim i pranishmërisë së llojit; pika nuk paraqet shtrirjen e habitatit."
        ],
        "mapNote": "Koordinata e vëzhgimit nga GBIF; saktësia dhe origjina kontrollohen te regjistrimi burimor.",
        "geometryType": "Point",
        "sources": [
          {
            "label": "GBIF · regjistrimi dhe licenca",
            "url": "https://www.gbif.org/occurrence/6352812724"
          }
        ],
        "extra": {
          "Lloji": "Viburnum opulus",
          "Data": "2026-05-23",
          "Licenca": "http://creativecommons.org/licenses/by-nc/4.0/legalcode",
          "Burimi": "iNaturalist research-grade observations"
        },
        "image": {
          "url": "https://api.gbif.org/v1/image/cache/800x/occurrence/6352812724/media/e43523e588e9ea2c3c2ed3db65b260bc",
          "source": "https://www.inaturalist.org/photos/666390982",
          "credit": "arddison",
          "license": "CC BY-NC 4.0",
          "licenseUrl": "http://creativecommons.org/licenses/by-nc/4.0/",
          "alt": "Viburnum opulus"
        }
      }
    },
    {
      "type": "Feature",
      "id": "gbif-6398637748",
      "geometry": {
        "type": "Point",
        "coordinates": [
          20.082993,
          42.611153
        ]
      },
      "properties": {
        "name": "Caltha palustris",
        "category": "flora",
        "categoryLabel": "Vëzhgim flore",
        "location": "Đakovica, Kosovë",
        "countryCodes": [
          "XK"
        ],
        "summary": "Vëzhgim i Caltha palustris më 2026-05-28 në Kosovë. Të dhënat nga GBIF.",
        "details": [
          "Një regjistrim i pranishmërisë së llojit; pika nuk paraqet shtrirjen e habitatit."
        ],
        "mapNote": "Koordinata e vëzhgimit nga GBIF; saktësia dhe origjina kontrollohen te regjistrimi burimor.",
        "geometryType": "Point",
        "sources": [
          {
            "label": "GBIF · regjistrimi dhe licenca",
            "url": "https://www.gbif.org/occurrence/6398637748"
          }
        ],
        "extra": {
          "Lloji": "Caltha palustris",
          "Data": "2026-05-28",
          "Licenca": "http://creativecommons.org/licenses/by-nc/4.0/legalcode",
          "Burimi": "iNaturalist research-grade observations"
        },
        "image": {
          "url": "https://api.gbif.org/v1/image/cache/800x/occurrence/6398637748/media/98321aafcccdab7a6bc139eff5260f6c",
          "source": "https://www.inaturalist.org/photos/675785318",
          "credit": "sinaapp",
          "license": "CC BY-NC 4.0",
          "licenseUrl": "http://creativecommons.org/licenses/by-nc/4.0/",
          "alt": "Caltha palustris"
        }
      }
    },
    {
      "type": "Feature",
      "id": "gbif-6398992448",
      "geometry": {
        "type": "Point",
        "coordinates": [
          20.74409,
          42.208587
        ]
      },
      "properties": {
        "name": "Plantago major",
        "category": "flora",
        "categoryLabel": "Vëzhgim flore",
        "location": "Prizren, Kosovë",
        "countryCodes": [
          "XK"
        ],
        "summary": "Vëzhgim i Plantago major më 2026-05-07 në Kosovë. Të dhënat nga GBIF.",
        "details": [
          "Një regjistrim i pranishmërisë së llojit; pika nuk paraqet shtrirjen e habitatit."
        ],
        "mapNote": "Koordinata e vëzhgimit nga GBIF; saktësia dhe origjina kontrollohen te regjistrimi burimor.",
        "geometryType": "Point",
        "sources": [
          {
            "label": "GBIF · regjistrimi dhe licenca",
            "url": "https://www.gbif.org/occurrence/6398992448"
          }
        ],
        "extra": {
          "Lloji": "Plantago major",
          "Data": "2026-05-07",
          "Licenca": "http://creativecommons.org/licenses/by/4.0/legalcode",
          "Burimi": "iNaturalist research-grade observations"
        },
        "image": {
          "url": "https://api.gbif.org/v1/image/cache/800x/occurrence/6398992448/media/af13613dc38f62314a7c1dfe83eac8f9",
          "source": "https://www.inaturalist.org/photos/659500992",
          "credit": "Paulius Rupšas",
          "license": "CC BY 4.0",
          "licenseUrl": "http://creativecommons.org/licenses/by/4.0/",
          "alt": "Plantago major"
        }
      }
    },
    {
      "type": "Feature",
      "id": "gbif-6399431469",
      "geometry": {
        "type": "Point",
        "coordinates": [
          21.162992,
          42.662566
        ]
      },
      "properties": {
        "name": "Plantago major",
        "category": "flora",
        "categoryLabel": "Vëzhgim flore",
        "location": "Pristina, Kosovë",
        "countryCodes": [
          "XK"
        ],
        "summary": "Vëzhgim i Plantago major më 2026-05-09 në Kosovë. Të dhënat nga GBIF.",
        "details": [
          "Një regjistrim i pranishmërisë së llojit; pika nuk paraqet shtrirjen e habitatit."
        ],
        "mapNote": "Koordinata e vëzhgimit nga GBIF; saktësia dhe origjina kontrollohen te regjistrimi burimor.",
        "geometryType": "Point",
        "sources": [
          {
            "label": "GBIF · regjistrimi dhe licenca",
            "url": "https://www.gbif.org/occurrence/6399431469"
          }
        ],
        "extra": {
          "Lloji": "Plantago major",
          "Data": "2026-05-09",
          "Licenca": "http://creativecommons.org/licenses/by/4.0/legalcode",
          "Burimi": "iNaturalist research-grade observations"
        },
        "image": {
          "url": "https://api.gbif.org/v1/image/cache/800x/occurrence/6399431469/media/8606366f89c6ab223fec8aafa86afd00",
          "source": "https://www.inaturalist.org/photos/658191807",
          "credit": "Paulius Rupšas",
          "license": "CC BY 4.0",
          "licenseUrl": "http://creativecommons.org/licenses/by/4.0/",
          "alt": "Plantago major"
        }
      }
    },
    {
      "type": "Feature",
      "id": "gbif-6399697462",
      "geometry": {
        "type": "Point",
        "coordinates": [
          20.162814,
          42.689207
        ]
      },
      "properties": {
        "name": "Neottia nidus-avis",
        "category": "flora",
        "categoryLabel": "Vëzhgim flore",
        "location": "Pećki, Kosovë",
        "countryCodes": [
          "XK"
        ],
        "summary": "Vëzhgim i Neottia nidus-avis më 2026-05-29 në Kosovë. Të dhënat nga GBIF.",
        "details": [
          "Një regjistrim i pranishmërisë së llojit; pika nuk paraqet shtrirjen e habitatit."
        ],
        "mapNote": "Koordinata e vëzhgimit nga GBIF; saktësia dhe origjina kontrollohen te regjistrimi burimor.",
        "geometryType": "Point",
        "sources": [
          {
            "label": "GBIF · regjistrimi dhe licenca",
            "url": "https://www.gbif.org/occurrence/6399697462"
          }
        ],
        "extra": {
          "Lloji": "Neottia nidus-avis",
          "Data": "2026-05-29",
          "Licenca": "http://creativecommons.org/licenses/by-nc/4.0/legalcode",
          "Burimi": "iNaturalist research-grade observations"
        },
        "image": {
          "url": "https://api.gbif.org/v1/image/cache/800x/occurrence/6399697462/media/292c1c09b9c32784b33a40802a8503c2",
          "source": "https://www.inaturalist.org/photos/675786065",
          "credit": "sinaapp",
          "license": "CC BY-NC 4.0",
          "licenseUrl": "http://creativecommons.org/licenses/by-nc/4.0/",
          "alt": "Neottia nidus-avis"
        }
      }
    },
    {
      "type": "Feature",
      "id": "gbif-6399872417",
      "geometry": {
        "type": "Point",
        "coordinates": [
          21.166916,
          42.66711
        ]
      },
      "properties": {
        "name": "Plantago major",
        "category": "flora",
        "categoryLabel": "Vëzhgim flore",
        "location": "Pristina, Kosovë",
        "countryCodes": [
          "XK"
        ],
        "summary": "Vëzhgim i Plantago major më 2026-05-09 në Kosovë. Të dhënat nga GBIF.",
        "details": [
          "Një regjistrim i pranishmërisë së llojit; pika nuk paraqet shtrirjen e habitatit."
        ],
        "mapNote": "Koordinata e vëzhgimit nga GBIF; saktësia dhe origjina kontrollohen te regjistrimi burimor.",
        "geometryType": "Point",
        "sources": [
          {
            "label": "GBIF · regjistrimi dhe licenca",
            "url": "https://www.gbif.org/occurrence/6399872417"
          }
        ],
        "extra": {
          "Lloji": "Plantago major",
          "Data": "2026-05-09",
          "Licenca": "http://creativecommons.org/licenses/by/4.0/legalcode",
          "Burimi": "iNaturalist research-grade observations"
        },
        "image": {
          "url": "https://api.gbif.org/v1/image/cache/800x/occurrence/6399872417/media/b8f640b5c18e76cbfc90acc04ff57dcd",
          "source": "https://www.inaturalist.org/photos/658201449",
          "credit": "Paulius Rupšas",
          "license": "CC BY 4.0",
          "licenseUrl": "http://creativecommons.org/licenses/by/4.0/",
          "alt": "Plantago major"
        }
      }
    },
    {
      "type": "Feature",
      "id": "gbif-6399956471",
      "geometry": {
        "type": "Point",
        "coordinates": [
          20.750351,
          42.20903
        ]
      },
      "properties": {
        "name": "Humulus lupulus",
        "category": "flora",
        "categoryLabel": "Vëzhgim flore",
        "location": "Prizren, Kosovë",
        "countryCodes": [
          "XK"
        ],
        "summary": "Vëzhgim i Humulus lupulus më 2026-05-06 në Kosovë. Të dhënat nga GBIF.",
        "details": [
          "Një regjistrim i pranishmërisë së llojit; pika nuk paraqet shtrirjen e habitatit."
        ],
        "mapNote": "Koordinata e vëzhgimit nga GBIF; saktësia dhe origjina kontrollohen te regjistrimi burimor.",
        "geometryType": "Point",
        "sources": [
          {
            "label": "GBIF · regjistrimi dhe licenca",
            "url": "https://www.gbif.org/occurrence/6399956471"
          }
        ],
        "extra": {
          "Lloji": "Humulus lupulus",
          "Data": "2026-05-06",
          "Licenca": "http://creativecommons.org/licenses/by/4.0/legalcode",
          "Burimi": "iNaturalist research-grade observations"
        },
        "image": {
          "url": "https://api.gbif.org/v1/image/cache/800x/occurrence/6399956471/media/e08898ee34dc5bb28ea2d4cc0c355f11",
          "source": "https://www.inaturalist.org/photos/661243645",
          "credit": "Paulius Rupšas",
          "license": "CC BY 4.0",
          "licenseUrl": "http://creativecommons.org/licenses/by/4.0/",
          "alt": "Humulus lupulus"
        }
      }
    },
    {
      "type": "Feature",
      "id": "gbif-6400074532",
      "geometry": {
        "type": "Point",
        "coordinates": [
          21.168978,
          42.662083
        ]
      },
      "properties": {
        "name": "Plantago major",
        "category": "flora",
        "categoryLabel": "Vëzhgim flore",
        "location": "Pristina, Kosovë",
        "countryCodes": [
          "XK"
        ],
        "summary": "Vëzhgim i Plantago major më 2026-05-09 në Kosovë. Të dhënat nga GBIF.",
        "details": [
          "Një regjistrim i pranishmërisë së llojit; pika nuk paraqet shtrirjen e habitatit."
        ],
        "mapNote": "Koordinata e vëzhgimit nga GBIF; saktësia dhe origjina kontrollohen te regjistrimi burimor.",
        "geometryType": "Point",
        "sources": [
          {
            "label": "GBIF · regjistrimi dhe licenca",
            "url": "https://www.gbif.org/occurrence/6400074532"
          }
        ],
        "extra": {
          "Lloji": "Plantago major",
          "Data": "2026-05-09",
          "Licenca": "http://creativecommons.org/licenses/by/4.0/legalcode",
          "Burimi": "iNaturalist research-grade observations"
        },
        "image": {
          "url": "https://api.gbif.org/v1/image/cache/800x/occurrence/6400074532/media/98b0ecf8a3768b51f3ae5d06ab510307",
          "source": "https://www.inaturalist.org/photos/659485871",
          "credit": "Paulius Rupšas",
          "license": "CC BY 4.0",
          "licenseUrl": "http://creativecommons.org/licenses/by/4.0/",
          "alt": "Plantago major"
        }
      }
    },
    {
      "type": "Feature",
      "id": "gbif-6400087427",
      "geometry": {
        "type": "Point",
        "coordinates": [
          20.157964,
          42.597867
        ]
      },
      "properties": {
        "name": "Ruscus hypoglossum",
        "category": "flora",
        "categoryLabel": "Vëzhgim flore",
        "location": "Đakovica, Kosovë",
        "countryCodes": [
          "XK"
        ],
        "summary": "Vëzhgim i Ruscus hypoglossum më 2026-05-30 në Kosovë. Të dhënat nga GBIF.",
        "details": [
          "Një regjistrim i pranishmërisë së llojit; pika nuk paraqet shtrirjen e habitatit."
        ],
        "mapNote": "Koordinata e vëzhgimit nga GBIF; saktësia dhe origjina kontrollohen te regjistrimi burimor.",
        "geometryType": "Point",
        "sources": [
          {
            "label": "GBIF · regjistrimi dhe licenca",
            "url": "https://www.gbif.org/occurrence/6400087427"
          }
        ],
        "extra": {
          "Lloji": "Ruscus hypoglossum",
          "Data": "2026-05-30",
          "Licenca": "http://creativecommons.org/licenses/by-nc/4.0/legalcode",
          "Burimi": "iNaturalist research-grade observations"
        },
        "image": {
          "url": "https://api.gbif.org/v1/image/cache/800x/occurrence/6400087427/media/8bf9f980edaf5a054bf24e827b72a3de",
          "source": "https://www.inaturalist.org/photos/676413207",
          "credit": "Lola Kytka",
          "license": "CC BY-NC 4.0",
          "licenseUrl": "http://creativecommons.org/licenses/by-nc/4.0/",
          "alt": "Ruscus hypoglossum"
        }
      }
    },
    {
      "type": "Feature",
      "id": "gbif-6400357324",
      "geometry": {
        "type": "Point",
        "coordinates": [
          20.741871,
          42.208965
        ]
      },
      "properties": {
        "name": "Asplenium ruta-muraria",
        "category": "flora",
        "categoryLabel": "Vëzhgim flore",
        "location": "Prizren, Kosovë",
        "countryCodes": [
          "XK"
        ],
        "summary": "Vëzhgim i Asplenium ruta-muraria më 2026-05-07 në Kosovë. Të dhënat nga GBIF.",
        "details": [
          "Një regjistrim i pranishmërisë së llojit; pika nuk paraqet shtrirjen e habitatit."
        ],
        "mapNote": "Koordinata e vëzhgimit nga GBIF; saktësia dhe origjina kontrollohen te regjistrimi burimor.",
        "geometryType": "Point",
        "sources": [
          {
            "label": "GBIF · regjistrimi dhe licenca",
            "url": "https://www.gbif.org/occurrence/6400357324"
          }
        ],
        "extra": {
          "Lloji": "Asplenium ruta-muraria",
          "Data": "2026-05-07",
          "Licenca": "http://creativecommons.org/licenses/by/4.0/legalcode",
          "Burimi": "iNaturalist research-grade observations"
        },
        "image": {
          "url": "https://api.gbif.org/v1/image/cache/800x/occurrence/6400357324/media/679de9ed9e6bbc673f3a8e26e136e0d2",
          "source": "https://www.inaturalist.org/photos/659488938",
          "credit": "Paulius Rupšas",
          "license": "CC BY 4.0",
          "licenseUrl": "http://creativecommons.org/licenses/by/4.0/",
          "alt": "Asplenium ruta-muraria"
        }
      }
    }
  ]
}
