{
  "type": "FeatureCollection",
  "features": [
    {
      "type": "Feature",
      "id": "osm-way-357566369",
      "geometry": {
        "type": "Polygon",
        "coordinates": [
          [
            [
              20.8375924,
              40.59562
            ],
            [
              20.8337912,
              40.5933509
            ],
            [
              20.830465,
              40.5917272
            ],
            [
              20.8301852,
              40.5912713
            ],
            [
              20.8293739,
              40.5900233
            ],
            [
              20.8280716,
              40.5882591
            ],
            [
              20.8265238,
              40.5877755
            ],
            [
              20.8231263,
              40.5866754
            ],
            [
              20.8210763,
              40.5855031
            ],
            [
              20.8197033,
              40.5841226
            ],
            [
              20.818269,
              40.5813626
            ],
            [
              20.8173856,
              40.5801449
            ],
            [
              20.8172394,
              40.579224
            ],
            [
              20.8165619,
              40.5784554
            ],
            [
              20.8156203,
              40.5780477
            ],
            [
              20.8150572,
              40.5775465
            ],
            [
              20.814582,
              40.5767846
            ],
            [
              20.8144232,
              40.5748416
            ],
            [
              20.81379,
              40.5745121
            ],
            [
              20.8128045,
              40.5742114
            ],
            [
              20.8116606,
              40.5732556
            ],
            [
              20.8111326,
              40.5722396
            ],
            [
              20.8104022,
              40.5714108
            ],
            [
              20.8097951,
              40.5696261
            ],
            [
              20.8093707,
              40.5676948
            ],
            [
              20.8088799,
              40.5668254
            ],
            [
              20.8075952,
              40.5657291
            ],
            [
              20.8073791,
              40.5641714
            ],
            [
              20.8095663,
              40.5595188
            ],
            [
              20.8104462,
              40.5578809
            ],
            [
              20.8109654,
              40.5565171
            ],
            [
              20.8121433,
              40.5543087
            ],
            [
              20.8128837,
              40.5534684
            ],
            [
              20.8137762,
              40.5530358
            ],
            [
              20.8147844,
              40.5530606
            ],
            [
              20.8161923,
              40.5529469
            ],
            [
              20.8175047,
              40.5525682
            ],
            [
              20.8176794,
              40.5494501
            ],
            [
              20.8180666,
              40.5479323
            ],
            [
              20.8185553,
              40.5466884
            ],
            [
              20.8204248,
              40.5460534
            ],
            [
              20.8214632,
              40.5455319
            ],
            [
              20.82156,
              40.544676
            ],
            [
              20.8219296,
              40.5439605
            ],
            [
              20.8230823,
              40.5427502
            ],
            [
              20.8242578,
              40.5420456
            ],
            [
              20.8254405,
              40.5427903
            ],
            [
              20.8267693,
              40.5431715
            ],
            [
              20.8275964,
              40.5442213
            ],
            [
              20.8290131,
              40.5453513
            ],
            [
              20.8298474,
              40.5459044
            ],
            [
              20.8313274,
              40.5458328
            ],
            [
              20.8327353,
              40.5459598
            ],
            [
              20.8350232,
              40.5457057
            ],
            [
              20.8363442,
              40.5462812
            ],
            [
              20.836959,
              40.5472369
            ],
            [
              20.8377334,
              40.5479925
            ],
            [
              20.8388949,
              40.5487681
            ],
            [
              20.8400301,
              40.5499716
            ],
            [
              20.8414292,
              40.5512621
            ],
            [
              20.8430947,
              40.5523898
            ],
            [
              20.8442538,
              40.553542
            ],
            [
              20.8439,
              40.5546544
            ],
            [
              20.8437258,
              40.555882
            ],
            [
              20.8436072,
              40.5569425
            ],
            [
              20.8431623,
              40.5581542
            ],
            [
              20.8422123,
              40.5604614
            ],
            [
              20.8420581,
              40.5614327
            ],
            [
              20.8423971,
              40.5624068
            ],
            [
              20.8430131,
              40.5633293
            ],
            [
              20.8433387,
              40.564185
            ],
            [
              20.8440514,
              40.5653548
            ],
            [
              20.8452481,
              40.5658962
            ],
            [
              20.8462777,
              40.5668321
            ],
            [
              20.8465292,
              40.5678302
            ],
            [
              20.8467881,
              40.5713974
            ],
            [
              20.8496391,
              40.5735029
            ],
            [
              20.8506326,
              40.5754617
            ],
            [
              20.8507918,
              40.5764437
            ],
            [
              20.8515926,
              40.5780009
            ],
            [
              20.851047,
              40.5794579
            ],
            [
              20.850211,
              40.5807143
            ],
            [
              20.8499559,
              40.5816433
            ],
            [
              20.8498327,
              40.5845169
            ],
            [
              20.850563,
              40.5865418
            ],
            [
              20.8506069,
              40.5873193
            ],
            [
              20.8486711,
              40.5898896
            ],
            [
              20.8478,
              40.590765
            ],
            [
              20.8471312,
              40.5912394
            ],
            [
              20.8463174,
              40.5927698
            ],
            [
              20.8452393,
              40.5938387
            ],
            [
              20.8419923,
              40.5951283
            ],
            [
              20.8375924,
              40.59562
            ]
          ]
        ]
      },
      "properties": {
        "name": "Parku Kombëtar \"Bredhi i Drenovës\"",
        "category": "parqe",
        "categoryLabel": "Park kombëtar",
        "location": "Shqipëri",
        "countryCodes": [
          "AL"
        ],
        "summary": "Bredhi i Drenovës është një park kombëtar në Qarkun e Korçës, Shqipëri. Parku ka një sipërfaqe prej 1,380 ha.",
        "details": [
          "Bredhi i Drenovës është një park kombëtar në Qarkun e Korçës, Shqipëri. Parku ka një sipërfaqe prej 1,380 ha."
        ],
        "mapNote": "Sipërfaqja vjen nga kufiri i objektit në OpenStreetMap.",
        "geometryType": "Polygon",
        "sources": [
          {
            "label": "OpenStreetMap",
            "url": "https://www.openstreetmap.org/way/357566369"
          },
          {
            "label": "Wikipedia",
            "url": "https://sq.wikipedia.org/wiki/Parku_komb%C3%ABtar_Bredhi_i_Drenov%C3%ABs"
          },
          {
            "label": "Wikidata",
            "url": "https://www.wikidata.org/wiki/Q1968796"
          }
        ],
        "osm": {
          "type": "way",
          "id": 357566369,
          "tags": {
            "boundary": "national_park",
            "protect_class": "2",
            "wikidata": "Q1968796"
          }
        },
        "wikipediaAttribution": "Përmbledhje nga Wikipedia (sq); shiko licencën dhe autorët në artikull.",
        "image": {
          "url": "https://thumb.wikimedia.org/wikipedia/commons/thumb/2/20/Guri_i_Capit_Panorama.jpg/1280px-Guri_i_Capit_Panorama.jpg?utm_source=commons.wikimedia.org&utm_campaign=imageinfo&utm_content=thumbnail",
          "source": "https://commons.wikimedia.org/wiki/File:Guri_i_Capit_Panorama.jpg",
          "credit": "Albinfo",
          "license": "CC BY-SA 4.0",
          "licenseUrl": "https://creativecommons.org/licenses/by-sa/4.0",
          "alt": "Parku Kombëtar \"Bredhi i Drenovës\""
        }
      }
    },
    {
      "type": "Feature",
      "id": "osm-relation-7712363",
      "geometry": {
        "type": "MultiPolygon",
        "coordinates": [
          [
            [
              [
                19.2894302,
                40.4199139
              ],
              [
                19.2897713,
                40.4197682
              ],
              [
                19.2901889,
                40.4198295
              ],
              [
                19.290474,
                40.4197968
              ],
              [
                19.2905867,
                40.4196824
              ],
              [
                19.2905169,
                40.4195476
              ],
              [
                19.2905652,
                40.4193884
              ],
              [
                19.2908153,
                40.4193023
              ],
              [
                19.2913806,
                40.4193761
              ],
              [
                19.2915737,
                40.4194782
              ],
              [
                19.2916113,
                40.4196661
              ],
              [
                19.2916917,
                40.4197478
              ],
              [
                19.2921115,
                40.4198153
              ],
              [
                19.2928612,
                40.4198294
              ],
              [
                19.2929095,
                40.4198817
              ],
              [
                19.2931411,
                40.4198365
              ],
              [
                19.2933332,
                40.4198539
              ],
              [
                19.2934696,
                40.4195726
              ],
              [
                19.2936444,
                40.4194292
              ],
              [
                19.2939555,
                40.4192903
              ],
              [
                19.2942935,
                40.4186655
              ],
              [
                19.2946207,
                40.4184654
              ],
              [
                19.2948688,
                40.4181667
              ],
              [
                19.2951464,
                40.4181468
              ],
              [
                19.2955005,
                40.4181795
              ],
              [
                19.295817,
                40.4180815
              ],
              [
                19.2959779,
                40.4179671
              ],
              [
                19.295994,
                40.4177302
              ],
              [
                19.2961925,
                40.4176322
              ],
              [
                19.2963641,
                40.417669
              ],
              [
                19.2963963,
                40.4177956
              ],
              [
                19.2965894,
                40.4178732
              ],
              [
                19.2967182,
                40.4180447
              ],
              [
                19.2969092,
                40.418165
              ],
              [
                19.2970575,
                40.4181366
              ],
              [
                19.297201,
                40.4181754
              ],
              [
                19.2974317,
                40.4179589
              ],
              [
                19.297716,
                40.4178282
              ],
              [
                19.2974585,
                40.4173504
              ],
              [
                19.2974424,
                40.4170114
              ],
              [
                19.2975068,
                40.4168521
              ],
              [
                19.2974156,
                40.4166234
              ],
              [
                19.2974277,
                40.4162403
              ],
              [
                19.2981079,
                40.4158744
              ],
              [
                19.2991496,
                40.4155625
              ],
              [
                19.3001323,
                40.4155626
              ],
              [
                19.3011237,
                40.416118
              ],
              [
                19.301231,
                40.416363
              ],
              [
                19.301631,
                40.4167665
              ],
              [
                19.3015207,
                40.416265
              ],
              [
                19.3017353,
                40.415971
              ],
              [
                19.3013276,
                40.415244
              ],
              [
                19.301498,
                40.4147832
              ],
              [
                19.3017448,
                40.4144628
              ],
              [
                19.3023423,
                40.4136873
              ],
              [
                19.3038936,
                40.4129225
              ],
              [
                19.3043446,
                40.41252
              ],
              [
                19.3047845,
                40.412203
              ],
              [
                19.305146,
                40.4120331
              ],
              [
                19.3055891,
                40.4112791
              ],
              [
                19.3054507,
                40.4109515
              ],
              [
                19.3056985,
                40.4107979
              ],
              [
                19.3070901,
                40.4110095
              ],
              [
                19.3079666,
                40.4104712
              ],
              [
                19.3088598,
                40.4101075
              ],
              [
                19.3091294,
                40.4099977
              ],
              [
                19.3092927,
                40.4099312
              ],
              [
                19.308723,
                40.4095734
              ],
              [
                19.3084365,
                40.409044
              ],
              [
                19.3083121,
                40.4083374
              ],
              [
                19.3077091,
                40.4081004
              ],
              [
                19.3079055,
                40.4074608
              ],
              [
                19.3084752,
                40.4073995
              ],
              [
                19.3092444,
                40.4070417
              ],
              [
                19.3102154,
                40.4059837
              ],
              [
                19.3104721,
                40.4050597
              ],
              [
                19.3112399,
                40.4043581
              ],
              [
                19.3119261,
                40.4038867
              ],
              [
                19.313098,
                40.4037242
              ],
              [
                19.3141812,
                40.402495
              ],
              [
                19.3152306,
                40.4024814
              ],
              [
                19.3158269,
                40.4022383
              ],
              [
                19.3162562,
                40.4020633
              ],
              [
                19.3161723,
                40.4007283
              ],
              [
                19.3164271,
                40.4006494
              ],
              [
                19.3166792,
                40.4006249
              ],
              [
                19.3170666,
                40.4001907
              ],
              [
                19.3178326,
                40.3995832
              ],
              [
                19.3183805,
                40.3995554
              ],
              [
                19.3185407,
                40.3996649
              ],
              [
                19.3188572,
                40.3996567
              ],
              [
                19.3189752,
                40.3992972
              ],
              [
                19.3194044,
                40.3993176
              ],
              [
                19.3194741,
                40.3990684
              ],
              [
                19.3192649,
                40.3987988
              ],
              [
                19.318943,
                40.3986763
              ],
              [
                19.3189167,
                40.3985581
              ],
              [
                19.3200448,
                40.3982673
              ],
              [
                19.3206799,
                40.3981624
              ],
              [
                19.3227213,
                40.3972045
              ],
              [
                19.3230979,
                40.3970278
              ],
              [
                19.3236199,
                40.3962652
              ],
              [
                19.3231699,
                40.395896
              ],
              [
                19.3226532,
                40.3957143
              ],
              [
                19.3219606,
                40.3954708
              ],
              [
                19.3223412,
                40.3949648
              ],
              [
                19.3231616,
                40.3944614
              ],
              [
                19.3238737,
                40.3932876
              ],
              [
                19.324637,
                40.3933071
              ],
              [
                19.3268675,
                40.391306
              ],
              [
                19.3299767,
                40.3904521
              ],
              [
                19.330182,
                40.3889146
              ],
              [
                19.3307971,
                40.3883527
              ],
              [
                19.3317246,
                40.387653
              ],
              [
                19.3325714,
                40.3869958
              ],
              [
                19.3346437,
                40.3865247
              ],
              [
                19.334451,
                40.3855448
              ],
              [
                19.3348543,
                40.383471
              ],
              [
                19.3361954,
                40.3833529
              ],
              [
                19.3369243,
                40.3823146
              ],
              [
                19.33656,
                40.3817785
              ],
              [
                19.3371174,
                40.3813339
              ],
              [
                19.3389497,
                40.3805684
              ],
              [
                19.3396626,
                40.3796867
              ],
              [
                19.3405782,
                40.378825
              ],
              [
                19.3411354,
                40.3784824
              ],
              [
                19.3415669,
                40.3764979
              ],
              [
                19.3415604,
                40.3762005
              ],
              [
                19.3420023,
                40.3754728
              ],
              [
                19.3427862,
                40.3747182
              ],
              [
                19.3436497,
                40.3737037
              ],
              [
                19.3437961,
                40.373647
              ],
              [
                19.3440053,
                40.3733425
              ],
              [
                19.343892,
                40.3729717
              ],
              [
                19.3439249,
                40.3726948
              ],
              [
                19.3440483,
                40.3725415
              ],
              [
                19.3441931,
                40.3725333
              ],
              [
                19.3443969,
                40.372705
              ],
              [
                19.344571,
                40.3728206
              ],
              [
                19.3447778,
                40.3728256
              ],
              [
                19.3448401,
                40.3727775
              ],
              [
                19.3449897,
                40.3726621
              ],
              [
                19.3451667,
                40.3724353
              ],
              [
                19.3451946,
                40.3720949
              ],
              [
                19.346312,
                40.3712806
              ],
              [
                19.3469196,
                40.3707287
              ],
              [
                19.347291,
                40.3704715
              ],
              [
                19.3479945,
                40.3702073
              ],
              [
                19.3482137,
                40.3700076
              ],
              [
                19.3482808,
                40.3697787
              ],
              [
                19.3482808,
                40.3695356
              ],
              [
                19.3481789,
                40.3692822
              ],
              [
                19.3479696,
                40.3691779
              ],
              [
                19.3480635,
                40.3688612
              ],
              [
                19.348431,
                40.3683789
              ],
              [
                19.3482245,
                40.368148
              ],
              [
                19.3482416,
                40.368009
              ],
              [
                19.3483559,
                40.3678782
              ],
              [
                19.3484873,
                40.3675288
              ],
              [
                19.3484524,
                40.3674491
              ],
              [
                19.3485738,
                40.3672038
              ],
              [
                19.3487931,
                40.3670342
              ],
              [
                19.3491632,
                40.3669464
              ],
              [
                19.3502227,
                40.3660962
              ],
              [
                19.3502949,
                40.365937
              ],
              [
                19.3502763,
                40.3657079
              ],
              [
                19.3503407,
                40.3655036
              ],
              [
                19.3503675,
                40.3654116
              ],
              [
                19.3502173,
                40.3653707
              ],
              [
                19.349933,
                40.3653871
              ],
              [
                19.3498092,
                40.3653083
              ],
              [
                19.3495548,
                40.364727
              ],
              [
                19.3496182,
                40.3646295
              ],
              [
                19.3499169,
                40.3645389
              ],
              [
                19.3501664,
                40.3641731
              ],
              [
                19.349866,
                40.3641323
              ],
              [
                19.3498579,
                40.3640423
              ],
              [
                19.3498955,
                40.363979
              ],
              [
                19.3502334,
                40.3635988
              ],
              [
                19.3502823,
                40.3632718
              ],
              [
                19.3504319,
                40.3632535
              ],
              [
                19.3507028,
                40.3629081
              ],
              [
                19.3506411,
                40.362716
              ],
              [
                19.3507591,
                40.3624768
              ],
              [
                19.3509871,
                40.3624401
              ],
              [
                19.3511722,
                40.3619945
              ],
              [
                19.3510783,
                40.3618371
              ],
              [
                19.3512473,
                40.36169
              ],
              [
                19.3513305,
                40.3617063
              ],
              [
                19.3513841,
                40.3615388
              ],
              [
                19.3513439,
                40.3613446
              ],
              [
                19.3514192,
                40.3610729
              ],
              [
                19.3518696,
                40.3606497
              ],
              [
                19.3523256,
                40.3605046
              ],
              [
                19.3524905,
                40.3603453
              ],
              [
                19.3528137,
                40.3599998
              ],
              [
                19.3529156,
                40.3600039
              ],
              [
                19.3530605,
                40.3600182
              ],
              [
                19.3527654,
                40.3598812
              ],
              [
                19.352803,
                40.3597382
              ],
              [
                19.3529746,
                40.3597259
              ],
              [
                19.3530873,
                40.359591
              ],
              [
                19.3530068,
                40.3593744
              ],
              [
                19.3532411,
                40.3589494
              ],
              [
                19.3534574,
                40.3588144
              ],
              [
                19.3536398,
                40.3582216
              ],
              [
                19.3536165,
                40.3579709
              ],
              [
                19.3539563,
                40.3576289
              ],
              [
                19.3542728,
                40.3575226
              ],
              [
                19.3544069,
                40.3573918
              ],
              [
                19.3543801,
                40.3571833
              ],
              [
                19.354938,
                40.3566683
              ],
              [
                19.355158,
                40.3566642
              ],
              [
                19.355132,
                40.3560657
              ],
              [
                19.3555013,
                40.3558139
              ],
              [
                19.355709,
                40.3550578
              ],
              [
                19.3558661,
                40.3550086
              ],
              [
                19.356145,
                40.3546734
              ],
              [
                19.3561171,
                40.3545011
              ],
              [
                19.3570493,
                40.3538539
              ],
              [
                19.358091,
                40.3532497
              ],
              [
                19.3591913,
                40.3516627
              ],
              [
                19.3597217,
                40.3512384
              ],
              [
                19.3604942,
                40.3507642
              ],
              [
                19.3619703,
                40.3506121
              ],
              [
                19.3624254,
                40.3507969
              ],
              [
                19.3624791,
                40.351034
              ],
              [
                19.3630023,
                40.3513845
              ],
              [
                19.3633266,
                40.3511484
              ],
              [
                19.363627,
                40.3511648
              ],
              [
                19.3635949,
                40.350805
              ],
              [
                19.3633266,
                40.3506987
              ],
              [
                19.3631637,
                40.3501462
              ],
              [
                19.3629967,
                40.3496376
              ],
              [
                19.3625112,
                40.3494314
              ],
              [
                19.3620714,
                40.3494069
              ],
              [
                19.3623675,
                40.3493227
              ],
              [
                19.3648716,
                40.3466758
              ],
              [
                19.365971,
                40.3460358
              ],
              [
                19.3666542,
                40.3455321
              ],
              [
                19.3674894,
                40.3447215
              ],
              [
                19.3677147,
                40.3446071
              ],
              [
                19.3678542,
                40.3443944
              ],
              [
                19.3677576,
                40.3439529
              ],
              [
                19.3677898,
                40.3436421
              ],
              [
                19.3686945,
                40.3403466
              ],
              [
                19.369612,
                40.3397707
              ],
              [
                19.3695172,
                40.3393735
              ],
              [
                19.3700751,
                40.3387029
              ],
              [
                19.3695583,
                40.3388117
              ],
              [
                19.3691309,
                40.3384003
              ],
              [
                19.3684657,
                40.3382695
              ],
              [
                19.368447,
                40.3378765
              ],
              [
                19.3685112,
                40.3373838
              ],
              [
                19.368871,
                40.3370906
              ],
              [
                19.3693133,
                40.336871
              ],
              [
                19.3686589,
                40.3362331
              ],
              [
                19.3685285,
                40.3354532
              ],
              [
                19.3690236,
                40.3346793
              ],
              [
                19.3699389,
                40.3345382
              ],
              [
                19.3703004,
                40.3339514
              ],
              [
                19.3701716,
                40.3332889
              ],
              [
                19.3703176,
                40.3330408
              ],
              [
                19.3708046,
                40.3328637
              ],
              [
                19.371557,
                40.332854
              ],
              [
                19.3714507,
                40.3321799
              ],
              [
                19.3707867,
                40.3318959
              ],
              [
                19.3703133,
                40.3314412
              ],
              [
                19.3699766,
                40.3307386
              ],
              [
                19.3700473,
                40.3298728
              ],
              [
                19.3703575,
                40.329704
              ],
              [
                19.3709798,
                40.3297531
              ],
              [
                19.3713734,
                40.3295696
              ],
              [
                19.3716128,
                40.3291151
              ],
              [
                19.3718595,
                40.3282072
              ],
              [
                19.3717035,
                40.3278736
              ],
              [
                19.3717844,
                40.3276592
              ],
              [
                19.3721239,
                40.3273802
              ],
              [
                19.3728069,
                40.3268763
              ],
              [
                19.3733916,
                40.3261039
              ],
              [
                19.3739517,
                40.3257207
              ],
              [
                19.3740233,
                40.3250961
              ],
              [
                19.3738873,
                40.3248701
              ],
              [
                19.3740697,
                40.3245511
              ],
              [
                19.3735252,
                40.3241155
              ],
              [
                19.3734876,
                40.3238006
              ],
              [
                19.3738363,
                40.3234039
              ],
              [
                19.374067,
                40.3233425
              ],
              [
                19.3739972,
                40.3230931
              ],
              [
                19.3737827,
                40.3228763
              ],
              [
                19.3738202,
                40.3222546
              ],
              [
                19.373949,
                40.3220665
              ],
              [
                19.3738631,
                40.3218947
              ],
              [
                19.3735681,
                40.3217802
              ],
              [
                19.37354,
                40.3215823
              ],
              [
                19.3736217,
                40.3214428
              ],
              [
                19.3735895,
                40.321316
              ],
              [
                19.3734045,
                40.3212301
              ],
              [
                19.3731792,
                40.3210297
              ],
              [
                19.3730424,
                40.3207127
              ],
              [
                19.3730397,
                40.3205123
              ],
              [
                19.3728385,
                40.3203569
              ],
              [
                19.3727676,
                40.3202468
              ],
              [
                19.3727956,
                40.3199704
              ],
              [
                19.3730772,
                40.3197086
              ],
              [
                19.373667,
                40.31942
              ],
              [
                19.3743111,
                40.3191626
              ],
              [
                19.3745095,
                40.3188374
              ],
              [
                19.3752567,
                40.3181957
              ],
              [
                19.3757819,
                40.3176921
              ],
              [
                19.3767385,
                40.3172607
              ],
              [
                19.376945,
                40.3170357
              ],
              [
                19.3768618,
                40.3168373
              ],
              [
                19.3767358,
                40.3166737
              ],
              [
                19.3767465,
                40.3165121
              ],
              [
                19.3771891,
                40.316187
              ],
              [
                19.3773602,
                40.3159465
              ],
              [
                19.3779717,
                40.3154829
              ],
              [
                19.378211,
                40.315463
              ],
              [
                19.3783639,
                40.3153505
              ],
              [
                19.3784336,
                40.3151501
              ],
              [
                19.378608,
                40.3151746
              ],
              [
                19.3788294,
                40.3150702
              ],
              [
                19.378793,
                40.3148842
              ],
              [
                19.3786857,
                40.3146919
              ],
              [
                19.3785194,
                40.314512
              ],
              [
                19.378042,
                40.3146715
              ],
              [
                19.3780098,
                40.3146347
              ],
              [
                19.3780742,
                40.3144342
              ],
              [
                19.3781091,
                40.3143484
              ],
              [
                19.3781057,
                40.3142359
              ],
              [
                19.3777738,
                40.3143463
              ],
              [
                19.3775941,
                40.3143484
              ],
              [
                19.377409,
                40.3143913
              ],
              [
                19.376894,
                40.3145958
              ],
              [
                19.3767358,
                40.3147104
              ],
              [
                19.3764997,
                40.314786
              ],
              [
                19.3763683,
                40.3147942
              ],
              [
                19.3760491,
                40.3148985
              ],
              [
                19.3759257,
                40.3149128
              ],
              [
                19.3758185,
                40.3148699
              ],
              [
                19.3757943,
                40.3147962
              ],
              [
                19.3758131,
                40.3147022
              ],
              [
                19.3756817,
                40.3146163
              ],
              [
                19.3751974,
                40.3145904
              ],
              [
                19.3743557,
                40.3148611
              ],
              [
                19.3723119,
                40.3149879
              ],
              [
                19.3720007,
                40.3149716
              ],
              [
                19.3718934,
                40.3149266
              ],
              [
                19.371759,
                40.3147386
              ],
              [
                19.3718344,
                40.3140267
              ],
              [
                19.3722286,
                40.3129713
              ],
              [
                19.371902,
                40.3120094
              ],
              [
                19.3715877,
                40.3117606
              ],
              [
                19.3714965,
                40.311511
              ],
              [
                19.3713463,
                40.3114538
              ],
              [
                19.3711532,
                40.3115151
              ],
              [
                19.371041,
                40.3114745
              ],
              [
                19.3709547,
                40.3113392
              ],
              [
                19.3709976,
                40.3111306
              ],
              [
                19.3712926,
                40.3110202
              ],
              [
                19.3713785,
                40.3108074
              ],
              [
                19.3712551,
                40.3106847
              ],
              [
                19.3712873,
                40.3103779
              ],
              [
                19.3714267,
                40.3101039
              ],
              [
                19.3714106,
                40.3097602
              ],
              [
                19.3718183,
                40.3089912
              ],
              [
                19.3716744,
                40.3082831
              ],
              [
                19.3717181,
                40.3081343
              ],
              [
                19.3727876,
                40.3068172
              ],
              [
                19.3739856,
                40.3057758
              ],
              [
                19.3750584,
                40.305064
              ],
              [
                19.3752516,
                40.3044831
              ],
              [
                19.3753815,
                40.3043038
              ],
              [
                19.3759552,
                40.3042332
              ],
              [
                19.3763726,
                40.3040757
              ],
              [
                19.3765667,
                40.3036236
              ],
              [
                19.3768457,
                40.3033454
              ],
              [
                19.3772271,
                40.3018079
              ],
              [
                19.3776396,
                40.3017867
              ],
              [
                19.3779217,
                40.3018767
              ],
              [
                19.3779507,
                40.3018276
              ],
              [
                19.3778193,
                40.301756
              ],
              [
                19.3777281,
                40.3016067
              ],
              [
                19.3780929,
                40.3017294
              ],
              [
                19.3781063,
                40.3016803
              ],
              [
                19.3780097,
                40.3016005
              ],
              [
                19.3778434,
                40.3015719
              ],
              [
                19.3777335,
                40.3014921
              ],
              [
                19.3778059,
                40.3013305
              ],
              [
                19.3776289,
                40.3012139
              ],
              [
                19.3775672,
                40.3011628
              ],
              [
                19.37757,
                40.3011245
              ],
              [
                19.3777898,
                40.301083
              ],
              [
                19.377932,
                40.3010871
              ],
              [
                19.3783182,
                40.3010233
              ],
              [
                19.3784013,
                40.3007455
              ],
              [
                19.3784925,
                40.3007353
              ],
              [
                19.3785784,
                40.3006023
              ],
              [
                19.3785569,
                40.3005389
              ],
              [
                19.3786508,
                40.3003895
              ],
              [
                19.3786883,
                40.300408
              ],
              [
                19.3787849,
                40.3003384
              ],
              [
                19.3787259,
                40.3002832
              ],
              [
                19.3789056,
                40.2995304
              ],
              [
                19.3790196,
                40.2992655
              ],
              [
                19.3795361,
                40.2984556
              ],
              [
                19.3800777,
                40.2979982
              ],
              [
                19.380641,
                40.2977997
              ],
              [
                19.3811157,
                40.2977056
              ],
              [
                19.3816222,
                40.297653
              ],
              [
                19.381856,
                40.2975133
              ],
              [
                19.3820465,
                40.2974704
              ],
              [
                19.3820009,
                40.2973333
              ],
              [
                19.3820867,
                40.2969855
              ],
              [
                19.3821538,
                40.2964721
              ],
              [
                19.3824139,
                40.2960916
              ],
              [
                19.3827517,
                40.295864
              ],
              [
                19.382886,
                40.2955392
              ],
              [
                19.3833929,
                40.2952507
              ],
              [
                19.3837684,
                40.2948519
              ],
              [
                19.384101,
                40.2945859
              ],
              [
                19.3843787,
                40.2941743
              ],
              [
                19.3850042,
                40.2936699
              ],
              [
                19.3858203,
                40.2929103
              ],
              [
                19.3860295,
                40.2928796
              ],
              [
                19.3863273,
                40.2927303
              ],
              [
                19.3863353,
                40.2926935
              ],
              [
                19.386279,
                40.2926055
              ],
              [
                19.3863662,
                40.2924196
              ],
              [
                19.3869285,
                40.2920638
              ],
              [
                19.3874934,
                40.2917735
              ],
              [
                19.3878987,
                40.2915594
              ],
              [
                19.3880466,
                40.2913473
              ],
              [
                19.3882611,
                40.2912041
              ],
              [
                19.3884328,
                40.2911938
              ],
              [
                19.388575,
                40.2912716
              ],
              [
                19.3886715,
                40.2911488
              ],
              [
                19.3885911,
                40.2910813
              ],
              [
                19.3891624,
                40.2906844
              ],
              [
                19.3891919,
                40.2906108
              ],
              [
                19.3891302,
                40.2905842
              ],
              [
                19.3889746,
                40.2905657
              ],
              [
                19.3887516,
                40.2905093
              ],
              [
                19.3885776,
                40.2904121
              ],
              [
                19.3885428,
                40.2902916
              ],
              [
                19.3885449,
                40.2901051
              ],
              [
                19.3888325,
                40.2897494
              ],
              [
                19.389444,
                40.289332
              ],
              [
                19.3899322,
                40.2891786
              ],
              [
                19.3905062,
                40.289107
              ],
              [
                19.3910024,
                40.2889801
              ],
              [
                19.3914835,
                40.2889209
              ],
              [
                19.3919036,
                40.2887919
              ],
              [
                19.3921557,
                40.2885975
              ],
              [
                19.3923166,
                40.2883643
              ],
              [
                19.392432,
                40.2883172
              ],
              [
                19.3928286,
                40.2882082
              ],
              [
                19.3930623,
                40.288172
              ],
              [
                19.3931991,
                40.2880635
              ],
              [
                19.3932437,
                40.2878065
              ],
              [
                19.3933627,
                40.2876421
              ],
              [
                19.3935102,
                40.2875704
              ],
              [
                19.3939163,
                40.2875782
              ],
              [
                19.3940842,
                40.2876216
              ],
              [
                19.3941754,
                40.2876339
              ],
              [
                19.3942425,
                40.2875479
              ],
              [
                19.3945858,
                40.2873556
              ],
              [
                19.3948031,
                40.2870385
              ],
              [
                19.3951061,
                40.2869914
              ],
              [
                19.3952751,
                40.2869055
              ],
              [
                19.3956909,
                40.2868932
              ],
              [
                19.3957901,
                40.2868196
              ],
              [
                19.3958706,
                40.2865392
              ],
              [
                19.3960483,
                40.2863906
              ],
              [
                19.3961737,
                40.2864144
              ],
              [
                19.3962541,
                40.2863858
              ],
              [
                19.3962514,
                40.2862139
              ],
              [
                19.3965223,
                40.2859479
              ],
              [
                19.3966216,
                40.2859234
              ],
              [
                19.3967879,
                40.2859418
              ],
              [
                19.3970078,
                40.2858088
              ],
              [
                19.3971714,
                40.2858559
              ],
              [
                19.3971768,
                40.2858109
              ],
              [
                19.3971285,
                40.2857474
              ],
              [
                19.3972921,
                40.2856635
              ],
              [
                19.3974531,
                40.2854323
              ],
              [
                19.3974611,
                40.2852236
              ],
              [
                19.3975148,
                40.2850497
              ],
              [
                19.3976091,
                40.2849512
              ],
              [
                19.3979546,
                40.2846835
              ],
              [
                19.398652,
                40.2843847
              ],
              [
                19.3988887,
                40.2840995
              ],
              [
                19.3989658,
                40.2840574
              ],
              [
                19.3992662,
                40.2839591
              ],
              [
                19.3996337,
                40.2836563
              ],
              [
                19.399836,
                40.2834393
              ],
              [
                19.4001326,
                40.2834108
              ],
              [
                19.4002667,
                40.2834578
              ],
              [
                19.4004196,
                40.2834517
              ],
              [
                19.4003981,
                40.2833678
              ],
              [
                19.4002667,
                40.2832982
              ],
              [
                19.4001702,
                40.2832164
              ],
              [
                19.400138,
                40.283112
              ],
              [
                19.4002667,
                40.282979
              ],
              [
                19.4003721,
                40.2827611
              ],
              [
                19.4004545,
                40.2827212
              ],
              [
                19.4005108,
                40.2828194
              ],
              [
                19.4005457,
                40.2828338
              ],
              [
                19.4006422,
                40.2826967
              ],
              [
                19.4005349,
                40.2826066
              ],
              [
                19.4005403,
                40.2824675
              ],
              [
                19.4006664,
                40.2821503
              ],
              [
                19.4007897,
                40.2820214
              ],
              [
                19.4008353,
                40.2818598
              ],
              [
                19.4009373,
                40.2816511
              ],
              [
                19.4010982,
                40.2815365
              ],
              [
                19.4012833,
                40.2814771
              ],
              [
                19.4013047,
                40.2813503
              ],
              [
                19.4012271,
                40.2812463
              ],
              [
                19.401294,
                40.2810659
              ],
              [
                19.4013521,
                40.2809782
              ],
              [
                19.4019691,
                40.2807061
              ],
              [
                19.4021836,
                40.2806283
              ],
              [
                19.4023258,
                40.2805055
              ],
              [
                19.4024036,
                40.2803357
              ],
              [
                19.4025457,
                40.2798651
              ],
              [
                19.4026235,
                40.2797362
              ],
              [
                19.4027405,
                40.2796546
              ],
              [
                19.4028595,
                40.2796482
              ],
              [
                19.4030875,
                40.2796891
              ],
              [
                19.40316,
                40.2797136
              ],
              [
                19.4032216,
                40.2797975
              ],
              [
                19.4033423,
                40.2798548
              ],
              [
                19.4040858,
                40.2798516
              ],
              [
                19.4040923,
                40.2796599
              ],
              [
                19.4036374,
                40.279376
              ],
              [
                19.4034362,
                40.2791918
              ],
              [
                19.4032773,
                40.2791146
              ],
              [
                19.4031975,
                40.2790097
              ],
              [
                19.4031928,
                40.2789429
              ],
              [
                19.4034496,
                40.2788071
              ],
              [
                19.4037259,
                40.2787253
              ],
              [
                19.4048075,
                40.2785397
              ],
              [
                19.4050455,
                40.2784593
              ],
              [
                19.4050858,
                40.2783815
              ],
              [
                19.405059,
                40.2782976
              ],
              [
                19.4051421,
                40.2781544
              ],
              [
                19.4054184,
                40.2779313
              ],
              [
                19.4055096,
                40.2775814
              ],
              [
                19.4061087,
                40.2761658
              ],
              [
                19.4064476,
                40.2759483
              ],
              [
                19.4065637,
                40.2747472
              ],
              [
                19.4068748,
                40.2743257
              ],
              [
                19.4070197,
                40.2737527
              ],
              [
                19.4077691,
                40.2728241
              ],
              [
                19.4080603,
                40.2725759
              ],
              [
                19.4082696,
                40.2725412
              ],
              [
                19.4085861,
                40.2725616
              ],
              [
                19.4092834,
                40.2726803
              ],
              [
                19.4096753,
                40.2726712
              ],
              [
                19.4093961,
                40.2725821
              ],
              [
                19.4089294,
                40.2722935
              ],
              [
                19.4085056,
                40.2718085
              ],
              [
                19.4083461,
                40.2711869
              ],
              [
                19.4085163,
                40.2705233
              ],
              [
                19.4088143,
                40.2702231
              ],
              [
                19.4089786,
                40.2697157
              ],
              [
                19.4096263,
                40.2691181
              ],
              [
                19.4100266,
                40.2688356
              ],
              [
                19.4104092,
                40.2684479
              ],
              [
                19.4106167,
                40.2684549
              ],
              [
                19.4108742,
                40.2681561
              ],
              [
                19.4114321,
                40.2676322
              ],
              [
                19.4116467,
                40.2675585
              ],
              [
                19.411711,
                40.2674644
              ],
              [
                19.4115608,
                40.2673579
              ],
              [
                19.4115598,
                40.2672514
              ],
              [
                19.4120079,
                40.2670617
              ],
              [
                19.4126498,
                40.2668299
              ],
              [
                19.4129449,
                40.2665188
              ],
              [
                19.4130961,
                40.2660841
              ],
              [
                19.4135618,
                40.2655118
              ],
              [
                19.4134706,
                40.2652335
              ],
              [
                19.4134674,
                40.2650384
              ],
              [
                19.4138568,
                40.2648323
              ],
              [
                19.4140499,
                40.2645786
              ],
              [
                19.4142216,
                40.2646277
              ],
              [
                19.4143986,
                40.2647791
              ],
              [
                19.4145145,
                40.2648085
              ],
              [
                19.4147741,
                40.264816
              ],
              [
                19.4149082,
                40.2648897
              ],
              [
                19.4149512,
                40.2650575
              ],
              [
                19.4150638,
                40.2649961
              ],
              [
                19.4151228,
                40.2648815
              ],
              [
                19.4150048,
                40.2647464
              ],
              [
                19.4146937,
                40.2645581
              ],
              [
                19.4145831,
                40.264135
              ],
              [
                19.4148546,
                40.2641487
              ],
              [
                19.4149351,
                40.2639891
              ],
              [
                19.4150799,
                40.2641692
              ],
              [
                19.4153535,
                40.2642634
              ],
              [
                19.415434,
                40.2642388
              ],
              [
                19.415611,
                40.2640669
              ],
              [
                19.4158083,
                40.2639872
              ],
              [
                19.4160991,
                40.26394
              ],
              [
                19.4162708,
                40.26403
              ],
              [
                19.4165283,
                40.2631663
              ],
              [
                19.4168505,
                40.2628401
              ],
              [
                19.4173061,
                40.2624663
              ],
              [
                19.4175314,
                40.2621266
              ],
              [
                19.4175636,
                40.2618605
              ],
              [
                19.4175033,
                40.2616087
              ],
              [
                19.4175328,
                40.2615719
              ],
              [
                19.4176039,
                40.2615749
              ],
              [
                19.4177138,
                40.2616844
              ],
              [
                19.4177755,
                40.2616978
              ],
              [
                19.417852,
                40.2616282
              ],
              [
                19.4178909,
                40.261623
              ],
              [
                19.4180504,
                40.2617673
              ],
              [
                19.4182261,
                40.2618717
              ],
              [
                19.4181832,
                40.2618912
              ],
              [
                19.4184005,
                40.2620979
              ],
              [
                19.4185882,
                40.2621726
              ],
              [
                19.4189423,
                40.2621961
              ],
              [
                19.4192656,
                40.2622955
              ],
              [
                19.4194922,
                40.2625182
              ],
              [
                19.4196236,
                40.2625339
              ],
              [
                19.419755,
                40.2626014
              ],
              [
                19.4198113,
                40.2626116
              ],
              [
                19.4198408,
                40.2625789
              ],
              [
                19.4199106,
                40.2625728
              ],
              [
                19.4199723,
                40.2625983
              ],
              [
                19.4200688,
                40.2625687
              ],
              [
                19.4200634,
                40.2625241
              ],
              [
                19.4200742,
                40.2625011
              ],
              [
                19.4201037,
                40.2624714
              ],
              [
                19.4201526,
                40.2624412
              ],
              [
                19.4201915,
                40.2624474
              ],
              [
                19.4201922,
                40.2624315
              ],
              [
                19.4201781,
                40.2624146
              ],
              [
                19.4201526,
                40.2624003
              ],
              [
                19.4201037,
                40.262409
              ],
              [
                19.4199213,
                40.2623445
              ],
              [
                19.4198811,
                40.262319
              ],
              [
                19.4197845,
                40.2622248
              ],
              [
                19.4198231,
                40.2621158
              ],
              [
                19.4196879,
                40.2620037
              ],
              [
                19.4195967,
                40.2618236
              ],
              [
                19.4190925,
                40.2616189
              ],
              [
                19.4189746,
                40.261512
              ],
              [
                19.4190013,
                40.2614511
              ],
              [
                19.4191743,
                40.2613181
              ],
              [
                19.4193594,
                40.2610888
              ],
              [
                19.4195149,
                40.2609947
              ],
              [
                19.4196008,
                40.2607634
              ],
              [
                19.419795,
                40.2605543
              ],
              [
                19.4198931,
                40.2605096
              ],
              [
                19.4199468,
                40.2605014
              ],
              [
                19.4201131,
                40.260571
              ],
              [
                19.4207732,
                40.2606173
              ],
              [
                19.4211766,
                40.2607593
              ],
              [
                19.421245,
                40.2607685
              ],
              [
                19.4212959,
                40.2608053
              ],
              [
                19.4213241,
                40.2608545
              ],
              [
                19.4213013,
                40.2609128
              ],
              [
                19.4213549,
                40.2609548
              ],
              [
                19.4214153,
                40.2608852
              ],
              [
                19.4214206,
                40.2608043
              ],
              [
                19.4213791,
                40.2607368
              ],
              [
                19.4213214,
                40.2606641
              ],
              [
                19.4212503,
                40.2607132
              ],
              [
                19.4211511,
                40.260701
              ],
              [
                19.4209566,
                40.2606242
              ],
              [
                19.4208145,
                40.2605433
              ],
              [
                19.4205114,
                40.2604154
              ],
              [
                19.4203679,
                40.2603847
              ],
              [
                19.4202338,
                40.2603868
              ],
              [
                19.4201976,
                40.2603233
              ],
              [
                19.4201064,
                40.2602711
              ],
              [
                19.4200795,
                40.2601944
              ],
              [
                19.4200004,
                40.2601463
              ],
              [
                19.4200619,
                40.2600043
              ],
              [
                19.4202096,
                40.2598116
              ],
              [
                19.4203102,
                40.2597277
              ],
              [
                19.4209727,
                40.2595291
              ],
              [
                19.4210059,
                40.2595055
              ],
              [
                19.4210505,
                40.2593572
              ],
              [
                19.4212007,
                40.2592958
              ],
              [
                19.4212476,
                40.2592467
              ],
              [
                19.4212337,
                40.2590823
              ],
              [
                19.4212919,
                40.2590113
              ],
              [
                19.4214166,
                40.2589642
              ],
              [
                19.4215521,
                40.2589642
              ],
              [
                19.4217173,
                40.2590371
              ],
              [
                19.4219088,
                40.2589662
              ],
              [
                19.4220362,
                40.2589703
              ],
              [
                19.4220523,
                40.2589007
              ],
              [
                19.4220228,
                40.2588281
              ],
              [
                19.4220563,
                40.2585896
              ],
              [
                19.4221328,
                40.2585415
              ],
              [
                19.4222682,
                40.2585528
              ],
              [
                19.4224748,
                40.258562
              ],
              [
                19.4226719,
                40.2585999
              ],
              [
                19.4226317,
                40.2585569
              ],
              [
                19.4224855,
                40.2584781
              ],
              [
                19.4223125,
                40.258433
              ],
              [
                19.4221408,
                40.258346
              ],
              [
                19.4221797,
                40.2582232
              ],
              [
                19.4223313,
                40.2581823
              ],
              [
                19.4226317,
                40.2582017
              ],
              [
                19.4232808,
                40.2581782
              ],
              [
                19.4231627,
                40.2579981
              ],
              [
                19.4228731,
                40.2577524
              ],
              [
                19.4226638,
                40.2574413
              ],
              [
                19.4226242,
                40.2572657
              ],
              [
                19.4229213,
                40.257384
              ],
              [
                19.4231198,
                40.2576501
              ],
              [
                19.4233666,
                40.2577279
              ],
              [
                19.4237097,
                40.2576971
              ],
              [
                19.4236992,
                40.2573635
              ],
              [
                19.4238118,
                40.2571097
              ],
              [
                19.4240854,
                40.2570033
              ],
              [
                19.4246862,
                40.2558242
              ],
              [
                19.4252404,
                40.2551428
              ],
              [
                19.4254682,
                40.2549448
              ],
              [
                19.4262633,
                40.2543947
              ],
              [
                19.4268262,
                40.2541931
              ],
              [
                19.4270412,
                40.2541825
              ],
              [
                19.4272182,
                40.2538304
              ],
              [
                19.4272631,
                40.2534815
              ],
              [
                19.427406,
                40.2533555
              ],
              [
                19.4276259,
                40.2532777
              ],
              [
                19.4279885,
                40.2532539
              ],
              [
                19.4281731,
                40.2534374
              ],
              [
                19.4286291,
                40.2536585
              ],
              [
                19.4291226,
                40.253636
              ],
              [
                19.4291172,
                40.2534947
              ],
              [
                19.4287042,
                40.253462
              ],
              [
                19.4285969,
                40.2533146
              ],
              [
                19.4285379,
                40.253073
              ],
              [
                19.4282804,
                40.2530178
              ],
              [
                19.4279988,
                40.2528827
              ],
              [
                19.4278754,
                40.2527926
              ],
              [
                19.4278486,
                40.2527209
              ],
              [
                19.4286063,
                40.2524108
              ],
              [
                19.4288919,
                40.2521315
              ],
              [
                19.4296747,
                40.2518462
              ],
              [
                19.4303014,
                40.2516124
              ],
              [
                19.4305321,
                40.2516493
              ],
              [
                19.4306179,
                40.251768
              ],
              [
                19.4308218,
                40.2516329
              ],
              [
                19.430795,
                40.2514446
              ],
              [
                19.4309584,
                40.251239
              ],
              [
                19.4313529,
                40.251027
              ],
              [
                19.4322326,
                40.2509819
              ],
              [
                19.4324043,
                40.2512358
              ],
              [
                19.4323775,
                40.250986
              ],
              [
                19.4323292,
                40.2509205
              ],
              [
                19.4319269,
                40.2508591
              ],
              [
                19.4318142,
                40.2507895
              ],
              [
                19.4311544,
                40.2507649
              ],
              [
                19.4309774,
                40.2506585
              ],
              [
                19.430972,
                40.2504906
              ],
              [
                19.4312099,
                40.2502742
              ],
              [
                19.4314226,
                40.2501508
              ],
              [
                19.4314602,
                40.2499706
              ],
              [
                19.4312914,
                40.249424
              ],
              [
                19.4314011,
                40.2492828
              ],
              [
                19.4325382,
                40.2488801
              ],
              [
                19.4327315,
                40.2490105
              ],
              [
                19.4328522,
                40.2489204
              ],
              [
                19.4328683,
                40.2487833
              ],
              [
                19.432753,
                40.2485929
              ],
              [
                19.4330561,
                40.248468
              ],
              [
                19.4331982,
                40.2481568
              ],
              [
                19.4331499,
                40.2479337
              ],
              [
                19.4331794,
                40.2478027
              ],
              [
                19.4332944,
                40.2477447
              ],
              [
                19.4334986,
                40.2477187
              ],
              [
                19.433673,
                40.247772
              ],
              [
                19.4339841,
                40.2477003
              ],
              [
                19.4341062,
                40.2474799
              ],
              [
                19.4341987,
                40.2471926
              ],
              [
                19.4343784,
                40.2468937
              ],
              [
                19.4345216,
                40.2457473
              ],
              [
                19.4345098,
                40.2455139
              ],
              [
                19.4342496,
                40.2452088
              ],
              [
                19.4341794,
                40.2450415
              ],
              [
                19.4342577,
                40.2448096
              ],
              [
                19.4344428,
                40.2447543
              ],
              [
                19.4347432,
                40.2448321
              ],
              [
                19.4350892,
                40.244869
              ],
              [
                19.4353735,
                40.2448423
              ],
              [
                19.4356342,
                40.2446463
              ],
              [
                19.4358214,
                40.2446724
              ],
              [
                19.4365194,
                40.2444069
              ],
              [
                19.4367182,
                40.2443611
              ],
              [
                19.4367441,
                40.2443715
              ],
              [
                19.4368031,
                40.2445127
              ],
              [
                19.436864,
                40.244619
              ],
              [
                19.4368184,
                40.2447771
              ],
              [
                19.436816,
                40.2449352
              ],
              [
                19.4368373,
                40.2449604
              ],
              [
                19.4369501,
                40.245031
              ],
              [
                19.4371041,
                40.2450512
              ],
              [
                19.4372095,
                40.2450522
              ],
              [
                19.4372284,
                40.245021
              ],
              [
                19.4371089,
                40.2449468
              ],
              [
                19.4370316,
                40.2449258
              ],
              [
                19.436964,
                40.2448567
              ],
              [
                19.4369344,
                40.2448081
              ],
              [
                19.4369518,
                40.2446331
              ],
              [
                19.4369792,
                40.2445801
              ],
              [
                19.4370162,
                40.2444612
              ],
              [
                19.4370361,
                40.2443419
              ],
              [
                19.4369667,
                40.2442241
              ],
              [
                19.4368142,
                40.2440911
              ],
              [
                19.4366664,
                40.2440258
              ],
              [
                19.4365288,
                40.2440163
              ],
              [
                19.4363593,
                40.2440399
              ],
              [
                19.4359126,
                40.243964
              ],
              [
                19.4356786,
                40.2438559
              ],
              [
                19.435572,
                40.2439149
              ],
              [
                19.4354455,
                40.2439843
              ],
              [
                19.4352963,
                40.2439988
              ],
              [
                19.4352033,
                40.243952
              ],
              [
                19.4351405,
                40.2437946
              ],
              [
                19.4352165,
                40.2437307
              ],
              [
                19.4353708,
                40.243704
              ],
              [
                19.4359301,
                40.2433646
              ],
              [
                19.4359689,
                40.243442
              ],
              [
                19.4361674,
                40.2434522
              ],
              [
                19.4362962,
                40.2433416
              ],
              [
                19.436205,
                40.2432843
              ],
              [
                19.4362211,
                40.2432393
              ],
              [
                19.436492,
                40.2431164
              ],
              [
                19.4371361,
                40.2430357
              ],
              [
                19.4373261,
                40.2429997
              ],
              [
                19.4373101,
                40.2429178
              ],
              [
                19.4374147,
                40.2428667
              ],
              [
                19.4376949,
                40.2428923
              ],
              [
                19.4376856,
                40.2428615
              ],
              [
                19.4374495,
                40.2427766
              ],
              [
                19.4375126,
                40.2427193
              ],
              [
                19.4377486,
                40.2425821
              ],
              [
                19.4378626,
                40.2425278
              ],
              [
                19.4377057,
                40.2424388
              ],
              [
                19.4377017,
                40.2423753
              ],
              [
                19.4381549,
                40.2419658
              ],
              [
                19.4384969,
                40.2413731
              ],
              [
                19.4386257,
                40.2413055
              ],
              [
                19.438674,
                40.2412236
              ],
              [
                19.4385693,
                40.2411233
              ],
              [
                19.43856,
                40.2407476
              ],
              [
                19.4386069,
                40.2406841
              ],
              [
                19.4387276,
                40.2407138
              ],
              [
                19.4388872,
                40.2403852
              ],
              [
                19.4391594,
                40.2402245
              ],
              [
                19.4393728,
                40.2397822
              ],
              [
                19.4401451,
                40.2392407
              ],
              [
                19.4406816,
                40.2386019
              ],
              [
                19.4415848,
                40.2377611
              ],
              [
                19.4418671,
                40.2377194
              ],
              [
                19.4421836,
                40.2377644
              ],
              [
                19.4422909,
                40.2378914
              ],
              [
                19.4425377,
                40.2380265
              ],
              [
                19.4427201,
                40.2381043
              ],
              [
                19.4429025,
                40.2381084
              ],
              [
                19.4430795,
                40.2379979
              ],
              [
                19.4434067,
                40.2379323
              ],
              [
                19.4434979,
                40.2379446
              ],
              [
                19.4437018,
                40.2381043
              ],
              [
                19.4439271,
                40.2382231
              ],
              [
                19.4441095,
                40.2382517
              ],
              [
                19.4442811,
                40.2381985
              ],
              [
                19.4443536,
                40.238119
              ],
              [
                19.4447517,
                40.2379045
              ],
              [
                19.4449087,
                40.2379078
              ],
              [
                19.4453272,
                40.2380142
              ],
              [
                19.4457188,
                40.2382231
              ],
              [
                19.4458637,
                40.2380163
              ],
              [
                19.445472,
                40.2377562
              ],
              [
                19.4453218,
                40.2377153
              ],
              [
                19.4452038,
                40.2375802
              ],
              [
                19.4452038,
                40.2374901
              ],
              [
                19.4448819,
                40.2370806
              ],
              [
                19.4447371,
                40.2369168
              ],
              [
                19.4445708,
                40.236839
              ],
              [
                19.4442597,
                40.2368922
              ],
              [
                19.444088,
                40.236843
              ],
              [
                19.4434872,
                40.2364622
              ],
              [
                19.4432416,
                40.2358076
              ],
              [
                19.4433692,
                40.235635
              ],
              [
                19.4433209,
                40.235422
              ],
              [
                19.4439328,
                40.2349523
              ],
              [
                19.4442114,
                40.2349347
              ],
              [
                19.4443079,
                40.2346726
              ],
              [
                19.4450911,
                40.2343778
              ],
              [
                19.4453969,
                40.2340993
              ],
              [
                19.4458797,
                40.2338618
              ],
              [
                19.4463035,
                40.2338126
              ],
              [
                19.44662,
                40.233915
              ],
              [
                19.4466683,
                40.2339682
              ],
              [
                19.446856,
                40.2339355
              ],
              [
                19.4469258,
                40.2338454
              ],
              [
                19.4469043,
                40.2336038
              ],
              [
                19.4471028,
                40.2332925
              ],
              [
                19.4477654,
                40.2327753
              ],
              [
                19.4479343,
                40.2327929
              ],
              [
                19.4480523,
                40.2328932
              ],
              [
                19.4482526,
                40.2327754
              ],
              [
                19.448291,
                40.2327949
              ],
              [
                19.4483259,
                40.2328953
              ],
              [
                19.4487336,
                40.2323731
              ],
              [
                19.448924,
                40.23224
              ],
              [
                19.4493083,
                40.2316468
              ],
              [
                19.4496938,
                40.2312694
              ],
              [
                19.4497638,
                40.2312726
              ],
              [
                19.450469,
                40.2315663
              ],
              [
                19.4510389,
                40.2316535
              ],
              [
                19.4511047,
                40.2317322
              ],
              [
                19.451587,
                40.2319239
              ],
              [
                19.4517779,
                40.2319636
              ],
              [
                19.4519442,
                40.2319185
              ],
              [
                19.4520086,
                40.2319636
              ],
              [
                19.4519951,
                40.2320393
              ],
              [
                19.452148,
                40.2321847
              ],
              [
                19.4522687,
                40.2321909
              ],
              [
                19.452347,
                40.2321115
              ],
              [
                19.4522446,
                40.2319533
              ],
              [
                19.4522929,
                40.2319206
              ],
              [
                19.4518962,
                40.2317175
              ],
              [
                19.451676,
                40.2314271
              ],
              [
                19.4515177,
                40.2312612
              ],
              [
                19.4512897,
                40.2308496
              ],
              [
                19.4509357,
                40.2305527
              ],
              [
                19.4508874,
                40.230352
              ],
              [
                19.4509156,
                40.2303049
              ],
              [
                19.4510119,
                40.2302793
              ],
              [
                19.4512709,
                40.2303152
              ],
              [
                19.451625,
                40.2302169
              ],
              [
                19.4525651,
                40.2303049
              ],
              [
                19.4527207,
                40.2304298
              ],
              [
                19.4528146,
                40.2304196
              ],
              [
                19.4527448,
                40.2302435
              ],
              [
                19.4529753,
                40.2301549
              ],
              [
                19.4532249,
                40.230223
              ],
              [
                19.4534663,
                40.230137
              ],
              [
                19.4536809,
                40.229621
              ],
              [
                19.4538874,
                40.2295309
              ],
              [
                19.454212,
                40.2290681
              ],
              [
                19.45433,
                40.2290885
              ],
              [
                19.4543676,
                40.2289739
              ],
              [
                19.4542549,
                40.228935
              ],
              [
                19.4541879,
                40.2288776
              ],
              [
                19.4541879,
                40.2288305
              ],
              [
                19.4542576,
                40.2287814
              ],
              [
                19.4548391,
                40.2284256
              ],
              [
                19.4546758,
                40.2282827
              ],
              [
                19.4545204,
                40.228038
              ],
              [
                19.4545446,
                40.2279602
              ],
              [
                19.4547055,
                40.2279008
              ],
              [
                19.4548477,
                40.2280339
              ],
              [
                19.4550292,
                40.228351
              ],
              [
                19.4552258,
                40.2277517
              ],
              [
                19.4556309,
                40.2275916
              ],
              [
                19.456692,
                40.2268223
              ],
              [
                19.4572826,
                40.2263602
              ],
              [
                19.4576103,
                40.2262605
              ],
              [
                19.4577874,
                40.225982
              ],
              [
                19.4580985,
                40.2257977
              ],
              [
                19.4583409,
                40.225307
              ],
              [
                19.4588013,
                40.2254004
              ],
              [
                19.4588817,
                40.2253021
              ],
              [
                19.4594147,
                40.2254296
              ],
              [
                19.45974,
                40.2262318
              ],
              [
                19.4600309,
                40.2264069
              ],
              [
                19.460078,
                40.2265882
              ],
              [
                19.4603572,
                40.22651
              ],
              [
                19.460019,
                40.2258223
              ],
              [
                19.4600994,
                40.225343
              ],
              [
                19.4601263,
                40.2251587
              ],
              [
                19.4600029,
                40.2249458
              ],
              [
                19.4599922,
                40.2248065
              ],
              [
                19.4596381,
                40.2245116
              ],
              [
                19.4596231,
                40.2242244
              ],
              [
                19.4598419,
                40.2242413
              ],
              [
                19.4598473,
                40.224102
              ],
              [
                19.4604389,
                40.2244056
              ],
              [
                19.4610543,
                40.2245485
              ],
              [
                19.4616283,
                40.2245157
              ],
              [
                19.4624808,
                40.224255
              ],
              [
                19.4627226,
                40.2240283
              ],
              [
                19.4629379,
                40.2235438
              ],
              [
                19.4630646,
                40.2232587
              ],
              [
                19.4636239,
                40.2228896
              ],
              [
                19.4637164,
                40.222905
              ],
              [
                19.4638411,
                40.2229726
              ],
              [
                19.4638574,
                40.2228888
              ],
              [
                19.4641684,
                40.2228814
              ],
              [
                19.4642408,
                40.2226725
              ],
              [
                19.4645556,
                40.2224943
              ],
              [
                19.4646405,
                40.2224785
              ],
              [
                19.4647987,
                40.2227258
              ],
              [
                19.4649918,
                40.2225824
              ],
              [
                19.4650776,
                40.2224022
              ],
              [
                19.4652225,
                40.2223858
              ],
              [
                19.4656248,
                40.2217673
              ],
              [
                19.4655963,
                40.2215925
              ],
              [
                19.465657,
                40.2214847
              ],
              [
                19.4658716,
                40.2215339
              ],
              [
                19.4658608,
                40.2212389
              ],
              [
                19.4657535,
                40.2210178
              ],
              [
                19.4658944,
                40.2202422
              ],
              [
                19.4660754,
                40.2199077
              ],
              [
                19.4666628,
                40.2191663
              ],
              [
                19.4671939,
                40.2189656
              ],
              [
                19.4674728,
                40.2187424
              ],
              [
                19.4675272,
                40.2186719
              ],
              [
                19.4673226,
                40.2187116
              ],
              [
                19.4672314,
                40.2187772
              ],
              [
                19.4666789,
                40.218814
              ],
              [
                19.4666279,
                40.2187526
              ],
              [
                19.4666377,
                40.2185914
              ],
              [
                19.4669896,
                40.2182835
              ],
              [
                19.4671805,
                40.2181976
              ],
              [
                19.4677357,
                40.2176958
              ],
              [
                19.4680951,
                40.217704
              ],
              [
                19.4682781,
                40.2175888
              ],
              [
                19.4687388,
                40.2175094
              ],
              [
                19.4689051,
                40.217491
              ],
              [
                19.4689239,
                40.2174398
              ],
              [
                19.4686611,
                40.2173886
              ],
              [
                19.4686101,
                40.2173394
              ],
              [
                19.4686047,
                40.2172677
              ],
              [
                19.4688408,
                40.2170527
              ],
              [
                19.4689388,
                40.2167668
              ],
              [
                19.4691331,
                40.2166574
              ],
              [
                19.4696052,
                40.2167229
              ],
              [
                19.4694291,
                40.2165632
              ],
              [
                19.4694818,
                40.2164915
              ],
              [
                19.4699378,
                40.2163194
              ],
              [
                19.4702892,
                40.2160429
              ],
              [
                19.470544,
                40.2160183
              ],
              [
                19.4705815,
                40.2159692
              ],
              [
                19.470636,
                40.2157409
              ],
              [
                19.4709651,
                40.2157091
              ],
              [
                19.4709222,
                40.2154592
              ],
              [
                19.4709378,
                40.2153872
              ],
              [
                19.4710348,
                40.215281
              ],
              [
                19.4712816,
                40.2152114
              ],
              [
                19.4715605,
                40.2153302
              ],
              [
                19.4719414,
                40.2153383
              ],
              [
                19.4723705,
                40.2154408
              ],
              [
                19.4726163,
                40.2153892
              ],
              [
                19.4728855,
                40.2154776
              ],
              [
                19.4729606,
                40.2155432
              ],
              [
                19.472966,
                40.2157275
              ],
              [
                19.4729177,
                40.2158873
              ],
              [
                19.4726602,
                40.2160839
              ],
              [
                19.4726683,
                40.2161702
              ],
              [
                19.4730894,
                40.2162559
              ],
              [
                19.4735132,
                40.2162846
              ],
              [
                19.4739006,
                40.2162098
              ],
              [
                19.4739316,
                40.2160347
              ],
              [
                19.4740442,
                40.2160593
              ],
              [
                19.4742856,
                40.2156824
              ],
              [
                19.4740979,
                40.2155432
              ],
              [
                19.4743232,
                40.2153097
              ],
              [
                19.4741569,
                40.2151909
              ],
              [
                19.473962,
                40.2145141
              ],
              [
                19.4739584,
                40.214433
              ],
              [
                19.4733147,
                40.2143552
              ],
              [
                19.4731216,
                40.2143183
              ],
              [
                19.4730357,
                40.2142241
              ],
              [
                19.4730873,
                40.2141603
              ],
              [
                19.4730876,
                40.2139478
              ],
              [
                19.4731591,
                40.2138964
              ],
              [
                19.4736312,
                40.2139947
              ],
              [
                19.4739799,
                40.2140889
              ],
              [
                19.4741886,
                40.2140144
              ],
              [
                19.4749455,
                40.2140234
              ],
              [
                19.4750957,
                40.2139456
              ],
              [
                19.4759796,
                40.214155
              ],
              [
                19.4783288,
                40.2139291
              ],
              [
                19.478722,
                40.2141381
              ],
              [
                19.4790439,
                40.2142323
              ],
              [
                19.4794182,
                40.2142053
              ],
              [
                19.4796125,
                40.2140541
              ],
              [
                19.4797064,
                40.2139005
              ],
              [
                19.4799397,
                40.2137182
              ],
              [
                19.4802659,
                40.2135403
              ],
              [
                19.4811631,
                40.2125641
              ],
              [
                19.4817328,
                40.2121707
              ],
              [
                19.4818012,
                40.2121912
              ],
              [
                19.4818629,
                40.2121472
              ],
              [
                19.4818361,
                40.212098
              ],
              [
                19.4818763,
                40.2119485
              ],
              [
                19.4819782,
                40.2120222
              ],
              [
                19.4821365,
                40.2120099
              ],
              [
                19.4822679,
                40.2120468
              ],
              [
                19.482571,
                40.2119669
              ],
              [
                19.4828257,
                40.2118363
              ],
              [
                19.4841267,
                40.2122353
              ],
              [
                19.4845236,
                40.2122762
              ],
              [
                19.4842742,
                40.2121267
              ],
              [
                19.4840569,
                40.2120509
              ],
              [
                19.4839899,
                40.2120099
              ],
              [
                19.4838692,
                40.2118092
              ],
              [
                19.4839765,
                40.2117416
              ],
              [
                19.4839255,
                40.2116535
              ],
              [
                19.4838075,
                40.21159
              ],
              [
                19.4837807,
                40.2114671
              ],
              [
                19.4835661,
                40.2112275
              ],
              [
                19.483557,
                40.2111151
              ],
              [
                19.4844494,
                40.2103816
              ],
              [
                19.4848307,
                40.2105433
              ],
              [
                19.4851312,
                40.2104942
              ],
              [
                19.4852116,
                40.2103713
              ],
              [
                19.485394,
                40.2103754
              ],
              [
                19.4858474,
                40.2100872
              ],
              [
                19.4862148,
                40.2098551
              ],
              [
                19.4863811,
                40.2093389
              ],
              [
                19.4874861,
                40.2087121
              ],
              [
                19.4878402,
                40.208622
              ],
              [
                19.487947,
                40.2084701
              ],
              [
                19.4882318,
                40.208454
              ],
              [
                19.4884303,
                40.2081918
              ],
              [
                19.488677,
                40.2081181
              ],
              [
                19.4886717,
                40.207987
              ],
              [
                19.4895407,
                40.2074912
              ],
              [
                19.4901982,
                40.2072811
              ],
              [
                19.4903132,
                40.2070201
              ],
              [
                19.4913163,
                40.206594
              ],
              [
                19.4930313,
                40.2055153
              ],
              [
                19.4945694,
                40.2046281
              ],
              [
                19.495801,
                40.2044677
              ],
              [
                19.4961819,
                40.2045414
              ],
              [
                19.4964554,
                40.2047463
              ],
              [
                19.4965627,
                40.2048508
              ],
              [
                19.4965896,
                40.2049655
              ],
              [
                19.49667,
                40.2050495
              ],
              [
                19.4967237,
                40.2050659
              ],
              [
                19.4966754,
                40.2048999
              ],
              [
                19.49667,
                40.204648
              ],
              [
                19.4964447,
                40.2044288
              ],
              [
                19.4964072,
                40.2043284
              ],
              [
                19.4963052,
                40.2042956
              ],
              [
                19.4962999,
                40.2040908
              ],
              [
                19.4963482,
                40.2040457
              ],
              [
                19.4965091,
                40.2039986
              ],
              [
                19.4968149,
                40.2040539
              ],
              [
                19.4973433,
                40.2037712
              ],
              [
                19.4974479,
                40.2036298
              ],
              [
                19.4977285,
                40.203486
              ],
              [
                19.4981426,
                40.2032939
              ],
              [
                19.4987916,
                40.2030972
              ],
              [
                19.4988775,
                40.2031218
              ],
              [
                19.4991913,
                40.2029948
              ],
              [
                19.4993364,
                40.2029063
              ],
              [
                19.499422,
                40.2028411
              ],
              [
                19.5002508,
                40.2025666
              ],
              [
                19.5009106,
                40.2021364
              ],
              [
                19.5009937,
                40.2021241
              ],
              [
                19.5015516,
                40.2015895
              ],
              [
                19.5020318,
                40.2014604
              ],
              [
                19.5021879,
                40.2013206
              ],
              [
                19.5022115,
                40.2009872
              ],
              [
                19.5020425,
                40.2005918
              ],
              [
                19.5022597,
                40.2003849
              ],
              [
                19.5026755,
                40.2004135
              ],
              [
                19.502658,
                40.200392
              ],
              [
                19.5025682,
                40.2003685
              ],
              [
                19.5024153,
                40.2002496
              ],
              [
                19.502485,
                40.1998604
              ],
              [
                19.502418,
                40.199506
              ],
              [
                19.5022638,
                40.199158
              ],
              [
                19.5023348,
                40.1990594
              ],
              [
                19.502941,
                40.1987951
              ],
              [
                19.5032683,
                40.1985677
              ],
              [
                19.5035472,
                40.198496
              ],
              [
                19.5037824,
                40.1983739
              ],
              [
                19.5046469,
                40.1980657
              ],
              [
                19.5055213,
                40.197615
              ],
              [
                19.506047,
                40.1975454
              ],
              [
                19.5062777,
                40.1975454
              ],
              [
                19.5065842,
                40.1976839
              ],
              [
                19.5068195,
                40.1973405
              ],
              [
                19.5063682,
                40.1968808
              ],
              [
                19.5060041,
                40.1967709
              ],
              [
                19.5057412,
                40.1967587
              ],
              [
                19.5056397,
                40.1966221
              ],
              [
                19.5059086,
                40.1963957
              ],
              [
                19.5062348,
                40.196312
              ],
              [
                19.5064118,
                40.196353
              ],
              [
                19.5067283,
                40.1965579
              ],
              [
                19.5071958,
                40.1964214
              ],
              [
                19.5080104,
                40.196353
              ],
              [
                19.5081391,
                40.1962465
              ],
              [
                19.5084503,
                40.196271
              ],
              [
                19.5090672,
                40.196103
              ],
              [
                19.5091369,
                40.1960047
              ],
              [
                19.5094427,
                40.1960621
              ],
              [
                19.5097163,
                40.1959842
              ],
              [
                19.5097538,
                40.1959162
              ],
              [
                19.5096514,
                40.1956696
              ],
              [
                19.5101079,
                40.195345
              ],
              [
                19.5107302,
                40.1950623
              ],
              [
                19.5115704,
                40.1947201
              ],
              [
                19.5135151,
                40.1940852
              ],
              [
                19.515601,
                40.1941295
              ],
              [
                19.5165968,
                40.1945279
              ],
              [
                19.5203707,
                40.1929827
              ],
              [
                19.5226775,
                40.1920382
              ],
              [
                19.523755,
                40.1909935
              ],
              [
                19.5248221,
                40.1901411
              ],
              [
                19.5287688,
                40.1890346
              ],
              [
                19.5303076,
                40.1875135
              ],
              [
                19.5304976,
                40.186489
              ],
              [
                19.5328654,
                40.1853631
              ],
              [
                19.5343314,
                40.185417
              ],
              [
                19.5382175,
                40.1855597
              ],
              [
                19.5388253,
                40.184894
              ],
              [
                19.5412681,
                40.183801
              ],
              [
                19.5444906,
                40.1827904
              ],
              [
                19.5444087,
                40.1815714
              ],
              [
                19.5465499,
                40.1810247
              ],
              [
                19.5481457,
                40.1806354
              ],
              [
                19.5489539,
                40.1802105
              ],
              [
                19.5494763,
                40.1801485
              ],
              [
                19.5500595,
                40.1797389
              ],
              [
                19.550109,
                40.1797562
              ],
              [
                19.5501644,
                40.1797376
              ],
              [
                19.5502331,
                40.1797177
              ],
              [
                19.550216,
                40.1796926
              ],
              [
                19.5502166,
                40.1796675
              ],
              [
                19.5502896,
                40.1796673
              ],
              [
                19.5503377,
                40.1796346
              ],
              [
                19.5504226,
                40.1795954
              ],
              [
                19.5503975,
                40.1795769
              ],
              [
                19.5503797,
                40.1795529
              ],
              [
                19.5504404,
                40.1795636
              ],
              [
                19.5504981,
                40.1795362
              ],
              [
                19.550532,
                40.1795516
              ],
              [
                19.5505792,
                40.17954
              ],
              [
                19.5506325,
                40.1795599
              ],
              [
                19.5506467,
                40.1795783
              ],
              [
                19.550678,
                40.1795939
              ],
              [
                19.5506995,
                40.1795712
              ],
              [
                19.5506782,
                40.1795506
              ],
              [
                19.5506457,
                40.1795544
              ],
              [
                19.5506153,
                40.1795483
              ],
              [
                19.5505694,
                40.1795228
              ],
              [
                19.5505769,
                40.1794968
              ],
              [
                19.5506483,
                40.1794929
              ],
              [
                19.5506654,
                40.1794655
              ],
              [
                19.5507465,
                40.1794595
              ],
              [
                19.5508424,
                40.1794475
              ],
              [
                19.5508798,
                40.1794055
              ],
              [
                19.5510879,
                40.1793292
              ],
              [
                19.5511177,
                40.1793213
              ],
              [
                19.5511475,
                40.1793068
              ],
              [
                19.5511001,
                40.1793
              ],
              [
                19.5511332,
                40.179279
              ],
              [
                19.5513549,
                40.1792541
              ],
              [
                19.551498,
                40.1792349
              ],
              [
                19.5515772,
                40.1791998
              ],
              [
                19.5515959,
                40.1792172
              ],
              [
                19.5516079,
                40.1792347
              ],
              [
                19.551605,
                40.1792534
              ],
              [
                19.5516153,
                40.1792772
              ],
              [
                19.5516518,
                40.179319
              ],
              [
                19.5516482,
                40.1792883
              ],
              [
                19.5516642,
                40.1792795
              ],
              [
                19.5516784,
                40.1792771
              ],
              [
                19.5516979,
                40.1793027
              ],
              [
                19.5517231,
                40.1793213
              ],
              [
                19.5517436,
                40.1793008
              ],
              [
                19.5517565,
                40.1793095
              ],
              [
                19.5517924,
                40.1793923
              ],
              [
                19.5518529,
                40.179412
              ],
              [
                19.5518901,
                40.1793867
              ],
              [
                19.5519181,
                40.1793968
              ],
              [
                19.5519771,
                40.1793936
              ],
              [
                19.5520103,
                40.1794571
              ],
              [
                19.5520594,
                40.1794963
              ],
              [
                19.5521684,
                40.1795381
              ],
              [
                19.5522674,
                40.1796367
              ],
              [
                19.552363,
                40.1796478
              ],
              [
                19.552404,
                40.1796986
              ],
              [
                19.5524679,
                40.1797546
              ],
              [
                19.5526087,
                40.1798209
              ],
              [
                19.552503,
                40.1797345
              ],
              [
                19.5524958,
                40.1797076
              ],
              [
                19.5525516,
                40.1796856
              ],
              [
                19.5526178,
                40.1797032
              ],
              [
                19.5526334,
                40.1797504
              ],
              [
                19.552662,
                40.1797599
              ],
              [
                19.5527093,
                40.1797788
              ],
              [
                19.5528008,
                40.1797699
              ],
              [
                19.5528774,
                40.1798156
              ],
              [
                19.5529567,
                40.1798447
              ],
              [
                19.5529918,
                40.1798618
              ],
              [
                19.5529808,
                40.1799559
              ],
              [
                19.5529802,
                40.1799986
              ],
              [
                19.5529889,
                40.1800199
              ],
              [
                19.5530046,
                40.1800273
              ],
              [
                19.5531064,
                40.1799867
              ],
              [
                19.5532037,
                40.1799738
              ],
              [
                19.5532959,
                40.1799966
              ],
              [
                19.5533631,
                40.1799927
              ],
              [
                19.5534121,
                40.1800066
              ],
              [
                19.5534694,
                40.1800094
              ],
              [
                19.5535014,
                40.179985
              ],
              [
                19.5535216,
                40.179973
              ],
              [
                19.5534962,
                40.1799615
              ],
              [
                19.5535261,
                40.1799528
              ],
              [
                19.553588,
                40.1799786
              ],
              [
                19.5536059,
                40.1799921
              ],
              [
                19.5536499,
                40.1799909
              ],
              [
                19.5536859,
                40.1800006
              ],
              [
                19.5537502,
                40.1800381
              ],
              [
                19.5538109,
                40.1800969
              ],
              [
                19.5539383,
                40.1801559
              ],
              [
                19.5539513,
                40.1801907
              ],
              [
                19.5539605,
                40.1802335
              ],
              [
                19.5540019,
                40.1802476
              ],
              [
                19.5540748,
                40.1803257
              ],
              [
                19.5541674,
                40.180474
              ],
              [
                19.5541639,
                40.1803799
              ],
              [
                19.5541967,
                40.1803293
              ],
              [
                19.5541798,
                40.1802633
              ],
              [
                19.5541358,
                40.1802261
              ],
              [
                19.5541339,
                40.1801971
              ],
              [
                19.5541421,
                40.1801449
              ],
              [
                19.554127,
                40.1800891
              ],
              [
                19.5540916,
                40.1800566
              ],
              [
                19.554033,
                40.1799605
              ],
              [
                19.5540543,
                40.1798884
              ],
              [
                19.5540432,
                40.1798271
              ],
              [
                19.5539943,
                40.1797541
              ],
              [
                19.5539636,
                40.1796624
              ],
              [
                19.5538612,
                40.179576
              ],
              [
                19.5538336,
                40.1795468
              ],
              [
                19.5536874,
                40.1794821
              ],
              [
                19.553719,
                40.1794212
              ],
              [
                19.5537203,
                40.179371
              ],
              [
                19.5536811,
                40.1793139
              ],
              [
                19.5537121,
                40.1792652
              ],
              [
                19.5536682,
                40.1792382
              ],
              [
                19.553602,
                40.1791741
              ],
              [
                19.5536785,
                40.179166
              ],
              [
                19.5536841,
                40.1791209
              ],
              [
                19.5537632,
                40.1791298
              ],
              [
                19.5540112,
                40.1790871
              ],
              [
                19.5541128,
                40.1790684
              ],
              [
                19.5543522,
                40.1790226
              ],
              [
                19.5544858,
                40.1789922
              ],
              [
                19.554505,
                40.1789587
              ],
              [
                19.5546019,
                40.1789466
              ],
              [
                19.5546619,
                40.1789344
              ],
              [
                19.5546861,
                40.1789041
              ],
              [
                19.5548036,
                40.1788828
              ],
              [
                19.5548981,
                40.178854
              ],
              [
                19.5550168,
                40.1788563
              ],
              [
                19.5551893,
                40.1788043
              ],
              [
                19.5551911,
                40.1787736
              ],
              [
                19.5552916,
                40.178748
              ],
              [
                19.5552547,
                40.1787188
              ],
              [
                19.5552996,
                40.1787131
              ],
              [
                19.5553369,
                40.1787197
              ],
              [
                19.5553432,
                40.1787402
              ],
              [
                19.5554544,
                40.1787373
              ],
              [
                19.5555278,
                40.1787207
              ],
              [
                19.555504,
                40.1786817
              ],
              [
                19.5555646,
                40.1786913
              ],
              [
                19.5556072,
                40.1787069
              ],
              [
                19.555774,
                40.1786696
              ],
              [
                19.5560301,
                40.1786227
              ],
              [
                19.5560777,
                40.1786284
              ],
              [
                19.5561293,
                40.1786025
              ],
              [
                19.5562286,
                40.1786037
              ],
              [
                19.5563536,
                40.1785649
              ],
              [
                19.5564846,
                40.178517
              ],
              [
                19.5565204,
                40.1785241
              ],
              [
                19.5564727,
                40.1784949
              ],
              [
                19.5565377,
                40.1784644
              ],
              [
                19.5565551,
                40.178437
              ],
              [
                19.5565899,
                40.178464
              ],
              [
                19.5566653,
                40.178424
              ],
              [
                19.5567626,
                40.1784221
              ],
              [
                19.5568082,
                40.1783867
              ],
              [
                19.5568281,
                40.1784
              ],
              [
                19.5568638,
                40.1784041
              ],
              [
                19.5568975,
                40.1784623
              ],
              [
                19.5569333,
                40.1784636
              ],
              [
                19.556975,
                40.1784484
              ],
              [
                19.5570047,
                40.1784615
              ],
              [
                19.5570345,
                40.1784432
              ],
              [
                19.5570782,
                40.1784432
              ],
              [
                19.5571338,
                40.1784085
              ],
              [
                19.5572072,
                40.1784004
              ],
              [
                19.5572727,
                40.1783688
              ],
              [
                19.5572529,
                40.17835
              ],
              [
                19.5573482,
                40.1783165
              ],
              [
                19.5573799,
                40.1782924
              ],
              [
                19.5574216,
                40.1782828
              ],
              [
                19.5574812,
                40.1782549
              ],
              [
                19.5575268,
                40.1782681
              ],
              [
                19.5575625,
                40.178266
              ],
              [
                19.5587988,
                40.1779862
              ],
              [
                19.5682309,
                40.1751511
              ],
              [
                19.5712588,
                40.1744181
              ],
              [
                19.5717657,
                40.1742271
              ],
              [
                19.5720468,
                40.1741951
              ],
              [
                19.5722939,
                40.1741257
              ],
              [
                19.572424,
                40.1741282
              ],
              [
                19.5724005,
                40.1741622
              ],
              [
                19.5724442,
                40.1741719
              ],
              [
                19.5724645,
                40.1741952
              ],
              [
                19.5725172,
                40.1742085
              ],
              [
                19.5725778,
                40.1741157
              ],
              [
                19.572664,
                40.1740816
              ],
              [
                19.5726785,
                40.1741113
              ],
              [
                19.5727097,
                40.1741038
              ],
              [
                19.5727166,
                40.1740708
              ],
              [
                19.572837,
                40.1740635
              ],
              [
                19.5728657,
                40.1740424
              ],
              [
                19.5729051,
                40.174031
              ],
              [
                19.5729454,
                40.1740638
              ],
              [
                19.5730443,
                40.1740355
              ],
              [
                19.5731496,
                40.1740431
              ],
              [
                19.573195,
                40.1740223
              ],
              [
                19.5732595,
                40.1740146
              ],
              [
                19.573315,
                40.1739772
              ],
              [
                19.5733897,
                40.173956
              ],
              [
                19.5733983,
                40.1739145
              ],
              [
                19.5734496,
                40.1738779
              ],
              [
                19.5735437,
                40.1738848
              ],
              [
                19.5736091,
                40.173978
              ],
              [
                19.5736894,
                40.174037
              ],
              [
                19.5736473,
                40.1739407
              ],
              [
                19.5736117,
                40.1738721
              ],
              [
                19.5737675,
                40.1738547
              ],
              [
                19.573902,
                40.1738242
              ],
              [
                19.5740226,
                40.1738026
              ],
              [
                19.5741239,
                40.1737663
              ],
              [
                19.5741575,
                40.1738153
              ],
              [
                19.5741719,
                40.1738106
              ],
              [
                19.5742828,
                40.1738302
              ],
              [
                19.5743521,
                40.1738776
              ],
              [
                19.5743787,
                40.1739033
              ],
              [
                19.5744353,
                40.1739265
              ],
              [
                19.5744518,
                40.1739854
              ],
              [
                19.5744587,
                40.1739465
              ],
              [
                19.5744726,
                40.173939
              ],
              [
                19.5744523,
                40.173929
              ],
              [
                19.5744502,
                40.1739092
              ],
              [
                19.5744214,
                40.173881
              ],
              [
                19.5744395,
                40.1738118
              ],
              [
                19.5743905,
                40.1737836
              ],
              [
                19.5743787,
                40.1737392
              ],
              [
                19.5744417,
                40.1737382
              ],
              [
                19.5745088,
                40.1737161
              ],
              [
                19.5745376,
                40.1737503
              ],
              [
                19.574567,
                40.173765
              ],
              [
                19.5745942,
                40.1737976
              ],
              [
                19.5745883,
                40.1737534
              ],
              [
                19.5745995,
                40.1737157
              ],
              [
                19.5746688,
                40.1736826
              ],
              [
                19.5749973,
                40.1736868
              ],
              [
                19.575186,
                40.1736225
              ],
              [
                19.5753887,
                40.1736163
              ],
              [
                19.5756382,
                40.1735512
              ],
              [
                19.5757481,
                40.1735885
              ],
              [
                19.5757481,
                40.1735252
              ],
              [
                19.5758568,
                40.173506
              ],
              [
                19.5759848,
                40.1734978
              ],
              [
                19.5759992,
                40.1735092
              ],
              [
                19.576084,
                40.1735125
              ],
              [
                19.5761245,
                40.1735304
              ],
              [
                19.576197,
                40.1735215
              ],
              [
                19.5761533,
                40.1735165
              ],
              [
                19.5761106,
                40.1735168
              ],
              [
                19.5760904,
                40.173496
              ],
              [
                19.5760573,
                40.1734907
              ],
              [
                19.5760584,
                40.1734612
              ],
              [
                19.5760435,
                40.1734563
              ],
              [
                19.5760381,
                40.1734189
              ],
              [
                19.5760957,
                40.1734332
              ],
              [
                19.5761405,
                40.1734016
              ],
              [
                19.5761929,
                40.1734067
              ],
              [
                19.5762303,
                40.1734003
              ],
              [
                19.5762441,
                40.173375
              ],
              [
                19.5762813,
                40.1733692
              ],
              [
                19.5762946,
                40.1733867
              ],
              [
                19.5763122,
                40.1733927
              ],
              [
                19.576344,
                40.1733991
              ],
              [
                19.5763652,
                40.1734104
              ],
              [
                19.5763967,
                40.1734359
              ],
              [
                19.5764128,
                40.1734103
              ],
              [
                19.5764471,
                40.1734112
              ],
              [
                19.5765307,
                40.1734523
              ],
              [
                19.5764532,
                40.1733874
              ],
              [
                19.5764526,
                40.1733453
              ],
              [
                19.576533,
                40.1733596
              ],
              [
                19.5764422,
                40.1733034
              ],
              [
                19.5764802,
                40.1732823
              ],
              [
                19.576631,
                40.1732807
              ],
              [
                19.5766446,
                40.1732614
              ],
              [
                19.5767699,
                40.1732748
              ],
              [
                19.576795,
                40.1732776
              ],
              [
                19.5768283,
                40.1732814
              ],
              [
                19.57685,
                40.1732902
              ],
              [
                19.5768756,
                40.173277
              ],
              [
                19.5769803,
                40.1733174
              ],
              [
                19.5768441,
                40.1732401
              ],
              [
                19.5768787,
                40.1732159
              ],
              [
                19.5769486,
                40.1732203
              ],
              [
                19.5770164,
                40.1732067
              ],
              [
                19.5771337,
                40.1732078
              ],
              [
                19.5771653,
                40.1732163
              ],
              [
                19.5771411,
                40.1731793
              ],
              [
                19.5772368,
                40.1731682
              ],
              [
                19.5773083,
                40.1731768
              ],
              [
                19.5772784,
                40.1731652
              ],
              [
                19.5772917,
                40.1731478
              ],
              [
                19.5773316,
                40.1731536
              ],
              [
                19.5773383,
                40.1731304
              ],
              [
                19.5773707,
                40.1731111
              ],
              [
                19.5774231,
                40.1731112
              ],
              [
                19.5773977,
                40.1731803
              ],
              [
                19.577419,
                40.1731959
              ],
              [
                19.5775104,
                40.1731947
              ],
              [
                19.5776169,
                40.1731782
              ],
              [
                19.577713,
                40.1731374
              ],
              [
                19.5776724,
                40.1731135
              ],
              [
                19.5776635,
                40.1730718
              ],
              [
                19.5777423,
                40.1730718
              ],
              [
                19.5777646,
                40.1730387
              ],
              [
                19.5778764,
                40.1730468
              ],
              [
                19.57788,
                40.1730694
              ],
              [
                19.5780382,
                40.1730793
              ],
              [
                19.578165,
                40.1730978
              ],
              [
                19.5781473,
                40.173056
              ],
              [
                19.5781828,
                40.1730396
              ],
              [
                19.5782266,
                40.1730537
              ],
              [
                19.5782475,
                40.1730356
              ],
              [
                19.5782784,
                40.1730328
              ],
              [
                19.5782506,
                40.1730198
              ],
              [
                19.5782678,
                40.1730017
              ],
              [
                19.5782479,
                40.1729816
              ],
              [
                19.5783173,
                40.1729734
              ],
              [
                19.5783874,
                40.1729706
              ],
              [
                19.5784709,
                40.1729672
              ],
              [
                19.5784984,
                40.1729751
              ],
              [
                19.5785766,
                40.1729846
              ],
              [
                19.5786306,
                40.1729535
              ],
              [
                19.578632,
                40.1729233
              ],
              [
                19.5786547,
                40.1729012
              ],
              [
                19.5787319,
                40.1728897
              ],
              [
                19.5788048,
                40.1728505
              ],
              [
                19.5788052,
                40.1728332
              ],
              [
                19.5788376,
                40.1728209
              ],
              [
                19.5788965,
                40.1728007
              ],
              [
                19.5789511,
                40.1727903
              ],
              [
                19.5789464,
                40.1727741
              ],
              [
                19.5789225,
                40.1727628
              ],
              [
                19.5788769,
                40.1727826
              ],
              [
                19.5788586,
                40.1727573
              ],
              [
                19.5787985,
                40.1726905
              ],
              [
                19.5788084,
                40.1726594
              ],
              [
                19.5788619,
                40.1726672
              ],
              [
                19.5788833,
                40.1727043
              ],
              [
                19.5788909,
                40.1726721
              ],
              [
                19.5789219,
                40.1726546
              ],
              [
                19.5789819,
                40.1726754
              ],
              [
                19.5790418,
                40.1726799
              ],
              [
                19.5790641,
                40.1727125
              ],
              [
                19.5791,
                40.1727029
              ],
              [
                19.5790926,
                40.1726569
              ],
              [
                19.5790211,
                40.1725947
              ],
              [
                19.5790435,
                40.1725638
              ],
              [
                19.5790989,
                40.1725364
              ],
              [
                19.5791728,
                40.1725576
              ],
              [
                19.5792393,
                40.1725381
              ],
              [
                19.5791938,
                40.1725105
              ],
              [
                19.579144,
                40.1724731
              ],
              [
                19.5791106,
                40.1724204
              ],
              [
                19.5790857,
                40.1723823
              ],
              [
                19.579149,
                40.1723714
              ],
              [
                19.5791766,
                40.1723387
              ],
              [
                19.5791476,
                40.1723133
              ],
              [
                19.5791728,
                40.1722757
              ],
              [
                19.579344,
                40.1722946
              ],
              [
                19.5792774,
                40.172246
              ],
              [
                19.5793234,
                40.172222
              ],
              [
                19.579313,
                40.1722033
              ],
              [
                19.579403,
                40.1721937
              ],
              [
                19.5793694,
                40.1721654
              ],
              [
                19.5793955,
                40.1721428
              ],
              [
                19.5794385,
                40.1721651
              ],
              [
                19.579441,
                40.1722046
              ],
              [
                19.5795015,
                40.172207
              ],
              [
                19.5795318,
                40.1721865
              ],
              [
                19.5795686,
                40.1722043
              ],
              [
                19.5795925,
                40.1722058
              ],
              [
                19.5796093,
                40.172189
              ],
              [
                19.5796045,
                40.1721146
              ],
              [
                19.5796733,
                40.1720662
              ],
              [
                19.5796347,
                40.1720199
              ],
              [
                19.5796451,
                40.1719876
              ],
              [
                19.5797827,
                40.1720227
              ],
              [
                19.5799299,
                40.1719747
              ],
              [
                19.5799456,
                40.1719464
              ],
              [
                19.5800538,
                40.1719452
              ],
              [
                19.580136,
                40.1719319
              ],
              [
                19.580122,
                40.171881
              ],
              [
                19.5801073,
                40.1718304
              ],
              [
                19.5801316,
                40.1718007
              ],
              [
                19.5801799,
                40.1718027
              ],
              [
                19.5802302,
                40.1718158
              ],
              [
                19.5802181,
                40.1718626
              ],
              [
                19.5802219,
                40.1718973
              ],
              [
                19.5802669,
                40.1719308
              ],
              [
                19.5806083,
                40.1717045
              ],
              [
                19.5803719,
                40.1714099
              ],
              [
                19.5749851,
                40.1657854
              ],
              [
                19.5676451,
                40.1580391
              ],
              [
                19.5668022,
                40.1581962
              ],
              [
                19.5636359,
                40.1589662
              ],
              [
                19.5599145,
                40.1598618
              ],
              [
                19.5596884,
                40.1600504
              ],
              [
                19.5593388,
                40.1600346
              ],
              [
                19.5584136,
                40.1603018
              ],
              [
                19.5543016,
                40.1617945
              ],
              [
                19.5522662,
                40.1623601
              ],
              [
                19.5482775,
                40.1633343
              ],
              [
                19.545358,
                40.16357
              ],
              [
                19.5441038,
                40.1638999
              ],
              [
                19.5417599,
                40.1645913
              ],
              [
                19.5396217,
                40.1652983
              ],
              [
                19.5366199,
                40.1660839
              ],
              [
                19.5331041,
                40.1673408
              ],
              [
                19.5298762,
                40.1692575
              ],
              [
                19.5250651,
                40.1699959
              ],
              [
                19.5236876,
                40.1705144
              ],
              [
                19.5207681,
                40.1717241
              ],
              [
                19.5186298,
                40.173028
              ],
              [
                19.5172523,
                40.1738921
              ],
              [
                19.5167383,
                40.1744419
              ],
              [
                19.5162654,
                40.1746462
              ],
              [
                19.5147234,
                40.1760129
              ],
              [
                19.5112693,
                40.1777409
              ],
              [
                19.5100974,
                40.1778508
              ],
              [
                19.504176,
                40.1789033
              ],
              [
                19.5025518,
                40.1797987
              ],
              [
                19.500064,
                40.1807098
              ],
              [
                19.498193,
                40.1809454
              ],
              [
                19.4914493,
                40.1841498
              ],
              [
                19.4909353,
                40.1846053
              ],
              [
                19.4897223,
                40.185909
              ],
              [
                19.4875018,
                40.1870242
              ],
              [
                19.4851785,
                40.1896629
              ],
              [
                19.4810459,
                40.1913591
              ],
              [
                19.4742611,
                40.1954268
              ],
              [
                19.4706836,
                40.197437
              ],
              [
                19.4682164,
                40.1976568
              ],
              [
                19.4648651,
                40.1984892
              ],
              [
                19.4578541,
                40.201944
              ],
              [
                19.4575662,
                40.2024151
              ],
              [
                19.454585,
                40.204111
              ],
              [
                19.4532281,
                40.2052416
              ],
              [
                19.4521589,
                40.2058383
              ],
              [
                19.4513982,
                40.2063407
              ],
              [
                19.4494656,
                40.2083035
              ],
              [
                19.4477591,
                40.2104389
              ],
              [
                19.4442638,
                40.2121346
              ],
              [
                19.4434414,
                40.2130139
              ],
              [
                19.4427218,
                40.2134535
              ],
              [
                19.4418172,
                40.2143327
              ],
              [
                19.4406041,
                40.2151491
              ],
              [
                19.439021,
                40.2159185
              ],
              [
                19.4385892,
                40.2164366
              ],
              [
                19.4375612,
                40.2169703
              ],
              [
                19.4358342,
                40.2180536
              ],
              [
                19.4353407,
                40.2184932
              ],
              [
                19.4345183,
                40.2191997
              ],
              [
                19.433881,
                40.2196236
              ],
              [
                19.4330586,
                40.2202829
              ],
              [
                19.4313315,
                40.2211621
              ],
              [
                19.4286793,
                40.2226848
              ],
              [
                19.4266233,
                40.2244901
              ],
              [
                19.4250812,
                40.2260756
              ],
              [
                19.4244028,
                40.2270332
              ],
              [
                19.4234981,
                40.2279593
              ],
              [
                19.4211337,
                40.2301569
              ],
              [
                19.4200646,
                40.2313498
              ],
              [
                19.4194683,
                40.2316324
              ],
              [
                19.4190777,
                40.2321347
              ],
              [
                19.4183581,
                40.2324172
              ],
              [
                19.4145133,
                40.237016
              ],
              [
                19.4144722,
                40.2375183
              ],
              [
                19.4137115,
                40.2382246
              ],
              [
                19.4129919,
                40.239951
              ],
              [
                19.4127452,
                40.2405787
              ],
              [
                19.411676,
                40.2419755
              ],
              [
                19.4108948,
                40.2435135
              ],
              [
                19.4086126,
                40.2456007
              ],
              [
                19.4074818,
                40.24615
              ],
              [
                19.4058781,
                40.2480331
              ],
              [
                19.4050351,
                40.2484255
              ],
              [
                19.4040277,
                40.2493827
              ],
              [
                19.4023006,
                40.2504968
              ],
              [
                19.4008614,
                40.2521602
              ],
              [
                19.3995045,
                40.2527565
              ],
              [
                19.3990521,
                40.2533684
              ],
              [
                19.3984764,
                40.2536666
              ],
              [
                19.3968111,
                40.2555024
              ],
              [
                19.393542,
                40.2587817
              ],
              [
                19.3914449,
                40.2611195
              ],
              [
                19.3904991,
                40.2618726
              ],
              [
                19.3886281,
                40.2645711
              ],
              [
                19.3875179,
                40.2672225
              ],
              [
                19.3872301,
                40.2675833
              ],
              [
                19.3861404,
                40.2698424
              ],
              [
                19.3834676,
                40.2723994
              ],
              [
                19.3823984,
                40.2737014
              ],
              [
                19.3815143,
                40.2745328
              ],
              [
                19.3797256,
                40.2753485
              ],
              [
                19.3752435,
                40.2775288
              ],
              [
                19.3740716,
                40.2783915
              ],
              [
                19.3734342,
                40.2792542
              ],
              [
                19.3727763,
                40.2797248
              ],
              [
                19.3676979,
                40.2837087
              ],
              [
                19.3659092,
                40.2855908
              ],
              [
                19.365313,
                40.2859045
              ],
              [
                19.3649018,
                40.2863593
              ],
              [
                19.3643878,
                40.2865632
              ],
              [
                19.3636065,
                40.2875042
              ],
              [
                19.3597823,
                40.2916916
              ],
              [
                19.3592888,
                40.2930246
              ],
              [
                19.358158,
                40.2943732
              ],
              [
                19.3580141,
                40.2947967
              ],
              [
                19.356945,
                40.2955023
              ],
              [
                19.3538199,
                40.2987483
              ],
              [
                19.3518666,
                40.3015081
              ],
              [
                19.350119,
                40.3061493
              ],
              [
                19.349749,
                40.3092694
              ],
              [
                19.3498929,
                40.3096613
              ],
              [
                19.3494611,
                40.3110096
              ],
              [
                19.3501602,
                40.3141765
              ],
              [
                19.3500574,
                40.3145528
              ],
              [
                19.3512704,
                40.3194596
              ],
              [
                19.3512293,
                40.3197731
              ],
              [
                19.3512704,
                40.3200239
              ],
              [
                19.351147,
                40.3203844
              ],
              [
                19.3516199,
                40.3222028
              ],
              [
                19.3505302,
                40.3233001
              ],
              [
                19.3489677,
                40.3285981
              ],
              [
                19.3481247,
                40.3303535
              ],
              [
                19.3471789,
                40.3347576
              ],
              [
                19.347364,
                40.3353375
              ],
              [
                19.3471789,
                40.3369831
              ],
              [
                19.3457808,
                40.3383936
              ],
              [
                19.3444239,
                40.3391928
              ],
              [
                19.3372895,
                40.3461976
              ],
              [
                19.3361587,
                40.3479212
              ],
              [
                19.3337326,
                40.3509924
              ],
              [
                19.3331569,
                40.3523555
              ],
              [
                19.3320878,
                40.353468
              ],
              [
                19.3320467,
                40.353891
              ],
              [
                19.3316766,
                40.3543297
              ],
              [
                19.331286,
                40.3550975
              ],
              [
                19.3309981,
                40.3556928
              ],
              [
                19.330628,
                40.3561629
              ],
              [
                19.3302374,
                40.3568052
              ],
              [
                19.3298879,
                40.3573222
              ],
              [
                19.3297028,
                40.3579803
              ],
              [
                19.3289832,
                40.3592806
              ],
              [
                19.3287365,
                40.359829
              ],
              [
                19.3286748,
                40.3603303
              ],
              [
                19.3284281,
                40.3607533
              ],
              [
                19.3281608,
                40.3610979
              ],
              [
                19.3279758,
                40.3616149
              ],
              [
                19.3274823,
                40.3622102
              ],
              [
                19.3260637,
                40.3634009
              ],
              [
                19.3225068,
                40.3677715
              ],
              [
                19.3223012,
                40.3683981
              ],
              [
                19.3215199,
                40.3691813
              ],
              [
                19.3212115,
                40.3700428
              ],
              [
                19.320862,
                40.3704031
              ],
              [
                19.3162565,
                40.3749769
              ],
              [
                19.3147762,
                40.3770914
              ],
              [
                19.3140566,
                40.3778745
              ],
              [
                19.3111782,
                40.3796444
              ],
              [
                19.309739,
                40.3810696
              ],
              [
                19.3091427,
                40.3813358
              ],
              [
                19.3085259,
                40.3818214
              ],
              [
                19.3066961,
                40.3834345
              ],
              [
                19.3060587,
                40.3842019
              ],
              [
                19.3049484,
                40.3851885
              ],
              [
                19.3041466,
                40.3860655
              ],
              [
                19.3031597,
                40.3874436
              ],
              [
                19.3026457,
                40.3876942
              ],
              [
                19.3020083,
                40.3883049
              ],
              [
                19.3010831,
                40.3886964
              ],
              [
                19.3004458,
                40.3892602
              ],
              [
                19.2993355,
                40.3903877
              ],
              [
                19.2989243,
                40.3907009
              ],
              [
                19.2983692,
                40.3911393
              ],
              [
                19.2976907,
                40.3915465
              ],
              [
                19.2965394,
                40.3920632
              ],
              [
                19.2956553,
                40.3928462
              ],
              [
                19.294874,
                40.3934882
              ],
              [
                19.2938665,
                40.3944121
              ],
              [
                19.2930236,
                40.3955238
              ],
              [
                19.2926124,
                40.3957117
              ],
              [
                19.2903919,
                40.3976064
              ],
              [
                19.2874929,
                40.4012545
              ],
              [
                19.2874929,
                40.4016929
              ],
              [
                19.2831753,
                40.4037909
              ],
              [
                19.2823323,
                40.4039475
              ],
              [
                19.2812426,
                40.4045111
              ],
              [
                19.2803174,
                40.4046051
              ],
              [
                19.2737587,
                40.408018
              ],
              [
                19.2714149,
                40.4104602
              ],
              [
                19.2694,
                40.4127771
              ],
              [
                19.2687832,
                40.4135911
              ],
              [
                19.2685159,
                40.4141077
              ],
              [
                19.2682692,
                40.4142956
              ],
              [
                19.2676935,
                40.4166436
              ],
              [
                19.2668505,
                40.4191012
              ],
              [
                19.2664805,
                40.4203221
              ],
              [
                19.2665833,
                40.4208699
              ],
              [
                19.2664599,
                40.4217152
              ],
              [
                19.2667683,
                40.4238908
              ],
              [
                19.267015,
                40.4256125
              ],
              [
                19.2673029,
                40.4263168
              ],
              [
                19.2677141,
                40.4276002
              ],
              [
                19.2682486,
                40.4288053
              ],
              [
                19.2686804,
                40.4296504
              ],
              [
                19.2711065,
                40.4326396
              ],
              [
                19.273327,
                40.4350809
              ],
              [
                19.2745195,
                40.4356755
              ],
              [
                19.2752802,
                40.4364736
              ],
              [
                19.277768,
                40.4380854
              ],
              [
                19.2797417,
                40.4390243
              ],
              [
                19.2824145,
                40.4404953
              ],
              [
                19.2844089,
                40.440996
              ],
              [
                19.2876368,
                40.4416845
              ],
              [
                19.2879863,
                40.4420757
              ],
              [
                19.2928385,
                40.4434839
              ],
              [
                19.3293327,
                40.454264
              ],
              [
                19.3310187,
                40.4536069
              ],
              [
                19.333013,
                40.4528716
              ],
              [
                19.3368989,
                40.4505561
              ],
              [
                19.3375362,
                40.45065
              ],
              [
                19.3391605,
                40.4504309
              ],
              [
                19.3435809,
                40.4497425
              ],
              [
                19.3471173,
                40.4493357
              ],
              [
                19.34942,
                40.4487881
              ],
              [
                19.3514966,
                40.4480997
              ],
              [
                19.3575618,
                40.4448765
              ],
              [
                19.357973,
                40.4444697
              ],
              [
                19.3609953,
                40.442905
              ],
              [
                19.363442,
                40.4406987
              ],
              [
                19.3666699,
                40.4381011
              ],
              [
                19.3690343,
                40.4366614
              ],
              [
                19.3722828,
                40.4345957
              ],
              [
                19.3735576,
                40.4336098
              ],
              [
                19.374894,
                40.43253
              ],
              [
                19.3764977,
                40.4305581
              ],
              [
                19.3784509,
                40.4286488
              ],
              [
                19.3798901,
                40.4268489
              ],
              [
                19.3817405,
                40.4260664
              ],
              [
                19.383447,
                40.4244699
              ],
              [
                19.3846806,
                40.4233117
              ],
              [
                19.3853796,
                40.422263
              ],
              [
                19.3862843,
                40.4221691
              ],
              [
                19.3933981,
                40.4185846
              ],
              [
                19.3785897,
                40.4063937
              ],
              [
                19.3779396,
                40.4066676
              ],
              [
                19.3757529,
                40.4073822
              ],
              [
                19.3750811,
                40.4075158
              ],
              [
                19.3739998,
                40.4073049
              ],
              [
                19.3735079,
                40.406919
              ],
              [
                19.3732708,
                40.4073547
              ],
              [
                19.3718466,
                40.4086358
              ],
              [
                19.3709027,
                40.4087458
              ],
              [
                19.3706835,
                40.4094521
              ],
              [
                19.3691747,
                40.4098483
              ],
              [
                19.3675885,
                40.4111855
              ],
              [
                19.3679196,
                40.4115916
              ],
              [
                19.3674853,
                40.4120938
              ],
              [
                19.3670779,
                40.4130263
              ],
              [
                19.3668807,
                40.4138196
              ],
              [
                19.3662196,
                40.4140393
              ],
              [
                19.3660212,
                40.4138636
              ],
              [
                19.3657368,
                40.4138106
              ],
              [
                19.3655974,
                40.4140556
              ],
              [
                19.3654633,
                40.4140924
              ],
              [
                19.3652701,
                40.4139045
              ],
              [
                19.3650448,
                40.413978
              ],
              [
                19.3649858,
                40.4137493
              ],
              [
                19.3638824,
                40.4139399
              ],
              [
                19.3623197,
                40.4158895
              ],
              [
                19.36225,
                40.4161713
              ],
              [
                19.3619388,
                40.4164204
              ],
              [
                19.3614936,
                40.416984
              ],
              [
                19.3612897,
                40.4175436
              ],
              [
                19.3603295,
                40.418973
              ],
              [
                19.3587046,
                40.4211053
              ],
              [
                19.3580872,
                40.4216888
              ],
              [
                19.357422,
                40.4221217
              ],
              [
                19.3572101,
                40.4221023
              ],
              [
                19.3568104,
                40.4222402
              ],
              [
                19.3562847,
                40.4221422
              ],
              [
                19.3558606,
                40.4222502
              ],
              [
                19.3558026,
                40.4232435
              ],
              [
                19.3544768,
                40.423952
              ],
              [
                19.3537313,
                40.4243311
              ],
              [
                19.3534323,
                40.424688
              ],
              [
                19.3532807,
                40.4247272
              ],
              [
                19.3531036,
                40.4246373
              ],
              [
                19.352712,
                40.4246333
              ],
              [
                19.3522157,
                40.4247104
              ],
              [
                19.3522882,
                40.4253561
              ],
              [
                19.3514352,
                40.4256571
              ],
              [
                19.3508762,
                40.4256068
              ],
              [
                19.3500888,
                40.4269405
              ],
              [
                19.349387,
                40.4274453
              ],
              [
                19.3490803,
                40.4279614
              ],
              [
                19.3484568,
                40.4283256
              ],
              [
                19.3470461,
                40.4290429
              ],
              [
                19.3460866,
                40.430455
              ],
              [
                19.3457265,
                40.430706
              ],
              [
                19.345249,
                40.4308203
              ],
              [
                19.3443812,
                40.4308311
              ],
              [
                19.3430578,
                40.4321039
              ],
              [
                19.342796,
                40.4324088
              ],
              [
                19.3422018,
                40.4327341
              ],
              [
                19.3410916,
                40.4331825
              ],
              [
                19.3403942,
                40.4331151
              ],
              [
                19.3400509,
                40.4331886
              ],
              [
                19.339611,
                40.4334499
              ],
              [
                19.3394474,
                40.4335194
              ],
              [
                19.3392731,
                40.4334683
              ],
              [
                19.3391819,
                40.433354
              ],
              [
                19.3387742,
                40.4332846
              ],
              [
                19.3379239,
                40.4335888
              ],
              [
                19.3373894,
                40.4335695
              ],
              [
                19.336651,
                40.4330389
              ],
              [
                19.3364692,
                40.4328911
              ],
              [
                19.336261,
                40.4324302
              ],
              [
                19.3362308,
                40.432165
              ],
              [
                19.3362543,
                40.4321509
              ],
              [
                19.3362449,
                40.4321122
              ],
              [
                19.3361805,
                40.4320917
              ],
              [
                19.3360665,
                40.4320478
              ],
              [
                19.3359579,
                40.4320468
              ],
              [
                19.3358238,
                40.4320815
              ],
              [
                19.3357996,
                40.4321581
              ],
              [
                19.3357299,
                40.4321805
              ],
              [
                19.3355033,
                40.4323796
              ],
              [
                19.3353544,
                40.4324531
              ],
              [
                19.3353289,
                40.4324786
              ],
              [
                19.3353343,
                40.4325184
              ],
              [
                19.3352981,
                40.4325327
              ],
              [
                19.3352552,
                40.4325317
              ],
              [
                19.3352417,
                40.4325215
              ],
              [
                19.3352189,
                40.432498
              ],
              [
                19.3350728,
                40.432449
              ],
              [
                19.3350312,
                40.4324102
              ],
              [
                19.3349493,
                40.4322993
              ],
              [
                19.334885,
                40.4321673
              ],
              [
                19.3348944,
                40.4321162
              ],
              [
                19.3349205,
                40.432083
              ],
              [
                19.3349789,
                40.432005
              ],
              [
                19.3350741,
                40.4319172
              ],
              [
                19.3352324,
                40.4318467
              ],
              [
                19.3353343,
                40.4317845
              ],
              [
                19.335522,
                40.4316783
              ],
              [
                19.3356458,
                40.4315567
              ],
              [
                19.3354456,
                40.4312781
              ],
              [
                19.335172,
                40.4310168
              ],
              [
                19.3347643,
                40.4308331
              ],
              [
                19.334357,
                40.4306951
              ],
              [
                19.3342084,
                40.4307233
              ],
              [
                19.3341896,
                40.4307907
              ],
              [
                19.334128,
                40.4308377
              ],
              [
                19.3339027,
                40.4307478
              ],
              [
                19.3337337,
                40.4306274
              ],
              [
                19.3331624,
                40.4306233
              ],
              [
                19.3325937,
                40.4306172
              ],
              [
                19.3320895,
                40.4307764
              ],
              [
                19.3317006,
                40.4308519
              ],
              [
                19.3312821,
                40.4308744
              ],
              [
                19.3309191,
                40.4309128
              ],
              [
                19.3308905,
                40.4310234
              ],
              [
                19.3307832,
                40.431099
              ],
              [
                19.3306357,
                40.4311133
              ],
              [
                19.3305338,
                40.4310949
              ],
              [
                19.3298803,
                40.4310847
              ],
              [
                19.3295253,
                40.4313093
              ],
              [
                19.329123,
                40.4317646
              ],
              [
                19.3287448,
                40.4320463
              ],
              [
                19.3287984,
                40.4320851
              ],
              [
                19.3285186,
                40.4323249
              ],
              [
                19.3284685,
                40.4322995
              ],
              [
                19.3281627,
                40.4325057
              ],
              [
                19.3277472,
                40.4327311
              ],
              [
                19.3275807,
                40.432816
              ],
              [
                19.3273232,
                40.4332856
              ],
              [
                19.3271167,
                40.4334652
              ],
              [
                19.3269209,
                40.4335224
              ],
              [
                19.3268525,
                40.433599
              ],
              [
                19.3267385,
                40.4337266
              ],
              [
                19.326827,
                40.433845
              ],
              [
                19.3268136,
                40.433945
              ],
              [
                19.3264542,
                40.4341165
              ],
              [
                19.3262369,
                40.4343717
              ],
              [
                19.326143,
                40.4343696
              ],
              [
                19.325966,
                40.4345391
              ],
              [
                19.3260035,
                40.4345881
              ],
              [
                19.3261214,
                40.4346326
              ],
              [
                19.3261162,
                40.4346595
              ],
              [
                19.3259782,
                40.43491
              ],
              [
                19.3259248,
                40.4350442
              ],
              [
                19.3259081,
                40.4351593
              ],
              [
                19.3258181,
                40.435269
              ],
              [
                19.3256868,
                40.435379
              ],
              [
                19.325479,
                40.4354909
              ],
              [
                19.3253229,
                40.4355451
              ],
              [
                19.3250937,
                40.4355692
              ],
              [
                19.3249925,
                40.4355525
              ],
              [
                19.3249111,
                40.4355554
              ],
              [
                19.3248241,
                40.4355884
              ],
              [
                19.3246358,
                40.4356884
              ],
              [
                19.3244086,
                40.4358276
              ],
              [
                19.3242226,
                40.4359795
              ],
              [
                19.3234801,
                40.4367212
              ],
              [
                19.3227184,
                40.4374333
              ],
              [
                19.3221481,
                40.4379108
              ],
              [
                19.321794,
                40.4381582
              ],
              [
                19.3210326,
                40.4385844
              ],
              [
                19.320804,
                40.4386532
              ],
              [
                19.3205622,
                40.4386734
              ],
              [
                19.3202541,
                40.4387039
              ],
              [
                19.3199998,
                40.4386901
              ],
              [
                19.3197649,
                40.438645
              ],
              [
                19.3195656,
                40.4385732
              ],
              [
                19.3192736,
                40.4384024
              ],
              [
                19.3183863,
                40.4379094
              ],
              [
                19.3181098,
                40.4378688
              ],
              [
                19.3177209,
                40.4377361
              ],
              [
                19.3174097,
                40.437732
              ],
              [
                19.3172247,
                40.4377708
              ],
              [
                19.3171067,
                40.4377647
              ],
              [
                19.3166614,
                40.4375728
              ],
              [
                19.3163117,
                40.4373553
              ],
              [
                19.3160633,
                40.4370767
              ],
              [
                19.3159801,
                40.4369379
              ],
              [
                19.3158138,
                40.4368664
              ],
              [
                19.3155832,
                40.4368868
              ],
              [
                19.315268,
                40.436751
              ],
              [
                19.3146813,
                40.4365709
              ],
              [
                19.3142742,
                40.4362683
              ],
              [
                19.3138478,
                40.4360702
              ],
              [
                19.3134851,
                40.4359959
              ],
              [
                19.3129841,
                40.4356926
              ],
              [
                19.3126944,
                40.4353312
              ],
              [
                19.3123726,
                40.4352128
              ],
              [
                19.3120507,
                40.4350032
              ],
              [
                19.3116976,
                40.4346589
              ],
              [
                19.3105584,
                40.4341103
              ],
              [
                19.310134,
                40.4336879
              ],
              [
                19.3100954,
                40.4335122
              ],
              [
                19.3099613,
                40.4333979
              ],
              [
                19.3099532,
                40.4332386
              ],
              [
                19.3098513,
                40.4331529
              ],
              [
                19.3097038,
                40.4333938
              ],
              [
                19.3094436,
                40.433649
              ],
              [
                19.3092129,
                40.433751
              ],
              [
                19.3088079,
                40.4338
              ],
              [
                19.3084056,
                40.4337755
              ],
              [
                19.3081239,
                40.4336816
              ],
              [
                19.3078021,
                40.4335571
              ],
              [
                19.3069574,
                40.4331225
              ],
              [
                19.3064566,
                40.4327291
              ],
              [
                19.3058723,
                40.4321098
              ],
              [
                19.3056466,
                40.4318593
              ],
              [
                19.3056144,
                40.4316838
              ],
              [
                19.3057968,
                40.4311488
              ],
              [
                19.3059255,
                40.4309406
              ],
              [
                19.3063386,
                40.4306507
              ],
              [
                19.3064191,
                40.4304057
              ],
              [
                19.3066497,
                40.4301239
              ],
              [
                19.3067409,
                40.430079
              ],
              [
                19.3068375,
                40.4300627
              ],
              [
                19.3069072,
                40.4299647
              ],
              [
                19.3068643,
                40.4298789
              ],
              [
                19.3067248,
                40.4298483
              ],
              [
                19.3065496,
                40.4299055
              ],
              [
                19.306301,
                40.4301852
              ],
              [
                19.3060221,
                40.4304179
              ],
              [
                19.3057968,
                40.4305037
              ],
              [
                19.3056359,
                40.4304873
              ],
              [
                19.3055393,
                40.4303771
              ],
              [
                19.3054754,
                40.4302408
              ],
              [
                19.3054642,
                40.4295237
              ],
              [
                19.305432,
                40.4292827
              ],
              [
                19.3053623,
                40.4291072
              ],
              [
                19.3054642,
                40.4287886
              ],
              [
                19.3056627,
                40.4285681
              ],
              [
                19.3054159,
                40.4286621
              ],
              [
                19.3051906,
                40.4288703
              ],
              [
                19.3050511,
                40.4288826
              ],
              [
                19.3049385,
                40.4287805
              ],
              [
                19.3046971,
                40.4280495
              ],
              [
                19.3044101,
                40.4276438
              ],
              [
                19.3039997,
                40.4272573
              ],
              [
                19.3037529,
                40.4272247
              ],
              [
                19.3034955,
                40.4273023
              ],
              [
                19.3029912,
                40.427339
              ],
              [
                19.3020377,
                40.4271612
              ],
              [
                19.300883,
                40.4268939
              ],
              [
                19.3004592,
                40.4267183
              ],
              [
                19.3003439,
                40.4265978
              ],
              [
                19.3002985,
                40.4264139
              ],
              [
                19.3003975,
                40.4260629
              ],
              [
                19.300596,
                40.4258138
              ],
              [
                19.3011056,
                40.4254503
              ],
              [
                19.3010144,
                40.4253237
              ],
              [
                19.3008964,
                40.4253319
              ],
              [
                19.3005615,
                40.4251971
              ],
              [
                19.3004512,
                40.424997
              ],
              [
                19.3005015,
                40.4240969
              ],
              [
                19.300199,
                40.424458
              ],
              [
                19.2999028,
                40.424674
              ],
              [
                19.2998108,
                40.4247326
              ],
              [
                19.2997699,
                40.4247326
              ],
              [
                19.2997471,
                40.4247081
              ],
              [
                19.2997323,
                40.4246805
              ],
              [
                19.2997672,
                40.4245356
              ],
              [
                19.2997216,
                40.4244988
              ],
              [
                19.2996411,
                40.4244866
              ],
              [
                19.2994158,
                40.4246908
              ],
              [
                19.2994581,
                40.4247306
              ],
              [
                19.2993461,
                40.4249848
              ],
              [
                19.2991852,
                40.4250787
              ],
              [
                19.2982075,
                40.4252905
              ],
              [
                19.2976227,
                40.4253474
              ],
              [
                19.2968409,
                40.4252053
              ],
              [
                19.2965727,
                40.4248786
              ],
              [
                19.2965298,
                40.4247724
              ],
              [
                19.2967276,
                40.424582
              ],
              [
                19.2966967,
                40.4244911
              ],
              [
                19.2965921,
                40.4245238
              ],
              [
                19.2964915,
                40.4245044
              ],
              [
                19.2962609,
                40.4242186
              ],
              [
                19.2962528,
                40.4241103
              ],
              [
                19.2961294,
                40.4240338
              ],
              [
                19.2960878,
                40.4239725
              ],
              [
                19.2959503,
                40.4239655
              ],
              [
                19.295593,
                40.424145
              ],
              [
                19.2954683,
                40.4241542
              ],
              [
                19.2951931,
                40.4242971
              ],
              [
                19.2937744,
                40.4248229
              ],
              [
                19.2931767,
                40.4249595
              ],
              [
                19.292882,
                40.4251155
              ],
              [
                19.2925923,
                40.4251236
              ],
              [
                19.2922168,
                40.4250501
              ],
              [
                19.2917984,
                40.4250175
              ],
              [
                19.2912512,
                40.4247643
              ],
              [
                19.2909998,
                40.4244397
              ],
              [
                19.2900397,
                40.4235282
              ],
              [
                19.2895216,
                40.4233651
              ],
              [
                19.2890732,
                40.4230327
              ],
              [
                19.2887108,
                40.4221982
              ],
              [
                19.2886555,
                40.421851
              ],
              [
                19.2888701,
                40.4208994
              ],
              [
                19.2890075,
                40.4203359
              ],
              [
                19.2894302,
                40.4199139
              ]
            ]
          ],
          [
            [
              [
                19.2758168,
                40.5102235
              ],
              [
                19.2758035,
                40.5102875
              ],
              [
                19.275617,
                40.51049
              ],
              [
                19.2755055,
                40.5105499
              ],
              [
                19.2752073,
                40.5107489
              ],
              [
                19.2747698,
                40.5109804
              ],
              [
                19.2744019,
                40.5111094
              ],
              [
                19.2739641,
                40.5113563
              ],
              [
                19.2737247,
                40.5114709
              ],
              [
                19.2731975,
                40.5115818
              ],
              [
                19.2730745,
                40.5115847
              ],
              [
                19.272914,
                40.5114653
              ],
              [
                19.2728125,
                40.5114886
              ],
              [
                19.2727859,
                40.5115648
              ],
              [
                19.2725917,
                40.5120249
              ],
              [
                19.2723284,
                40.5123115
              ],
              [
                19.2720653,
                40.5124802
              ],
              [
                19.2720409,
                40.5125654
              ],
              [
                19.2717747,
                40.5127604
              ],
              [
                19.2715596,
                40.512938
              ],
              [
                19.2711903,
                40.5133701
              ],
              [
                19.2708676,
                40.5138372
              ],
              [
                19.2705386,
                40.5140455
              ],
              [
                19.2702723,
                40.514206
              ],
              [
                19.2701361,
                40.5142757
              ],
              [
                19.2699001,
                40.514331
              ],
              [
                19.2697817,
                40.5142655
              ],
              [
                19.269322,
                40.5140965
              ],
              [
                19.2689382,
                40.514044
              ],
              [
                19.2688486,
                40.5139441
              ],
              [
                19.2685399,
                40.5135971
              ],
              [
                19.2681907,
                40.5136498
              ],
              [
                19.267014,
                40.5130696
              ],
              [
                19.2665316,
                40.5128924
              ],
              [
                19.2660588,
                40.512657
              ],
              [
                19.2657571,
                40.5124496
              ],
              [
                19.2657227,
                40.5121965
              ],
              [
                19.2657307,
                40.5118875
              ],
              [
                19.2657249,
                40.5117214
              ],
              [
                19.2657197,
                40.5115727
              ],
              [
                19.2657131,
                40.5113828
              ],
              [
                19.265728,
                40.5111355
              ],
              [
                19.2658001,
                40.5109558
              ],
              [
                19.2658818,
                40.5106675
              ],
              [
                19.2659028,
                40.5104721
              ],
              [
                19.2659662,
                40.5098834
              ],
              [
                19.2659807,
                40.5097478
              ],
              [
                19.2659935,
                40.5096286
              ],
              [
                19.2659202,
                40.5091844
              ],
              [
                19.2659425,
                40.5091373
              ],
              [
                19.2660336,
                40.5090646
              ],
              [
                19.2661434,
                40.5088309
              ],
              [
                19.2657405,
                40.5088076
              ],
              [
                19.2656921,
                40.5087515
              ],
              [
                19.2654617,
                40.508671
              ],
              [
                19.2654065,
                40.508577
              ],
              [
                19.2655283,
                40.508482
              ],
              [
                19.2655537,
                40.5083463
              ],
              [
                19.2656559,
                40.5082294
              ],
              [
                19.265576,
                40.508179
              ],
              [
                19.2654801,
                40.5082387
              ],
              [
                19.2654142,
                40.5082056
              ],
              [
                19.2653912,
                40.5080013
              ],
              [
                19.2654058,
                40.5078865
              ],
              [
                19.2652448,
                40.5076727
              ],
              [
                19.2652657,
                40.507602
              ],
              [
                19.2653134,
                40.5075353
              ],
              [
                19.2654313,
                40.5073651
              ],
              [
                19.2654317,
                40.5072299
              ],
              [
                19.2653315,
                40.5071744
              ],
              [
                19.2650518,
                40.5071088
              ],
              [
                19.2648969,
                40.5071017
              ],
              [
                19.2647153,
                40.5071924
              ],
              [
                19.2646114,
                40.5071243
              ],
              [
                19.2646923,
                40.5069482
              ],
              [
                19.2645378,
                40.5067391
              ],
              [
                19.2644163,
                40.5067707
              ],
              [
                19.2643256,
                40.5067178
              ],
              [
                19.2641667,
                40.5066603
              ],
              [
                19.2642134,
                40.5065425
              ],
              [
                19.2642835,
                40.5062839
              ],
              [
                19.2643087,
                40.5061926
              ],
              [
                19.2642429,
                40.5060869
              ],
              [
                19.2642934,
                40.5059681
              ],
              [
                19.2642035,
                40.50592
              ],
              [
                19.2641372,
                40.5058318
              ],
              [
                19.2640783,
                40.5056896
              ],
              [
                19.2640684,
                40.5056655
              ],
              [
                19.2640546,
                40.5056322
              ],
              [
                19.2640763,
                40.505521
              ],
              [
                19.2639979,
                40.5054077
              ],
              [
                19.2641049,
                40.5054005
              ],
              [
                19.264191,
                40.5054416
              ],
              [
                19.2642495,
                40.5053775
              ],
              [
                19.2643378,
                40.5052807
              ],
              [
                19.2643849,
                40.5051492
              ],
              [
                19.26445,
                40.5048994
              ],
              [
                19.2643408,
                40.5048206
              ],
              [
                19.2643698,
                40.5047353
              ],
              [
                19.2642807,
                40.5045277
              ],
              [
                19.2642891,
                40.5044741
              ],
              [
                19.2644201,
                40.5044494
              ],
              [
                19.264526,
                40.5044547
              ],
              [
                19.2646338,
                40.5044617
              ],
              [
                19.2647337,
                40.5044326
              ],
              [
                19.2648878,
                40.5044764
              ],
              [
                19.2649562,
                40.5044571
              ],
              [
                19.2650004,
                40.5044012
              ],
              [
                19.2650447,
                40.5042944
              ],
              [
                19.2650926,
                40.5042124
              ],
              [
                19.2652424,
                40.5041609
              ],
              [
                19.2652181,
                40.5041133
              ],
              [
                19.2651001,
                40.5040403
              ],
              [
                19.2649953,
                40.5039806
              ],
              [
                19.2649151,
                40.5039493
              ],
              [
                19.2645402,
                40.5040097
              ],
              [
                19.2644211,
                40.5039304
              ],
              [
                19.2641867,
                40.5039073
              ],
              [
                19.2641122,
                40.5038007
              ],
              [
                19.2640765,
                40.5034635
              ],
              [
                19.2640758,
                40.5031469
              ],
              [
                19.2641494,
                40.503094
              ],
              [
                19.264148,
                40.502982
              ],
              [
                19.264101,
                40.5029129
              ],
              [
                19.2640097,
                40.5028031
              ],
              [
                19.2639861,
                40.5027576
              ],
              [
                19.2640028,
                40.5027184
              ],
              [
                19.2641802,
                40.5024752
              ],
              [
                19.2642049,
                40.5024095
              ],
              [
                19.2642329,
                40.5022854
              ],
              [
                19.2643224,
                40.5021695
              ],
              [
                19.2643648,
                40.5019856
              ],
              [
                19.2644838,
                40.5018682
              ],
              [
                19.2645901,
                40.5018258
              ],
              [
                19.2647071,
                40.5017507
              ],
              [
                19.2648026,
                40.5017534
              ],
              [
                19.2649062,
                40.5016971
              ],
              [
                19.265049,
                40.5016903
              ],
              [
                19.2652461,
                40.5016341
              ],
              [
                19.2655593,
                40.501674
              ],
              [
                19.2657371,
                40.5016476
              ],
              [
                19.2655925,
                40.5015412
              ],
              [
                19.2654481,
                40.5014428
              ],
              [
                19.2653862,
                40.5012009
              ],
              [
                19.265353,
                40.5009447
              ],
              [
                19.2654808,
                40.5008886
              ],
              [
                19.2654405,
                40.5007259
              ],
              [
                19.2653036,
                40.5005957
              ],
              [
                19.2652551,
                40.5003517
              ],
              [
                19.2656372,
                40.4994195
              ],
              [
                19.2657971,
                40.4992565
              ],
              [
                19.2659022,
                40.4990594
              ],
              [
                19.2661038,
                40.4986808
              ],
              [
                19.2663565,
                40.4983069
              ],
              [
                19.2664019,
                40.4981258
              ],
              [
                19.2665452,
                40.4980903
              ],
              [
                19.2666241,
                40.4981037
              ],
              [
                19.2667928,
                40.4979937
              ],
              [
                19.2669013,
                40.498055
              ],
              [
                19.266983,
                40.4980632
              ],
              [
                19.2670413,
                40.4980733
              ],
              [
                19.2670138,
                40.4981448
              ],
              [
                19.267082,
                40.4982549
              ],
              [
                19.2671744,
                40.4982509
              ],
              [
                19.267224,
                40.4981979
              ],
              [
                19.2674238,
                40.4982006
              ],
              [
                19.2674388,
                40.4981687
              ],
              [
                19.2674296,
                40.4980979
              ],
              [
                19.2673041,
                40.4979444
              ],
              [
                19.267325,
                40.4978165
              ],
              [
                19.2670725,
                40.4975785
              ],
              [
                19.2671965,
                40.4972139
              ],
              [
                19.2671302,
                40.4969839
              ],
              [
                19.26697,
                40.4970309
              ],
              [
                19.2669091,
                40.4969922
              ],
              [
                19.2669793,
                40.4968914
              ],
              [
                19.2672879,
                40.4966906
              ],
              [
                19.2673377,
                40.4965727
              ],
              [
                19.2673659,
                40.4964057
              ],
              [
                19.2674648,
                40.4962848
              ],
              [
                19.2675905,
                40.4961415
              ],
              [
                19.2676,
                40.4959324
              ],
              [
                19.2677022,
                40.4957594
              ],
              [
                19.2676704,
                40.4956556
              ],
              [
                19.2676015,
                40.4956111
              ],
              [
                19.2676136,
                40.4954687
              ],
              [
                19.2676419,
                40.4952569
              ],
              [
                19.2676152,
                40.4950226
              ],
              [
                19.2675188,
                40.4948189
              ],
              [
                19.2676142,
                40.4944205
              ],
              [
                19.2677135,
                40.494006
              ],
              [
                19.2684289,
                40.4927781
              ],
              [
                19.2687275,
                40.4926633
              ],
              [
                19.268972,
                40.4926278
              ],
              [
                19.2692908,
                40.4923982
              ],
              [
                19.2696753,
                40.4923643
              ],
              [
                19.2698521,
                40.492286
              ],
              [
                19.269988,
                40.4923256
              ],
              [
                19.2702606,
                40.4923171
              ],
              [
                19.2704396,
                40.4923983
              ],
              [
                19.2706205,
                40.4924057
              ],
              [
                19.2708121,
                40.4924171
              ],
              [
                19.2709577,
                40.4923935
              ],
              [
                19.2714294,
                40.4921326
              ],
              [
                19.2715165,
                40.4920745
              ],
              [
                19.2715493,
                40.4921126
              ],
              [
                19.2716442,
                40.4920758
              ],
              [
                19.271667,
                40.4920287
              ],
              [
                19.2717006,
                40.4920387
              ],
              [
                19.2718178,
                40.4919633
              ],
              [
                19.2716448,
                40.4919029
              ],
              [
                19.2716712,
                40.4918497
              ],
              [
                19.2717185,
                40.4917776
              ],
              [
                19.2718247,
                40.4917095
              ],
              [
                19.2720629,
                40.4915013
              ],
              [
                19.2721846,
                40.4915219
              ],
              [
                19.2722942,
                40.4915415
              ],
              [
                19.2722654,
                40.4916327
              ],
              [
                19.2723453,
                40.491619
              ],
              [
                19.2723253,
                40.4917179
              ],
              [
                19.272411,
                40.4917011
              ],
              [
                19.2724956,
                40.4916282
              ],
              [
                19.2725584,
                40.4914857
              ],
              [
                19.27268,
                40.4913598
              ],
              [
                19.2726929,
                40.4913978
              ],
              [
                19.2727081,
                40.4915311
              ],
              [
                19.272684,
                40.491575
              ],
              [
                19.2725464,
                40.4916986
              ],
              [
                19.272618,
                40.4917297
              ],
              [
                19.2727831,
                40.4916641
              ],
              [
                19.2728479,
                40.4916565
              ],
              [
                19.2728536,
                40.4917026
              ],
              [
                19.2728927,
                40.491686
              ],
              [
                19.2729103,
                40.4916957
              ],
              [
                19.2728932,
                40.4917408
              ],
              [
                19.2728666,
                40.4917563
              ],
              [
                19.2728994,
                40.4917739
              ],
              [
                19.2729231,
                40.4917831
              ],
              [
                19.2729466,
                40.4917908
              ],
              [
                19.2729704,
                40.4917844
              ],
              [
                19.2729883,
                40.4917548
              ],
              [
                19.2730321,
                40.4916506
              ],
              [
                19.273068,
                40.4914448
              ],
              [
                19.273054,
                40.4912274
              ],
              [
                19.2731581,
                40.4911413
              ],
              [
                19.2731144,
                40.4907619
              ],
              [
                19.2731273,
                40.4904786
              ],
              [
                19.2731936,
                40.4902766
              ],
              [
                19.2733309,
                40.4900383
              ],
              [
                19.2734093,
                40.4899774
              ],
              [
                19.2736189,
                40.4901253
              ],
              [
                19.2736064,
                40.4902739
              ],
              [
                19.2737555,
                40.4903584
              ],
              [
                19.2737921,
                40.4905162
              ],
              [
                19.2739967,
                40.4905018
              ],
              [
                19.2741262,
                40.4906912
              ],
              [
                19.2741981,
                40.4905777
              ],
              [
                19.2743022,
                40.4905782
              ],
              [
                19.2744567,
                40.4909135
              ],
              [
                19.2745469,
                40.490931
              ],
              [
                19.2745144,
                40.4907386
              ],
              [
                19.2746195,
                40.4905972
              ],
              [
                19.2743974,
                40.4901473
              ],
              [
                19.2743215,
                40.4899002
              ],
              [
                19.2743226,
                40.4895809
              ],
              [
                19.2743409,
                40.4892813
              ],
              [
                19.2744612,
                40.4889858
              ],
              [
                19.274577,
                40.4886574
              ],
              [
                19.2746471,
                40.4883595
              ],
              [
                19.2747943,
                40.4881698
              ],
              [
                19.2748772,
                40.4874421
              ],
              [
                19.2750857,
                40.4864663
              ],
              [
                19.2754979,
                40.4859334
              ],
              [
                19.2757206,
                40.4855974
              ],
              [
                19.2760047,
                40.4850797
              ],
              [
                19.2762244,
                40.4847576
              ],
              [
                19.2764123,
                40.4846538
              ],
              [
                19.2766215,
                40.4845459
              ],
              [
                19.2767154,
                40.4845163
              ],
              [
                19.2768038,
                40.4845396
              ],
              [
                19.2768956,
                40.4845224
              ],
              [
                19.2769605,
                40.484334
              ],
              [
                19.276933,
                40.4842893
              ],
              [
                19.2768976,
                40.4842507
              ],
              [
                19.2766967,
                40.4842308
              ],
              [
                19.2763806,
                40.4843378
              ],
              [
                19.2761919,
                40.4844526
              ],
              [
                19.2761376,
                40.4844508
              ],
              [
                19.2760996,
                40.4843839
              ],
              [
                19.2761004,
                40.484279
              ],
              [
                19.2761529,
                40.4840113
              ],
              [
                19.2761859,
                40.4838107
              ],
              [
                19.2763007,
                40.4836119
              ],
              [
                19.2763701,
                40.4830716
              ],
              [
                19.2766195,
                40.4825461
              ],
              [
                19.2769039,
                40.4820624
              ],
              [
                19.2770406,
                40.4817654
              ],
              [
                19.277148,
                40.4814848
              ],
              [
                19.2772845,
                40.4811864
              ],
              [
                19.2775121,
                40.4808961
              ],
              [
                19.2777698,
                40.4806131
              ],
              [
                19.2782832,
                40.4803491
              ],
              [
                19.2783766,
                40.4800997
              ],
              [
                19.2783843,
                40.4798665
              ],
              [
                19.2785632,
                40.4796269
              ],
              [
                19.2788613,
                40.4794712
              ],
              [
                19.2790756,
                40.4792683
              ],
              [
                19.2791372,
                40.4790042
              ],
              [
                19.2792692,
                40.4790926
              ],
              [
                19.2793824,
                40.478969
              ],
              [
                19.2793525,
                40.4789307
              ],
              [
                19.2795157,
                40.4788535
              ],
              [
                19.279654,
                40.4787184
              ],
              [
                19.279681,
                40.4786528
              ],
              [
                19.2796569,
                40.4786242
              ],
              [
                19.2795954,
                40.4786199
              ],
              [
                19.2791693,
                40.4788578
              ],
              [
                19.2791822,
                40.478933
              ],
              [
                19.2790538,
                40.4788732
              ],
              [
                19.2789911,
                40.4788467
              ],
              [
                19.2789326,
                40.4787444
              ],
              [
                19.2788955,
                40.4786031
              ],
              [
                19.2788406,
                40.4783755
              ],
              [
                19.2787921,
                40.4783397
              ],
              [
                19.2786812,
                40.4782359
              ],
              [
                19.2786282,
                40.4781117
              ],
              [
                19.2786406,
                40.4780546
              ],
              [
                19.2787798,
                40.4779875
              ],
              [
                19.2787233,
                40.4778846
              ],
              [
                19.2787313,
                40.4778184
              ],
              [
                19.2787754,
                40.4777925
              ],
              [
                19.2787945,
                40.4778309
              ],
              [
                19.2788055,
                40.4778753
              ],
              [
                19.2788408,
                40.4778318
              ],
              [
                19.2788288,
                40.4776876
              ],
              [
                19.2789326,
                40.4776835
              ],
              [
                19.2789539,
                40.4776525
              ],
              [
                19.2789592,
                40.4776
              ],
              [
                19.2790202,
                40.4775173
              ],
              [
                19.2790926,
                40.477497
              ],
              [
                19.2791741,
                40.4775339
              ],
              [
                19.27924,
                40.4774228
              ],
              [
                19.2792058,
                40.477219
              ],
              [
                19.2792799,
                40.4771211
              ],
              [
                19.2794088,
                40.477013
              ],
              [
                19.2794,
                40.4769671
              ],
              [
                19.279315,
                40.476943
              ],
              [
                19.2792252,
                40.4769176
              ],
              [
                19.2791132,
                40.4769604
              ],
              [
                19.2790353,
                40.4768837
              ],
              [
                19.2790638,
                40.4767771
              ],
              [
                19.2789703,
                40.4767671
              ],
              [
                19.2789064,
                40.4768121
              ],
              [
                19.278892,
                40.4768783
              ],
              [
                19.2789389,
                40.4769177
              ],
              [
                19.2786813,
                40.4770049
              ],
              [
                19.2785759,
                40.4770024
              ],
              [
                19.278569,
                40.4769256
              ],
              [
                19.278514,
                40.4768936
              ],
              [
                19.2785627,
                40.4768447
              ],
              [
                19.2785769,
                40.4767652
              ],
              [
                19.2785538,
                40.4767168
              ],
              [
                19.2785946,
                40.4766736
              ],
              [
                19.2786583,
                40.4767168
              ],
              [
                19.2787468,
                40.4766831
              ],
              [
                19.2786381,
                40.4765957
              ],
              [
                19.2787163,
                40.4765116
              ],
              [
                19.2786132,
                40.4764939
              ],
              [
                19.278584,
                40.4764397
              ],
              [
                19.2786458,
                40.4764137
              ],
              [
                19.2788203,
                40.4763966
              ],
              [
                19.278876,
                40.4762294
              ],
              [
                19.2790902,
                40.4760745
              ],
              [
                19.2791695,
                40.4758975
              ],
              [
                19.2790821,
                40.4757847
              ],
              [
                19.2796968,
                40.4753356
              ],
              [
                19.2804923,
                40.4747369
              ],
              [
                19.2807903,
                40.4746183
              ],
              [
                19.2809977,
                40.4744512
              ],
              [
                19.2812019,
                40.4743833
              ],
              [
                19.2813957,
                40.4743709
              ],
              [
                19.2814931,
                40.4743256
              ],
              [
                19.2815229,
                40.4743498
              ],
              [
                19.2814886,
                40.4744147
              ],
              [
                19.2812729,
                40.4745579
              ],
              [
                19.2811526,
                40.4746944
              ],
              [
                19.2811842,
                40.4747402
              ],
              [
                19.2812591,
                40.4747266
              ],
              [
                19.2813322,
                40.4746731
              ],
              [
                19.2814194,
                40.4745827
              ],
              [
                19.2816207,
                40.4745078
              ],
              [
                19.2818895,
                40.4745373
              ],
              [
                19.2820292,
                40.4744583
              ],
              [
                19.282665,
                40.4743972
              ],
              [
                19.2832739,
                40.474222
              ],
              [
                19.283634,
                40.4742258
              ],
              [
                19.2838375,
                40.4742823
              ],
              [
                19.2839313,
                40.4742661
              ],
              [
                19.2839759,
                40.4742147
              ],
              [
                19.2848188,
                40.4739287
              ],
              [
                19.2852754,
                40.4738143
              ],
              [
                19.2853723,
                40.473814
              ],
              [
                19.2855067,
                40.4739153
              ],
              [
                19.2857797,
                40.4738829
              ],
              [
                19.2860212,
                40.4738865
              ],
              [
                19.2860218,
                40.4739377
              ],
              [
                19.2861409,
                40.4739125
              ],
              [
                19.286263,
                40.4738639
              ],
              [
                19.2863234,
                40.4738969
              ],
              [
                19.2864272,
                40.473987
              ],
              [
                19.2865041,
                40.4741219
              ],
              [
                19.2864997,
                40.4741719
              ],
              [
                19.2866431,
                40.4742042
              ],
              [
                19.2867137,
                40.4743185
              ],
              [
                19.2867759,
                40.4743483
              ],
              [
                19.2867733,
                40.4744563
              ],
              [
                19.2868059,
                40.4744975
              ],
              [
                19.2868916,
                40.4746045
              ],
              [
                19.286943,
                40.474659
              ],
              [
                19.2869711,
                40.4745722
              ],
              [
                19.2870687,
                40.4745036
              ],
              [
                19.2873469,
                40.4746915
              ],
              [
                19.2875432,
                40.4748641
              ],
              [
                19.2876826,
                40.4750377
              ],
              [
                19.2877355,
                40.4751637
              ],
              [
                19.2878158,
                40.4752328
              ],
              [
                19.2879045,
                40.4753068
              ],
              [
                19.2880217,
                40.4754374
              ],
              [
                19.2879989,
                40.4754928
              ],
              [
                19.2880308,
                40.4755911
              ],
              [
                19.2880698,
                40.4756086
              ],
              [
                19.2880809,
                40.4757008
              ],
              [
                19.2882167,
                40.475847
              ],
              [
                19.2882816,
                40.4759094
              ],
              [
                19.2883548,
                40.475886
              ],
              [
                19.2884262,
                40.4757931
              ],
              [
                19.2885034,
                40.4759358
              ],
              [
                19.2885763,
                40.476004
              ],
              [
                19.288569,
                40.4761472
              ],
              [
                19.2886215,
                40.4762864
              ],
              [
                19.2885977,
                40.4763998
              ],
              [
                19.2885637,
                40.4764071
              ],
              [
                19.2884557,
                40.4764878
              ],
              [
                19.2884399,
                40.4765764
              ],
              [
                19.2883796,
                40.4766239
              ],
              [
                19.2883348,
                40.4767158
              ],
              [
                19.2883264,
                40.4767975
              ],
              [
                19.2883477,
                40.4768353
              ],
              [
                19.2882805,
                40.4769039
              ],
              [
                19.2882268,
                40.4770402
              ],
              [
                19.2881803,
                40.4770981
              ],
              [
                19.2880503,
                40.477157
              ],
              [
                19.2879581,
                40.4772968
              ],
              [
                19.2879069,
                40.4772849
              ],
              [
                19.2879114,
                40.4773859
              ],
              [
                19.2879689,
                40.4775314
              ],
              [
                19.2880245,
                40.4775783
              ],
              [
                19.2881133,
                40.4775864
              ],
              [
                19.288084,
                40.4777521
              ],
              [
                19.2881236,
                40.4778287
              ],
              [
                19.288045,
                40.4778235
              ],
              [
                19.288022,
                40.47795
              ],
              [
                19.2879517,
                40.4780477
              ],
              [
                19.2879069,
                40.4781217
              ],
              [
                19.2878082,
                40.4781978
              ],
              [
                19.2875547,
                40.4784338
              ],
              [
                19.2871983,
                40.4787372
              ],
              [
                19.2870713,
                40.4787944
              ],
              [
                19.2869606,
                40.4789409
              ],
              [
                19.2869657,
                40.4790347
              ],
              [
                19.2870352,
                40.4791006
              ],
              [
                19.2869239,
                40.4793982
              ],
              [
                19.2869601,
                40.4796327
              ],
              [
                19.2866774,
                40.4797943
              ],
              [
                19.2867332,
                40.4800935
              ],
              [
                19.2867599,
                40.4802508
              ],
              [
                19.2867919,
                40.4804395
              ],
              [
                19.2869779,
                40.4806337
              ],
              [
                19.2871318,
                40.4809013
              ],
              [
                19.2871784,
                40.4811557
              ],
              [
                19.2872571,
                40.4813083
              ],
              [
                19.2875163,
                40.4816236
              ],
              [
                19.2879627,
                40.4819678
              ],
              [
                19.2885185,
                40.4823805
              ],
              [
                19.2887219,
                40.4825315
              ],
              [
                19.2888577,
                40.4826539
              ],
              [
                19.288913,
                40.4828497
              ],
              [
                19.2889728,
                40.4830084
              ],
              [
                19.289136,
                40.4834416
              ],
              [
                19.2892045,
                40.483659
              ],
              [
                19.2892728,
                40.4837684
              ],
              [
                19.289355,
                40.4838276
              ],
              [
                19.289405,
                40.4839276
              ],
              [
                19.2894649,
                40.4840583
              ],
              [
                19.2894632,
                40.4841706
              ],
              [
                19.2894909,
                40.4843054
              ],
              [
                19.2897442,
                40.4845774
              ],
              [
                19.2898262,
                40.4848103
              ],
              [
                19.2898746,
                40.4849476
              ],
              [
                19.2899152,
                40.4851154
              ],
              [
                19.2899238,
                40.4852832
              ],
              [
                19.2900666,
                40.4856443
              ],
              [
                19.2902201,
                40.4859279
              ],
              [
                19.2904156,
                40.4860138
              ],
              [
                19.2904955,
                40.486242
              ],
              [
                19.2905602,
                40.4864638
              ],
              [
                19.2907631,
                40.4866307
              ],
              [
                19.2909951,
                40.4867964
              ],
              [
                19.2911575,
                40.4869293
              ],
              [
                19.2914353,
                40.4873152
              ],
              [
                19.2916703,
                40.4876701
              ],
              [
                19.2921249,
                40.4883137
              ],
              [
                19.2922679,
                40.4885487
              ],
              [
                19.2923375,
                40.4887484
              ],
              [
                19.2923839,
                40.4888815
              ],
              [
                19.2926038,
                40.4891243
              ],
              [
                19.2928238,
                40.4892531
              ],
              [
                19.2930739,
                40.4896942
              ],
              [
                19.2930525,
                40.4899215
              ],
              [
                19.2932883,
                40.4904694
              ],
              [
                19.2934759,
                40.4908294
              ],
              [
                19.2935692,
                40.4910219
              ],
              [
                19.2935622,
                40.491298
              ],
              [
                19.2933161,
                40.4919063
              ],
              [
                19.2930065,
                40.4926216
              ],
              [
                19.2928128,
                40.4935881
              ],
              [
                19.2927499,
                40.4939178
              ],
              [
                19.2926837,
                40.4942646
              ],
              [
                19.2925744,
                40.4948373
              ],
              [
                19.2924218,
                40.4956708
              ],
              [
                19.2922653,
                40.4964581
              ],
              [
                19.2918553,
                40.4968544
              ],
              [
                19.2916926,
                40.4970594
              ],
              [
                19.2913584,
                40.4972643
              ],
              [
                19.2908865,
                40.4975513
              ],
              [
                19.2906775,
                40.4978186
              ],
              [
                19.2903353,
                40.4982561
              ],
              [
                19.2902391,
                40.4985419
              ],
              [
                19.2901751,
                40.4988277
              ],
              [
                19.2903586,
                40.4992083
              ],
              [
                19.2903866,
                40.4994666
              ],
              [
                19.2901962,
                40.4996339
              ],
              [
                19.2900469,
                40.4999063
              ],
              [
                19.2899744,
                40.5000385
              ],
              [
                19.289881,
                40.5002089
              ],
              [
                19.2897759,
                40.5004004
              ],
              [
                19.3131594,
                40.5010799
              ],
              [
                19.3140833,
                40.4980142
              ],
              [
                19.3146639,
                40.4953401
              ],
              [
                19.3154921,
                40.4918212
              ],
              [
                19.3152174,
                40.4888303
              ],
              [
                19.3145822,
                40.4864058
              ],
              [
                19.3132428,
                40.4832682
              ],
              [
                19.3111648,
                40.4804856
              ],
              [
                19.3098221,
                40.4780876
              ],
              [
                19.3102222,
                40.4762475
              ],
              [
                19.309764,
                40.4735913
              ],
              [
                19.3086544,
                40.4697968
              ],
              [
                19.3084613,
                40.469411
              ],
              [
                19.3052111,
                40.464701
              ],
              [
                19.3025216,
                40.4628886
              ],
              [
                19.2946808,
                40.4587537
              ],
              [
                19.2890287,
                40.4575903
              ],
              [
                19.2847059,
                40.4574021
              ],
              [
                19.2778081,
                40.4580955
              ],
              [
                19.2725841,
                40.4591154
              ],
              [
                19.2671164,
                40.461355
              ],
              [
                19.2630649,
                40.4642802
              ],
              [
                19.2597721,
                40.467451
              ],
              [
                19.2582602,
                40.4698543
              ],
              [
                19.2571346,
                40.4727799
              ],
              [
                19.2547937,
                40.4799462
              ],
              [
                19.2526459,
                40.4808936
              ],
              [
                19.2497841,
                40.4840435
              ],
              [
                19.2478615,
                40.4861814
              ],
              [
                19.246236,
                40.4900165
              ],
              [
                19.245836,
                40.4922194
              ],
              [
                19.2450497,
                40.4941613
              ],
              [
                19.2434343,
                40.498045
              ],
              [
                19.2425087,
                40.5022213
              ],
              [
                19.242141,
                40.5052555
              ],
              [
                19.2430664,
                40.5106999
              ],
              [
                19.2441205,
                40.5129467
              ],
              [
                19.2455689,
                40.5184749
              ],
              [
                19.2483691,
                40.521442
              ],
              [
                19.2524997,
                40.5251429
              ],
              [
                19.2573277,
                40.5268115
              ],
              [
                19.2632715,
                40.5294841
              ],
              [
                19.2722408,
                40.5311507
              ],
              [
                19.2803303,
                40.5287399
              ],
              [
                19.2818323,
                40.5279763
              ],
              [
                19.2856089,
                40.5260902
              ],
              [
                19.2895142,
                40.5231602
              ],
              [
                19.2938701,
                40.5190906
              ],
              [
                19.2759182,
                40.5100274
              ],
              [
                19.2758168,
                40.5102235
              ]
            ]
          ]
        ]
      },
      "properties": {
        "name": "Parku Kombëtar Detar Karaburun-Sazan",
        "category": "parqe",
        "categoryLabel": "Park kombëtar",
        "location": "Shqipëri",
        "countryCodes": [
          "AL"
        ],
        "summary": "Karaburun-Sazan Marine Park is a national marine park in the Vlorë County of southwestern Albania. The marine park encompasses over 125.70 km2 (48.53 sq mi) and comprises the boundaries of both the Peninsula of Karaburun and the Island of Sazan. It is home to a vast array of landforms, including mountains, caves,…",
        "details": [
          "Karaburun-Sazan Marine Park is a national marine park in the Vlorë County of southwestern Albania. The marine park encompasses over 125.70 km2 (48.53 sq mi) and comprises the boundaries of both the Peninsula of Karaburun and the Island of Sazan. It is home to a vast array of landforms, including mountains, caves, islands, depressions, bays, cliffs, canyons and rocky coasts, all contributing to an exceptionally considerable biological diversity. The marine park has been identified as an Important Bird and Plant Area, because it supports immense bird and plant species. Containing ecosystems and habitats that are specific to the Mediterranean Basin, the convention of Barcelona has classified the marine park as a Specially Protected Areas of Mediterranean Importance."
        ],
        "mapNote": "Sipërfaqja bashkon anët e jashtme dhe përjashton vrimat e relation në OpenStreetMap.",
        "geometryType": "MultiPolygon",
        "sources": [
          {
            "label": "OpenStreetMap",
            "url": "https://www.openstreetmap.org/relation/7712363"
          },
          {
            "label": "Wikipedia",
            "url": "https://en.wikipedia.org/wiki/Karaburun-Sazan_Marine_Park"
          },
          {
            "label": "Wikidata",
            "url": "https://www.wikidata.org/wiki/Q1473700"
          }
        ],
        "osm": {
          "type": "relation",
          "id": 7712363,
          "tags": {
            "boundary": "national_park",
            "protect_class": "2",
            "wikidata": "Q1473700"
          }
        },
        "wikipediaAttribution": "Përmbledhje nga Wikipedia (en); shiko licencën dhe autorët në artikull.",
        "image": {
          "url": "https://thumb.wikimedia.org/wikipedia/commons/thumb/4/4b/Gjiri_Skaloma_Beget._Karaburun.jpg/1280px-Gjiri_Skaloma_Beget._Karaburun.jpg?utm_source=commons.wikimedia.org&utm_campaign=imageinfo&utm_content=thumbnail",
          "source": "https://commons.wikimedia.org/wiki/File:Gjiri_Skaloma_Beget._Karaburun.jpg",
          "credit": "Fation Plaku",
          "license": "CC BY-SA 4.0",
          "licenseUrl": "https://creativecommons.org/licenses/by-sa/4.0",
          "alt": "Parku Kombëtar Detar Karaburun-Sazan"
        }
      }
    },
    {
      "type": "Feature",
      "id": "osm-way-503885261",
      "geometry": {
        "type": "Polygon",
        "coordinates": [
          [
            [
              19.5481828,
              41.0424862
            ],
            [
              19.543681,
              41.0408237
            ],
            [
              19.5434405,
              41.0376377
            ],
            [
              19.5466257,
              41.0360041
            ],
            [
              19.54467,
              41.0343964
            ],
            [
              19.5432735,
              41.0303273
            ],
            [
              19.5421463,
              41.0270428
            ],
            [
              19.5499318,
              41.012315
            ],
            [
              19.5548048,
              41.0115259
            ],
            [
              19.5615093,
              41.0104403
            ],
            [
              19.5645391,
              41.0076799
            ],
            [
              19.5675671,
              41.0044813
            ],
            [
              19.5676249,
              40.9982236
            ],
            [
              19.5682852,
              40.9951836
            ],
            [
              19.5677126,
              40.9923693
            ],
            [
              19.5668972,
              40.990401
            ],
            [
              19.5681333,
              40.9871891
            ],
            [
              19.5661736,
              40.9833833
            ],
            [
              19.5670846,
              40.9806337
            ],
            [
              19.5648315,
              40.978441
            ],
            [
              19.5649752,
              40.9748342
            ],
            [
              19.5620181,
              40.9701274
            ],
            [
              19.5595055,
              40.9684773
            ],
            [
              19.5587722,
              40.9670176
            ],
            [
              19.5592835,
              40.9648631
            ],
            [
              19.5594178,
              40.9625866
            ],
            [
              19.5589567,
              40.961283
            ],
            [
              19.558508,
              40.9600144
            ],
            [
              19.5587937,
              40.9569343
            ],
            [
              19.5610661,
              40.9596933
            ],
            [
              19.5621105,
              40.9602208
            ],
            [
              19.5645747,
              40.9591966
            ],
            [
              19.569524,
              40.9601974
            ],
            [
              19.5697878,
              40.9569419
            ],
            [
              19.5698132,
              40.9566279
            ],
            [
              19.5722692,
              40.9538202
            ],
            [
              19.5680097,
              40.9519116
            ],
            [
              19.5669821,
              40.9493208
            ],
            [
              19.5655624,
              40.9478261
            ],
            [
              19.566403,
              40.9474598
            ],
            [
              19.5680188,
              40.9455412
            ],
            [
              19.5690742,
              40.9410264
            ],
            [
              19.5677012,
              40.93812
            ],
            [
              19.5688827,
              40.9358342
            ],
            [
              19.5684796,
              40.9341943
            ],
            [
              19.568857,
              40.9313186
            ],
            [
              19.5678226,
              40.9289763
            ],
            [
              19.5667298,
              40.9271424
            ],
            [
              19.5649248,
              40.9215389
            ],
            [
              19.5639785,
              40.9198134
            ],
            [
              19.5615566,
              40.9175656
            ],
            [
              19.5633749,
              40.9167435
            ],
            [
              19.5663483,
              40.9137422
            ],
            [
              19.5667463,
              40.9129696
            ],
            [
              19.566669,
              40.9124348
            ],
            [
              19.5656057,
              40.910352
            ],
            [
              19.563617,
              40.9086047
            ],
            [
              19.562336,
              40.9084605
            ],
            [
              19.5601338,
              40.9082126
            ],
            [
              19.5586969,
              40.9071039
            ],
            [
              19.5595306,
              40.905211
            ],
            [
              19.5592063,
              40.9035722
            ],
            [
              19.5564348,
              40.9000839
            ],
            [
              19.5561384,
              40.8998122
            ],
            [
              19.553215,
              40.8971321
            ],
            [
              19.5526532,
              40.8929862
            ],
            [
              19.5523525,
              40.8884734
            ],
            [
              19.5508102,
              40.8849524
            ],
            [
              19.5466418,
              40.8832862
            ],
            [
              19.545114,
              40.8812496
            ],
            [
              19.5435322,
              40.8811263
            ],
            [
              19.5428126,
              40.8807379
            ],
            [
              19.5432383,
              40.8804018
            ],
            [
              19.5449788,
              40.8776875
            ],
            [
              19.5462709,
              40.8764421
            ],
            [
              19.5468158,
              40.8677667
            ],
            [
              19.5427826,
              40.8674898
            ],
            [
              19.5428807,
              40.8663065
            ],
            [
              19.5356807,
              40.8658731
            ],
            [
              19.5290973,
              40.8664871
            ],
            [
              19.5271353,
              40.8666162
            ],
            [
              19.504525,
              40.868104
            ],
            [
              19.4978776,
              40.8709563
            ],
            [
              19.4755924,
              40.8674782
            ],
            [
              19.4726222,
              40.8679955
            ],
            [
              19.4616944,
              40.8744738
            ],
            [
              19.4415066,
              40.8777861
            ],
            [
              19.4414698,
              40.8488041
            ],
            [
              19.439092,
              40.843717
            ],
            [
              19.4367446,
              40.842212
            ],
            [
              19.4315392,
              40.8402406
            ],
            [
              19.4306058,
              40.839737
            ],
            [
              19.4287566,
              40.8376113
            ],
            [
              19.4271316,
              40.8368706
            ],
            [
              19.4260809,
              40.8366522
            ],
            [
              19.4233677,
              40.8365045
            ],
            [
              19.4204071,
              40.8325909
            ],
            [
              19.4168049,
              40.8294833
            ],
            [
              19.4142861,
              40.8284817
            ],
            [
              19.3996328,
              40.8267502
            ],
            [
              19.3848529,
              40.8242942
            ],
            [
              19.3749785,
              40.8221473
            ],
            [
              19.3635155,
              40.8231513
            ],
            [
              19.362002,
              40.8259717
            ],
            [
              19.3625913,
              40.8295715
            ],
            [
              19.3677397,
              40.8299354
            ],
            [
              19.3768278,
              40.8321224
            ],
            [
              19.3888651,
              40.845191
            ],
            [
              19.3938323,
              40.8541423
            ],
            [
              19.3982416,
              40.8653983
            ],
            [
              19.4004757,
              40.8742561
            ],
            [
              19.4135889,
              40.9157462
            ],
            [
              19.4350391,
              40.9328784
            ],
            [
              19.4493779,
              40.9429152
            ],
            [
              19.4538239,
              40.9456916
            ],
            [
              19.4588707,
              40.9486406
            ],
            [
              19.4660148,
              40.9544633
            ],
            [
              19.4718715,
              40.9611609
            ],
            [
              19.4752135,
              40.9693281
            ],
            [
              19.4757836,
              40.9750631
            ],
            [
              19.4752104,
              40.9780764
            ],
            [
              19.4736501,
              40.9803931
            ],
            [
              19.4717445,
              40.9829444
            ],
            [
              19.469796,
              40.9845237
            ],
            [
              19.4623661,
              40.9880952
            ],
            [
              19.4552496,
              40.9900391
            ],
            [
              19.4476755,
              40.9921079
            ],
            [
              19.446911,
              40.9934159
            ],
            [
              19.4439306,
              40.9983717
            ],
            [
              19.4423916,
              41.0008979
            ],
            [
              19.4408741,
              41.0048978
            ],
            [
              19.4392508,
              41.0127996
            ],
            [
              19.4426633,
              41.0300733
            ],
            [
              19.4387858,
              41.0409388
            ],
            [
              19.4518169,
              41.0395361
            ],
            [
              19.4544475,
              41.0422336
            ],
            [
              19.4631417,
              41.0451041
            ],
            [
              19.4647171,
              41.0463072
            ],
            [
              19.4681594,
              41.0482547
            ],
            [
              19.4713961,
              41.0491722
            ],
            [
              19.4733633,
              41.0487415
            ],
            [
              19.474121,
              41.0468702
            ],
            [
              19.4754909,
              41.0456041
            ],
            [
              19.4772236,
              41.048483
            ],
            [
              19.4792352,
              41.0502776
            ],
            [
              19.4859498,
              41.0512243
            ],
            [
              19.4895349,
              41.0498505
            ],
            [
              19.4908803,
              41.0480309
            ],
            [
              19.4951936,
              41.042197
            ],
            [
              19.4957937,
              41.0413854
            ],
            [
              19.4979111,
              41.034555
            ],
            [
              19.4991848,
              41.0331463
            ],
            [
              19.5038781,
              41.0347951
            ],
            [
              19.5047871,
              41.0368132
            ],
            [
              19.5044691,
              41.0396026
            ],
            [
              19.5017352,
              41.0429071
            ],
            [
              19.5020483,
              41.0442371
            ],
            [
              19.5028715,
              41.0479384
            ],
            [
              19.5046818,
              41.0491153
            ],
            [
              19.5064276,
              41.0490863
            ],
            [
              19.5087213,
              41.0440314
            ],
            [
              19.5092318,
              41.0429062
            ],
            [
              19.5108269,
              41.0417904
            ],
            [
              19.5123363,
              41.0417429
            ],
            [
              19.514999,
              41.0431031
            ],
            [
              19.5152155,
              41.0454668
            ],
            [
              19.515238,
              41.0455075
            ],
            [
              19.5162923,
              41.0474105
            ],
            [
              19.5190467,
              41.0489353
            ],
            [
              19.5233132,
              41.0489766
            ],
            [
              19.5233645,
              41.0489499
            ],
            [
              19.5323218,
              41.0442926
            ],
            [
              19.5450475,
              41.0451019
            ],
            [
              19.546348,
              41.0451846
            ],
            [
              19.5482025,
              41.0441122
            ],
            [
              19.5488553,
              41.0430075
            ],
            [
              19.5482288,
              41.0425219
            ],
            [
              19.5481828,
              41.0424862
            ]
          ]
        ]
      },
      "properties": {
        "name": "Parku Kombëtar Divjakë-Karavasta",
        "category": "parqe",
        "categoryLabel": "Park kombëtar",
        "location": "Shqipëri",
        "countryCodes": [
          "AL"
        ],
        "summary": "Divjakë-Karavasta National Park is a national park in western Albania, sprawling across the Myzeqe Plain in the direct proximity to the Adriatic Sea. The park spans a territory of 222.3 square kilometres (22,230 ha) containing remarkable features such as wetlands, salt marshes, coastal meadows, floodplains,…",
        "details": [
          "Divjakë-Karavasta National Park is a national park in western Albania, sprawling across the Myzeqe Plain in the direct proximity to the Adriatic Sea. The park spans a territory of 222.3 square kilometres (22,230 ha) containing remarkable features such as wetlands, salt marshes, coastal meadows, floodplains, woodlands, reed beds, forests and estuaries. Because of the park's important and great availability of bird and plant species, it has been identified as an important Bird and Plant Area of international importance."
        ],
        "mapNote": "Sipërfaqja vjen nga kufiri i objektit në OpenStreetMap.",
        "geometryType": "Polygon",
        "sources": [
          {
            "label": "OpenStreetMap",
            "url": "https://www.openstreetmap.org/way/503885261"
          },
          {
            "label": "Wikipedia",
            "url": "https://en.wikipedia.org/wiki/Divjak%C3%AB-Karavasta_National_Park"
          },
          {
            "label": "Wikidata",
            "url": "https://www.wikidata.org/wiki/Q1231952"
          }
        ],
        "osm": {
          "type": "way",
          "id": 503885261,
          "tags": {
            "boundary": "national_park",
            "protect_class": "2",
            "wikidata": "Q1231952"
          }
        },
        "wikipediaAttribution": "Përmbledhje nga Wikipedia (en); shiko licencën dhe autorët në artikull.",
        "image": {
          "url": "https://thumb.wikimedia.org/wikipedia/commons/thumb/5/5f/Karavasta_National_Park_Albania_2016.jpg/1280px-Karavasta_National_Park_Albania_2016.jpg?utm_source=commons.wikimedia.org&utm_campaign=imageinfo&utm_content=thumbnail",
          "source": "https://commons.wikimedia.org/wiki/File:Karavasta_National_Park_Albania_2016.jpg",
          "credit": "Tomasz Lewicki - @Flickr: https://www.flickr.com/photos/stalkerpl/",
          "license": "CC BY-SA 2.0",
          "licenseUrl": "https://creativecommons.org/licenses/by-sa/2.0",
          "alt": "Parku Kombëtar Divjakë-Karavasta"
        }
      }
    },
    {
      "type": "Feature",
      "id": "osm-way-506568040",
      "geometry": {
        "type": "Polygon",
        "coordinates": [
          [
            [
              20.4582765,
              40.4139121
            ],
            [
              20.4580191,
              40.4140591
            ],
            [
              20.4501441,
              40.41633
            ],
            [
              20.4436639,
              40.416477
            ],
            [
              20.4417112,
              40.4158399
            ],
            [
              20.4409602,
              40.4152844
            ],
            [
              20.4404881,
              40.4140101
            ],
            [
              20.4401663,
              40.4138304
            ],
            [
              20.4394582,
              40.4137324
            ],
            [
              20.4384497,
              40.4146309
            ],
            [
              20.4373339,
              40.4146636
            ],
            [
              20.4363468,
              40.4136507
            ],
            [
              20.4354456,
              40.4134546
            ],
            [
              20.4346302,
              40.4134546
            ],
            [
              20.4343298,
              40.4146636
            ],
            [
              20.4321626,
              40.4158562
            ],
            [
              20.4301455,
              40.4166567
            ],
            [
              20.4272702,
              40.4170488
            ],
            [
              20.4235795,
              40.4167792
            ],
            [
              20.4224154,
              40.4158061
            ],
            [
              20.4190412,
              40.4161727
            ],
            [
              20.4174641,
              40.4136057
            ],
            [
              20.415506,
              40.4133351
            ],
            [
              20.4129043,
              40.4132606
            ],
            [
              20.410153,
              40.4127829
            ],
            [
              20.4090778,
              40.4132956
            ],
            [
              20.408669,
              40.4131109
            ],
            [
              20.4072945,
              40.4134653
            ],
            [
              20.4064912,
              40.4142744
            ],
            [
              20.4051422,
              40.4145367
            ],
            [
              20.4043324,
              40.41529
            ],
            [
              20.4029274,
              40.4147381
            ],
            [
              20.4002563,
              40.4143496
            ],
            [
              20.3981003,
              40.4134383
            ],
            [
              20.3974074,
              40.4134222
            ],
            [
              20.3933242,
              40.4156606
            ],
            [
              20.3902235,
              40.4124237
            ],
            [
              20.3878525,
              40.4113761
            ],
            [
              20.3865197,
              40.4114705
            ],
            [
              20.3849724,
              40.4122184
            ],
            [
              20.3830795,
              40.4140409
            ],
            [
              20.3788047,
              40.415406
            ],
            [
              20.3774911,
              40.4149413
            ],
            [
              20.3774923,
              40.4138773
            ],
            [
              20.3790385,
              40.4103952
            ],
            [
              20.3780956,
              40.4091678
            ],
            [
              20.3747065,
              40.4065026
            ],
            [
              20.3737694,
              40.4035904
            ],
            [
              20.3746955,
              40.4015134
            ],
            [
              20.3746776,
              40.4006129
            ],
            [
              20.3738762,
              40.399135
            ],
            [
              20.3748055,
              40.3965063
            ],
            [
              20.3748608,
              40.3946723
            ],
            [
              20.3741865,
              40.3924462
            ],
            [
              20.3717527,
              40.3918379
            ],
            [
              20.3699994,
              40.3903898
            ],
            [
              20.3685434,
              40.389584
            ],
            [
              20.3667011,
              40.389432
            ],
            [
              20.3660153,
              40.3889684
            ],
            [
              20.3670456,
              40.3845851
            ],
            [
              20.3630549,
              40.3785509
            ],
            [
              20.3607887,
              40.3779214
            ],
            [
              20.3585867,
              40.375788
            ],
            [
              20.3568437,
              40.375804
            ],
            [
              20.3555298,
              40.3746595
            ],
            [
              20.3502677,
              40.3730572
            ],
            [
              20.3488653,
              40.3725896
            ],
            [
              20.3458896,
              40.3730914
            ],
            [
              20.3425706,
              40.3740182
            ],
            [
              20.340267,
              40.3743189
            ],
            [
              20.338965,
              40.37545
            ],
            [
              20.3339722,
              40.3774639
            ],
            [
              20.3314791,
              40.3763898
            ],
            [
              20.3285997,
              40.3756426
            ],
            [
              20.3228189,
              40.3767605
            ],
            [
              20.3171668,
              40.3789899
            ],
            [
              20.3162732,
              40.3788182
            ],
            [
              20.3155084,
              40.3776004
            ],
            [
              20.3156448,
              40.3754835
            ],
            [
              20.3161207,
              40.3748011
            ],
            [
              20.3157382,
              40.3740532
            ],
            [
              20.3148232,
              40.3738979
            ],
            [
              20.3121058,
              40.3742984
            ],
            [
              20.3088414,
              40.3770446
            ],
            [
              20.30665,
              40.3781562
            ],
            [
              20.3034687,
              40.3788428
            ],
            [
              20.3012777,
              40.3780351
            ],
            [
              20.3005887,
              40.3773255
            ],
            [
              20.3009631,
              40.3765702
            ],
            [
              20.3010215,
              40.3759637
            ],
            [
              20.3026249,
              40.3739187
            ],
            [
              20.3025105,
              40.3731705
            ],
            [
              20.3035429,
              40.3683344
            ],
            [
              20.3026208,
              40.3676076
            ],
            [
              20.3023854,
              40.3666193
            ],
            [
              20.3015706,
              40.3654348
            ],
            [
              20.3001439,
              40.3648424
            ],
            [
              20.3000314,
              40.3613253
            ],
            [
              20.2991169,
              40.3603189
            ],
            [
              20.2931128,
              40.3573875
            ],
            [
              20.2857998,
              40.3544071
            ],
            [
              20.2851239,
              40.3528
            ],
            [
              20.2859661,
              40.3507536
            ],
            [
              20.2819589,
              40.344717
            ],
            [
              20.2823114,
              40.3425793
            ],
            [
              20.2804324,
              40.3406052
            ],
            [
              20.2809995,
              40.3361941
            ],
            [
              20.2803999,
              40.3345507
            ],
            [
              20.2811944,
              40.3322733
            ],
            [
              20.2807333,
              40.3310691
            ],
            [
              20.2808302,
              40.3280329
            ],
            [
              20.2861958,
              40.3199112
            ],
            [
              20.2890309,
              40.3182235
            ],
            [
              20.2894199,
              40.317681
            ],
            [
              20.2844473,
              40.3124403
            ],
            [
              20.2843762,
              40.3067022
            ],
            [
              20.2829318,
              40.302764
            ],
            [
              20.283532,
              40.3006104
            ],
            [
              20.2838751,
              40.298028
            ],
            [
              20.2832979,
              40.2962549
            ],
            [
              20.2836173,
              40.2930235
            ],
            [
              20.2831304,
              40.2901544
            ],
            [
              20.2842742,
              40.2893803
            ],
            [
              20.2821565,
              40.2865275
            ],
            [
              20.281412,
              40.2834456
            ],
            [
              20.2811622,
              40.2823898
            ],
            [
              20.2803544,
              40.2814649
            ],
            [
              20.2863565,
              40.2798771
            ],
            [
              20.2885905,
              40.2780681
            ],
            [
              20.2934412,
              40.2774911
            ],
            [
              20.2950732,
              40.2768158
            ],
            [
              20.3043704,
              40.2764393
            ],
            [
              20.3055533,
              40.2755225
            ],
            [
              20.305438,
              40.2735435
            ],
            [
              20.3061381,
              40.2714336
            ],
            [
              20.3061516,
              40.2693728
            ],
            [
              20.3053497,
              40.2671482
            ],
            [
              20.3066546,
              40.2664861
            ],
            [
              20.3106203,
              40.2670028
            ],
            [
              20.315848,
              40.2658096
            ],
            [
              20.3211829,
              40.2637976
            ],
            [
              20.3218725,
              40.2644221
            ],
            [
              20.3224688,
              40.264111
            ],
            [
              20.3218628,
              40.2632431
            ],
            [
              20.3241832,
              40.2620151
            ],
            [
              20.325774,
              40.2604268
            ],
            [
              20.3270433,
              40.2591822
            ],
            [
              20.3272396,
              40.257381
            ],
            [
              20.3272176,
              40.2557352
            ],
            [
              20.3277535,
              40.2552358
            ],
            [
              20.331177,
              40.2555408
            ],
            [
              20.3343859,
              40.2565008
            ],
            [
              20.3405461,
              40.257995
            ],
            [
              20.3423817,
              40.260404
            ],
            [
              20.342012,
              40.2627057
            ],
            [
              20.3431146,
              40.2640694
            ],
            [
              20.342357,
              40.2649477
            ],
            [
              20.3422142,
              40.2654605
            ],
            [
              20.3424577,
              40.2660061
            ],
            [
              20.3435412,
              40.2662282
            ],
            [
              20.3447963,
              40.2672362
            ],
            [
              20.3457187,
              40.2693995
            ],
            [
              20.3487798,
              40.2714474
            ],
            [
              20.3502958,
              40.2737573
            ],
            [
              20.35011,
              40.2746679
            ],
            [
              20.3518982,
              40.2760697
            ],
            [
              20.3528139,
              40.2760574
            ],
            [
              20.3544737,
              40.2774735
            ],
            [
              20.3581505,
              40.2769415
            ],
            [
              20.3622136,
              40.2751325
            ],
            [
              20.3643753,
              40.2746987
            ],
            [
              20.3672665,
              40.2749524
            ],
            [
              20.3745417,
              40.2762539
            ],
            [
              20.3765271,
              40.27679
            ],
            [
              20.3773266,
              40.2774837
            ],
            [
              20.378212,
              40.2776536
            ],
            [
              20.378992,
              40.2773425
            ],
            [
              20.3803728,
              40.2738555
            ],
            [
              20.3812306,
              40.272906
            ],
            [
              20.3827322,
              40.2723493
            ],
            [
              20.3833323,
              40.2715859
            ],
            [
              20.3833533,
              40.2708768
            ],
            [
              20.3816578,
              40.2673843
            ],
            [
              20.3819997,
              40.2655629
            ],
            [
              20.3824314,
              40.2644922
            ],
            [
              20.3825199,
              40.263094
            ],
            [
              20.3814093,
              40.2619022
            ],
            [
              20.381487,
              40.2608969
            ],
            [
              20.3821225,
              40.259728
            ],
            [
              20.383316,
              40.2588046
            ],
            [
              20.3835654,
              40.2581432
            ],
            [
              20.3852278,
              40.2559603
            ],
            [
              20.3855791,
              40.2542355
            ],
            [
              20.3868745,
              40.2525762
            ],
            [
              20.386547,
              40.2501092
            ],
            [
              20.3873088,
              40.2494517
            ],
            [
              20.3881135,
              40.2493182
            ],
            [
              20.3902277,
              40.2456028
            ],
            [
              20.3918856,
              40.243352
            ],
            [
              20.3932724,
              40.2428162
            ],
            [
              20.3944447,
              40.241658
            ],
            [
              20.3940536,
              40.2404049
            ],
            [
              20.3996086,
              40.2345039
            ],
            [
              20.4011726,
              40.2333533
            ],
            [
              20.4041893,
              40.2306339
            ],
            [
              20.4045125,
              40.2297492
            ],
            [
              20.404011,
              40.2290018
            ],
            [
              20.4036384,
              40.227599
            ],
            [
              20.4015627,
              40.2267594
            ],
            [
              20.4008015,
              40.2252113
            ],
            [
              20.4019533,
              40.2235441
            ],
            [
              20.4005551,
              40.2215145
            ],
            [
              20.3999722,
              40.21919
            ],
            [
              20.4007871,
              40.2178751
            ],
            [
              20.403163,
              40.2166668
            ],
            [
              20.4037928,
              40.2154462
            ],
            [
              20.4082881,
              40.2113988
            ],
            [
              20.4127738,
              40.2083773
            ],
            [
              20.421772,
              40.2073662
            ],
            [
              20.4216899,
              40.2069435
            ],
            [
              20.4234759,
              40.2048946
            ],
            [
              20.424638,
              40.2044205
            ],
            [
              20.4250756,
              40.2019139
            ],
            [
              20.4270824,
              40.2009483
            ],
            [
              20.4288463,
              40.2001966
            ],
            [
              20.4340287,
              40.2001155
            ],
            [
              20.4404719,
              40.1940417
            ],
            [
              20.4424507,
              40.1935611
            ],
            [
              20.4465215,
              40.191946
            ],
            [
              20.4464093,
              40.1912302
            ],
            [
              20.4506309,
              40.1864343
            ],
            [
              20.4563842,
              40.1808963
            ],
            [
              20.4580317,
              40.1775308
            ],
            [
              20.4577711,
              40.1763611
            ],
            [
              20.4588181,
              40.1755911
            ],
            [
              20.4588003,
              40.1752207
            ],
            [
              20.4603979,
              40.1749356
            ],
            [
              20.4614769,
              40.174579
            ],
            [
              20.4624812,
              40.1735943
            ],
            [
              20.4648018,
              40.1718135
            ],
            [
              20.4675873,
              40.1663981
            ],
            [
              20.4719046,
              40.165151
            ],
            [
              20.4734945,
              40.1638823
            ],
            [
              20.4769742,
              40.1639791
            ],
            [
              20.4793331,
              40.1645898
            ],
            [
              20.4806885,
              40.164498
            ],
            [
              20.4824487,
              40.163845
            ],
            [
              20.4829303,
              40.1629596
            ],
            [
              20.4830508,
              40.1596724
            ],
            [
              20.4838063,
              40.159012
            ],
            [
              20.4837544,
              40.1578181
            ],
            [
              20.4854958,
              40.1547969
            ],
            [
              20.4868076,
              40.1517755
            ],
            [
              20.4866976,
              40.1487086
            ],
            [
              20.4889973,
              40.1478976
            ],
            [
              20.4885304,
              40.1472265
            ],
            [
              20.4948257,
              40.1445563
            ],
            [
              20.4966379,
              40.1452274
            ],
            [
              20.4977915,
              40.1452596
            ],
            [
              20.4991062,
              40.1446045
            ],
            [
              20.5006076,
              40.1444349
            ],
            [
              20.5041243,
              40.1454381
            ],
            [
              20.5049136,
              40.1453274
            ],
            [
              20.5055119,
              40.1435707
            ],
            [
              20.5048396,
              40.1428103
            ],
            [
              20.5023739,
              40.1421159
            ],
            [
              20.503392,
              40.1413331
            ],
            [
              20.5034574,
              40.1405647
            ],
            [
              20.5031026,
              40.1399756
            ],
            [
              20.5036981,
              40.1392736
            ],
            [
              20.5042562,
              40.1399711
            ],
            [
              20.505628,
              40.14002
            ],
            [
              20.5062152,
              40.1392977
            ],
            [
              20.5066612,
              40.1399809
            ],
            [
              20.5086279,
              40.1391362
            ],
            [
              20.509085,
              40.138477
            ],
            [
              20.5100445,
              40.1396094
            ],
            [
              20.5105193,
              40.1384402
            ],
            [
              20.5115604,
              40.1380502
            ],
            [
              20.5098941,
              40.137228
            ],
            [
              20.5089073,
              40.136146
            ],
            [
              20.5104311,
              40.1358321
            ],
            [
              20.5127477,
              40.1360161
            ],
            [
              20.5138468,
              40.1352585
            ],
            [
              20.514861,
              40.1354425
            ],
            [
              20.5145858,
              40.1335971
            ],
            [
              20.5141367,
              40.1329991
            ],
            [
              20.5145654,
              40.1325526
            ],
            [
              20.5164875,
              40.1327583
            ],
            [
              20.5175745,
              40.1341329
            ],
            [
              20.5191679,
              40.1338515
            ],
            [
              20.5188693,
              40.1323267
            ],
            [
              20.5193351,
              40.1311483
            ],
            [
              20.5186811,
              40.1303717
            ],
            [
              20.5227697,
              40.1315759
            ],
            [
              20.5248763,
              40.1309183
            ],
            [
              20.5267341,
              40.1298469
            ],
            [
              20.5288507,
              40.1281792
            ],
            [
              20.5292436,
              40.127551
            ],
            [
              20.5304576,
              40.1272475
            ],
            [
              20.530247,
              40.1260398
            ],
            [
              20.5308637,
              40.1253819
            ],
            [
              20.5326412,
              40.1242693
            ],
            [
              20.5378707,
              40.1190805
            ],
            [
              20.5386734,
              40.1176575
            ],
            [
              20.5395509,
              40.1175201
            ],
            [
              20.5405925,
              40.1178414
            ],
            [
              20.5426077,
              40.1197306
            ],
            [
              20.5429791,
              40.1204627
            ],
            [
              20.5424631,
              40.1211233
            ],
            [
              20.5429933,
              40.1223553
            ],
            [
              20.5433772,
              40.123298
            ],
            [
              20.5435679,
              40.1244051
            ],
            [
              20.5455848,
              40.1263523
            ],
            [
              20.5459417,
              40.1276285
            ],
            [
              20.5478884,
              40.1283417
            ],
            [
              20.5487557,
              40.1295682
            ],
            [
              20.5472214,
              40.1318927
            ],
            [
              20.5498162,
              40.1342358
            ],
            [
              20.5515899,
              40.1352692
            ],
            [
              20.5512557,
              40.1363324
            ],
            [
              20.5539477,
              40.1386761
            ],
            [
              20.5550332,
              40.1408055
            ],
            [
              20.5546243,
              40.1419068
            ],
            [
              20.556814,
              40.1444092
            ],
            [
              20.5593399,
              40.1467687
            ],
            [
              20.5605235,
              40.1497565
            ],
            [
              20.5621034,
              40.1520734
            ],
            [
              20.5650538,
              40.1569211
            ],
            [
              20.5638393,
              40.157347
            ],
            [
              20.5635774,
              40.1593433
            ],
            [
              20.5669765,
              40.1602238
            ],
            [
              20.568096,
              40.1621845
            ],
            [
              20.5682115,
              40.1642996
            ],
            [
              20.5660502,
              40.1659824
            ],
            [
              20.5628939,
              40.1660367
            ],
            [
              20.5530622,
              40.1739175
            ],
            [
              20.5393856,
              40.1825982
            ],
            [
              20.5374611,
              40.184011
            ],
            [
              20.5337771,
              40.1851615
            ],
            [
              20.5300716,
              40.1899839
            ],
            [
              20.5274391,
              40.1915934
            ],
            [
              20.5183947,
              40.2007967
            ],
            [
              20.5132852,
              40.206926
            ],
            [
              20.5110314,
              40.2100694
            ],
            [
              20.5101136,
              40.213699
            ],
            [
              20.5098602,
              40.21502
            ],
            [
              20.5082335,
              40.2192741
            ],
            [
              20.5015016,
              40.2234807
            ],
            [
              20.5012261,
              40.2283546
            ],
            [
              20.5008355,
              40.233302
            ],
            [
              20.5002493,
              40.2372169
            ],
            [
              20.5006931,
              40.2406241
            ],
            [
              20.5033377,
              40.2440526
            ],
            [
              20.5042229,
              40.2468094
            ],
            [
              20.5028867,
              40.2485329
            ],
            [
              20.5011858,
              40.2499452
            ],
            [
              20.4980495,
              40.2517682
            ],
            [
              20.4943446,
              40.2530753
            ],
            [
              20.4920242,
              40.2563711
            ],
            [
              20.4905999,
              40.2587346
            ],
            [
              20.4901198,
              40.2599845
            ],
            [
              20.4901252,
              40.2610433
            ],
            [
              20.4908011,
              40.2633149
            ],
            [
              20.4908762,
              40.2654063
            ],
            [
              20.4918699,
              40.2673782
            ],
            [
              20.491927,
              40.2681527
            ],
            [
              20.4916409,
              40.2686161
            ],
            [
              20.4915835,
              40.2692319
            ],
            [
              20.4920053,
              40.2700704
            ],
            [
              20.4911447,
              40.2708581
            ],
            [
              20.4868295,
              40.2706634
            ],
            [
              20.4838209,
              40.2693245
            ],
            [
              20.4802284,
              40.2667939
            ],
            [
              20.4794154,
              40.2676529
            ],
            [
              20.4805643,
              40.2728398
            ],
            [
              20.4828417,
              40.2748815
            ],
            [
              20.4817288,
              40.2776762
            ],
            [
              20.483065,
              40.2826436
            ],
            [
              20.4825799,
              40.2851316
            ],
            [
              20.484069,
              40.2873904
            ],
            [
              20.4818972,
              40.2880451
            ],
            [
              20.4810728,
              40.2911223
            ],
            [
              20.4807587,
              40.2939455
            ],
            [
              20.4818677,
              40.2947843
            ],
            [
              20.4799726,
              40.2989618
            ],
            [
              20.4801794,
              40.3021857
            ],
            [
              20.4801427,
              40.3079458
            ],
            [
              20.4860027,
              40.313149
            ],
            [
              20.4864851,
              40.3135638
            ],
            [
              20.4798332,
              40.3150667
            ],
            [
              20.4756275,
              40.3184184
            ],
            [
              20.4746834,
              40.3186593
            ],
            [
              20.4737223,
              40.3204507
            ],
            [
              20.4715596,
              40.3214242
            ],
            [
              20.4704958,
              40.3236001
            ],
            [
              20.4685399,
              40.3242875
            ],
            [
              20.4633223,
              40.3237315
            ],
            [
              20.4599072,
              40.3251714
            ],
            [
              20.4595506,
              40.3269065
            ],
            [
              20.4582899,
              40.3296096
            ],
            [
              20.4612429,
              40.3346169
            ],
            [
              20.4639384,
              40.3365329
            ],
            [
              20.4663095,
              40.3375755
            ],
            [
              20.4676078,
              40.3391742
            ],
            [
              20.4707728,
              40.33953
            ],
            [
              20.4739861,
              40.3410653
            ],
            [
              20.4770733,
              40.3434031
            ],
            [
              20.4793023,
              40.3442362
            ],
            [
              20.4805433,
              40.3455721
            ],
            [
              20.4826426,
              40.345567
            ],
            [
              20.4834509,
              40.3462763
            ],
            [
              20.4846813,
              40.3485453
            ],
            [
              20.4899745,
              40.3499107
            ],
            [
              20.4917633,
              40.3517913
            ],
            [
              20.4911351,
              40.3544732
            ],
            [
              20.4898347,
              40.3590167
            ],
            [
              20.4898924,
              40.3646434
            ],
            [
              20.4886812,
              40.3660308
            ],
            [
              20.4867022,
              40.367215
            ],
            [
              20.4857533,
              40.3678433
            ],
            [
              20.4813138,
              40.3714357
            ],
            [
              20.4761696,
              40.3731563
            ],
            [
              20.470725,
              40.3807292
            ],
            [
              20.4591857,
              40.3832464
            ],
            [
              20.4592335,
              40.3868095
            ],
            [
              20.4569859,
              40.3896227
            ],
            [
              20.4558541,
              40.3933185
            ],
            [
              20.4538909,
              40.3953169
            ],
            [
              20.4509875,
              40.3989581
            ],
            [
              20.4521211,
              40.4009017
            ],
            [
              20.4512376,
              40.4029107
            ],
            [
              20.4529468,
              40.4051312
            ],
            [
              20.4581007,
              40.4104693
            ],
            [
              20.4582765,
              40.4139121
            ]
          ]
        ]
      },
      "properties": {
        "name": "Parku Kombëtar i Bredhit të Hotovës-Dangëlli",
        "category": "parqe",
        "categoryLabel": "Park kombëtar",
        "location": "Shqipëri",
        "countryCodes": [
          "AL"
        ],
        "summary": "Fir of Hotovë-Dangëlli National Park is the largest national park in Albania located in Gjirokastër County with a surface area of 34,361 ha (343.61 km2). The park takes its name from the Hotova Fir, which is considered one of the most important Mediterranean plant relics of the country. The park is made up of hilly…",
        "details": [
          "Fir of Hotovë-Dangëlli National Park is the largest national park in Albania located in Gjirokastër County with a surface area of 34,361 ha (343.61 km2). The park takes its name from the Hotova Fir, which is considered one of the most important Mediterranean plant relics of the country. The park is made up of hilly and mountainous terrain with limestone and sandstone deposits as well as numerous valleys, canyons, gorges, rivers and dense deciduous and coniferous forests. The International Union for Conservation of Nature (IUCN) has listed the park as Category II. The park also includes 11 natural monuments."
        ],
        "mapNote": "Sipërfaqja vjen nga kufiri i objektit në OpenStreetMap.",
        "geometryType": "Polygon",
        "sources": [
          {
            "label": "OpenStreetMap",
            "url": "https://www.openstreetmap.org/way/506568040"
          },
          {
            "label": "Wikipedia",
            "url": "https://en.wikipedia.org/wiki/Fir_of_Hotov%C3%AB-Dang%C3%ABlli_National_Park"
          },
          {
            "label": "Wikidata",
            "url": "https://www.wikidata.org/wiki/Q1321758"
          }
        ],
        "osm": {
          "type": "way",
          "id": 506568040,
          "tags": {
            "boundary": "national_park",
            "protect_class": "2",
            "wikidata": "Q1321758"
          }
        },
        "wikipediaAttribution": "Përmbledhje nga Wikipedia (en); shiko licencën dhe autorët në artikull.",
        "image": {
          "url": "https://thumb.wikimedia.org/wikipedia/commons/thumb/9/94/Bredhi_I_Hotov%C3%ABs.jpg/1280px-Bredhi_I_Hotov%C3%ABs.jpg?utm_source=commons.wikimedia.org&utm_campaign=imageinfo&utm_content=thumbnail",
          "source": "https://commons.wikimedia.org/wiki/File:Bredhi_I_Hotov%C3%ABs.jpg",
          "credit": "Rexhino lahe",
          "license": "CC BY-SA 4.0",
          "licenseUrl": "https://creativecommons.org/licenses/by-sa/4.0",
          "alt": "Parku Kombëtar i Bredhit të Hotovës-Dangëlli"
        }
      }
    },
    {
      "type": "Feature",
      "id": "osm-way-360970478",
      "geometry": {
        "type": "Polygon",
        "coordinates": [
          [
            [
              20.0067388,
              39.8162832
            ],
            [
              20.0055801,
              39.8153767
            ],
            [
              20.0044643,
              39.8144208
            ],
            [
              20.0031339,
              39.8125418
            ],
            [
              20.0027906,
              39.8110913
            ],
            [
              20.0027262,
              39.8095419
            ],
            [
              20.0031554,
              39.8073496
            ],
            [
              20.0027262,
              39.8057507
            ],
            [
              20.0014817,
              39.8037066
            ],
            [
              19.9987136,
              39.8014317
            ],
            [
              19.9960743,
              39.8009536
            ],
            [
              19.9941861,
              39.8008876
            ],
            [
              19.9924909,
              39.7998326
            ],
            [
              19.9919759,
              39.7979367
            ],
            [
              19.9927484,
              39.7966178
            ],
            [
              19.9925982,
              39.7955297
            ],
            [
              19.9916111,
              39.7941943
            ],
            [
              19.9920188,
              39.7931885
            ],
            [
              19.9932419,
              39.7921993
            ],
            [
              19.9946367,
              39.7921993
            ],
            [
              19.9959241,
              39.7922323
            ],
            [
              19.9973833,
              39.7918531
            ],
            [
              19.998027,
              39.7910782
            ],
            [
              19.9987136,
              39.7906165
            ],
            [
              20.0005804,
              39.7904681
            ],
            [
              20.0018464,
              39.7907979
            ],
            [
              20.0028335,
              39.789281
            ],
            [
              20.0050222,
              39.7820588
            ],
            [
              20.0055801,
              39.780888
            ],
            [
              20.0010525,
              39.7803933
            ],
            [
              20.0000655,
              39.7797337
            ],
            [
              19.9993144,
              39.7778702
            ],
            [
              19.9992072,
              39.7754625
            ],
            [
              19.9975335,
              39.7750502
            ],
            [
              19.9967395,
              39.7757594
            ],
            [
              19.9965679,
              39.7768148
            ],
            [
              19.9959027,
              39.7771611
            ],
            [
              19.9948512,
              39.777359
            ],
            [
              19.9930273,
              39.7757923
            ],
            [
              19.9915897,
              39.7758913
            ],
            [
              19.9903451,
              39.7757429
            ],
            [
              19.9901091,
              39.7750667
            ],
            [
              19.9900447,
              39.7742256
            ],
            [
              19.9904524,
              39.7734011
            ],
            [
              19.9931132,
              39.7721806
            ],
            [
              19.9928128,
              39.7707953
            ],
            [
              19.9880921,
              39.7715704
            ],
            [
              19.985839,
              39.7715869
            ],
            [
              19.9812685,
              39.7697562
            ],
            [
              19.9807536,
              39.7676286
            ],
            [
              19.9812685,
              39.7660617
            ],
            [
              19.9804317,
              39.7655339
            ],
            [
              19.9789511,
              39.7651876
            ],
            [
              19.9765693,
              39.7628124
            ],
            [
              19.9738442,
              39.7579793
            ],
            [
              19.9736296,
              39.7565937
            ],
            [
              19.9711405,
              39.7561648
            ],
            [
              19.9708187,
              39.7549111
            ],
            [
              19.9720203,
              39.7515622
            ],
            [
              19.9718486,
              39.7489556
            ],
            [
              19.9732219,
              39.7477513
            ],
            [
              19.9746381,
              39.7442206
            ],
            [
              19.9764191,
              39.7431317
            ],
            [
              19.9787151,
              39.7421747
            ],
            [
              19.9813973,
              39.7401617
            ],
            [
              19.982556,
              39.7230327
            ],
            [
              19.9822556,
              39.7175862
            ],
            [
              19.9812471,
              39.7131131
            ],
            [
              19.9790584,
              39.7059489
            ],
            [
              19.9786936,
              39.7027133
            ],
            [
              19.9792086,
              39.7007157
            ],
            [
              19.9807965,
              39.6993454
            ],
            [
              19.9820839,
              39.6994279
            ],
            [
              19.9830066,
              39.6999067
            ],
            [
              19.9836503,
              39.6993784
            ],
            [
              19.9830066,
              39.6985859
            ],
            [
              19.9789726,
              39.6968689
            ],
            [
              19.9788009,
              39.6956141
            ],
            [
              19.9806463,
              39.6928238
            ],
            [
              19.9805175,
              39.6913708
            ],
            [
              19.9811183,
              39.6887123
            ],
            [
              19.9820196,
              39.6872923
            ],
            [
              19.9830924,
              39.6862685
            ],
            [
              19.9848305,
              39.6854759
            ],
            [
              19.9864613,
              39.6855089
            ],
            [
              19.9872981,
              39.686285
            ],
            [
              19.9878775,
              39.6862189
            ],
            [
              19.9895619,
              39.6852199
            ],
            [
              19.9933707,
              39.6849557
            ],
            [
              19.9958168,
              39.6849805
            ],
            [
              19.9968361,
              39.6835356
            ],
            [
              19.9985849,
              39.6834943
            ],
            [
              20.000162,
              39.6846502
            ],
            [
              20.0016426,
              39.6874739
            ],
            [
              20.0028335,
              39.6889765
            ],
            [
              20.0036918,
              39.6895462
            ],
            [
              20.0043034,
              39.6896288
            ],
            [
              20.0056015,
              39.6889765
            ],
            [
              20.0065457,
              39.6892077
            ],
            [
              20.0072967,
              39.6896866
            ],
            [
              20.0084088,
              39.6919271
            ],
            [
              20.0093888,
              39.6925266
            ],
            [
              20.0111913,
              39.6934016
            ],
            [
              20.0122856,
              39.6941034
            ],
            [
              20.0154721,
              39.6954985
            ],
            [
              20.018165,
              39.6971083
            ],
            [
              20.018562,
              39.6979586
            ],
            [
              20.018444,
              39.6990895
            ],
            [
              20.0181006,
              39.7000058
            ],
            [
              20.0176929,
              39.7007322
            ],
            [
              20.0201069,
              39.7053547
            ],
            [
              20.0277995,
              39.7104803
            ],
            [
              20.0293659,
              39.7128407
            ],
            [
              20.0249027,
              39.7158036
            ],
            [
              20.0188087,
              39.7184279
            ],
            [
              20.0179397,
              39.7191294
            ],
            [
              20.0230681,
              39.7264077
            ],
            [
              20.0189697,
              39.7282065
            ],
            [
              20.0169634,
              39.7323734
            ],
            [
              20.0231201,
              39.7335188
            ],
            [
              20.024141,
              39.7319856
            ],
            [
              20.0285881,
              39.7337925
            ],
            [
              20.0275742,
              39.7357355
            ],
            [
              20.0275152,
              39.7369813
            ],
            [
              20.0278907,
              39.7381157
            ],
            [
              20.0287007,
              39.7388747
            ],
            [
              20.0315063,
              39.740698
            ],
            [
              20.0337486,
              39.7380497
            ],
            [
              20.0357871,
              39.7366884
            ],
            [
              20.0377344,
              39.7363708
            ],
            [
              20.0494074,
              39.7288378
            ],
            [
              20.0516122,
              39.7308345
            ],
            [
              20.051639,
              39.7319402
            ],
            [
              20.0554155,
              39.736082
            ],
            [
              20.0586014,
              39.7352679
            ],
            [
              20.0607043,
              39.7345006
            ],
            [
              20.0616592,
              39.7338653
            ],
            [
              20.0641697,
              39.7333207
            ],
            [
              20.0666481,
              39.7332382
            ],
            [
              20.0695127,
              39.7339065
            ],
            [
              20.0738686,
              39.7328257
            ],
            [
              20.0835031,
              39.7319593
            ],
            [
              20.0857776,
              39.7328504
            ],
            [
              20.0854986,
              39.7338157
            ],
            [
              20.0856488,
              39.7345583
            ],
            [
              20.0862497,
              39.7355071
            ],
            [
              20.0865501,
              39.7372232
            ],
            [
              20.0882238,
              39.741736
            ],
            [
              20.0885349,
              39.7432044
            ],
            [
              20.0879877,
              39.7468177
            ],
            [
              20.0881057,
              39.747758
            ],
            [
              20.0900691,
              39.7494903
            ],
            [
              20.0904124,
              39.7524846
            ],
            [
              20.0905948,
              39.7543322
            ],
            [
              20.0910454,
              39.756254
            ],
            [
              20.0906592,
              39.7581676
            ],
            [
              20.0898331,
              39.7596521
            ],
            [
              20.0882345,
              39.7620769
            ],
            [
              20.0880414,
              39.7634954
            ],
            [
              20.0876551,
              39.7648974
            ],
            [
              20.0880092,
              39.7667035
            ],
            [
              20.0893074,
              39.7704392
            ],
            [
              20.0900584,
              39.7749333
            ],
            [
              20.090273,
              39.7829312
            ],
            [
              20.0880628,
              39.7860642
            ],
            [
              20.0864964,
              39.7891641
            ],
            [
              20.0867325,
              39.7907469
            ],
            [
              20.0874406,
              39.7919175
            ],
            [
              20.0885564,
              39.7922143
            ],
            [
              20.0871616,
              39.7928078
            ],
            [
              20.0865393,
              39.7950995
            ],
            [
              20.0866037,
              39.7968141
            ],
            [
              20.0858741,
              39.7979682
            ],
            [
              20.081883,
              39.8012983
            ],
            [
              20.0804024,
              39.8009851
            ],
            [
              20.0740724,
              39.8002927
            ],
            [
              20.0723558,
              39.8003092
            ],
            [
              20.0686866,
              39.8016939
            ],
            [
              20.0612622,
              39.8052217
            ],
            [
              20.0600606,
              39.8071009
            ],
            [
              20.0597816,
              39.8089305
            ],
            [
              20.0613051,
              39.8111063
            ],
            [
              20.0610691,
              39.8123096
            ],
            [
              20.0599747,
              39.8118316
            ],
            [
              20.0577217,
              39.8119634
            ],
            [
              20.0511127,
              39.8154742
            ],
            [
              20.0518423,
              39.8167597
            ],
            [
              20.0325089,
              39.8276202
            ],
            [
              20.0266295,
              39.8299437
            ],
            [
              20.0229603,
              39.8317069
            ],
            [
              20.0227886,
              39.8270764
            ],
            [
              20.022338,
              39.8258734
            ],
            [
              20.0216299,
              39.8236651
            ],
            [
              20.0209647,
              39.8223962
            ],
            [
              20.0192481,
              39.8207481
            ],
            [
              20.0184541,
              39.8194297
            ],
            [
              20.0158792,
              39.8160675
            ],
            [
              20.0144416,
              39.8135952
            ],
            [
              20.0122314,
              39.810958
            ],
            [
              20.0102573,
              39.8126722
            ],
            [
              20.0089269,
              39.8147984
            ],
            [
              20.008369,
              39.8162488
            ],
            [
              20.0067388,
              39.8162832
            ]
          ]
        ]
      },
      "properties": {
        "name": "Parku Kombëtar i Butrintit",
        "category": "parqe",
        "categoryLabel": "Park kombëtar",
        "location": "Shqipëri",
        "countryCodes": [
          "AL"
        ],
        "summary": "Butrint National Park is a national park in Vlorë County, southern Albania. It is located 18 kilometres (11 mi) south of Sarandë. The park encompasses 9,424 hectares (94.24 km2) of hilly terrain with freshwater lakes, wetlands, salt marshes, open plains, reed beds and islands. The park's significance for…",
        "details": [
          "Butrint National Park is a national park in Vlorë County, southern Albania. It is located 18 kilometres (11 mi) south of Sarandë. The park encompasses 9,424 hectares (94.24 km2) of hilly terrain with freshwater lakes, wetlands, salt marshes, open plains, reed beds and islands. The park's significance for conservation is reflected in the large number of species with over 1,200 different animals and plants. Its mandate includes the protection of the lake and lagoon of Butrint, the natural channel of Vivari, the islands of Ksamil and as well the archaeological site, that provides valuable remains of ancient civilisations."
        ],
        "mapNote": "Sipërfaqja vjen nga kufiri i objektit në OpenStreetMap.",
        "geometryType": "Polygon",
        "sources": [
          {
            "label": "OpenStreetMap",
            "url": "https://www.openstreetmap.org/way/360970478"
          },
          {
            "label": "Wikipedia",
            "url": "https://en.wikipedia.org/wiki/Butrint_National_Park"
          },
          {
            "label": "Wikidata",
            "url": "https://www.wikidata.org/wiki/Q975250"
          }
        ],
        "osm": {
          "type": "way",
          "id": 360970478,
          "tags": {
            "boundary": "national_park",
            "leisure": "nature_reserve",
            "protect_class": "2",
            "wikidata": "Q975250"
          }
        },
        "wikipediaAttribution": "Përmbledhje nga Wikipedia (en); shiko licencën dhe autorët në artikull.",
        "image": {
          "url": "https://upload.wikimedia.org/wikipedia/commons/9/94/Butrint%2C_Albania.jpg?utm_source=commons.wikimedia.org&utm_campaign=imageinfo&utm_content=thumbnail_unscaled",
          "source": "https://commons.wikimedia.org/wiki/File:Butrint,_Albania.jpg",
          "credit": "Marc Morell",
          "license": "CC BY-SA 3.0",
          "licenseUrl": "http://creativecommons.org/licenses/by-sa/3.0/",
          "alt": "Parku Kombëtar i Butrintit"
        }
      }
    },
    {
      "type": "Feature",
      "id": "osm-way-359638411",
      "geometry": {
        "type": "Polygon",
        "coordinates": [
          [
            [
              19.576741,
              40.1985423
            ],
            [
              19.5750119,
              40.1983817
            ],
            [
              19.5737579,
              40.1986911
            ],
            [
              19.5735264,
              40.1989465
            ],
            [
              19.5727676,
              40.1992462
            ],
            [
              19.5712307,
              40.1997275
            ],
            [
              19.5662726,
              40.201341
            ],
            [
              19.5653401,
              40.2015989
            ],
            [
              19.5641826,
              40.2018346
            ],
            [
              19.5638997,
              40.2022865
            ],
            [
              19.5634688,
              40.202591
            ],
            [
              19.5630058,
              40.2027924
            ],
            [
              19.561642,
              40.2044368
            ],
            [
              19.5611345,
              40.204924
            ],
            [
              19.5605621,
              40.2055722
            ],
            [
              19.5601249,
              40.2059652
            ],
            [
              19.5591637,
              40.2064754
            ],
            [
              19.5585429,
              40.2066478
            ],
            [
              19.557887,
              40.2069278
            ],
            [
              19.5574368,
              40.2072028
            ],
            [
              19.5564851,
              40.2078363
            ],
            [
              19.5561335,
              40.2081802
            ],
            [
              19.5561185,
              40.2081949
            ],
            [
              19.555096,
              40.2084159
            ],
            [
              19.5539463,
              40.2083879
            ],
            [
              19.5526074,
              40.2079198
            ],
            [
              19.5515639,
              40.2076968
            ],
            [
              19.5510383,
              40.2076595
            ],
            [
              19.5504209,
              40.207576
            ],
            [
              19.5497353,
              40.2075665
            ],
            [
              19.5492698,
              40.2077234
            ],
            [
              19.5488261,
              40.2079788
            ],
            [
              19.5484982,
              40.2084993
            ],
            [
              19.5480159,
              40.2092213
            ],
            [
              19.5475016,
              40.2093167
            ],
            [
              19.5470513,
              40.2095798
            ],
            [
              19.5465046,
              40.2100758
            ],
            [
              19.5461175,
              40.2105929
            ],
            [
              19.5462088,
              40.2118044
            ],
            [
              19.5462603,
              40.2127964
            ],
            [
              19.5465046,
              40.2132433
            ],
            [
              19.5471606,
              40.2135281
            ],
            [
              19.547868,
              40.2140389
            ],
            [
              19.5483503,
              40.2144563
            ],
            [
              19.5492763,
              40.2149522
            ],
            [
              19.5498936,
              40.2155071
            ],
            [
              19.5506233,
              40.2160028
            ],
            [
              19.5511296,
              40.216538
            ],
            [
              19.5519129,
              40.2169067
            ],
            [
              19.5523116,
              40.2175057
            ],
            [
              19.5530757,
              40.2182254
            ],
            [
              19.5533726,
              40.218699
            ],
            [
              19.5538292,
              40.219848
            ],
            [
              19.5543758,
              40.2201622
            ],
            [
              19.5547359,
              40.2206238
            ],
            [
              19.5547617,
              40.2209381
            ],
            [
              19.5557906,
              40.2224357
            ],
            [
              19.5562279,
              40.2228432
            ],
            [
              19.5568388,
              40.2232311
            ],
            [
              19.557559,
              40.2234668
            ],
            [
              19.5580799,
              40.2237908
            ],
            [
              19.5588902,
              40.2240756
            ],
            [
              19.5595589,
              40.2243555
            ],
            [
              19.5599552,
              40.2244558
            ],
            [
              19.5606779,
              40.2246108
            ],
            [
              19.5611666,
              40.2251067
            ],
            [
              19.5621055,
              40.2256272
            ],
            [
              19.5624656,
              40.2259021
            ],
            [
              19.5628284,
              40.226372
            ],
            [
              19.5635138,
              40.2271198
            ],
            [
              19.5636746,
              40.2274831
            ],
            [
              19.5638354,
              40.2276746
            ],
            [
              19.5644013,
              40.2281803
            ],
            [
              19.5648257,
              40.2288087
            ],
            [
              19.5651563,
              40.2291067
            ],
            [
              19.5656938,
              40.2289265
            ],
            [
              19.5668449,
              40.2282981
            ],
            [
              19.5679574,
              40.2276893
            ],
            [
              19.5682803,
              40.2274098
            ],
            [
              19.5696358,
              40.2258187
            ],
            [
              19.571057,
              40.2249349
            ],
            [
              19.5728641,
              40.2243899
            ],
            [
              19.5740023,
              40.2238989
            ],
            [
              19.5749219,
              40.2231476
            ],
            [
              19.5765617,
              40.2212474
            ],
            [
              19.5779057,
              40.2197596
            ],
            [
              19.5782851,
              40.2195337
            ],
            [
              19.5790405,
              40.2191971
            ],
            [
              19.5817255,
              40.2183258
            ],
            [
              19.5827352,
              40.2179231
            ],
            [
              19.5833589,
              40.2178004
            ],
            [
              19.5839586,
              40.217784
            ],
            [
              19.5868637,
              40.218257
            ],
            [
              19.5873588,
              40.2184436
            ],
            [
              19.5881498,
              40.2184338
            ],
            [
              19.5897446,
              40.218041
            ],
            [
              19.5915774,
              40.2178986
            ],
            [
              19.5916352,
              40.2179919
            ],
            [
              19.593558,
              40.2183454
            ],
            [
              19.5969164,
              40.2186628
            ],
            [
              19.5991784,
              40.2194404
            ],
            [
              19.6012298,
              40.2196958
            ],
            [
              19.6035631,
              40.2197918
            ],
            [
              19.6040658,
              40.2183651
            ],
            [
              19.6047796,
              40.2170982
            ],
            [
              19.6054162,
              40.2163616
            ],
            [
              19.6056156,
              40.2159147
            ],
            [
              19.6059557,
              40.2156114
            ],
            [
              19.6054769,
              40.2151673
            ],
            [
              19.6049275,
              40.2146576
            ],
            [
              19.6045159,
              40.2136264
            ],
            [
              19.6033005,
              40.2111071
            ],
            [
              19.6027925,
              40.2108173
            ],
            [
              19.6026574,
              40.2101151
            ],
            [
              19.6020851,
              40.2096731
            ],
            [
              19.6019565,
              40.2093391
            ],
            [
              19.6018499,
              40.2092979
            ],
            [
              19.6017829,
              40.2081507
            ],
            [
              19.6010562,
              40.2065447
            ],
            [
              19.6005675,
              40.2059013
            ],
            [
              19.5998858,
              40.2052186
            ],
            [
              19.5994935,
              40.2044328
            ],
            [
              19.5993071,
              40.2044377
            ],
            [
              19.5993714,
              40.2039662
            ],
            [
              19.5996865,
              40.2024682
            ],
            [
              19.5983296,
              40.2019623
            ],
            [
              19.5976994,
              40.2012305
            ],
            [
              19.597455,
              40.200091
            ],
            [
              19.5947091,
              40.1995507
            ],
            [
              19.5923429,
              40.1994572
            ],
            [
              19.591243,
              40.1990693
            ],
            [
              19.5910486,
              40.1983919
            ],
            [
              19.590686,
              40.1975836
            ],
            [
              19.5881118,
              40.1973779
            ],
            [
              19.5864521,
              40.1974632
            ],
            [
              19.5861835,
              40.1980522
            ],
            [
              19.5855261,
              40.1983031
            ],
            [
              19.5850052,
              40.1984259
            ],
            [
              19.5833266,
              40.1984406
            ],
            [
              19.5821886,
              40.1985143
            ],
            [
              19.581822,
              40.1986076
            ],
            [
              19.5813397,
              40.198475
            ],
            [
              19.5805499,
              40.1984243
            ],
            [
              19.5794234,
              40.1984111
            ],
            [
              19.5789539,
              40.1983817
            ],
            [
              19.5780922,
              40.1985389
            ],
            [
              19.576741,
              40.1985423
            ]
          ]
        ]
      },
      "properties": {
        "name": "Parku Kombëtar i Llogarasë",
        "category": "parqe",
        "categoryLabel": "Park kombëtar",
        "location": "Shqipëri",
        "countryCodes": [
          "AL"
        ],
        "summary": "Llogara National Park is a national park centered on the Ceraunian Mountains along the Albanian Riviera in southwestern Albania, spanning a surface area of 1,769 ha (17.69 km2). The park's terrain includes large alpine meadows, vertical rock faces, precipices and dense forests. Most area of the park is covered by…",
        "details": [
          "Llogara National Park is a national park centered on the Ceraunian Mountains along the Albanian Riviera in southwestern Albania, spanning a surface area of 1,769 ha (17.69 km2). The park's terrain includes large alpine meadows, vertical rock faces, precipices and dense forests. Most area of the park is covered by forests and was established in 1966 to protect several ecosystems and biodiversity of national importance. The International Union for Conservation of Nature (IUCN) has listed the park as Category II. The region has been recognised as an important Bird and Plant Area, supporting significant number of species."
        ],
        "mapNote": "Sipërfaqja vjen nga kufiri i objektit në OpenStreetMap.",
        "geometryType": "Polygon",
        "sources": [
          {
            "label": "OpenStreetMap",
            "url": "https://www.openstreetmap.org/way/359638411"
          },
          {
            "label": "Wikipedia",
            "url": "https://en.wikipedia.org/wiki/Llogara_National_Park"
          },
          {
            "label": "Wikidata",
            "url": "https://www.wikidata.org/wiki/Q686088"
          }
        ],
        "osm": {
          "type": "way",
          "id": 359638411,
          "tags": {
            "boundary": "national_park",
            "protect_class": "2",
            "wikidata": "Q686088"
          }
        },
        "wikipediaAttribution": "Përmbledhje nga Wikipedia (en); shiko licencën dhe autorët në artikull.",
        "image": {
          "url": "https://thumb.wikimedia.org/wikipedia/commons/thumb/8/8c/Llogara_pass.jpg/1280px-Llogara_pass.jpg?utm_source=commons.wikimedia.org&utm_campaign=imageinfo&utm_content=thumbnail",
          "source": "https://commons.wikimedia.org/wiki/File:Llogara_pass.jpg",
          "credit": "godo godaj",
          "license": "CC BY 2.0",
          "licenseUrl": "https://creativecommons.org/licenses/by/2.0",
          "alt": "Parku Kombëtar i Llogarasë"
        }
      }
    },
    {
      "type": "Feature",
      "id": "osm-relation-15532984",
      "geometry": {
        "type": "Polygon",
        "coordinates": [
          [
            [
              20.837804,
              40.9275171
            ],
            [
              20.8381738,
              40.9278992
            ],
            [
              20.8385389,
              40.9283889
            ],
            [
              20.8388338,
              40.928945
            ],
            [
              20.8391259,
              40.929322
            ],
            [
              20.8393932,
              40.9296692
            ],
            [
              20.8396161,
              40.9299726
            ],
            [
              20.8399048,
              40.93041
            ],
            [
              20.8403418,
              40.9310283
            ],
            [
              20.8407113,
              40.9313937
            ],
            [
              20.8414385,
              40.9319514
            ],
            [
              20.8420537,
              40.9326471
            ],
            [
              20.8423522,
              40.9328456
            ],
            [
              20.8430917,
              40.9334407
            ],
            [
              20.8435192,
              40.9338566
            ],
            [
              20.8439857,
              40.9342647
            ],
            [
              20.8443047,
              40.9345739
            ],
            [
              20.8447739,
              40.9349226
            ],
            [
              20.8452359,
              40.9352876
            ],
            [
              20.8453496,
              40.9354451
            ],
            [
              20.8454995,
              40.9355465
            ],
            [
              20.8456223,
              40.9356561
            ],
            [
              20.8457119,
              40.9357749
            ],
            [
              20.8458889,
              40.9358981
            ],
            [
              20.8460382,
              40.9360619
            ],
            [
              20.8461381,
              40.9361686
            ],
            [
              20.8462595,
              40.9362996
            ],
            [
              20.8464099,
              40.9363871
            ],
            [
              20.8465367,
              40.9365188
            ],
            [
              20.8466746,
              40.9366546
            ],
            [
              20.8468506,
              40.936775
            ],
            [
              20.846989,
              40.9369023
            ],
            [
              20.847173,
              40.9370148
            ],
            [
              20.8472931,
              40.9371417
            ],
            [
              20.847511,
              40.9373695
            ],
            [
              20.8476725,
              40.9375032
            ],
            [
              20.84783,
              40.9376126
            ],
            [
              20.8479599,
              40.9376928
            ],
            [
              20.8480981,
              40.9376802
            ],
            [
              20.8482206,
              40.9376209
            ],
            [
              20.8483854,
              40.9375562
            ],
            [
              20.8485245,
              40.937493
            ],
            [
              20.8486345,
              40.937446
            ],
            [
              20.8488087,
              40.9374206
            ],
            [
              20.8490172,
              40.9373726
            ],
            [
              20.8491957,
              40.9373242
            ],
            [
              20.8494507,
              40.9372406
            ],
            [
              20.8497243,
              40.9371194
            ],
            [
              20.85002,
              40.9369763
            ],
            [
              20.8502694,
              40.9369042
            ],
            [
              20.8505777,
              40.9367899
            ],
            [
              20.8508845,
              40.9366525
            ],
            [
              20.8511715,
              40.9365634
            ],
            [
              20.8514191,
              40.9364859
            ],
            [
              20.851744,
              40.9363897
            ],
            [
              20.8520986,
              40.9362769
            ],
            [
              20.85265,
              40.9361268
            ],
            [
              20.8530485,
              40.9359617
            ],
            [
              20.8534209,
              40.935822
            ],
            [
              20.8538355,
              40.9356594
            ],
            [
              20.8542071,
              40.9355153
            ],
            [
              20.8548372,
              40.9352618
            ],
            [
              20.8553757,
              40.9350565
            ],
            [
              20.8561109,
              40.9348157
            ],
            [
              20.8567272,
              40.9345841
            ],
            [
              20.8578125,
              40.9342007
            ],
            [
              20.8591386,
              40.9337705
            ],
            [
              20.8614109,
              40.9330254
            ],
            [
              20.8621199,
              40.9327876
            ],
            [
              20.8671983,
              40.9313174
            ],
            [
              20.8681063,
              40.9310674
            ],
            [
              20.8686576,
              40.930877
            ],
            [
              20.8693617,
              40.9306101
            ],
            [
              20.8697529,
              40.9304819
            ],
            [
              20.8702982,
              40.9302817
            ],
            [
              20.8706865,
              40.9301631
            ],
            [
              20.8710914,
              40.9300163
            ],
            [
              20.8720718,
              40.9296841
            ],
            [
              20.8726106,
              40.9295236
            ],
            [
              20.8734285,
              40.929141
            ],
            [
              20.8740393,
              40.9289631
            ],
            [
              20.8748108,
              40.9286663
            ],
            [
              20.8756805,
              40.9283895
            ],
            [
              20.8765026,
              40.9280603
            ],
            [
              20.8776205,
              40.9277124
            ],
            [
              20.8785811,
              40.9273864
            ],
            [
              20.8794766,
              40.92706
            ],
            [
              20.8808992,
              40.9266868
            ],
            [
              20.8821915,
              40.9262108
            ],
            [
              20.8833831,
              40.9257299
            ],
            [
              20.8840289,
              40.925561
            ],
            [
              20.8846012,
              40.9253813
            ],
            [
              20.8849959,
              40.9252061
            ],
            [
              20.8854762,
              40.9251528
            ],
            [
              20.8860268,
              40.9250979
            ],
            [
              20.8866838,
              40.9250384
            ],
            [
              20.8872779,
              40.9249277
            ],
            [
              20.8879342,
              40.9248328
            ],
            [
              20.8885497,
              40.9247856
            ],
            [
              20.8890998,
              40.9246475
            ],
            [
              20.8895529,
              40.9245353
            ],
            [
              20.8898511,
              40.9244228
            ],
            [
              20.8907272,
              40.9238312
            ],
            [
              20.8914275,
              40.9232993
            ],
            [
              20.8920056,
              40.922792
            ],
            [
              20.8931244,
              40.9218198
            ],
            [
              20.8938265,
              40.9210786
            ],
            [
              20.8944482,
              40.9206644
            ],
            [
              20.8949819,
              40.9202847
            ],
            [
              20.8953961,
              40.9200163
            ],
            [
              20.8957507,
              40.9197794
            ],
            [
              20.8961903,
              40.9196012
            ],
            [
              20.8965408,
              40.9193459
            ],
            [
              20.8968922,
              40.9190883
            ],
            [
              20.8973828,
              40.9189036
            ],
            [
              20.8974402,
              40.9185077
            ],
            [
              20.8980499,
              40.9182083
            ],
            [
              20.8985326,
              40.9178873
            ],
            [
              20.8989704,
              40.9184107
            ],
            [
              20.8993167,
              40.9186103
            ],
            [
              20.8995904,
              40.9186515
            ],
            [
              20.8997295,
              40.9186367
            ],
            [
              20.9000326,
              40.9186082
            ],
            [
              20.9000105,
              40.9186512
            ],
            [
              20.9001733,
              40.9186739
            ],
            [
              20.9002648,
              40.9184509
            ],
            [
              20.9006357,
              40.9183907
            ],
            [
              20.9007173,
              40.9184734
            ],
            [
              20.9013589,
              40.9184473
            ],
            [
              20.9019278,
              40.9183577
            ],
            [
              20.9020605,
              40.9182077
            ],
            [
              20.9020031,
              40.9179191
            ],
            [
              20.9018913,
              40.9176297
            ],
            [
              20.9021394,
              40.9176078
            ],
            [
              20.9025819,
              40.9176378
            ],
            [
              20.9028005,
              40.9176133
            ],
            [
              20.9032294,
              40.9176829
            ],
            [
              20.9038571,
              40.9174011
            ],
            [
              20.9045542,
              40.9173364
            ],
            [
              20.9051279,
              40.9173923
            ],
            [
              20.9056402,
              40.9172561
            ],
            [
              20.9072699,
              40.9173005
            ],
            [
              20.9074932,
              40.9173381
            ],
            [
              20.9075801,
              40.9173255
            ],
            [
              20.9082194,
              40.9173197
            ],
            [
              20.9083039,
              40.9173593
            ],
            [
              20.9092481,
              40.9173368
            ],
            [
              20.9094181,
              40.9172924
            ],
            [
              20.9096292,
              40.9174189
            ],
            [
              20.9097641,
              40.917457
            ],
            [
              20.9099033,
              40.9173982
            ],
            [
              20.91019,
              40.9173358
            ],
            [
              20.9103105,
              40.9172296
            ],
            [
              20.9105291,
              40.917305
            ],
            [
              20.9107206,
              40.9173302
            ],
            [
              20.9109236,
              40.91729
            ],
            [
              20.9112589,
              40.917292
            ],
            [
              20.9113603,
              40.9173962
            ],
            [
              20.9114831,
              40.91738
            ],
            [
              20.911651,
              40.9173076
            ],
            [
              20.9117171,
              40.917517
            ],
            [
              20.9112124,
              40.9189977
            ],
            [
              20.9110438,
              40.9197593
            ],
            [
              20.9111552,
              40.9200274
            ],
            [
              20.9114901,
              40.920211
            ],
            [
              20.9128864,
              40.9203108
            ],
            [
              20.9133891,
              40.9203535
            ],
            [
              20.9136496,
              40.9205089
            ],
            [
              20.9143473,
              40.9215497
            ],
            [
              20.9148854,
              40.9230029
            ],
            [
              20.915243,
              40.92365
            ],
            [
              20.915592,
              40.9237934
            ],
            [
              20.9160389,
              40.9237937
            ],
            [
              20.9166162,
              40.9237518
            ],
            [
              20.9171749,
              40.9236535
            ],
            [
              20.9175659,
              40.9236678
            ],
            [
              20.9183106,
              40.9237671
            ],
            [
              20.9193534,
              40.9237819
            ],
            [
              20.9200052,
              40.9237119
            ],
            [
              20.9214765,
              40.9234449
            ],
            [
              20.9235761,
              40.9228499
            ],
            [
              20.9262581,
              40.9221886
            ],
            [
              20.9280276,
              40.921682
            ],
            [
              20.9290681,
              40.9213737
            ],
            [
              20.9294608,
              40.9213709
            ],
            [
              20.9297036,
              40.9214855
            ],
            [
              20.9299268,
              40.9217254
            ],
            [
              20.9301126,
              40.9220782
            ],
            [
              20.9301311,
              40.9222757
            ],
            [
              20.9299444,
              40.9227411
            ],
            [
              20.9299442,
              40.9228821
            ],
            [
              20.9300371,
              40.9230514
            ],
            [
              20.9304838,
              40.9232915
            ],
            [
              20.9319704,
              40.9239236
            ],
            [
              20.9335296,
              40.9243741
            ],
            [
              20.9345909,
              40.9244452
            ],
            [
              20.9353357,
              40.9244879
            ],
            [
              20.9358681,
              40.9244628
            ],
            [
              20.9368256,
              40.9242349
            ],
            [
              20.9372911,
              40.9242492
            ],
            [
              20.9379241,
              40.9243765
            ],
            [
              20.9385757,
              40.9245038
            ],
            [
              20.9395812,
              40.9244902
            ],
            [
              20.9403073,
              40.924674
            ],
            [
              20.9409217,
              40.924773
            ],
            [
              20.9411638,
              40.9247167
            ],
            [
              20.9413161,
              40.9243818
            ],
            [
              20.9412232,
              40.924156
            ],
            [
              20.9410562,
              40.9234507
            ],
            [
              20.9410564,
              40.9232391
            ],
            [
              20.9412989,
              40.9227737
            ],
            [
              20.9418768,
              40.9219559
            ],
            [
              20.9423242,
              40.9213637
            ],
            [
              20.9425663,
              40.921264
            ],
            [
              20.9428084,
              40.9212934
            ],
            [
              20.9429573,
              40.921364
            ],
            [
              20.9431806,
              40.9215193
            ],
            [
              20.9439435,
              40.9221121
            ],
            [
              20.9445763,
              40.922465
            ],
            [
              20.9450187,
              40.9226183
            ],
            [
              20.9462104,
              40.9226189
            ],
            [
              20.9472345,
              40.9226617
            ],
            [
              20.9482586,
              40.9226198
            ],
            [
              20.9484821,
              40.9225635
            ],
            [
              20.9486685,
              40.9222956
            ],
            [
              20.9489109,
              40.9218443
            ],
            [
              20.9492465,
              40.9212944
            ],
            [
              20.9496939,
              40.920688
            ],
            [
              20.9506813,
              40.9198844
            ],
            [
              20.9512459,
              40.9194792
            ],
            [
              20.9518605,
              40.9192396
            ],
            [
              20.9524193,
              40.9190001
            ],
            [
              20.9531456,
              40.9186901
            ],
            [
              20.9538907,
              40.9182249
            ],
            [
              20.954524,
              40.9178584
            ],
            [
              20.9553248,
              40.9176753
            ],
            [
              20.9562372,
              40.9174641
            ],
            [
              20.9568146,
              40.9171822
            ],
            [
              20.9570009,
              40.9169848
            ],
            [
              20.9570197,
              40.9166886
            ],
            [
              20.9570375,
              40.9164422
            ],
            [
              20.9571164,
              40.9161816
            ],
            [
              20.9570523,
              40.9158774
            ],
            [
              20.9580999,
              40.9146928
            ],
            [
              20.9587964,
              40.9139149
            ],
            [
              20.9593016,
              40.9130709
            ],
            [
              20.9596326,
              40.9124116
            ],
            [
              20.9599634,
              40.9120688
            ],
            [
              20.9605552,
              40.911792
            ],
            [
              20.9613559,
              40.9115153
            ],
            [
              20.9622103,
              40.9113207
            ],
            [
              20.9632891,
              40.9113342
            ],
            [
              20.9650292,
              40.911348
            ],
            [
              20.9656904,
              40.9115064
            ],
            [
              20.9665479,
              40.9116137
            ],
            [
              20.9675123,
              40.9114825
            ],
            [
              20.9683046,
              40.910975
            ],
            [
              20.9691406,
              40.9101741
            ],
            [
              20.969497,
              40.9093463
            ],
            [
              20.9697584,
              40.9085682
            ],
            [
              20.9699795,
              40.9074445
            ],
            [
              20.9705113,
              40.9057741
            ],
            [
              20.9709605,
              40.904765
            ],
            [
              20.9714832,
              40.9043769
            ],
            [
              20.9719407,
              40.9040901
            ],
            [
              20.97208,
              40.903945
            ],
            [
              20.9721324,
              40.9035493
            ],
            [
              20.9725173,
              40.9031386
            ],
            [
              20.9730722,
              40.9027977
            ],
            [
              20.9744295,
              40.9021781
            ],
            [
              20.9748794,
              40.9020058
            ],
            [
              20.9749342,
              40.9018749
            ],
            [
              20.9749343,
              40.9017298
            ],
            [
              20.9749346,
              40.9012903
            ],
            [
              20.9752825,
              40.9009781
            ],
            [
              20.9756654,
              40.900688
            ],
            [
              20.9762816,
              40.9000852
            ],
            [
              20.9772844,
              40.8992856
            ],
            [
              20.9780678,
              40.8985213
            ],
            [
              20.9786137,
              40.8977906
            ],
            [
              20.9788748,
              40.897118
            ],
            [
              20.9788249,
              40.8964741
            ],
            [
              20.9781814,
              40.8948768
            ],
            [
              20.9777468,
              40.8940194
            ],
            [
              20.9776951,
              40.8925157
            ],
            [
              20.9776596,
              40.8916602
            ],
            [
              20.977634,
              40.8897117
            ],
            [
              20.9776312,
              40.8895008
            ],
            [
              20.9797154,
              40.852478
            ],
            [
              20.9842856,
              40.8014466
            ],
            [
              20.9843081,
              40.8010457
            ],
            [
              20.9844801,
              40.7979742
            ],
            [
              20.9850793,
              40.7950798
            ],
            [
              20.9851044,
              40.7943416
            ],
            [
              20.9849551,
              40.7932437
            ],
            [
              20.9842324,
              40.7911425
            ],
            [
              20.9831265,
              40.7889124
            ],
            [
              20.9826032,
              40.7879091
            ],
            [
              20.9812821,
              40.7866785
            ],
            [
              20.9800108,
              40.7857319
            ],
            [
              20.9797868,
              40.7845583
            ],
            [
              20.9790038,
              40.7830869
            ],
            [
              20.9775083,
              40.7817616
            ],
            [
              20.9758382,
              40.7812123
            ],
            [
              20.9741681,
              40.7806441
            ],
            [
              20.97362,
              40.7794893
            ],
            [
              20.9697226,
              40.7778096
            ],
            [
              20.9683328,
              40.7770953
            ],
            [
              20.9654357,
              40.7759723
            ],
            [
              20.9639901,
              40.7754418
            ],
            [
              20.9625048,
              40.7736122
            ],
            [
              20.9602372,
              40.772116
            ],
            [
              20.9556913,
              40.7703043
            ],
            [
              20.9561014,
              40.7701353
            ],
            [
              20.9588585,
              40.7706877
            ],
            [
              20.9604073,
              40.7706041
            ],
            [
              20.9618561,
              40.7703206
            ],
            [
              20.964071,
              40.7692913
            ],
            [
              20.9674974,
              40.7670285
            ],
            [
              20.9692682,
              40.7647765
            ],
            [
              20.9715373,
              40.7624299
            ],
            [
              20.9728335,
              40.7618624
            ],
            [
              20.975276,
              40.7619008
            ],
            [
              20.9774586,
              40.7622383
            ],
            [
              20.9784306,
              40.7621438
            ],
            [
              20.9803747,
              40.7620306
            ],
            [
              20.9827173,
              40.7625988
            ],
            [
              20.9827425,
              40.7615388
            ],
            [
              20.9836399,
              40.7593842
            ],
            [
              20.9844627,
              40.757889
            ],
            [
              20.984762,
              40.7567344
            ],
            [
              20.9849362,
              40.753881
            ],
            [
              20.9848866,
              40.7524613
            ],
            [
              20.9849912,
              40.749503
            ],
            [
              20.9846104,
              40.7469141
            ],
            [
              20.9843104,
              40.7445233
            ],
            [
              20.9833663,
              40.7428793
            ],
            [
              20.9832262,
              40.7419199
            ],
            [
              20.9833267,
              40.7407016
            ],
            [
              20.9833872,
              40.7393921
            ],
            [
              20.9833668,
              40.7382529
            ],
            [
              20.9835473,
              40.7376438
            ],
            [
              20.9837511,
              40.73705
            ],
            [
              20.9842183,
              40.7366389
            ],
            [
              20.985936,
              40.7358722
            ],
            [
              20.9865951,
              40.7352824
            ],
            [
              20.9885039,
              40.7321242
            ],
            [
              20.9895847,
              40.7316498
            ],
            [
              20.9912621,
              40.731274
            ],
            [
              20.9945925,
              40.7304015
            ],
            [
              20.9957658,
              40.7298537
            ],
            [
              20.9963238,
              40.7292226
            ],
            [
              20.9971125,
              40.7284824
            ],
            [
              20.9977464,
              40.7282768
            ],
            [
              20.9984033,
              40.7280897
            ],
            [
              20.9998683,
              40.7275155
            ],
            [
              21.0027565,
              40.7263281
            ],
            [
              21.0039503,
              40.725698
            ],
            [
              21.0065828,
              40.724756
            ],
            [
              21.0080808,
              40.7234373
            ],
            [
              21.0101998,
              40.7215954
            ],
            [
              21.0137243,
              40.7186235
            ],
            [
              21.0147404,
              40.7177825
            ],
            [
              21.0179946,
              40.7149444
            ],
            [
              21.0212946,
              40.7120114
            ],
            [
              21.0250972,
              40.7089491
            ],
            [
              21.026641,
              40.7068163
            ],
            [
              21.0273451,
              40.70584
            ],
            [
              21.0281954,
              40.7045966
            ],
            [
              21.0307506,
              40.7011448
            ],
            [
              21.03161,
              40.6999681
            ],
            [
              21.0321375,
              40.6992244
            ],
            [
              21.0338884,
              40.6965785
            ],
            [
              21.034824,
              40.6952293
            ],
            [
              21.0356793,
              40.6940035
            ],
            [
              21.0369939,
              40.6921045
            ],
            [
              21.038012,
              40.6905883
            ],
            [
              21.0383722,
              40.690054
            ],
            [
              21.0412797,
              40.6857405
            ],
            [
              21.04299,
              40.6834422
            ],
            [
              21.0462629,
              40.6799044
            ],
            [
              21.048113,
              40.6778782
            ],
            [
              21.0525129,
              40.6732516
            ],
            [
              21.0540623,
              40.671453
            ],
            [
              21.055602,
              40.6697782
            ],
            [
              21.0573064,
              40.6677684
            ],
            [
              21.0552029,
              40.6668147
            ],
            [
              21.0490301,
              40.6665718
            ],
            [
              21.0417055,
              40.6679089
            ],
            [
              21.0310475,
              40.6669698
            ],
            [
              21.025203,
              40.6679812
            ],
            [
              21.0230628,
              40.6652028
            ],
            [
              21.0197638,
              40.6646055
            ],
            [
              21.0160627,
              40.6655752
            ],
            [
              21.0118465,
              40.6656985
            ],
            [
              21.0064819,
              40.6669475
            ],
            [
              21.0043906,
              40.6674344
            ],
            [
              21.0024795,
              40.6698827
            ],
            [
              21.0014137,
              40.6712481
            ],
            [
              20.9991234,
              40.6720347
            ],
            [
              20.9960368,
              40.67197
            ],
            [
              20.9860408,
              40.6688782
            ],
            [
              20.9824854,
              40.6693348
            ],
            [
              20.9796382,
              40.6706865
            ],
            [
              20.9794946,
              40.6725264
            ],
            [
              20.9765705,
              40.6749546
            ],
            [
              20.9748911,
              40.6774154
            ],
            [
              20.9755117,
              40.6797884
            ],
            [
              20.9768082,
              40.6816487
            ],
            [
              20.9802076,
              40.6829882
            ],
            [
              20.981718,
              40.6841367
            ],
            [
              20.9821114,
              40.6854811
            ],
            [
              20.980614,
              40.6875075
            ],
            [
              20.9775073,
              40.6886552
            ],
            [
              20.9702102,
              40.6932035
            ],
            [
              20.9657885,
              40.6981424
            ],
            [
              20.9602251,
              40.7018553
            ],
            [
              20.9581379,
              40.7062841
            ],
            [
              20.9510535,
              40.7117325
            ],
            [
              20.9443981,
              40.7152941
            ],
            [
              20.9412377,
              40.7187381
            ],
            [
              20.9393372,
              40.7225519
            ],
            [
              20.9341107,
              40.7244627
            ],
            [
              20.9303173,
              40.728654
            ],
            [
              20.9281976,
              40.7295607
            ],
            [
              20.9250266,
              40.7317396
            ],
            [
              20.9176929,
              40.73252
            ],
            [
              20.9133927,
              40.733033
            ],
            [
              20.9117532,
              40.7327005
            ],
            [
              20.9054274,
              40.7329135
            ],
            [
              20.9027464,
              40.7332322
            ],
            [
              20.8999594,
              40.7326339
            ],
            [
              20.8885887,
              40.7332736
            ],
            [
              20.8792186,
              40.7354806
            ],
            [
              20.868968,
              40.7420804
            ],
            [
              20.8625502,
              40.7470821
            ],
            [
              20.8613797,
              40.7494852
            ],
            [
              20.8598231,
              40.7510106
            ],
            [
              20.8567937,
              40.7526253
            ],
            [
              20.8524124,
              40.7577182
            ],
            [
              20.8527089,
              40.7593004
            ],
            [
              20.8520574,
              40.7600913
            ],
            [
              20.8509767,
              40.7608172
            ],
            [
              20.8478711,
              40.762204
            ],
            [
              20.8454367,
              40.7641001
            ],
            [
              20.8446037,
              40.7659305
            ],
            [
              20.844311,
              40.7669747
            ],
            [
              20.8457212,
              40.7722479
            ],
            [
              20.8478609,
              40.7771308
            ],
            [
              20.8434997,
              40.7825401
            ],
            [
              20.8451815,
              40.7863615
            ],
            [
              20.8482795,
              40.7881195
            ],
            [
              20.8494115,
              40.7904657
            ],
            [
              20.8494439,
              40.7920144
            ],
            [
              20.8502059,
              40.7929783
            ],
            [
              20.8514083,
              40.7992702
            ],
            [
              20.8469484,
              40.8072828
            ],
            [
              20.8471695,
              40.8096478
            ],
            [
              20.8486212,
              40.8111307
            ],
            [
              20.8511886,
              40.8120939
            ],
            [
              20.8512456,
              40.8132357
            ],
            [
              20.8496288,
              40.816911
            ],
            [
              20.8496335,
              40.8220742
            ],
            [
              20.8483936,
              40.824347
            ],
            [
              20.8465362,
              40.8255555
            ],
            [
              20.8454942,
              40.8274134
            ],
            [
              20.8464906,
              40.8293444
            ],
            [
              20.8471008,
              40.8313727
            ],
            [
              20.850797,
              40.8345014
            ],
            [
              20.8513603,
              40.8354709
            ],
            [
              20.8510385,
              40.8394307
            ],
            [
              20.8505021,
              40.8403709
            ],
            [
              20.8507383,
              40.8410825
            ],
            [
              20.8493008,
              40.8438232
            ],
            [
              20.849022,
              40.8452003
            ],
            [
              20.848078,
              40.8458632
            ],
            [
              20.8451181,
              40.8471729
            ],
            [
              20.8443481,
              40.8482016
            ],
            [
              20.8453162,
              40.849068
            ],
            [
              20.8469281,
              40.8495447
            ],
            [
              20.8482256,
              40.8520687
            ],
            [
              20.8457238,
              40.8530219
            ],
            [
              20.8480867,
              40.8539365
            ],
            [
              20.851924,
              40.8553364
            ],
            [
              20.8521955,
              40.8553364
            ],
            [
              20.8523991,
              40.8592887
            ],
            [
              20.8524484,
              40.8641225
            ],
            [
              20.8516279,
              40.867533
            ],
            [
              20.8508937,
              40.8697444
            ],
            [
              20.8497586,
              40.8722869
            ],
            [
              20.8480435,
              40.8760935
            ],
            [
              20.8461865,
              40.8782859
            ],
            [
              20.8453413,
              40.8786078
            ],
            [
              20.8445331,
              40.8785425
            ],
            [
              20.8430524,
              40.8791302
            ],
            [
              20.8413497,
              40.8801098
            ],
            [
              20.8398074,
              40.8821808
            ],
            [
              20.83932,
              40.8852779
            ],
            [
              20.8382897,
              40.8875587
            ],
            [
              20.837426,
              40.889303
            ],
            [
              20.8361798,
              40.8901985
            ],
            [
              20.8338231,
              40.8944564
            ],
            [
              20.833274,
              40.8974923
            ],
            [
              20.8327496,
              40.898826
            ],
            [
              20.8325953,
              40.9002483
            ],
            [
              20.8319599,
              40.9015446
            ],
            [
              20.8319537,
              40.90237
            ],
            [
              20.8315836,
              40.9039554
            ],
            [
              20.8312689,
              40.9048133
            ],
            [
              20.8311394,
              40.9053216
            ],
            [
              20.8282801,
              40.9131184
            ],
            [
              20.8285629,
              40.9137769
            ],
            [
              20.8288352,
              40.9143917
            ],
            [
              20.829324,
              40.9152404
            ],
            [
              20.8300975,
              40.9162435
            ],
            [
              20.8314348,
              40.9181517
            ],
            [
              20.83409,
              40.921793
            ],
            [
              20.8348158,
              40.9228528
            ],
            [
              20.8359847,
              40.9245099
            ],
            [
              20.8363407,
              40.9251002
            ],
            [
              20.8365445,
              40.9253577
            ],
            [
              20.8367335,
              40.9256667
            ],
            [
              20.8369048,
              40.9259757
            ],
            [
              20.8370914,
              40.9262493
            ],
            [
              20.8375864,
              40.9269913
            ],
            [
              20.837804,
              40.9275171
            ]
          ]
        ]
      },
      "properties": {
        "name": "Parku Kombëtar i Prespës",
        "category": "parqe",
        "categoryLabel": "Park kombëtar",
        "location": "Shqipëri",
        "countryCodes": [
          "AL"
        ],
        "summary": "Prespa National Park is a national park situated in southeastern Albania on the border triangle shared with Greece and North Macedonia. At approximately 277.5 km2 (107.1 sq mi), the park encompasses the country's sections of the Great and Small Prespa Lake. It is considerably characterised by high mountains, narrow…",
        "details": [
          "Prespa National Park is a national park situated in southeastern Albania on the border triangle shared with Greece and North Macedonia. At approximately 277.5 km2 (107.1 sq mi), the park encompasses the country's sections of the Great and Small Prespa Lake. It is considerably characterised by high mountains, narrow islands, vast freshwater wetlands, salt marshes, meadows, reed beds and dense forests."
        ],
        "mapNote": "Sipërfaqja bashkon anët e jashtme dhe përjashton vrimat e relation në OpenStreetMap.",
        "geometryType": "Polygon",
        "sources": [
          {
            "label": "OpenStreetMap",
            "url": "https://www.openstreetmap.org/relation/15532984"
          },
          {
            "label": "Wikipedia",
            "url": "https://en.wikipedia.org/wiki/Prespa_National_Park_%28Albania%29"
          },
          {
            "label": "Wikidata",
            "url": "https://www.wikidata.org/wiki/Q4988996"
          }
        ],
        "osm": {
          "type": "relation",
          "id": 15532984,
          "tags": {
            "boundary": "national_park",
            "leisure": "nature_reserve",
            "protect_class": "2",
            "wikidata": "Q4988996"
          }
        },
        "wikipediaAttribution": "Përmbledhje nga Wikipedia (en); shiko licencën dhe autorët në artikull.",
        "image": {
          "url": "https://thumb.wikimedia.org/wikipedia/commons/thumb/5/5f/Liqeni_Prespes._Ishulli_Mali_Gradit._Korce._Albania.jpg/1280px-Liqeni_Prespes._Ishulli_Mali_Gradit._Korce._Albania.jpg?utm_source=commons.wikimedia.org&utm_campaign=imageinfo&utm_content=thumbnail",
          "source": "https://commons.wikimedia.org/wiki/File:Liqeni_Prespes._Ishulli_Mali_Gradit._Korce._Albania.jpg",
          "credit": "Fation Plaku",
          "license": "CC BY-SA 4.0",
          "licenseUrl": "https://creativecommons.org/licenses/by-sa/4.0",
          "alt": "Parku Kombëtar i Prespës"
        }
      }
    },
    {
      "type": "Feature",
      "id": "osm-relation-19369097",
      "geometry": {
        "type": "Polygon",
        "coordinates": [
          [
            [
              19.7962949,
              42.4249005
            ],
            [
              19.7947082,
              42.421792
            ],
            [
              19.7967907,
              42.4200141
            ],
            [
              19.8017069,
              42.418074
            ],
            [
              19.8066729,
              42.4158513
            ],
            [
              19.8075896,
              42.4108428
            ],
            [
              19.8107807,
              42.408179
            ],
            [
              19.8181289,
              42.4039816
            ],
            [
              19.823268,
              42.4000043
            ],
            [
              19.8252958,
              42.3963441
            ],
            [
              19.827425,
              42.392325
            ],
            [
              19.8270386,
              42.3874595
            ],
            [
              19.8276132,
              42.386249
            ],
            [
              19.8273817,
              42.3849079
            ],
            [
              19.8235148,
              42.3808126
            ],
            [
              19.8244249,
              42.378235
            ],
            [
              19.8233342,
              42.3760259
            ],
            [
              19.8222865,
              42.3744826
            ],
            [
              19.8204881,
              42.3733434
            ],
            [
              19.8199076,
              42.3729757
            ],
            [
              19.818647,
              42.3724813
            ],
            [
              19.8170819,
              42.3718688
            ],
            [
              19.8158274,
              42.3722877
            ],
            [
              19.8141867,
              42.3708677
            ],
            [
              19.8124073,
              42.3705008
            ],
            [
              19.8039572,
              42.3706316
            ],
            [
              19.802674,
              42.3704294
            ],
            [
              19.7963375,
              42.3679841
            ],
            [
              19.7893788,
              42.3673143
            ],
            [
              19.7863285,
              42.3655069
            ],
            [
              19.7847819,
              42.3649599
            ],
            [
              19.7831065,
              42.3649996
            ],
            [
              19.7778843,
              42.3669179
            ],
            [
              19.7768543,
              42.3681545
            ],
            [
              19.7741782,
              42.3688261
            ],
            [
              19.7733967,
              42.3694441
            ],
            [
              19.7695183,
              42.3703616
            ],
            [
              19.7666404,
              42.3752407
            ],
            [
              19.765589,
              42.3795047
            ],
            [
              19.7664473,
              42.3816762
            ],
            [
              19.765825,
              42.3824528
            ],
            [
              19.7643874,
              42.384228
            ],
            [
              19.7589157,
              42.3861299
            ],
            [
              19.7525427,
              42.3841963
            ],
            [
              19.7443145,
              42.388769
            ],
            [
              19.737458,
              42.3922949
            ],
            [
              19.735195,
              42.3944583
            ],
            [
              19.7351735,
              42.3961697
            ],
            [
              19.7356341,
              42.4012798
            ],
            [
              19.735956,
              42.4039417
            ],
            [
              19.7350387,
              42.4047384
            ],
            [
              19.7310851,
              42.408172
            ],
            [
              19.7281998,
              42.4103032
            ],
            [
              19.7203133,
              42.4130833
            ],
            [
              19.7173092,
              42.4152378
            ],
            [
              19.7129748,
              42.4188813
            ],
            [
              19.7202919,
              42.4234274
            ],
            [
              19.7301409,
              42.4312992
            ],
            [
              19.7325227,
              42.4326771
            ],
            [
              19.7379086,
              42.4354644
            ],
            [
              19.7392175,
              42.4384416
            ],
            [
              19.7400115,
              42.441197
            ],
            [
              19.7425121,
              42.4451796
            ],
            [
              19.7442386,
              42.4443798
            ],
            [
              19.7459882,
              42.4443879
            ],
            [
              19.7479079,
              42.4444431
            ],
            [
              19.750912,
              42.4456623
            ],
            [
              19.7560189,
              42.4447756
            ],
            [
              19.7586918,
              42.4437572
            ],
            [
              19.7593019,
              42.4435247
            ],
            [
              19.762027,
              42.4444273
            ],
            [
              19.7685188,
              42.4435962
            ],
            [
              19.7706643,
              42.4438677
            ],
            [
              19.7755883,
              42.4428596
            ],
            [
              19.7779701,
              42.441482
            ],
            [
              19.781811,
              42.4418937
            ],
            [
              19.7849867,
              42.4387583
            ],
            [
              19.7849867,
              42.4355594
            ],
            [
              19.7848365,
              42.4318377
            ],
            [
              19.7871754,
              42.4286543
            ],
            [
              19.7883556,
              42.427118
            ],
            [
              19.792322,
              42.4263668
            ],
            [
              19.7937629,
              42.4262468
            ],
            [
              19.7962949,
              42.4249005
            ]
          ]
        ]
      },
      "properties": {
        "name": "Parku Kombëtar i Thethit",
        "category": "parqe",
        "categoryLabel": "Park kombëtar",
        "location": "Shqipëri",
        "countryCodes": [
          "AL"
        ],
        "summary": "Національний парк Теті — один із національних парків Албанії, розташований на півночі країни, у гірському районі поблизу кордону з Чорногорією, другий за розміром у країні. Займає верхню північну частину долини Шала. Межує на сході з національним парком «Долина Валбони».",
        "details": [
          "Національний парк Теті — один із національних парків Албанії, розташований на півночі країни, у гірському районі поблизу кордону з Чорногорією, другий за розміром у країні. Займає верхню північну частину долини Шала. Межує на сході з національним парком «Долина Валбони»."
        ],
        "mapNote": "Sipërfaqja bashkon anët e jashtme dhe përjashton vrimat e relation në OpenStreetMap.",
        "geometryType": "Polygon",
        "sources": [
          {
            "label": "OpenStreetMap",
            "url": "https://www.openstreetmap.org/relation/19369097"
          },
          {
            "label": "Wikipedia",
            "url": "https://uk.wikipedia.org/wiki/%D0%A2%D0%B5%D1%82%D1%96_%28%D0%BD%D0%B0%D1%86%D1%96%D0%BE%D0%BD%D0%B0%D0%BB%D1%8C%D0%BD%D0%B8%D0%B9_%D0%BF%D0%B0%D1%80%D0%BA%29"
          },
          {
            "label": "Wikidata",
            "url": "https://www.wikidata.org/wiki/Q1587429"
          }
        ],
        "osm": {
          "type": "relation",
          "id": 19369097,
          "tags": {
            "boundary": "national_park",
            "protect_class": "2",
            "wikidata": "Q1587429"
          }
        },
        "wikipediaAttribution": "Përmbledhje nga Wikipedia (uk); shiko licencën dhe autorët në artikull.",
        "image": {
          "url": "https://thumb.wikimedia.org/wikipedia/commons/thumb/7/76/Kisha_e_Thethit_-_2018_%288%29.jpg/1280px-Kisha_e_Thethit_-_2018_%288%29.jpg?utm_source=commons.wikimedia.org&utm_campaign=imageinfo&utm_content=thumbnail",
          "source": "https://commons.wikimedia.org/wiki/File:Kisha_e_Thethit_-_2018_(8).jpg",
          "credit": "Liridon",
          "license": "CC BY-SA 4.0",
          "licenseUrl": "https://creativecommons.org/licenses/by-sa/4.0",
          "alt": "Parku Kombëtar i Thethit"
        }
      }
    },
    {
      "type": "Feature",
      "id": "osm-way-354315205",
      "geometry": {
        "type": "LineString",
        "coordinates": [
          [
            19.8314213,
            42.4658321
          ],
          [
            19.8313498,
            42.4656183
          ],
          [
            19.823824,
            42.4617988
          ],
          [
            19.8218564,
            42.4601683
          ],
          [
            19.821771,
            42.4582845
          ],
          [
            19.8186035,
            42.4522367
          ],
          [
            19.8161227,
            42.4507169
          ],
          [
            19.8131761,
            42.4472097
          ],
          [
            19.8133121,
            42.4441894
          ],
          [
            19.8128465,
            42.4420016
          ],
          [
            19.8144529,
            42.4386873
          ],
          [
            19.8132483,
            42.4351355
          ],
          [
            19.8121861,
            42.4339376
          ],
          [
            19.8089351,
            42.4329297
          ],
          [
            19.8068964,
            42.430217
          ],
          [
            19.8011453,
            42.4295429
          ],
          [
            19.7992351,
            42.4275068
          ],
          [
            19.7974555,
            42.42558
          ],
          [
            19.7962949,
            42.4249005
          ],
          [
            19.7947082,
            42.421792
          ],
          [
            19.7969875,
            42.4202179
          ],
          [
            19.8068199,
            42.4160143
          ],
          [
            19.8075711,
            42.412496
          ],
          [
            19.8078286,
            42.4108953
          ],
          [
            19.8110795,
            42.40817
          ],
          [
            19.8182571,
            42.4040821
          ],
          [
            19.8233705,
            42.4001163
          ],
          [
            19.8287118,
            42.3936366
          ],
          [
            19.8318092,
            42.3898305
          ],
          [
            19.8384864,
            42.3899162
          ],
          [
            19.8432967,
            42.3902399
          ],
          [
            19.848789,
            42.3898144
          ],
          [
            19.852887,
            42.3887379
          ],
          [
            19.8549308,
            42.3896138
          ],
          [
            19.8574976,
            42.3893068
          ],
          [
            19.8596822,
            42.3883134
          ],
          [
            19.8634138,
            42.3884982
          ],
          [
            19.8636918,
            42.3914353
          ],
          [
            19.8636363,
            42.3914599
          ],
          [
            19.8611373,
            42.3925657
          ],
          [
            19.864605,
            42.3955563
          ],
          [
            19.8670332,
            42.3964729
          ],
          [
            19.8705325,
            42.3969311
          ],
          [
            19.8758343,
            42.396819
          ],
          [
            19.8799658,
            42.3974917
          ],
          [
            19.8836253,
            42.3969918
          ],
          [
            19.8866955,
            42.3982739
          ],
          [
            19.8886951,
            42.4010469
          ],
          [
            19.8900137,
            42.4031414
          ],
          [
            19.8978984,
            42.4047923
          ],
          [
            19.8984075,
            42.4055148
          ],
          [
            19.8983802,
            42.4070769
          ],
          [
            19.8993555,
            42.4079674
          ],
          [
            19.904195,
            42.4086688
          ],
          [
            19.9106569,
            42.4061782
          ],
          [
            19.9115703,
            42.4054953
          ],
          [
            19.9119903,
            42.4045405
          ],
          [
            19.9119597,
            42.4033796
          ],
          [
            19.9111581,
            42.401596
          ],
          [
            19.9125237,
            42.4001134
          ],
          [
            19.9142893,
            42.3988595
          ],
          [
            19.9156534,
            42.3980156
          ],
          [
            19.9168727,
            42.3949767
          ],
          [
            19.9189049,
            42.3935989
          ],
          [
            19.9228177,
            42.3927356
          ],
          [
            19.9254002,
            42.3914604
          ],
          [
            19.9292916,
            42.3913023
          ],
          [
            19.9314412,
            42.3897098
          ],
          [
            19.9371098,
            42.3906371
          ],
          [
            19.9413552,
            42.3930385
          ],
          [
            19.9528534,
            42.3919852
          ],
          [
            19.9567703,
            42.3903829
          ],
          [
            19.9598288,
            42.3871324
          ],
          [
            19.964132,
            42.3844682
          ],
          [
            19.9665468,
            42.3838645
          ],
          [
            19.9690153,
            42.3840608
          ],
          [
            19.9715053,
            42.3870783
          ],
          [
            19.9725894,
            42.3866145
          ],
          [
            19.9741885,
            42.3849143
          ],
          [
            19.9784747,
            42.3835037
          ],
          [
            19.9803577,
            42.3839317
          ],
          [
            19.9826591,
            42.3838841
          ],
          [
            19.9882945,
            42.3852551
          ],
          [
            19.9908654,
            42.3864636
          ],
          [
            19.9918699,
            42.3868004
          ],
          [
            19.9947277,
            42.3858772
          ],
          [
            19.996384,
            42.3838604
          ],
          [
            20.0022244,
            42.3808528
          ],
          [
            20.0067325,
            42.3810212
          ],
          [
            20.0101019,
            42.3822282
          ],
          [
            20.0144583,
            42.3815967
          ],
          [
            20.0166903,
            42.379602
          ],
          [
            20.0229348,
            42.3790801
          ],
          [
            20.0427242,
            42.3808596
          ],
          [
            20.0486278,
            42.3825894
          ],
          [
            20.0571371,
            42.382535
          ],
          [
            20.0615015,
            42.3832017
          ],
          [
            20.0616278,
            42.383221
          ],
          [
            20.0659529,
            42.3843471
          ],
          [
            20.0689737,
            42.3866219
          ],
          [
            20.0724879,
            42.3881489
          ],
          [
            20.0728958,
            42.3883261
          ],
          [
            20.073195,
            42.3895003
          ],
          [
            20.0743645,
            42.3894758
          ],
          [
            20.0762474,
            42.3890753
          ],
          [
            20.0812993,
            42.393147
          ],
          [
            20.081888,
            42.3945563
          ],
          [
            20.0832278,
            42.3948405
          ],
          [
            20.083834,
            42.395318
          ],
          [
            20.084353,
            42.3957269
          ],
          [
            20.0833753,
            42.3980066
          ],
          [
            20.0831651,
            42.3982752
          ]
        ]
      },
      "properties": {
        "name": "Parku Kombëtar Lugina e Valbonës",
        "category": "parqe",
        "categoryLabel": "Park kombëtar",
        "location": "Shqipëri",
        "countryCodes": [
          "AL"
        ],
        "summary": "The Valbona Valley is in the Albanian Alps in northern Albania. It is part of Alps of Albania National Park, one of the most impressive and notable topographic features of Albania. Being the southernmost continuation of the Dinaric Alps, it forms a section of the Alpine-Himalayan orogenic belt, which extend from…",
        "details": [
          "The Valbona Valley is in the Albanian Alps in northern Albania. It is part of Alps of Albania National Park, one of the most impressive and notable topographic features of Albania. Being the southernmost continuation of the Dinaric Alps, it forms a section of the Alpine-Himalayan orogenic belt, which extend from the Atlantic Ocean to the Himalaya Mountains. The mountains are characterized by limestone and dolomite rocks and shows major karst features. Maja Jezercë sprawls to the west of the valley and is the highest mountain of the Dinaric Alps, with an altitude of 2,694 m (8,839 ft). The Valbona River originate from several karst springs along the south of Maja Jezercë and the east of Valbona Pass. It is the largest river within the Albanian Alps and drains the entire eastern portion of the range. Over the past few million years, glaciers have at times covered most of the park. During the Würm period, the glacier of Valbona reached a total length of 9.5 kilometres. Nowadays, there are two very small active glaciers close to the northeastern edge of Maja Jezercë."
        ],
        "mapNote": "Objekti është vizatuar si vijë në OpenStreetMap.",
        "geometryType": "LineString",
        "sources": [
          {
            "label": "OpenStreetMap",
            "url": "https://www.openstreetmap.org/way/354315205"
          },
          {
            "label": "Wikipedia",
            "url": "https://en.wikipedia.org/wiki/Valbon%C3%AB_Valley_National_Park"
          },
          {
            "label": "Wikidata",
            "url": "https://www.wikidata.org/wiki/Q1725911"
          }
        ],
        "osm": {
          "type": "way",
          "id": 354315205,
          "tags": {
            "boundary": "national_park",
            "natural": "valley",
            "protect_class": "2",
            "wikidata": "Q1725911"
          }
        },
        "wikipediaAttribution": "Përmbledhje nga Wikipedia (en); shiko licencën dhe autorët në artikull.",
        "image": {
          "url": "https://thumb.wikimedia.org/wikipedia/commons/thumb/7/7a/2013-10-05_Valbona%2C_Albania_8806.jpg/1280px-2013-10-05_Valbona%2C_Albania_8806.jpg?utm_source=commons.wikimedia.org&utm_campaign=imageinfo&utm_content=thumbnail",
          "source": "https://commons.wikimedia.org/wiki/File:2013-10-05_Valbona,_Albania_8806.jpg",
          "credit": "You may re-use this image under the terms of the license using the following reference: Image: Wikipedia / Tobias Klenze / CC-BY-SA 4.0. …",
          "license": "CC BY 3.0",
          "licenseUrl": "https://creativecommons.org/licenses/by/3.0",
          "alt": "Parku Kombëtar Lugina e Valbonës"
        }
      }
    },
    {
      "type": "Feature",
      "id": "osm-way-1149401376",
      "geometry": {
        "type": "LineString",
        "coordinates": [
          [
            20.0036408,
            42.5082435
          ],
          [
            20.0032851,
            42.5085841
          ],
          [
            20.003143,
            42.5087718
          ]
        ]
      },
      "properties": {
        "name": "Parku Kombëtar Lugina e Valbonës",
        "category": "parqe",
        "categoryLabel": "Park kombëtar",
        "location": "Shqipëri",
        "countryCodes": [
          "AL"
        ],
        "summary": "The Valbona Valley is in the Albanian Alps in northern Albania. It is part of Alps of Albania National Park, one of the most impressive and notable topographic features of Albania. Being the southernmost continuation of the Dinaric Alps, it forms a section of the Alpine-Himalayan orogenic belt, which extend from…",
        "details": [
          "The Valbona Valley is in the Albanian Alps in northern Albania. It is part of Alps of Albania National Park, one of the most impressive and notable topographic features of Albania. Being the southernmost continuation of the Dinaric Alps, it forms a section of the Alpine-Himalayan orogenic belt, which extend from the Atlantic Ocean to the Himalaya Mountains. The mountains are characterized by limestone and dolomite rocks and shows major karst features. Maja Jezercë sprawls to the west of the valley and is the highest mountain of the Dinaric Alps, with an altitude of 2,694 m (8,839 ft). The Valbona River originate from several karst springs along the south of Maja Jezercë and the east of Valbona Pass. It is the largest river within the Albanian Alps and drains the entire eastern portion of the range. Over the past few million years, glaciers have at times covered most of the park. During the Würm period, the glacier of Valbona reached a total length of 9.5 kilometres. Nowadays, there are two very small active glaciers close to the northeastern edge of Maja Jezercë."
        ],
        "mapNote": "Objekti është vizatuar si vijë në OpenStreetMap.",
        "geometryType": "LineString",
        "sources": [
          {
            "label": "OpenStreetMap",
            "url": "https://www.openstreetmap.org/way/1149401376"
          },
          {
            "label": "Wikipedia",
            "url": "https://en.wikipedia.org/wiki/Valbon%C3%AB_Valley_National_Park"
          },
          {
            "label": "Wikidata",
            "url": "https://www.wikidata.org/wiki/Q1725911"
          }
        ],
        "osm": {
          "type": "way",
          "id": 1149401376,
          "tags": {
            "boundary": "national_park",
            "natural": "valley",
            "protect_class": "2",
            "wikidata": "Q1725911"
          }
        },
        "wikipediaAttribution": "Përmbledhje nga Wikipedia (en); shiko licencën dhe autorët në artikull.",
        "image": {
          "url": "https://thumb.wikimedia.org/wikipedia/commons/thumb/7/7a/2013-10-05_Valbona%2C_Albania_8806.jpg/1280px-2013-10-05_Valbona%2C_Albania_8806.jpg?utm_source=commons.wikimedia.org&utm_campaign=imageinfo&utm_content=thumbnail",
          "source": "https://commons.wikimedia.org/wiki/File:2013-10-05_Valbona,_Albania_8806.jpg",
          "credit": "You may re-use this image under the terms of the license using the following reference: Image: Wikipedia / Tobias Klenze / CC-BY-SA 4.0. …",
          "license": "CC BY 3.0",
          "licenseUrl": "https://creativecommons.org/licenses/by/3.0",
          "alt": "Parku Kombëtar Lugina e Valbonës"
        }
      }
    },
    {
      "type": "Feature",
      "id": "osm-way-1149502099",
      "geometry": {
        "type": "LineString",
        "coordinates": [
          [
            20.0831651,
            42.3982752
          ],
          [
            20.0818826,
            42.3999219
          ],
          [
            20.0748043,
            42.4034462
          ],
          [
            20.0681422,
            42.4064453
          ],
          [
            20.066587,
            42.4065608
          ],
          [
            20.064666,
            42.4055961
          ],
          [
            20.0609632,
            42.4069073
          ],
          [
            20.0555437,
            42.4092326
          ],
          [
            20.0515284,
            42.4086864
          ],
          [
            20.0439697,
            42.4118084
          ],
          [
            20.0419312,
            42.4135523
          ],
          [
            20.0410245,
            42.4161084
          ],
          [
            20.0384469,
            42.4190892
          ],
          [
            20.0349037,
            42.4214048
          ],
          [
            20.032331,
            42.4220858
          ],
          [
            20.0314535,
            42.425713
          ],
          [
            20.028368,
            42.4282473
          ],
          [
            20.0264499,
            42.4296569
          ],
          [
            20.0253773,
            42.4320958
          ],
          [
            20.025592,
            42.4346614
          ],
          [
            20.0253775,
            42.4373221
          ],
          [
            20.0259088,
            42.4398556
          ],
          [
            20.0261315,
            42.4433393
          ],
          [
            20.0257963,
            42.4465063
          ],
          [
            20.0246912,
            42.448462
          ],
          [
            20.0241814,
            42.4493641
          ],
          [
            20.0211811,
            42.4505398
          ],
          [
            20.0165285,
            42.4518579
          ],
          [
            20.01031,
            42.4518104
          ],
          [
            20.0093391,
            42.452887
          ],
          [
            20.0105247,
            42.4548224
          ],
          [
            20.0178686,
            42.4610796
          ],
          [
            20.0160394,
            42.4629435
          ],
          [
            20.0170346,
            42.4662022
          ],
          [
            20.0184301,
            42.4685404
          ],
          [
            20.0192034,
            42.4695173
          ],
          [
            20.0204711,
            42.4722943
          ],
          [
            20.0182011,
            42.4726063
          ],
          [
            20.0137917,
            42.4732122
          ],
          [
            20.012391,
            42.4749848
          ],
          [
            20.0103604,
            42.478977
          ],
          [
            20.0075641,
            42.4822866
          ],
          [
            20.0047249,
            42.4830642
          ],
          [
            20.0000405,
            42.4832518
          ],
          [
            19.9967079,
            42.4839299
          ],
          [
            19.9996416,
            42.4885762
          ],
          [
            19.9996917,
            42.4886555
          ],
          [
            20.002182,
            42.4910393
          ],
          [
            20.0050603,
            42.4942511
          ],
          [
            20.0056906,
            42.4954154
          ],
          [
            20.0073377,
            42.4985387
          ],
          [
            20.0068747,
            42.5058
          ],
          [
            20.0036408,
            42.5082435
          ]
        ]
      },
      "properties": {
        "name": "Parku Kombëtar Lugina e Valbonës",
        "category": "parqe",
        "categoryLabel": "Park kombëtar",
        "location": "Shqipëri",
        "countryCodes": [
          "AL"
        ],
        "summary": "The Valbona Valley is in the Albanian Alps in northern Albania. It is part of Alps of Albania National Park, one of the most impressive and notable topographic features of Albania. Being the southernmost continuation of the Dinaric Alps, it forms a section of the Alpine-Himalayan orogenic belt, which extend from…",
        "details": [
          "The Valbona Valley is in the Albanian Alps in northern Albania. It is part of Alps of Albania National Park, one of the most impressive and notable topographic features of Albania. Being the southernmost continuation of the Dinaric Alps, it forms a section of the Alpine-Himalayan orogenic belt, which extend from the Atlantic Ocean to the Himalaya Mountains. The mountains are characterized by limestone and dolomite rocks and shows major karst features. Maja Jezercë sprawls to the west of the valley and is the highest mountain of the Dinaric Alps, with an altitude of 2,694 m (8,839 ft). The Valbona River originate from several karst springs along the south of Maja Jezercë and the east of Valbona Pass. It is the largest river within the Albanian Alps and drains the entire eastern portion of the range. Over the past few million years, glaciers have at times covered most of the park. During the Würm period, the glacier of Valbona reached a total length of 9.5 kilometres. Nowadays, there are two very small active glaciers close to the northeastern edge of Maja Jezercë."
        ],
        "mapNote": "Objekti është vizatuar si vijë në OpenStreetMap.",
        "geometryType": "LineString",
        "sources": [
          {
            "label": "OpenStreetMap",
            "url": "https://www.openstreetmap.org/way/1149502099"
          },
          {
            "label": "Wikipedia",
            "url": "https://en.wikipedia.org/wiki/Valbon%C3%AB_Valley_National_Park"
          },
          {
            "label": "Wikidata",
            "url": "https://www.wikidata.org/wiki/Q1725911"
          }
        ],
        "osm": {
          "type": "way",
          "id": 1149502099,
          "tags": {
            "boundary": "national_park",
            "natural": "valley",
            "protect_class": "2",
            "wikidata": "Q1725911"
          }
        },
        "wikipediaAttribution": "Përmbledhje nga Wikipedia (en); shiko licencën dhe autorët në artikull.",
        "image": {
          "url": "https://thumb.wikimedia.org/wikipedia/commons/thumb/7/7a/2013-10-05_Valbona%2C_Albania_8806.jpg/1280px-2013-10-05_Valbona%2C_Albania_8806.jpg?utm_source=commons.wikimedia.org&utm_campaign=imageinfo&utm_content=thumbnail",
          "source": "https://commons.wikimedia.org/wiki/File:2013-10-05_Valbona,_Albania_8806.jpg",
          "credit": "You may re-use this image under the terms of the license using the following reference: Image: Wikipedia / Tobias Klenze / CC-BY-SA 4.0. …",
          "license": "CC BY 3.0",
          "licenseUrl": "https://creativecommons.org/licenses/by/3.0",
          "alt": "Parku Kombëtar Lugina e Valbonës"
        }
      }
    },
    {
      "type": "Feature",
      "id": "osm-relation-15532458",
      "geometry": {
        "type": "Polygon",
        "coordinates": [
          [
            [
              20.0831651,
              42.3982752
            ],
            [
              20.0833753,
              42.3980066
            ],
            [
              20.084353,
              42.3957269
            ],
            [
              20.083834,
              42.395318
            ],
            [
              20.0832278,
              42.3948405
            ],
            [
              20.081888,
              42.3945563
            ],
            [
              20.0812993,
              42.393147
            ],
            [
              20.0762474,
              42.3890753
            ],
            [
              20.0743645,
              42.3894758
            ],
            [
              20.073195,
              42.3895003
            ],
            [
              20.0728958,
              42.3883261
            ],
            [
              20.0724879,
              42.3881489
            ],
            [
              20.0689737,
              42.3866219
            ],
            [
              20.0659529,
              42.3843471
            ],
            [
              20.0616278,
              42.383221
            ],
            [
              20.0615015,
              42.3832017
            ],
            [
              20.0571371,
              42.382535
            ],
            [
              20.0486278,
              42.3825894
            ],
            [
              20.0427242,
              42.3808596
            ],
            [
              20.0229348,
              42.3790801
            ],
            [
              20.0166903,
              42.379602
            ],
            [
              20.0144583,
              42.3815967
            ],
            [
              20.0101019,
              42.3822282
            ],
            [
              20.0067325,
              42.3810212
            ],
            [
              20.0022244,
              42.3808528
            ],
            [
              19.996384,
              42.3838604
            ],
            [
              19.9947277,
              42.3858772
            ],
            [
              19.9918699,
              42.3868004
            ],
            [
              19.9908654,
              42.3864636
            ],
            [
              19.9882945,
              42.3852551
            ],
            [
              19.9826591,
              42.3838841
            ],
            [
              19.9803577,
              42.3839317
            ],
            [
              19.9784747,
              42.3835037
            ],
            [
              19.9741885,
              42.3849143
            ],
            [
              19.9725894,
              42.3866145
            ],
            [
              19.9715053,
              42.3870783
            ],
            [
              19.9690153,
              42.3840608
            ],
            [
              19.9665468,
              42.3838645
            ],
            [
              19.964132,
              42.3844682
            ],
            [
              19.9598288,
              42.3871324
            ],
            [
              19.9567703,
              42.3903829
            ],
            [
              19.9528534,
              42.3919852
            ],
            [
              19.9413552,
              42.3930385
            ],
            [
              19.9371098,
              42.3906371
            ],
            [
              19.9314412,
              42.3897098
            ],
            [
              19.9292916,
              42.3913023
            ],
            [
              19.9254002,
              42.3914604
            ],
            [
              19.9228177,
              42.3927356
            ],
            [
              19.9189049,
              42.3935989
            ],
            [
              19.9168727,
              42.3949767
            ],
            [
              19.9156534,
              42.3980156
            ],
            [
              19.9142893,
              42.3988595
            ],
            [
              19.9125237,
              42.4001134
            ],
            [
              19.9111581,
              42.401596
            ],
            [
              19.9119597,
              42.4033796
            ],
            [
              19.9119903,
              42.4045405
            ],
            [
              19.9115703,
              42.4054953
            ],
            [
              19.9106569,
              42.4061782
            ],
            [
              19.904195,
              42.4086688
            ],
            [
              19.8993555,
              42.4079674
            ],
            [
              19.8983802,
              42.4070769
            ],
            [
              19.8984075,
              42.4055148
            ],
            [
              19.8978984,
              42.4047923
            ],
            [
              19.8900137,
              42.4031414
            ],
            [
              19.8886951,
              42.4010469
            ],
            [
              19.8866955,
              42.3982739
            ],
            [
              19.8836253,
              42.3969918
            ],
            [
              19.8799658,
              42.3974917
            ],
            [
              19.8758343,
              42.396819
            ],
            [
              19.8705325,
              42.3969311
            ],
            [
              19.8670332,
              42.3964729
            ],
            [
              19.864605,
              42.3955563
            ],
            [
              19.8611373,
              42.3925657
            ],
            [
              19.8636363,
              42.3914599
            ],
            [
              19.8636918,
              42.3914353
            ],
            [
              19.8634138,
              42.3884982
            ],
            [
              19.8596822,
              42.3883134
            ],
            [
              19.8574976,
              42.3893068
            ],
            [
              19.8549308,
              42.3896138
            ],
            [
              19.852887,
              42.3887379
            ],
            [
              19.848789,
              42.3898144
            ],
            [
              19.8432967,
              42.3902399
            ],
            [
              19.8384864,
              42.3899162
            ],
            [
              19.8318092,
              42.3898305
            ],
            [
              19.8287118,
              42.3936366
            ],
            [
              19.8233705,
              42.4001163
            ],
            [
              19.8182571,
              42.4040821
            ],
            [
              19.8110795,
              42.40817
            ],
            [
              19.8078286,
              42.4108953
            ],
            [
              19.8075711,
              42.412496
            ],
            [
              19.8068199,
              42.4160143
            ],
            [
              19.7969875,
              42.4202179
            ],
            [
              19.7947082,
              42.421792
            ],
            [
              19.7962949,
              42.4249005
            ],
            [
              19.7974555,
              42.42558
            ],
            [
              19.7992351,
              42.4275068
            ],
            [
              19.8011453,
              42.4295429
            ],
            [
              19.8068964,
              42.430217
            ],
            [
              19.8089351,
              42.4329297
            ],
            [
              19.8121861,
              42.4339376
            ],
            [
              19.8132483,
              42.4351355
            ],
            [
              19.8144529,
              42.4386873
            ],
            [
              19.8128465,
              42.4420016
            ],
            [
              19.8133121,
              42.4441894
            ],
            [
              19.8131761,
              42.4472097
            ],
            [
              19.8161227,
              42.4507169
            ],
            [
              19.8186035,
              42.4522367
            ],
            [
              19.821771,
              42.4582845
            ],
            [
              19.8218564,
              42.4601683
            ],
            [
              19.823824,
              42.4617988
            ],
            [
              19.8313498,
              42.4656183
            ],
            [
              19.8314213,
              42.4658321
            ],
            [
              19.8317652,
              42.466156
            ],
            [
              19.8325479,
              42.4667906
            ],
            [
              19.8330813,
              42.4672527
            ],
            [
              19.8333962,
              42.4679421
            ],
            [
              19.8335698,
              42.4680937
            ],
            [
              19.8339512,
              42.4684895
            ],
            [
              19.8343389,
              42.4689008
            ],
            [
              19.8352613,
              42.4700725
            ],
            [
              19.8358721,
              42.4708215
            ],
            [
              19.8373983,
              42.4724
            ],
            [
              19.8378193,
              42.4728642
            ],
            [
              19.8384111,
              42.4736451
            ],
            [
              19.8383085,
              42.4740528
            ],
            [
              19.8366523,
              42.4775348
            ],
            [
              19.836248,
              42.4785847
            ],
            [
              19.8362857,
              42.4787013
            ],
            [
              19.8365886,
              42.47872
            ],
            [
              19.837451,
              42.4786406
            ],
            [
              19.8380195,
              42.4787694
            ],
            [
              19.8392123,
              42.4795156
            ],
            [
              19.8398583,
              42.4796674
            ],
            [
              19.8405562,
              42.4797341
            ],
            [
              19.8410761,
              42.4796929
            ],
            [
              19.8432267,
              42.4790945
            ],
            [
              19.8436392,
              42.4788385
            ],
            [
              19.8455124,
              42.4777956
            ],
            [
              19.8462581,
              42.4774901
            ],
            [
              19.8465896,
              42.4769481
            ],
            [
              19.8468922,
              42.4767977
            ],
            [
              19.8479082,
              42.4770106
            ],
            [
              19.848686,
              42.4772875
            ],
            [
              19.8495454,
              42.4781224
            ],
            [
              19.8504981,
              42.4791494
            ],
            [
              19.850511,
              42.4794798
            ],
            [
              19.850621,
              42.4797959
            ],
            [
              19.8508,
              42.4802633
            ],
            [
              19.8523236,
              42.4816415
            ],
            [
              19.8529936,
              42.4821062
            ],
            [
              19.8531439,
              42.4823777
            ],
            [
              19.8530972,
              42.4831588
            ],
            [
              19.8535114,
              42.4839008
            ],
            [
              19.8544839,
              42.4841885
            ],
            [
              19.8555342,
              42.4841861
            ],
            [
              19.8568141,
              42.4839457
            ],
            [
              19.8582807,
              42.4841832
            ],
            [
              19.8587273,
              42.4837617
            ],
            [
              19.8596261,
              42.483482
            ],
            [
              19.8601875,
              42.4834139
            ],
            [
              19.8608772,
              42.4831864
            ],
            [
              19.8619982,
              42.4824503
            ],
            [
              19.8645657,
              42.4811618
            ],
            [
              19.8672177,
              42.4814428
            ],
            [
              19.8674878,
              42.481502
            ],
            [
              19.8677874,
              42.4815538
            ],
            [
              19.8679371,
              42.4816655
            ],
            [
              19.8679338,
              42.4817978
            ],
            [
              19.8679296,
              42.4819039
            ],
            [
              19.8678998,
              42.4820722
            ],
            [
              19.8678678,
              42.4822768
            ],
            [
              19.867947,
              42.4825826
            ],
            [
              19.8682473,
              42.4829388
            ],
            [
              19.8693583,
              42.4834182
            ],
            [
              19.8702256,
              42.4838975
            ],
            [
              19.8716016,
              42.484417
            ],
            [
              19.8721504,
              42.4847116
            ],
            [
              19.8723084,
              42.4849903
            ],
            [
              19.8723366,
              42.4852315
            ],
            [
              19.8720302,
              42.4859844
            ],
            [
              19.8719066,
              42.4865133
            ],
            [
              19.871935,
              42.4867425
            ],
            [
              19.8726247,
              42.4873637
            ],
            [
              19.8727668,
              42.4876181
            ],
            [
              19.8726644,
              42.4887857
            ],
            [
              19.8728989,
              42.4894127
            ],
            [
              19.8735153,
              42.4899773
            ],
            [
              19.8747603,
              42.4901996
            ],
            [
              19.8754806,
              42.4905605
            ],
            [
              19.8755475,
              42.4907839
            ],
            [
              19.8755409,
              42.4911507
            ],
            [
              19.8752965,
              42.4919344
            ],
            [
              19.8752117,
              42.4927066
            ],
            [
              19.8751922,
              42.4937939
            ],
            [
              19.8755533,
              42.4946443
            ],
            [
              19.8764448,
              42.4953475
            ],
            [
              19.8779784,
              42.4958342
            ],
            [
              19.8789523,
              42.4958961
            ],
            [
              19.8801595,
              42.4958031
            ],
            [
              19.8810154,
              42.4955232
            ],
            [
              19.8816414,
              42.4952149
            ],
            [
              19.8829583,
              42.4949264
            ],
            [
              19.8839036,
              42.494608
            ],
            [
              19.8848861,
              42.4941852
            ],
            [
              19.885648,
              42.4937955
            ],
            [
              19.8862457,
              42.4930807
            ],
            [
              19.8870877,
              42.4915821
            ],
            [
              19.8875592,
              42.490984
            ],
            [
              19.888432,
              42.4900259
            ],
            [
              19.8890597,
              42.4896127
            ],
            [
              19.8899726,
              42.4891105
            ],
            [
              19.8927046,
              42.487984
            ],
            [
              19.8934437,
              42.4872836
            ],
            [
              19.8941495,
              42.4868758
            ],
            [
              19.8943873,
              42.4864588
            ],
            [
              19.8945033,
              42.4859096
            ],
            [
              19.8947924,
              42.4855979
            ],
            [
              19.8953317,
              42.4851708
            ],
            [
              19.8960297,
              42.4849208
            ],
            [
              19.8971469,
              42.4847559
            ],
            [
              19.8978857,
              42.4847435
            ],
            [
              19.8981398,
              42.4847392
            ],
            [
              19.8987037,
              42.4849281
            ],
            [
              19.8989446,
              42.4853366
            ],
            [
              19.8997381,
              42.4875978
            ],
            [
              19.8998675,
              42.4883066
            ],
            [
              19.8998608,
              42.4886865
            ],
            [
              19.9002177,
              42.4890513
            ],
            [
              19.9009529,
              42.4895825
            ],
            [
              19.9021664,
              42.4901313
            ],
            [
              19.9028532,
              42.4903868
            ],
            [
              19.9029023,
              42.4906231
            ],
            [
              19.9026775,
              42.4913154
            ],
            [
              19.9023325,
              42.4917838
            ],
            [
              19.9018772,
              42.4925761
            ],
            [
              19.9017605,
              42.4931646
            ],
            [
              19.9017686,
              42.493715
            ],
            [
              19.9019922,
              42.4941102
            ],
            [
              19.9025175,
              42.4944821
            ],
            [
              19.9050909,
              42.4953321
            ],
            [
              19.9053542,
              42.4954788
            ],
            [
              19.9054394,
              42.4956761
            ],
            [
              19.9051648,
              42.4963638
            ],
            [
              19.9047253,
              42.4981808
            ],
            [
              19.9046025,
              42.499123
            ],
            [
              19.9035263,
              42.5002287
            ],
            [
              19.9035909,
              42.5004597
            ],
            [
              19.903746,
              42.5006129
            ],
            [
              19.9038465,
              42.5009821
            ],
            [
              19.9041016,
              42.5013897
            ],
            [
              19.9045651,
              42.50189
            ],
            [
              19.9046654,
              42.5020893
            ],
            [
              19.9049047,
              42.5029515
            ],
            [
              19.904854,
              42.5032979
            ],
            [
              19.9049039,
              42.5036723
            ],
            [
              19.9052619,
              42.5048973
            ],
            [
              19.9065089,
              42.5065385
            ],
            [
              19.9064692,
              42.5068467
            ],
            [
              19.9062914,
              42.5071991
            ],
            [
              19.9064135,
              42.5073854
            ],
            [
              19.9069491,
              42.5069626
            ],
            [
              19.9080139,
              42.5068647
            ],
            [
              19.9093024,
              42.5066116
            ],
            [
              19.9097911,
              42.5065657
            ],
            [
              19.9107095,
              42.5066937
            ],
            [
              19.9119431,
              42.5068829
            ],
            [
              19.9122392,
              42.5068748
            ],
            [
              19.9128977,
              42.506958
            ],
            [
              19.9142044,
              42.5072622
            ],
            [
              19.915534,
              42.5073638
            ],
            [
              19.9165291,
              42.5073618
            ],
            [
              19.9168518,
              42.5073968
            ],
            [
              19.9173075,
              42.5075362
            ],
            [
              19.9176696,
              42.5078589
            ],
            [
              19.9182658,
              42.5080705
            ],
            [
              19.9190195,
              42.5085915
            ],
            [
              19.919494,
              42.5088912
            ],
            [
              19.9198065,
              42.5090461
            ],
            [
              19.9199613,
              42.5092784
            ],
            [
              19.9206782,
              42.5098716
            ],
            [
              19.920759,
              42.5099258
            ],
            [
              19.9215322,
              42.5104451
            ],
            [
              19.921695,
              42.5106567
            ],
            [
              19.921879,
              42.5107704
            ],
            [
              19.9221682,
              42.510961
            ],
            [
              19.9222635,
              42.5111288
            ],
            [
              19.9226542,
              42.511251
            ],
            [
              19.9235492,
              42.5114851
            ],
            [
              19.9238027,
              42.5116239
            ],
            [
              19.9249703,
              42.5120217
            ],
            [
              19.9252723,
              42.5121754
            ],
            [
              19.9254201,
              42.5123397
            ],
            [
              19.9260233,
              42.512695
            ],
            [
              19.9265801,
              42.5130038
            ],
            [
              19.9274926,
              42.5133023
            ],
            [
              19.9284279,
              42.5137051
            ],
            [
              19.9290067,
              42.5138531
            ],
            [
              19.929986,
              42.5140955
            ],
            [
              19.9301515,
              42.5142416
            ],
            [
              19.9309395,
              42.51459
            ],
            [
              19.9316232,
              42.5149484
            ],
            [
              19.931922,
              42.5151473
            ],
            [
              19.9321052,
              42.5151701
            ],
            [
              19.9328332,
              42.5151495
            ],
            [
              19.9335397,
              42.5154917
            ],
            [
              19.9342161,
              42.5156543
            ],
            [
              19.93527,
              42.5157286
            ],
            [
              19.9354888,
              42.5157707
            ],
            [
              19.9364925,
              42.5159577
            ],
            [
              19.9373559,
              42.5161614
            ],
            [
              19.9377821,
              42.5164785
            ],
            [
              19.9381045,
              42.5168314
            ],
            [
              19.9385348,
              42.5170955
            ],
            [
              19.9388437,
              42.5172262
            ],
            [
              19.9391173,
              42.5174719
            ],
            [
              19.9401473,
              42.5178774
            ],
            [
              19.9405134,
              42.5178786
            ],
            [
              19.9413696,
              42.5178169
            ],
            [
              19.9422646,
              42.5177594
            ],
            [
              19.9428539,
              42.5178446
            ],
            [
              19.9434775,
              42.5176263
            ],
            [
              19.9435545,
              42.5174136
            ],
            [
              19.9438852,
              42.5171149
            ],
            [
              19.9445383,
              42.5166991
            ],
            [
              19.9452912,
              42.5159443
            ],
            [
              19.9458829,
              42.5155613
            ],
            [
              19.9463008,
              42.5151525
            ],
            [
              19.9465892,
              42.5149823
            ],
            [
              19.9469408,
              42.514594
            ],
            [
              19.947132,
              42.5144886
            ],
            [
              19.9472895,
              42.514229
            ],
            [
              19.9474987,
              42.5140117
            ],
            [
              19.9477186,
              42.5138344
            ],
            [
              19.9482615,
              42.5136999
            ],
            [
              19.9489482,
              42.5135744
            ],
            [
              19.9500406,
              42.5134101
            ],
            [
              19.9506457,
              42.513121
            ],
            [
              19.9513184,
              42.5124041
            ],
            [
              19.9519882,
              42.5116787
            ],
            [
              19.952335,
              42.5110557
            ],
            [
              19.9526115,
              42.5108372
            ],
            [
              19.9530155,
              42.5107425
            ],
            [
              19.9532703,
              42.5106539
            ],
            [
              19.9539942,
              42.5106183
            ],
            [
              19.9548576,
              42.5107393
            ],
            [
              19.9558433,
              42.5108997
            ],
            [
              19.9567089,
              42.5108999
            ],
            [
              19.9570691,
              42.510823
            ],
            [
              19.9575586,
              42.5105436
            ],
            [
              19.9581028,
              42.5103945
            ],
            [
              19.9586312,
              42.5103202
            ],
            [
              19.9590622,
              42.5103753
            ],
            [
              19.9596507,
              42.5103846
            ],
            [
              19.9607668,
              42.5106292
            ],
            [
              19.9610012,
              42.5105875
            ],
            [
              19.9611479,
              42.5105015
            ],
            [
              19.9617605,
              42.5103172
            ],
            [
              19.9622616,
              42.5100661
            ],
            [
              19.9640227,
              42.5096248
            ],
            [
              19.9646506,
              42.5094401
            ],
            [
              19.9656795,
              42.509366
            ],
            [
              19.9669385,
              42.5092972
            ],
            [
              19.9679023,
              42.5094111
            ],
            [
              19.9691484,
              42.5098286
            ],
            [
              19.9696838,
              42.5102102
            ],
            [
              19.9708307,
              42.5108471
            ],
            [
              19.971958,
              42.5113906
            ],
            [
              19.972561,
              42.511414
            ],
            [
              19.9733715,
              42.5113104
            ],
            [
              19.9739297,
              42.5112847
            ],
            [
              19.9749862,
              42.5111832
            ],
            [
              19.9755516,
              42.5113151
            ],
            [
              19.9770534,
              42.5116026
            ],
            [
              19.977482,
              42.5116384
            ],
            [
              19.9780086,
              42.5118048
            ],
            [
              19.9795157,
              42.5120573
            ],
            [
              19.9803477,
              42.5121354
            ],
            [
              19.9812846,
              42.5123096
            ],
            [
              19.982086,
              42.5123533
            ],
            [
              19.9825334,
              42.5123492
            ],
            [
              19.9829741,
              42.5121137
            ],
            [
              19.9830714,
              42.5120422
            ],
            [
              19.9834819,
              42.5115881
            ],
            [
              19.9836865,
              42.5112736
            ],
            [
              19.9842602,
              42.5109731
            ],
            [
              19.9847755,
              42.510895
            ],
            [
              19.9852124,
              42.5109995
            ],
            [
              19.9860613,
              42.5111816
            ],
            [
              19.986476,
              42.5111486
            ],
            [
              19.9871023,
              42.5111522
            ],
            [
              19.9877525,
              42.5110583
            ],
            [
              19.9885901,
              42.5110824
            ],
            [
              19.989692,
              42.5111769
            ],
            [
              19.9908577,
              42.5112726
            ],
            [
              19.9915795,
              42.5111603
            ],
            [
              19.9920505,
              42.511009
            ],
            [
              19.9929361,
              42.5109993
            ],
            [
              19.9936697,
              42.511009
            ],
            [
              19.9955001,
              42.5113921
            ],
            [
              19.9958222,
              42.5111675
            ],
            [
              19.9960191,
              42.5109165
            ],
            [
              19.9963377,
              42.5107949
            ],
            [
              19.9967508,
              42.5107049
            ],
            [
              19.9970092,
              42.5106641
            ],
            [
              19.9973809,
              42.5106363
            ],
            [
              19.9979586,
              42.5105067
            ],
            [
              19.9981053,
              42.5104157
            ],
            [
              19.9984195,
              42.5102533
            ],
            [
              19.9986639,
              42.5101789
            ],
            [
              19.9987977,
              42.510097
            ],
            [
              19.99893,
              42.5100479
            ],
            [
              19.999161,
              42.5099114
            ],
            [
              19.9994228,
              42.5098102
            ],
            [
              19.9995551,
              42.5097053
            ],
            [
              19.9998166,
              42.5095663
            ],
            [
              20.0004657,
              42.5093689
            ],
            [
              20.0011346,
              42.5092286
            ],
            [
              20.0015324,
              42.5091389
            ],
            [
              20.0019174,
              42.5090012
            ],
            [
              20.0024685,
              42.5088997
            ],
            [
              20.0027954,
              42.5088332
            ],
            [
              20.003143,
              42.5087718
            ],
            [
              20.0032851,
              42.5085841
            ],
            [
              20.0036408,
              42.5082435
            ],
            [
              20.0068747,
              42.5058
            ],
            [
              20.0073377,
              42.4985387
            ],
            [
              20.0056906,
              42.4954154
            ],
            [
              20.0050603,
              42.4942511
            ],
            [
              20.002182,
              42.4910393
            ],
            [
              19.9996917,
              42.4886555
            ],
            [
              19.9996416,
              42.4885762
            ],
            [
              19.9967079,
              42.4839299
            ],
            [
              20.0000405,
              42.4832518
            ],
            [
              20.0047249,
              42.4830642
            ],
            [
              20.0075641,
              42.4822866
            ],
            [
              20.0103604,
              42.478977
            ],
            [
              20.012391,
              42.4749848
            ],
            [
              20.0137917,
              42.4732122
            ],
            [
              20.0182011,
              42.4726063
            ],
            [
              20.0204711,
              42.4722943
            ],
            [
              20.0192034,
              42.4695173
            ],
            [
              20.0184301,
              42.4685404
            ],
            [
              20.0170346,
              42.4662022
            ],
            [
              20.0160394,
              42.4629435
            ],
            [
              20.0178686,
              42.4610796
            ],
            [
              20.0105247,
              42.4548224
            ],
            [
              20.0093391,
              42.452887
            ],
            [
              20.01031,
              42.4518104
            ],
            [
              20.0165285,
              42.4518579
            ],
            [
              20.0211811,
              42.4505398
            ],
            [
              20.0241814,
              42.4493641
            ],
            [
              20.0246912,
              42.448462
            ],
            [
              20.0257963,
              42.4465063
            ],
            [
              20.0261315,
              42.4433393
            ],
            [
              20.0259088,
              42.4398556
            ],
            [
              20.0253775,
              42.4373221
            ],
            [
              20.025592,
              42.4346614
            ],
            [
              20.0253773,
              42.4320958
            ],
            [
              20.0264499,
              42.4296569
            ],
            [
              20.028368,
              42.4282473
            ],
            [
              20.0314535,
              42.425713
            ],
            [
              20.032331,
              42.4220858
            ],
            [
              20.0349037,
              42.4214048
            ],
            [
              20.0384469,
              42.4190892
            ],
            [
              20.0410245,
              42.4161084
            ],
            [
              20.0419312,
              42.4135523
            ],
            [
              20.0439697,
              42.4118084
            ],
            [
              20.0515284,
              42.4086864
            ],
            [
              20.0555437,
              42.4092326
            ],
            [
              20.0609632,
              42.4069073
            ],
            [
              20.064666,
              42.4055961
            ],
            [
              20.066587,
              42.4065608
            ],
            [
              20.0681422,
              42.4064453
            ],
            [
              20.0748043,
              42.4034462
            ],
            [
              20.0818826,
              42.3999219
            ],
            [
              20.0831651,
              42.3982752
            ]
          ]
        ]
      },
      "properties": {
        "name": "Parku Kombëtar Lugina e Valbonës",
        "category": "parqe",
        "categoryLabel": "Park kombëtar",
        "location": "Shqipëri",
        "countryCodes": [
          "AL"
        ],
        "summary": "The Valbona Valley is in the Albanian Alps in northern Albania. It is part of Alps of Albania National Park, one of the most impressive and notable topographic features of Albania. Being the southernmost continuation of the Dinaric Alps, it forms a section of the Alpine-Himalayan orogenic belt, which extend from…",
        "details": [
          "The Valbona Valley is in the Albanian Alps in northern Albania. It is part of Alps of Albania National Park, one of the most impressive and notable topographic features of Albania. Being the southernmost continuation of the Dinaric Alps, it forms a section of the Alpine-Himalayan orogenic belt, which extend from the Atlantic Ocean to the Himalaya Mountains. The mountains are characterized by limestone and dolomite rocks and shows major karst features. Maja Jezercë sprawls to the west of the valley and is the highest mountain of the Dinaric Alps, with an altitude of 2,694 m (8,839 ft). The Valbona River originate from several karst springs along the south of Maja Jezercë and the east of Valbona Pass. It is the largest river within the Albanian Alps and drains the entire eastern portion of the range. Over the past few million years, glaciers have at times covered most of the park. During the Würm period, the glacier of Valbona reached a total length of 9.5 kilometres. Nowadays, there are two very small active glaciers close to the northeastern edge of Maja Jezercë."
        ],
        "mapNote": "Sipërfaqja bashkon anët e jashtme dhe përjashton vrimat e relation në OpenStreetMap.",
        "geometryType": "Polygon",
        "sources": [
          {
            "label": "OpenStreetMap",
            "url": "https://www.openstreetmap.org/relation/15532458"
          },
          {
            "label": "Wikipedia",
            "url": "https://en.wikipedia.org/wiki/Valbon%C3%AB_Valley_National_Park"
          },
          {
            "label": "Wikidata",
            "url": "https://www.wikidata.org/wiki/Q1725911"
          }
        ],
        "osm": {
          "type": "relation",
          "id": 15532458,
          "tags": {
            "boundary": "national_park",
            "leisure": "nature_reserve",
            "protect_class": "2",
            "wikidata": "Q1725911"
          }
        },
        "wikipediaAttribution": "Përmbledhje nga Wikipedia (en); shiko licencën dhe autorët në artikull.",
        "image": {
          "url": "https://thumb.wikimedia.org/wikipedia/commons/thumb/7/7a/2013-10-05_Valbona%2C_Albania_8806.jpg/1280px-2013-10-05_Valbona%2C_Albania_8806.jpg?utm_source=commons.wikimedia.org&utm_campaign=imageinfo&utm_content=thumbnail",
          "source": "https://commons.wikimedia.org/wiki/File:2013-10-05_Valbona,_Albania_8806.jpg",
          "credit": "You may re-use this image under the terms of the license using the following reference: Image: Wikipedia / Tobias Klenze / CC-BY-SA 4.0. …",
          "license": "CC BY 3.0",
          "licenseUrl": "https://creativecommons.org/licenses/by/3.0",
          "alt": "Parku Kombëtar Lugina e Valbonës"
        }
      }
    },
    {
      "type": "Feature",
      "id": "osm-way-359618666",
      "geometry": {
        "type": "Polygon",
        "coordinates": [
          [
            [
              20.2531835,
              41.7242031
            ],
            [
              20.2509314,
              41.7340408
            ],
            [
              20.251619,
              41.7375855
            ],
            [
              20.2601353,
              41.7420847
            ],
            [
              20.2611704,
              41.7445725
            ],
            [
              20.2627931,
              41.7479457
            ],
            [
              20.2646089,
              41.7487733
            ],
            [
              20.2663043,
              41.7492604
            ],
            [
              20.2651458,
              41.7497308
            ],
            [
              20.2646183,
              41.7514842
            ],
            [
              20.2636409,
              41.7526368
            ],
            [
              20.2630815,
              41.7531252
            ],
            [
              20.2616831,
              41.7522667
            ],
            [
              20.2602289,
              41.7512101
            ],
            [
              20.2571869,
              41.7522666
            ],
            [
              20.2558778,
              41.755004
            ],
            [
              20.253774,
              41.7577732
            ],
            [
              20.2528384,
              41.7607171
            ],
            [
              20.2557138,
              41.7640217
            ],
            [
              20.2557996,
              41.7666221
            ],
            [
              20.257559,
              41.7679495
            ],
            [
              20.2597155,
              41.7716798
            ],
            [
              20.2604558,
              41.7759222
            ],
            [
              20.2612951,
              41.778247
            ],
            [
              20.2661568,
              41.7825329
            ],
            [
              20.2664695,
              41.7857788
            ],
            [
              20.2656832,
              41.7879837
            ],
            [
              20.2677936,
              41.7910846
            ],
            [
              20.2641533,
              41.7939375
            ],
            [
              20.264161,
              41.7945666
            ],
            [
              20.2670957,
              41.8010818
            ],
            [
              20.2672456,
              41.8031458
            ],
            [
              20.2682967,
              41.8051139
            ],
            [
              20.2704418,
              41.808906
            ],
            [
              20.272883,
              41.8129774
            ],
            [
              20.2714355,
              41.8151009
            ],
            [
              20.2730912,
              41.8159736
            ],
            [
              20.2724493,
              41.8180011
            ],
            [
              20.2712495,
              41.8207641
            ],
            [
              20.2712109,
              41.8215255
            ],
            [
              20.2725026,
              41.8228947
            ],
            [
              20.272822,
              41.8245176
            ],
            [
              20.2716544,
              41.8274236
            ],
            [
              20.2716314,
              41.8278761
            ],
            [
              20.2714124,
              41.8281474
            ],
            [
              20.271322,
              41.8282112
            ],
            [
              20.2717519,
              41.8289709
            ],
            [
              20.2736286,
              41.8312012
            ],
            [
              20.2746684,
              41.831625
            ],
            [
              20.2762018,
              41.8323523
            ],
            [
              20.2769842,
              41.8352062
            ],
            [
              20.2782164,
              41.8399864
            ],
            [
              20.2806932,
              41.8426244
            ],
            [
              20.2810794,
              41.8448374
            ],
            [
              20.2798785,
              41.8461899
            ],
            [
              20.2757721,
              41.847229
            ],
            [
              20.2701207,
              41.8459824
            ],
            [
              20.2621017,
              41.849207
            ],
            [
              20.255419,
              41.8443228
            ],
            [
              20.2484265,
              41.849964
            ],
            [
              20.2376818,
              41.8516074
            ],
            [
              20.2368349,
              41.8511798
            ],
            [
              20.2355853,
              41.8505666
            ],
            [
              20.2326621,
              41.8478116
            ],
            [
              20.2315997,
              41.8469254
            ],
            [
              20.2283701,
              41.8469343
            ],
            [
              20.2264845,
              41.8446066
            ],
            [
              20.2235951,
              41.8430719
            ],
            [
              20.2202474,
              41.8397592
            ],
            [
              20.2197579,
              41.8364253
            ],
            [
              20.2231737,
              41.8330434
            ],
            [
              20.2206844,
              41.8328969
            ],
            [
              20.2161235,
              41.8330177
            ],
            [
              20.2096283,
              41.8339257
            ],
            [
              20.2102571,
              41.8324356
            ],
            [
              20.1988164,
              41.8333482
            ],
            [
              20.1969906,
              41.8331009
            ],
            [
              20.1952838,
              41.8311627
            ],
            [
              20.195315,
              41.8294962
            ],
            [
              20.1923841,
              41.830616
            ],
            [
              20.1907622,
              41.830073
            ],
            [
              20.1908676,
              41.8279631
            ],
            [
              20.1865099,
              41.8286833
            ],
            [
              20.1867797,
              41.8316783
            ],
            [
              20.1861054,
              41.832403
            ],
            [
              20.185002,
              41.8324082
            ],
            [
              20.1824394,
              41.8317099
            ],
            [
              20.1814968,
              41.8304259
            ],
            [
              20.1794815,
              41.8299457
            ],
            [
              20.1772624,
              41.8308613
            ],
            [
              20.1750862,
              41.8312013
            ],
            [
              20.1727527,
              41.8325205
            ],
            [
              20.1681836,
              41.8336487
            ],
            [
              20.1606749,
              41.8331944
            ],
            [
              20.1560614,
              41.8313068
            ],
            [
              20.1533041,
              41.8312823
            ],
            [
              20.1520314,
              41.8302719
            ],
            [
              20.1513381,
              41.828526
            ],
            [
              20.1487283,
              41.8258337
            ],
            [
              20.1465986,
              41.8224958
            ],
            [
              20.1448391,
              41.8229476
            ],
            [
              20.1389597,
              41.8218323
            ],
            [
              20.1357625,
              41.8204639
            ],
            [
              20.1311491,
              41.814788
            ],
            [
              20.1279197,
              41.8113104
            ],
            [
              20.1267583,
              41.8108808
            ],
            [
              20.1250819,
              41.8091558
            ],
            [
              20.1231025,
              41.8049539
            ],
            [
              20.1201111,
              41.8032377
            ],
            [
              20.1196531,
              41.8029749
            ],
            [
              20.1172321,
              41.8006322
            ],
            [
              20.1168475,
              41.8002601
            ],
            [
              20.115544,
              41.7980091
            ],
            [
              20.1156566,
              41.7962061
            ],
            [
              20.1125747,
              41.7952936
            ],
            [
              20.1123253,
              41.7925573
            ],
            [
              20.1104531,
              41.7911162
            ],
            [
              20.1060704,
              41.7868273
            ],
            [
              20.1033278,
              41.784019
            ],
            [
              20.100242,
              41.7838987
            ],
            [
              20.0995634,
              41.7809061
            ],
            [
              20.0943516,
              41.78041
            ],
            [
              20.0929815,
              41.7771541
            ],
            [
              20.0942894,
              41.7761955
            ],
            [
              20.0919496,
              41.7722924
            ],
            [
              20.092892,
              41.770103
            ],
            [
              20.0961391,
              41.7629941
            ],
            [
              20.0965218,
              41.7583678
            ],
            [
              20.0954024,
              41.7529569
            ],
            [
              20.095642,
              41.7501549
            ],
            [
              20.102308,
              41.7501666
            ],
            [
              20.107921,
              41.750977
            ],
            [
              20.1185228,
              41.7518273
            ],
            [
              20.1205856,
              41.7498007
            ],
            [
              20.1211032,
              41.7477201
            ],
            [
              20.1210614,
              41.7461969
            ],
            [
              20.122918,
              41.7458236
            ],
            [
              20.1239378,
              41.7461947
            ],
            [
              20.1251971,
              41.7465579
            ],
            [
              20.1262566,
              41.7455951
            ],
            [
              20.125535,
              41.744072
            ],
            [
              20.1207856,
              41.7439588
            ],
            [
              20.1189825,
              41.7395438
            ],
            [
              20.1248109,
              41.7399732
            ],
            [
              20.1255256,
              41.738262
            ],
            [
              20.1252253,
              41.7345567
            ],
            [
              20.1251662,
              41.7303863
            ],
            [
              20.1323498,
              41.7302284
            ],
            [
              20.1361849,
              41.729761
            ],
            [
              20.141309,
              41.7286636
            ],
            [
              20.1467014,
              41.7265849
            ],
            [
              20.1498408,
              41.723385
            ],
            [
              20.1535023,
              41.7206717
            ],
            [
              20.1565937,
              41.7173199
            ],
            [
              20.1589825,
              41.7108223
            ],
            [
              20.1609913,
              41.7053423
            ],
            [
              20.1623825,
              41.7007933
            ],
            [
              20.1629287,
              41.6984143
            ],
            [
              20.1622304,
              41.697317
            ],
            [
              20.1595035,
              41.6969329
            ],
            [
              20.1597975,
              41.6929281
            ],
            [
              20.1566208,
              41.6918744
            ],
            [
              20.15595,
              41.690952
            ],
            [
              20.1557976,
              41.6895835
            ],
            [
              20.1684831,
              41.687502
            ],
            [
              20.1684964,
              41.682384
            ],
            [
              20.1690139,
              41.6822421
            ],
            [
              20.1727073,
              41.6817153
            ],
            [
              20.1802278,
              41.6805221
            ],
            [
              20.1810638,
              41.6792254
            ],
            [
              20.1809549,
              41.6778017
            ],
            [
              20.1805815,
              41.6771434
            ],
            [
              20.1864599,
              41.6781223
            ],
            [
              20.1852617,
              41.6757639
            ],
            [
              20.1860377,
              41.6739184
            ],
            [
              20.1864946,
              41.6736472
            ],
            [
              20.1874557,
              41.6735844
            ],
            [
              20.1908201,
              41.673185
            ],
            [
              20.1939779,
              41.6699358
            ],
            [
              20.1945125,
              41.6673938
            ],
            [
              20.1957551,
              41.6659577
            ],
            [
              20.1996584,
              41.6650987
            ],
            [
              20.2017121,
              41.6643286
            ],
            [
              20.2038515,
              41.6658026
            ],
            [
              20.2080446,
              41.6654966
            ],
            [
              20.2110551,
              41.6690395
            ],
            [
              20.2145805,
              41.6703704
            ],
            [
              20.2177905,
              41.6708522
            ],
            [
              20.2196184,
              41.672601
            ],
            [
              20.224046,
              41.673211
            ],
            [
              20.2273204,
              41.6728452
            ],
            [
              20.2280552,
              41.6727631
            ],
            [
              20.231117,
              41.6720917
            ],
            [
              20.2323668,
              41.6676751
            ],
            [
              20.2352207,
              41.655293
            ],
            [
              20.2388523,
              41.6538368
            ],
            [
              20.2427843,
              41.6568215
            ],
            [
              20.2443075,
              41.6589355
            ],
            [
              20.2471341,
              41.6641754
            ],
            [
              20.2526369,
              41.6646096
            ],
            [
              20.2532087,
              41.6715351
            ],
            [
              20.255769,
              41.6726659
            ],
            [
              20.2590589,
              41.6770984
            ],
            [
              20.2603526,
              41.6854346
            ],
            [
              20.2616095,
              41.6939336
            ],
            [
              20.2631872,
              41.6989393
            ],
            [
              20.2634161,
              41.706991
            ],
            [
              20.2605507,
              41.7118449
            ],
            [
              20.2570365,
              41.7124618
            ],
            [
              20.2554107,
              41.7145844
            ],
            [
              20.2531835,
              41.7242031
            ]
          ]
        ]
      },
      "properties": {
        "name": "Parku Kombëtar Lurë-Mali i Dejës",
        "category": "parqe",
        "categoryLabel": "Park kombëtar",
        "location": "Shqipëri",
        "countryCodes": [
          "AL"
        ],
        "summary": "Lurë-Dejë Mountain National Park is a national park in northeastern Albania, spanning an expanded area of 202.42 km2 (78.15 sq mi) since 2018 by encompassing the entire section of Kunora e Lurës, former Zall-Gjocaj National Park, and Dejë Mountain. The park was originally established in 1966 to protect the various…",
        "details": [
          "Lurë-Dejë Mountain National Park is a national park in northeastern Albania, spanning an expanded area of 202.42 km2 (78.15 sq mi) since 2018 by encompassing the entire section of Kunora e Lurës, former Zall-Gjocaj National Park, and Dejë Mountain. The park was originally established in 1966 to protect the various ecosystems and biodiversity as Lura National Park. The altitude vary from 1,500–2,300 m (4,921–7,546 ft). The International Union for Conservation of Nature (IUCN) has listed the park as Category II. Nevertheless, it is described as an important Bird and Plant Area, because it supports significant bird and plant species."
        ],
        "mapNote": "Sipërfaqja vjen nga kufiri i objektit në OpenStreetMap.",
        "geometryType": "Polygon",
        "sources": [
          {
            "label": "OpenStreetMap",
            "url": "https://www.openstreetmap.org/way/359618666"
          },
          {
            "label": "Wikipedia",
            "url": "https://en.wikipedia.org/wiki/Lur%C3%AB-Dej%C3%AB_Mountain_National_Park"
          },
          {
            "label": "Wikidata",
            "url": "https://www.wikidata.org/wiki/Q1521938"
          }
        ],
        "osm": {
          "type": "way",
          "id": 359618666,
          "tags": {
            "boundary": "national_park",
            "protect_class": "2",
            "wikidata": "Q1521938"
          }
        },
        "wikipediaAttribution": "Përmbledhje nga Wikipedia (en); shiko licencën dhe autorët në artikull.",
        "image": {
          "url": "https://thumb.wikimedia.org/wikipedia/commons/thumb/f/f5/Lura_Liqeni_i_Lul%C3%ABve.JPG/1280px-Lura_Liqeni_i_Lul%C3%ABve.JPG?utm_source=commons.wikimedia.org&utm_campaign=imageinfo&utm_content=thumbnail",
          "source": "https://commons.wikimedia.org/wiki/File:Lura_Liqeni_i_Lul%C3%ABve.JPG",
          "credit": "Markussep",
          "license": "CC BY-SA 3.0",
          "licenseUrl": "https://creativecommons.org/licenses/by-sa/3.0",
          "alt": "Parku Kombëtar Lurë-Mali i Dejës"
        }
      }
    },
    {
      "type": "Feature",
      "id": "osm-way-375741900",
      "geometry": {
        "type": "Polygon",
        "coordinates": [
          [
            [
              19.877647,
              41.4982366
            ],
            [
              19.8618875,
              41.4963321
            ],
            [
              19.8611794,
              41.4964607
            ],
            [
              19.8593984,
              41.4960107
            ],
            [
              19.8587332,
              41.4962517
            ],
            [
              19.8582826,
              41.4953196
            ],
            [
              19.8570809,
              41.4949981
            ],
            [
              19.8557506,
              41.4950785
            ],
            [
              19.8550425,
              41.4948053
            ],
            [
              19.854506,
              41.4940338
            ],
            [
              19.8540769,
              41.4920569
            ],
            [
              19.8519955,
              41.4909478
            ],
            [
              19.850944,
              41.4908353
            ],
            [
              19.8502359,
              41.4899031
            ],
            [
              19.8491201,
              41.4889387
            ],
            [
              19.84794,
              41.488794
            ],
            [
              19.8469315,
              41.4893887
            ],
            [
              19.8441634,
              41.488794
            ],
            [
              19.8442278,
              41.485113
            ],
            [
              19.8458586,
              41.4781685
            ],
            [
              19.8460302,
              41.4728309
            ],
            [
              19.8456869,
              41.4680557
            ],
            [
              19.8460517,
              41.4642449
            ],
            [
              19.8475108,
              41.4607234
            ],
            [
              19.8495171,
              41.4581416
            ],
            [
              19.8535833,
              41.4561081
            ],
            [
              19.8514376,
              41.4534063
            ],
            [
              19.8498819,
              41.4432808
            ],
            [
              19.8511908,
              41.4418171
            ],
            [
              19.852092,
              41.439726
            ],
            [
              19.8514054,
              41.4384552
            ],
            [
              19.8513732,
              41.4371932
            ],
            [
              19.8513732,
              41.4357615
            ],
            [
              19.8582075,
              41.4303955
            ],
            [
              19.8588297,
              41.4295107
            ],
            [
              19.856802,
              41.4280394
            ],
            [
              19.8562119,
              41.4272422
            ],
            [
              19.8514376,
              41.4262535
            ],
            [
              19.8468456,
              41.4238079
            ],
            [
              19.8434446,
              41.4222544
            ],
            [
              19.8432515,
              41.4207098
            ],
            [
              19.8402581,
              41.4206221
            ],
            [
              19.8410199,
              41.4185053
            ],
            [
              19.8409877,
              41.4153764
            ],
            [
              19.8443887,
              41.4099282
            ],
            [
              19.8482511,
              41.4069831
            ],
            [
              19.8508689,
              41.4043115
            ],
            [
              19.852768,
              41.4000551
            ],
            [
              19.8548708,
              41.3995562
            ],
            [
              19.8555574,
              41.3977373
            ],
            [
              19.8570595,
              41.3970935
            ],
            [
              19.8594198,
              41.3932302
            ],
            [
              19.8606644,
              41.3894634
            ],
            [
              19.8609648,
              41.3876442
            ],
            [
              19.8622201,
              41.3868304
            ],
            [
              19.8643444,
              41.3855103
            ],
            [
              19.8658035,
              41.3847697
            ],
            [
              19.8671768,
              41.3833369
            ],
            [
              19.8725938,
              41.3795783
            ],
            [
              19.8751687,
              41.3765513
            ],
            [
              19.8752545,
              41.3747962
            ],
            [
              19.8764991,
              41.3718656
            ],
            [
              19.87694,
              41.3708584
            ],
            [
              19.8772072,
              41.3695146
            ],
            [
              19.8767351,
              41.367872
            ],
            [
              19.875791,
              41.3666642
            ],
            [
              19.8757695,
              41.3661167
            ],
            [
              19.8761343,
              41.3653759
            ],
            [
              19.8773145,
              41.3643452
            ],
            [
              19.8790525,
              41.3631374
            ],
            [
              19.880061,
              41.3614625
            ],
            [
              19.8808335,
              41.3582414
            ],
            [
              19.8823474,
              41.3568152
            ],
            [
              19.8829578,
              41.3555999
            ],
            [
              19.8842453,
              41.3543597
            ],
            [
              19.8845249,
              41.3539961
            ],
            [
              19.8855016,
              41.3528529
            ],
            [
              19.887111,
              41.3525629
            ],
            [
              19.8886226,
              41.3513315
            ],
            [
              19.8902867,
              41.3500018
            ],
            [
              19.891145,
              41.3496797
            ],
            [
              19.8926352,
              41.3488187
            ],
            [
              19.8941587,
              41.3486415
            ],
            [
              19.8963689,
              41.3489637
            ],
            [
              19.8976349,
              41.3491247
            ],
            [
              19.9091694,
              41.345572
            ],
            [
              19.9085783,
              41.3396041
            ],
            [
              19.9039767,
              41.3381291
            ],
            [
              19.903643,
              41.3374452
            ],
            [
              19.9030851,
              41.3373002
            ],
            [
              19.9028276,
              41.3364624
            ],
            [
              19.9032353,
              41.3362047
            ],
            [
              19.904394,
              41.3360113
            ],
            [
              19.9067329,
              41.3348352
            ],
            [
              19.9065827,
              41.3341424
            ],
            [
              19.9069164,
              41.3336662
            ],
            [
              19.9083326,
              41.3327801
            ],
            [
              19.910252,
              41.3318061
            ],
            [
              19.9136852,
              41.329083
            ],
            [
              19.9154447,
              41.3285996
            ],
            [
              19.9144577,
              41.3346579
            ],
            [
              19.9171517,
              41.3354224
            ],
            [
              19.9208922,
              41.3292673
            ],
            [
              19.9290912,
              41.3251511
            ],
            [
              19.9295633,
              41.3248771
            ],
            [
              19.9198429,
              41.3233301
            ],
            [
              19.9227376,
              41.3219998
            ],
            [
              19.9239628,
              41.320929
            ],
            [
              19.9242632,
              41.319946
            ],
            [
              19.9232547,
              41.3197848
            ],
            [
              19.9221389,
              41.3185278
            ],
            [
              19.9216668,
              41.3184311
            ],
            [
              19.9214737,
              41.318141
            ],
            [
              19.9223728,
              41.318116
            ],
            [
              19.923789,
              41.3174714
            ],
            [
              19.9244327,
              41.3169073
            ],
            [
              19.9249069,
              41.3164488
            ],
            [
              19.9254863,
              41.316191
            ],
            [
              19.9258275,
              41.3159726
            ],
            [
              19.925806,
              41.3150539
            ],
            [
              19.9256794,
              41.3146115
            ],
            [
              19.9260227,
              41.3147727
            ],
            [
              19.9281256,
              41.3139185
            ],
            [
              19.928941,
              41.3137573
            ],
            [
              19.9296469,
              41.3131683
            ],
            [
              19.9298208,
              41.3123229
            ],
            [
              19.9297778,
              41.3119522
            ],
            [
              19.9300546,
              41.3109279
            ],
            [
              19.9303121,
              41.3103477
            ],
            [
              19.9305696,
              41.3099931
            ],
            [
              19.9317305,
              41.3093411
            ],
            [
              19.9334664,
              41.3081395
            ],
            [
              19.9345822,
              41.3069951
            ],
            [
              19.9354856,
              41.3058273
            ],
            [
              19.9360649,
              41.304699
            ],
            [
              19.9376292,
              41.302111
            ],
            [
              19.9376957,
              41.3014267
            ],
            [
              19.9381249,
              41.3001854
            ],
            [
              19.9378867,
              41.2994834
            ],
            [
              19.9378459,
              41.2989925
            ],
            [
              19.9385326,
              41.2981865
            ],
            [
              19.9385642,
              41.2981252
            ],
            [
              19.939305,
              41.2966872
            ],
            [
              19.939348,
              41.2956393
            ],
            [
              19.939496,
              41.2949372
            ],
            [
              19.9399702,
              41.2941078
            ],
            [
              19.9396055,
              41.2930599
            ],
            [
              19.9398393,
              41.2922771
            ],
            [
              19.9408049,
              41.2913259
            ],
            [
              19.942779,
              41.2880207
            ],
            [
              19.9452467,
              41.2850539
            ],
            [
              19.9461286,
              41.2817895
            ],
            [
              19.9472852,
              41.2803455
            ],
            [
              19.9484009,
              41.2785717
            ],
            [
              19.9491541,
              41.273646
            ],
            [
              19.9491327,
              41.2725655
            ],
            [
              19.9481241,
              41.2724364
            ],
            [
              19.9476735,
              41.2710172
            ],
            [
              19.9486155,
              41.2696698
            ],
            [
              19.9480598,
              41.2677271
            ],
            [
              19.9478237,
              41.2671949
            ],
            [
              19.9485104,
              41.2661627
            ],
            [
              19.9493451,
              41.2652506
            ],
            [
              19.9488322,
              41.2638723
            ],
            [
              19.9481241,
              41.262082
            ],
            [
              19.9481885,
              41.2609206
            ],
            [
              19.9485297,
              41.259702
            ],
            [
              19.9480576,
              41.257847
            ],
            [
              19.9478881,
              41.2569525
            ],
            [
              19.9489374,
              41.2559112
            ],
            [
              19.9495597,
              41.2547659
            ],
            [
              19.9501626,
              41.2539198
            ],
            [
              19.9507398,
              41.2527656
            ],
            [
              19.9530787,
              41.2540884
            ],
            [
              19.9563403,
              41.2547336
            ],
            [
              19.9582715,
              41.2555886
            ],
            [
              19.9606983,
              41.2566621
            ],
            [
              19.966846,
              41.2586946
            ],
            [
              19.970821,
              41.2586381
            ],
            [
              19.9838163,
              41.2638602
            ],
            [
              19.9840118,
              41.2641671
            ],
            [
              19.986227,
              41.2676447
            ],
            [
              19.999491,
              41.2884642
            ],
            [
              20.000144,
              41.289489
            ],
            [
              20.0010854,
              41.2992639
            ],
            [
              20.0015553,
              41.3041432
            ],
            [
              20.0008763,
              41.3106228
            ],
            [
              20.0041856,
              41.3127438
            ],
            [
              20.0105467,
              41.3168205
            ],
            [
              20.0307051,
              41.3217433
            ],
            [
              20.0373438,
              41.3236016
            ],
            [
              20.0476733,
              41.3212701
            ],
            [
              20.0640407,
              41.3212481
            ],
            [
              20.07435,
              41.3260437
            ],
            [
              20.0734858,
              41.3305361
            ],
            [
              20.0737832,
              41.334184
            ],
            [
              20.0753589,
              41.3374498
            ],
            [
              20.0715954,
              41.3405177
            ],
            [
              20.0719732,
              41.341024
            ],
            [
              20.0707567,
              41.3418208
            ],
            [
              20.065549,
              41.3418443
            ],
            [
              20.0645437,
              41.3427985
            ],
            [
              20.0625943,
              41.342625
            ],
            [
              20.0634773,
              41.343402
            ],
            [
              20.0624812,
              41.3440644
            ],
            [
              20.061275,
              41.3437673
            ],
            [
              20.0615302,
              41.3450525
            ],
            [
              20.061336,
              41.3468711
            ],
            [
              20.0600158,
              41.348618
            ],
            [
              20.0594844,
              41.3506511
            ],
            [
              20.0520948,
              41.3531657
            ],
            [
              20.0479834,
              41.3557065
            ],
            [
              20.0399285,
              41.3607505
            ],
            [
              20.0394415,
              41.3622418
            ],
            [
              20.0372239,
              41.3639215
            ],
            [
              20.0309652,
              41.3669032
            ],
            [
              20.0312745,
              41.3682723
            ],
            [
              20.0313861,
              41.368766
            ],
            [
              20.031994,
              41.3714569
            ],
            [
              20.0327685,
              41.3735797
            ],
            [
              20.0326837,
              41.3751564
            ],
            [
              20.0333285,
              41.3780212
            ],
            [
              20.0327297,
              41.3795645
            ],
            [
              20.0258536,
              41.3821956
            ],
            [
              20.039615,
              41.3968298
            ],
            [
              20.03524,
              41.3988367
            ],
            [
              20.0328808,
              41.4010715
            ],
            [
              20.0312721,
              41.4030016
            ],
            [
              20.0316264,
              41.4065981
            ],
            [
              20.0341425,
              41.4133045
            ],
            [
              20.0326217,
              41.4155633
            ],
            [
              20.0263038,
              41.4183179
            ],
            [
              20.0172225,
              41.4192446
            ],
            [
              20.0163619,
              41.4201505
            ],
            [
              20.0165646,
              41.4234272
            ],
            [
              20.016685,
              41.4244756
            ],
            [
              20.0160156,
              41.4252251
            ],
            [
              20.0150029,
              41.4257815
            ],
            [
              20.0104027,
              41.4273045
            ],
            [
              20.0060319,
              41.4298438
            ],
            [
              20.0044159,
              41.4319266
            ],
            [
              20.0043796,
              41.4382356
            ],
            [
              20.0040215,
              41.4403077
            ],
            [
              19.9981957,
              41.4429486
            ],
            [
              19.9980504,
              41.4575654
            ],
            [
              19.9974632,
              41.4601252
            ],
            [
              19.9910544,
              41.4604412
            ],
            [
              19.989023,
              41.4596315
            ],
            [
              19.9863908,
              41.4608158
            ],
            [
              19.9842736,
              41.4597167
            ],
            [
              19.9804925,
              41.4626308
            ],
            [
              19.9814338,
              41.4696896
            ],
            [
              19.9804109,
              41.4735511
            ],
            [
              19.9783364,
              41.477246
            ],
            [
              19.972382,
              41.4816456
            ],
            [
              19.9665566,
              41.4847693
            ],
            [
              19.9650223,
              41.488078
            ],
            [
              19.9593682,
              41.4885898
            ],
            [
              19.9547983,
              41.4926454
            ],
            [
              19.9510162,
              41.49513
            ],
            [
              19.9540147,
              41.4955896
            ],
            [
              19.9490192,
              41.4991775
            ],
            [
              19.9419826,
              41.5013387
            ],
            [
              19.9373493,
              41.5033713
            ],
            [
              19.9357201,
              41.5063521
            ],
            [
              19.9334138,
              41.5095757
            ],
            [
              19.9334623,
              41.510593
            ],
            [
              19.9347553,
              41.5134421
            ],
            [
              19.9320866,
              41.5147277
            ],
            [
              19.9296324,
              41.5164953
            ],
            [
              19.9266552,
              41.5134431
            ],
            [
              19.9188985,
              41.5144081
            ],
            [
              19.9143496,
              41.5128667
            ],
            [
              19.9080519,
              41.5125217
            ],
            [
              19.8908483,
              41.5011407
            ],
            [
              19.8849072,
              41.4992265
            ],
            [
              19.877647,
              41.4982366
            ]
          ]
        ]
      },
      "properties": {
        "name": "Parku Kombëtar Mali i Dajtit",
        "category": "parqe",
        "categoryLabel": "Park kombëtar",
        "location": "Shqipëri",
        "countryCodes": [
          "AL"
        ],
        "summary": "Dajti Mountain National Park is a national park established in 1966 in central Albania, spanning an area of 293.84 km2 (113.45 sq mi) since 2006. The park is 40 km (25 mi) east of the Adriatic Sea and 26 km (16 mi) east of Tirana. The area is under shared jurisdiction between Albanian Agency of Protected Areas…",
        "details": [
          "Dajti Mountain National Park is a national park established in 1966 in central Albania, spanning an area of 293.84 km2 (113.45 sq mi) since 2006. The park is 40 km (25 mi) east of the Adriatic Sea and 26 km (16 mi) east of Tirana. The area is under shared jurisdiction between Albanian Agency of Protected Areas (AKZM) and Tirana Municipality Parks and Recreation Agency (APR). It is adjacent to Shtamë Pass Nature Park to the northwest, Kraste-Verjon Protected Landscape to the west, and Mali me Gropa-Bizë-Martanesh Protected Landscape to the east. The park is marked by an extremely fragmented, rugged topography which creates favourable conditions for a great diversity of ecosystems and biodiversity."
        ],
        "mapNote": "Sipërfaqja vjen nga kufiri i objektit në OpenStreetMap.",
        "geometryType": "Polygon",
        "sources": [
          {
            "label": "OpenStreetMap",
            "url": "https://www.openstreetmap.org/way/375741900"
          },
          {
            "label": "Wikipedia",
            "url": "https://en.wikipedia.org/wiki/Dajti_Mountain_National_Park"
          },
          {
            "label": "Wikidata",
            "url": "https://www.wikidata.org/wiki/Q1968784"
          }
        ],
        "osm": {
          "type": "way",
          "id": 375741900,
          "tags": {
            "boundary": "national_park",
            "protect_class": "2",
            "wikidata": "Q1968784"
          }
        },
        "wikipediaAttribution": "Përmbledhje nga Wikipedia (en); shiko licencën dhe autorët në artikull.",
        "image": {
          "url": "https://thumb.wikimedia.org/wikipedia/commons/thumb/0/02/Mali_i_Dajtit.jpg/1280px-Mali_i_Dajtit.jpg?utm_source=commons.wikimedia.org&utm_campaign=imageinfo&utm_content=thumbnail",
          "source": "https://commons.wikimedia.org/wiki/File:Mali_i_Dajtit.jpg",
          "credit": "Edvini",
          "license": "CC BY-SA 4.0",
          "licenseUrl": "https://creativecommons.org/licenses/by-sa/4.0",
          "alt": "Parku Kombëtar Mali i Dajtit"
        }
      }
    },
    {
      "type": "Feature",
      "id": "osm-way-505957578",
      "geometry": {
        "type": "Polygon",
        "coordinates": [
          [
            [
              20.204967,
              40.7751399
            ],
            [
              20.2081296,
              40.7720196
            ],
            [
              20.2095178,
              40.770167
            ],
            [
              20.2128157,
              40.764544
            ],
            [
              20.2129218,
              40.7625042
            ],
            [
              20.2065476,
              40.7567588
            ],
            [
              20.2051083,
              40.7485505
            ],
            [
              20.2056238,
              40.7458268
            ],
            [
              20.2082467,
              40.7390274
            ],
            [
              20.2104059,
              40.7341317
            ],
            [
              20.2107022,
              40.7314723
            ],
            [
              20.2201876,
              40.7200314
            ],
            [
              20.2206872,
              40.71157
            ],
            [
              20.220711,
              40.7111676
            ],
            [
              20.2256815,
              40.7032623
            ],
            [
              20.2314744,
              40.6984959
            ],
            [
              20.2270431,
              40.6933875
            ],
            [
              20.2270699,
              40.6892549
            ],
            [
              20.2308799,
              40.6809155
            ],
            [
              20.2345397,
              40.6766604
            ],
            [
              20.2365634,
              40.6641282
            ],
            [
              20.2385227,
              40.659864
            ],
            [
              20.2512394,
              40.6484587
            ],
            [
              20.2598417,
              40.6447241
            ],
            [
              20.273031,
              40.6386673
            ],
            [
              20.2774232,
              40.6319422
            ],
            [
              20.2825217,
              40.6262404
            ],
            [
              20.2891632,
              40.6150186
            ],
            [
              20.2918121,
              40.602296
            ],
            [
              20.2935293,
              40.6008843
            ],
            [
              20.289101,
              40.5981248
            ],
            [
              20.2875647,
              40.597109
            ],
            [
              20.2861572,
              40.5973316
            ],
            [
              20.2842005,
              40.5967013
            ],
            [
              20.2778115,
              40.5977969
            ],
            [
              20.2713795,
              40.5995118
            ],
            [
              20.2608953,
              40.5974589
            ],
            [
              20.2554321,
              40.5979151
            ],
            [
              20.2506428,
              40.5969701
            ],
            [
              20.2489819,
              40.5946402
            ],
            [
              20.2508753,
              40.5866722
            ],
            [
              20.2508848,
              40.5864875
            ],
            [
              20.2510404,
              40.5834556
            ],
            [
              20.2516226,
              40.5821946
            ],
            [
              20.2513036,
              40.580184
            ],
            [
              20.2503408,
              40.5788905
            ],
            [
              20.2457865,
              40.5708676
            ],
            [
              20.2442792,
              40.569788
            ],
            [
              20.2387291,
              40.5687819
            ],
            [
              20.2335079,
              40.5666163
            ],
            [
              20.2321062,
              40.5654287
            ],
            [
              20.2321995,
              40.5639337
            ],
            [
              20.2306835,
              40.5617703
            ],
            [
              20.228029,
              40.5577698
            ],
            [
              20.2266053,
              40.5529736
            ],
            [
              20.225439,
              40.552677
            ],
            [
              20.2227747,
              40.5532436
            ],
            [
              20.2216125,
              40.5531906
            ],
            [
              20.2193309,
              40.5512912
            ],
            [
              20.2103117,
              40.549995
            ],
            [
              20.2093115,
              40.5499749
            ],
            [
              20.2074722,
              40.549938
            ],
            [
              20.2054309,
              40.550956
            ],
            [
              20.2026601,
              40.5506696
            ],
            [
              20.1958834,
              40.5513946
            ],
            [
              20.1901367,
              40.551174
            ],
            [
              20.187673,
              40.5500893
            ],
            [
              20.1869689,
              40.5491023
            ],
            [
              20.1832511,
              40.5484481
            ],
            [
              20.1774996,
              40.5486762
            ],
            [
              20.1707182,
              40.5501109
            ],
            [
              20.1678828,
              40.5549362
            ],
            [
              20.16482,
              40.5596338
            ],
            [
              20.1628488,
              40.5606541
            ],
            [
              20.1606844,
              40.5634186
            ],
            [
              20.1597858,
              40.5712957
            ],
            [
              20.16329,
              40.5762073
            ],
            [
              20.1632061,
              40.5767963
            ],
            [
              20.1624569,
              40.5757962
            ],
            [
              20.1618286,
              40.576741
            ],
            [
              20.161009,
              40.5774389
            ],
            [
              20.1598676,
              40.5787561
            ],
            [
              20.1595899,
              40.5796985
            ],
            [
              20.1588717,
              40.5803571
            ],
            [
              20.1589474,
              40.5814068
            ],
            [
              20.157851,
              40.5821489
            ],
            [
              20.1569477,
              40.5822555
            ],
            [
              20.1573962,
              40.5824924
            ],
            [
              20.1569435,
              40.5826967
            ],
            [
              20.1551638,
              40.5835209
            ],
            [
              20.1539204,
              40.5852088
            ],
            [
              20.1545581,
              40.5861192
            ],
            [
              20.1537075,
              40.586607
            ],
            [
              20.1533075,
              40.587714
            ],
            [
              20.1530569,
              40.5876388
            ],
            [
              20.1529017,
              40.5875923
            ],
            [
              20.1519225,
              40.5872985
            ],
            [
              20.1509833,
              40.5883128
            ],
            [
              20.1509024,
              40.5892946
            ],
            [
              20.1495611,
              40.5895563
            ],
            [
              20.1482398,
              40.5903374
            ],
            [
              20.1474033,
              40.5907074
            ],
            [
              20.1478812,
              40.5919367
            ],
            [
              20.1467996,
              40.5922494
            ],
            [
              20.1460399,
              40.5921384
            ],
            [
              20.1432366,
              40.5939547
            ],
            [
              20.1426,
              40.5951849
            ],
            [
              20.1411373,
              40.5955434
            ],
            [
              20.140876,
              40.5959935
            ],
            [
              20.1407649,
              40.5968183
            ],
            [
              20.1384614,
              40.5983539
            ],
            [
              20.1379205,
              40.5997388
            ],
            [
              20.1340847,
              40.6041539
            ],
            [
              20.1328309,
              40.6059866
            ],
            [
              20.1320628,
              40.6082164
            ],
            [
              20.132153,
              40.6091756
            ],
            [
              20.1318092,
              40.6099982
            ],
            [
              20.1306657,
              40.6127337
            ],
            [
              20.1288578,
              40.6138613
            ],
            [
              20.126213,
              40.6147447
            ],
            [
              20.1259393,
              40.6145284
            ],
            [
              20.1249198,
              40.6145113
            ],
            [
              20.1250376,
              40.6161475
            ],
            [
              20.1245225,
              40.6170572
            ],
            [
              20.1246082,
              40.6179994
            ],
            [
              20.1246938,
              40.621024
            ],
            [
              20.1242642,
              40.6224963
            ],
            [
              20.1199262,
              40.6224311
            ],
            [
              20.1150517,
              40.6202649
            ],
            [
              20.1092831,
              40.6216005
            ],
            [
              20.1063684,
              40.6213399
            ],
            [
              20.0983833,
              40.6251626
            ],
            [
              20.0958012,
              40.6233164
            ],
            [
              20.0933299,
              40.6266601
            ],
            [
              20.0956134,
              40.6287229
            ],
            [
              20.0956822,
              40.629966
            ],
            [
              20.0938199,
              40.6310788
            ],
            [
              20.0936257,
              40.6323079
            ],
            [
              20.0886398,
              40.6330958
            ],
            [
              20.087168,
              40.6359715
            ],
            [
              20.0866403,
              40.6362418
            ],
            [
              20.0860912,
              40.6376519
            ],
            [
              20.084598,
              40.6386712
            ],
            [
              20.0804471,
              40.6390223
            ],
            [
              20.0768542,
              40.6416772
            ],
            [
              20.0772464,
              40.6427605
            ],
            [
              20.0764369,
              40.6456672
            ],
            [
              20.0774612,
              40.6466198
            ],
            [
              20.0772331,
              40.6485044
            ],
            [
              20.0765115,
              40.64894
            ],
            [
              20.076809,
              40.6503035
            ],
            [
              20.0777933,
              40.6516671
            ],
            [
              20.0797109,
              40.6526562
            ],
            [
              20.081929,
              40.6523429
            ],
            [
              20.0880025,
              40.6523358
            ],
            [
              20.0925097,
              40.6530938
            ],
            [
              20.0945288,
              40.6528191
            ],
            [
              20.0960008,
              40.6539525
            ],
            [
              20.0980994,
              40.6578726
            ],
            [
              20.0983526,
              40.657951
            ],
            [
              20.0991936,
              40.6569459
            ],
            [
              20.1025882,
              40.6566244
            ],
            [
              20.1024397,
              40.6626715
            ],
            [
              20.101433,
              40.6666024
            ],
            [
              20.0982884,
              40.6673999
            ],
            [
              20.0986316,
              40.6703172
            ],
            [
              20.0931383,
              40.6704026
            ],
            [
              20.0948118,
              40.673861
            ],
            [
              20.0892323,
              40.6734868
            ],
            [
              20.0836689,
              40.6782712
            ],
            [
              20.0828828,
              40.6799798
            ],
            [
              20.0811594,
              40.680704
            ],
            [
              20.0778052,
              40.6793778
            ],
            [
              20.0754844,
              40.6777992
            ],
            [
              20.067673,
              40.6815541
            ],
            [
              20.0660418,
              40.6812673
            ],
            [
              20.0650972,
              40.681729
            ],
            [
              20.0665555,
              40.6827502
            ],
            [
              20.067928,
              40.6844222
            ],
            [
              20.0703264,
              40.6869239
            ],
            [
              20.0700879,
              40.6888094
            ],
            [
              20.072875,
              40.6911667
            ],
            [
              20.0727677,
              40.6935457
            ],
            [
              20.0756935,
              40.6947924
            ],
            [
              20.0758728,
              40.6952256
            ],
            [
              20.0734683,
              40.6976053
            ],
            [
              20.0702914,
              40.6990089
            ],
            [
              20.0723546,
              40.699452
            ],
            [
              20.0748041,
              40.7006434
            ],
            [
              20.0785873,
              40.7029285
            ],
            [
              20.0793511,
              40.7042442
            ],
            [
              20.0805484,
              40.7047393
            ],
            [
              20.0812736,
              40.7058526
            ],
            [
              20.0851967,
              40.7064146
            ],
            [
              20.0883902,
              40.7077573
            ],
            [
              20.0900525,
              40.7088112
            ],
            [
              20.0918865,
              40.7111665
            ],
            [
              20.0930589,
              40.711255
            ],
            [
              20.0956476,
              40.7123846
            ],
            [
              20.0988079,
              40.7130822
            ],
            [
              20.1015605,
              40.7126414
            ],
            [
              20.1038572,
              40.7128221
            ],
            [
              20.1070552,
              40.7120594
            ],
            [
              20.1086446,
              40.7099486
            ],
            [
              20.1097404,
              40.710001
            ],
            [
              20.1097204,
              40.7131113
            ],
            [
              20.1112842,
              40.7144325
            ],
            [
              20.1138349,
              40.7157538
            ],
            [
              20.1137866,
              40.7185264
            ],
            [
              20.1098462,
              40.7214921
            ],
            [
              20.1088241,
              40.7209613
            ],
            [
              20.1084534,
              40.72203
            ],
            [
              20.1069396,
              40.721468
            ],
            [
              20.1038165,
              40.7223859
            ],
            [
              20.1025339,
              40.7238693
            ],
            [
              20.1001355,
              40.7238892
            ],
            [
              20.0988441,
              40.7253815
            ],
            [
              20.0997453,
              40.7306048
            ],
            [
              20.1020896,
              40.7396161
            ],
            [
              20.1057186,
              40.7436903
            ],
            [
              20.1062213,
              40.7451852
            ],
            [
              20.1062577,
              40.7452935
            ],
            [
              20.1080629,
              40.7469779
            ],
            [
              20.1108121,
              40.747687
            ],
            [
              20.1186443,
              40.745494
            ],
            [
              20.1204306,
              40.7473038
            ],
            [
              20.121187,
              40.7494712
            ],
            [
              20.1216429,
              40.7519637
            ],
            [
              20.1218843,
              40.7544562
            ],
            [
              20.1220345,
              40.7564393
            ],
            [
              20.1206156,
              40.7577933
            ],
            [
              20.1197975,
              40.7603175
            ],
            [
              20.1179897,
              40.7609775
            ],
            [
              20.1166915,
              40.7625738
            ],
            [
              20.1167881,
              40.7640706
            ],
            [
              20.1197412,
              40.7647048
            ],
            [
              20.1214538,
              40.7639981
            ],
            [
              20.1244538,
              40.7643639
            ],
            [
              20.1248535,
              40.7662821
            ],
            [
              20.128386,
              40.7674851
            ],
            [
              20.1310145,
              40.7663085
            ],
            [
              20.1328223,
              40.7655576
            ],
            [
              20.141215,
              40.7639958
            ],
            [
              20.1428157,
              40.7639003
            ],
            [
              20.1446723,
              40.7641567
            ],
            [
              20.1569676,
              40.7662756
            ],
            [
              20.1656061,
              40.7693801
            ],
            [
              20.1705968,
              40.770502
            ],
            [
              20.1748634,
              40.7703446
            ],
            [
              20.1770611,
              40.7708997
            ],
            [
              20.1818767,
              40.7707397
            ],
            [
              20.1849529,
              40.7699802
            ],
            [
              20.1925888,
              40.7671241
            ],
            [
              20.1953754,
              40.7661533
            ],
            [
              20.1969645,
              40.768314
            ],
            [
              20.1990687,
              40.7681021
            ],
            [
              20.2005876,
              40.7682346
            ],
            [
              20.2009232,
              40.769174
            ],
            [
              20.2001261,
              40.7702982
            ],
            [
              20.2029928,
              40.7733036
            ],
            [
              20.204967,
              40.7751399
            ]
          ]
        ]
      },
      "properties": {
        "name": "Parku Kombëtar Mali i Tomorrit",
        "category": "parqe",
        "categoryLabel": "Park kombëtar",
        "location": "Shqipëri",
        "countryCodes": [
          "AL"
        ],
        "summary": "Tomorr Mountain National Park is a national park founded in 1956 that lies in southern Albania, nestled in the central and higher portions of the Tomorr massif, spanning an area of 261.06 km2 (100.80 sq mi) since 2012, and expanded to include its quarry areas since 2019. The park covers a territory of 26,106 ha.…",
        "details": [
          "Tomorr Mountain National Park is a national park founded in 1956 that lies in southern Albania, nestled in the central and higher portions of the Tomorr massif, spanning an area of 261.06 km2 (100.80 sq mi) since 2012, and expanded to include its quarry areas since 2019. The park covers a territory of 26,106 ha. The area falls within the Berat County and only 1,278 ha inside the Elbasan County. The park was established in 1956 and is considered one of the most important protected areas for the maintenance of mountainous biodiversity and ecosystem integrity at the national level. The park has been recognised as an Important Plant Area of international importance by Plantlife."
        ],
        "mapNote": "Sipërfaqja vjen nga kufiri i objektit në OpenStreetMap.",
        "geometryType": "Polygon",
        "sources": [
          {
            "label": "OpenStreetMap",
            "url": "https://www.openstreetmap.org/way/505957578"
          },
          {
            "label": "Wikipedia",
            "url": "https://en.wikipedia.org/wiki/Tomorr_Mountain_National_Park"
          },
          {
            "label": "Wikidata",
            "url": "https://www.wikidata.org/wiki/Q993154"
          }
        ],
        "osm": {
          "type": "way",
          "id": 505957578,
          "tags": {
            "boundary": "national_park",
            "leisure": "nature_reserve",
            "protect_class": "2",
            "wikidata": "Q993154"
          }
        },
        "wikipediaAttribution": "Përmbledhje nga Wikipedia (en); shiko licencën dhe autorët në artikull.",
        "image": {
          "url": "https://thumb.wikimedia.org/wikipedia/commons/thumb/5/5b/Tomorr_Mountain_view_from_Berat_Castle.jpg/1280px-Tomorr_Mountain_view_from_Berat_Castle.jpg?utm_source=commons.wikimedia.org&utm_campaign=imageinfo&utm_content=thumbnail",
          "source": "https://commons.wikimedia.org/wiki/File:Tomorr_Mountain_view_from_Berat_Castle.jpg",
          "credit": "Liridon",
          "license": "CC BY-SA 4.0",
          "licenseUrl": "https://creativecommons.org/licenses/by-sa/4.0",
          "alt": "Parku Kombëtar Mali i Tomorrit"
        }
      }
    },
    {
      "type": "Feature",
      "id": "osm-way-358286844",
      "geometry": {
        "type": "Polygon",
        "coordinates": [
          [
            [
              19.8776191,
              41.4983174
            ],
            [
              19.8767394,
              41.4995066
            ],
            [
              19.8740572,
              41.5040224
            ],
            [
              19.8732203,
              41.5107875
            ],
            [
              19.8664612,
              41.5114462
            ],
            [
              19.8640339,
              41.5135477
            ],
            [
              19.8621696,
              41.5140171
            ],
            [
              19.8608898,
              41.5131069
            ],
            [
              19.8599809,
              41.514001
            ],
            [
              19.8592299,
              41.5156559
            ],
            [
              19.8610753,
              41.5176321
            ],
            [
              19.8591226,
              41.5178089
            ],
            [
              19.8559898,
              41.5210381
            ],
            [
              19.8549169,
              41.5162504
            ],
            [
              19.8521918,
              41.5159451
            ],
            [
              19.8565906,
              41.5115587
            ],
            [
              19.8531566,
              41.5099595
            ],
            [
              19.8523682,
              41.5104329
            ],
            [
              19.8455399,
              41.510916
            ],
            [
              19.8386381,
              41.5138514
            ],
            [
              19.8376101,
              41.5137209
            ],
            [
              19.836704,
              41.5133556
            ],
            [
              19.8339225,
              41.5148662
            ],
            [
              19.8327836,
              41.5156518
            ],
            [
              19.8322086,
              41.5166173
            ],
            [
              19.8309018,
              41.5162781
            ],
            [
              19.8296821,
              41.5163433
            ],
            [
              19.8288021,
              41.516827
            ],
            [
              19.8290175,
              41.5208614
            ],
            [
              19.8286244,
              41.5217041
            ],
            [
              19.8282236,
              41.5230302
            ],
            [
              19.830305,
              41.5231909
            ],
            [
              19.8316783,
              41.5304198
            ],
            [
              19.8454736,
              41.5304035
            ],
            [
              19.8473638,
              41.5291668
            ],
            [
              19.8509232,
              41.5301713
            ],
            [
              19.848039,
              41.5331211
            ],
            [
              19.8487678,
              41.534695
            ],
            [
              19.8525363,
              41.5395497
            ],
            [
              19.850306,
              41.5419625
            ],
            [
              19.8472262,
              41.542433
            ],
            [
              19.8434635,
              41.5427023
            ],
            [
              19.8441071,
              41.5433087
            ],
            [
              19.8480732,
              41.5443914
            ],
            [
              19.8526853,
              41.5463847
            ],
            [
              19.8629206,
              41.5481352
            ],
            [
              19.8639328,
              41.5482277
            ],
            [
              19.8652847,
              41.5465811
            ],
            [
              19.8678306,
              41.5442157
            ],
            [
              19.8709849,
              41.5423367
            ],
            [
              19.8734967,
              41.541819
            ],
            [
              19.8795503,
              41.5411331
            ],
            [
              19.8863524,
              41.5406352
            ],
            [
              19.8902892,
              41.5371187
            ],
            [
              19.8953646,
              41.5331344
            ],
            [
              19.8965234,
              41.5288134
            ],
            [
              19.8961201,
              41.5264174
            ],
            [
              19.9078316,
              41.512571
            ],
            [
              19.8906225,
              41.5012583
            ],
            [
              19.8844427,
              41.4992977
            ],
            [
              19.8776191,
              41.4983174
            ]
          ]
        ]
      },
      "properties": {
        "name": "Parku Kombëtar Qafë-Shtamë",
        "category": "parqe",
        "categoryLabel": "Park kombëtar",
        "location": "Shqipëri",
        "countryCodes": [
          "AL"
        ],
        "summary": "Shtamë Pass Nature Park is a nature reserve residing in the edge of the mountain chain north of Tirana, Albania, about 25 kilometers east of Kruja. The park is named after the Qafë-Shtamë passage, and has an area of 6,864.36 hectares, with a beautiful mountain scenery consisting mainly of pine forests, some small…",
        "details": [
          "Shtamë Pass Nature Park is a nature reserve residing in the edge of the mountain chain north of Tirana, Albania, about 25 kilometers east of Kruja. The park is named after the Qafë-Shtamë passage, and has an area of 6,864.36 hectares, with a beautiful mountain scenery consisting mainly of pine forests, some small lakes and major water sources. The protected area was established in 1996 by the Albanian government as national park and transformed in 2022 into a larger nature park. The park is home to Qafshtama water bottling company known for its curative properties used since the times of Albanian monarchy. The area is becoming lately a popular attraction for hiking."
        ],
        "mapNote": "Sipërfaqja vjen nga kufiri i objektit në OpenStreetMap.",
        "geometryType": "Polygon",
        "sources": [
          {
            "label": "OpenStreetMap",
            "url": "https://www.openstreetmap.org/way/358286844"
          },
          {
            "label": "Wikipedia",
            "url": "https://en.wikipedia.org/wiki/Shtam%C3%AB_Pass_Nature_Park"
          },
          {
            "label": "Wikidata",
            "url": "https://www.wikidata.org/wiki/Q1968995"
          }
        ],
        "osm": {
          "type": "way",
          "id": 358286844,
          "tags": {
            "boundary": "national_park",
            "protect_class": "2",
            "wikidata": "Q1968995"
          }
        },
        "wikipediaAttribution": "Përmbledhje nga Wikipedia (en); shiko licencën dhe autorët në artikull.",
        "image": {
          "url": "https://thumb.wikimedia.org/wikipedia/commons/thumb/f/ff/Maja_e_Liqenit.jpg/1280px-Maja_e_Liqenit.jpg?utm_source=commons.wikimedia.org&utm_campaign=imageinfo&utm_content=thumbnail",
          "source": "https://commons.wikimedia.org/wiki/File:Maja_e_Liqenit.jpg",
          "credit": "Albinfo",
          "license": "CC BY-SA 3.0",
          "licenseUrl": "https://creativecommons.org/licenses/by-sa/3.0",
          "alt": "Parku Kombëtar Qafë-Shtamë"
        }
      }
    },
    {
      "type": "Feature",
      "id": "osm-relation-11682555",
      "geometry": {
        "type": "Polygon",
        "coordinates": [
          [
            [
              20.5675717,
              41.173339
            ],
            [
              20.5678745,
              41.1731171
            ],
            [
              20.56857,
              41.1725781
            ],
            [
              20.5692436,
              41.1714587
            ],
            [
              20.5695835,
              41.1704348
            ],
            [
              20.5703318,
              41.1696472
            ],
            [
              20.5707719,
              41.1689718
            ],
            [
              20.5710837,
              41.1683153
            ],
            [
              20.5719047,
              41.1681636
            ],
            [
              20.5722158,
              41.1676038
            ],
            [
              20.5734154,
              41.166178
            ],
            [
              20.5748938,
              41.1644493
            ],
            [
              20.5756918,
              41.1633687
            ],
            [
              20.5763348,
              41.1620546
            ],
            [
              20.5767198,
              41.1613926
            ],
            [
              20.5772791,
              41.1609745
            ],
            [
              20.5782765,
              41.160757
            ],
            [
              20.5790984,
              41.1604947
            ],
            [
              20.5798059,
              41.1597897
            ],
            [
              20.5809562,
              41.1585555
            ],
            [
              20.5820837,
              41.1575462
            ],
            [
              20.5828521,
              41.1564655
            ],
            [
              20.582975,
              41.1555593
            ],
            [
              20.5829502,
              41.1548516
            ],
            [
              20.5821061,
              41.1540083
            ],
            [
              20.5821783,
              41.1518636
            ],
            [
              20.5824177,
              41.1510684
            ],
            [
              20.5834275,
              41.1490004
            ],
            [
              20.5840805,
              41.1476318
            ],
            [
              20.5843762,
              41.1471906
            ],
            [
              20.5848745,
              41.1471261
            ],
            [
              20.5863674,
              41.147242
            ],
            [
              20.5874298,
              41.1459633
            ],
            [
              20.587728,
              41.1451019
            ],
            [
              20.5883115,
              41.144479
            ],
            [
              20.5899734,
              41.1433232
            ],
            [
              20.5907127,
              41.142176
            ],
            [
              20.5910724,
              41.1408505
            ],
            [
              20.5908748,
              41.1396557
            ],
            [
              20.5907331,
              41.1389033
            ],
            [
              20.5912639,
              41.1383082
            ],
            [
              20.5918582,
              41.1380305
            ],
            [
              20.5919221,
              41.1372904
            ],
            [
              20.5925823,
              41.1364944
            ],
            [
              20.5939505,
              41.1358929
            ],
            [
              20.5936024,
              41.135361
            ],
            [
              20.5936361,
              41.1346535
            ],
            [
              20.5948422,
              41.1337511
            ],
            [
              20.5960476,
              41.1329593
            ],
            [
              20.5962851,
              41.1324294
            ],
            [
              20.5966726,
              41.1315519
            ],
            [
              20.5965798,
              41.1304444
            ],
            [
              20.5968359,
              41.1298474
            ],
            [
              20.5963395,
              41.1285843
            ],
            [
              20.5955027,
              41.1281318
            ],
            [
              20.5937861,
              41.1277924
            ],
            [
              20.5926703,
              41.1274368
            ],
            [
              20.5923699,
              41.1267095
            ],
            [
              20.5921467,
              41.1262803
            ],
            [
              20.5906876,
              41.1260055
            ],
            [
              20.5896877,
              41.1257558
            ],
            [
              20.5889066,
              41.126151
            ],
            [
              20.5878852,
              41.1254164
            ],
            [
              20.5870183,
              41.1250034
            ],
            [
              20.5860313,
              41.1252459
            ],
            [
              20.5857094,
              41.1248903
            ],
            [
              20.5852459,
              41.125077
            ],
            [
              20.5847739,
              41.1246244
            ],
            [
              20.5854176,
              41.1245759
            ],
            [
              20.5854176,
              41.1243011
            ],
            [
              20.5859111,
              41.1240748
            ],
            [
              20.5866836,
              41.124091
            ],
            [
              20.5869625,
              41.1233798
            ],
            [
              20.5879067,
              41.122911
            ],
            [
              20.5878638,
              41.1224584
            ],
            [
              20.5876063,
              41.1221836
            ],
            [
              20.5883573,
              41.1214562
            ],
            [
              20.5885628,
              41.1208277
            ],
            [
              20.5879067,
              41.1205995
            ],
            [
              20.5871127,
              41.1196458
            ],
            [
              20.5876492,
              41.1192093
            ],
            [
              20.5870913,
              41.118983
            ],
            [
              20.5874346,
              41.1186274
            ],
            [
              20.5871945,
              41.118059
            ],
            [
              20.5865978,
              41.1179969
            ],
            [
              20.5861686,
              41.1172048
            ],
            [
              20.5857395,
              41.1166875
            ],
            [
              20.5852245,
              41.116639
            ],
            [
              20.5843018,
              41.1158962
            ],
            [
              20.5812074,
              41.1177908
            ],
            [
              20.5807851,
              41.1194084
            ],
            [
              20.5800194,
              41.1204119
            ],
            [
              20.5758703,
              41.1217882
            ],
            [
              20.5729873,
              41.122518
            ],
            [
              20.5703831,
              41.1216637
            ],
            [
              20.5643535,
              41.1209941
            ],
            [
              20.5583668,
              41.1190313
            ],
            [
              20.5568219,
              41.1163411
            ],
            [
              20.5546761,
              41.1145238
            ],
            [
              20.5491507,
              41.1136682
            ],
            [
              20.5395645,
              41.1151319
            ],
            [
              20.5358658,
              41.1130185
            ],
            [
              20.532804,
              41.1131096
            ],
            [
              20.5307722,
              41.114591
            ],
            [
              20.5292997,
              41.114673
            ],
            [
              20.5265612,
              41.1132354
            ],
            [
              20.5248177,
              41.1142724
            ],
            [
              20.5166531,
              41.1142448
            ],
            [
              20.5151403,
              41.115268
            ],
            [
              20.5141184,
              41.1168251
            ],
            [
              20.5133969,
              41.1192875
            ],
            [
              20.5120826,
              41.1210277
            ],
            [
              20.5091478,
              41.1254182
            ],
            [
              20.5090455,
              41.1263173
            ],
            [
              20.5146106,
              41.1309297
            ],
            [
              20.5134913,
              41.1312504
            ],
            [
              20.5133161,
              41.1317004
            ],
            [
              20.5136202,
              41.1320547
            ],
            [
              20.513538,
              41.1327969
            ],
            [
              20.5108165,
              41.1316401
            ],
            [
              20.5105197,
              41.1298852
            ],
            [
              20.508875,
              41.1300367
            ],
            [
              20.5069798,
              41.1322943
            ],
            [
              20.5063326,
              41.1318231
            ],
            [
              20.507511,
              41.1272559
            ],
            [
              20.5068441,
              41.1266324
            ],
            [
              20.5024174,
              41.1278729
            ],
            [
              20.4994531,
              41.1308529
            ],
            [
              20.4976904,
              41.1315055
            ],
            [
              20.4943424,
              41.1317641
            ],
            [
              20.4934276,
              41.1329445
            ],
            [
              20.4916975,
              41.1341571
            ],
            [
              20.4915767,
              41.1347395
            ],
            [
              20.4910697,
              41.1353542
            ],
            [
              20.4890901,
              41.1343049
            ],
            [
              20.4877033,
              41.1329317
            ],
            [
              20.4844067,
              41.131704
            ],
            [
              20.4825819,
              41.1327231
            ],
            [
              20.4815523,
              41.1342803
            ],
            [
              20.4807294,
              41.1371393
            ],
            [
              20.4794982,
              41.1377263
            ],
            [
              20.4771402,
              41.137168
            ],
            [
              20.475855,
              41.1339918
            ],
            [
              20.4731515,
              41.1334583
            ],
            [
              20.4695038,
              41.1270337
            ],
            [
              20.4686885,
              41.1266539
            ],
            [
              20.4659821,
              41.1286625
            ],
            [
              20.4627821,
              41.1296206
            ],
            [
              20.4569616,
              41.1325226
            ],
            [
              20.4560246,
              41.1335709
            ],
            [
              20.4551305,
              41.1352657
            ],
            [
              20.4530419,
              41.1352937
            ],
            [
              20.4490793,
              41.1371921
            ],
            [
              20.4428707,
              41.1397284
            ],
            [
              20.4396017,
              41.1426765
            ],
            [
              20.4364223,
              41.1440859
            ],
            [
              20.434702,
              41.1457216
            ],
            [
              20.4331417,
              41.1462865
            ],
            [
              20.4313507,
              41.1474745
            ],
            [
              20.430508,
              41.1475382
            ],
            [
              20.4282569,
              41.1477085
            ],
            [
              20.4254103,
              41.1467099
            ],
            [
              20.4220917,
              41.1465839
            ],
            [
              20.4177639,
              41.1524227
            ],
            [
              20.4185559,
              41.1540332
            ],
            [
              20.4165486,
              41.1551939
            ],
            [
              20.41467,
              41.1569685
            ],
            [
              20.4153547,
              41.1585305
            ],
            [
              20.4155244,
              41.159721
            ],
            [
              20.4188294,
              41.1635155
            ],
            [
              20.4156977,
              41.1661285
            ],
            [
              20.4092198,
              41.1721454
            ],
            [
              20.4048447,
              41.1729935
            ],
            [
              20.4002199,
              41.1769504
            ],
            [
              20.3964269,
              41.1791146
            ],
            [
              20.3926768,
              41.1804551
            ],
            [
              20.390374,
              41.1832772
            ],
            [
              20.3892656,
              41.1858348
            ],
            [
              20.3895304,
              41.187488
            ],
            [
              20.3897203,
              41.1893975
            ],
            [
              20.3897172,
              41.191533
            ],
            [
              20.3851769,
              41.1943103
            ],
            [
              20.3822228,
              41.1961953
            ],
            [
              20.3794404,
              41.1972408
            ],
            [
              20.3758068,
              41.1973942
            ],
            [
              20.371811,
              41.2000904
            ],
            [
              20.3676007,
              41.2025283
            ],
            [
              20.3630966,
              41.2054181
            ],
            [
              20.3620718,
              41.2079788
            ],
            [
              20.3603175,
              41.2092803
            ],
            [
              20.3578442,
              41.2107014
            ],
            [
              20.3552421,
              41.2113153
            ],
            [
              20.3525757,
              41.2115579
            ],
            [
              20.3504243,
              41.2123494
            ],
            [
              20.3466035,
              41.2167419
            ],
            [
              20.3461694,
              41.2179283
            ],
            [
              20.3424441,
              41.2200104
            ],
            [
              20.3419033,
              41.2186708
            ],
            [
              20.3314008,
              41.2223507
            ],
            [
              20.3265913,
              41.2223991
            ],
            [
              20.3228081,
              41.2215921
            ],
            [
              20.3167378,
              41.2205269
            ],
            [
              20.3154702,
              41.219042
            ],
            [
              20.3102169,
              41.2121497
            ],
            [
              20.3050807,
              41.2081302
            ],
            [
              20.2993237,
              41.2146201
            ],
            [
              20.2987004,
              41.2153228
            ],
            [
              20.3024051,
              41.2155098
            ],
            [
              20.3034631,
              41.2170139
            ],
            [
              20.3033905,
              41.2179238
            ],
            [
              20.3011064,
              41.2188389
            ],
            [
              20.3023629,
              41.220109
            ],
            [
              20.303331,
              41.2232626
            ],
            [
              20.3030929,
              41.2308734
            ],
            [
              20.3035414,
              41.2318032
            ],
            [
              20.303932,
              41.2346362
            ],
            [
              20.3069136,
              41.2365091
            ],
            [
              20.3113478,
              41.2403438
            ],
            [
              20.3183264,
              41.2450067
            ],
            [
              20.3217265,
              41.248669
            ],
            [
              20.3220829,
              41.2521698
            ],
            [
              20.3167515,
              41.2543963
            ],
            [
              20.3175571,
              41.2557194
            ],
            [
              20.317194,
              41.2561073
            ],
            [
              20.3153093,
              41.2564314
            ],
            [
              20.321042,
              41.2610462
            ],
            [
              20.3213674,
              41.2622092
            ],
            [
              20.3215962,
              41.2627028
            ],
            [
              20.3187995,
              41.2653504
            ],
            [
              20.3193503,
              41.2662561
            ],
            [
              20.3197222,
              41.2678417
            ],
            [
              20.322626,
              41.2674097
            ],
            [
              20.3233257,
              41.2699564
            ],
            [
              20.3300765,
              41.2722128
            ],
            [
              20.3340508,
              41.2750484
            ],
            [
              20.3375793,
              41.2773974
            ],
            [
              20.3394621,
              41.2804391
            ],
            [
              20.3400387,
              41.2813956
            ],
            [
              20.3446494,
              41.2837065
            ],
            [
              20.3463606,
              41.2835555
            ],
            [
              20.3509536,
              41.2848817
            ],
            [
              20.3538301,
              41.2845632
            ],
            [
              20.3611708,
              41.2869253
            ],
            [
              20.3685782,
              41.2907627
            ],
            [
              20.3720561,
              41.2932133
            ],
            [
              20.377128,
              41.2988906
            ],
            [
              20.3783923,
              41.303324
            ],
            [
              20.3844202,
              41.3092727
            ],
            [
              20.3855755,
              41.3117398
            ],
            [
              20.3868595,
              41.3133689
            ],
            [
              20.3979569,
              41.3225493
            ],
            [
              20.4058786,
              41.3218829
            ],
            [
              20.4117228,
              41.3231608
            ],
            [
              20.4202782,
              41.3264253
            ],
            [
              20.424113,
              41.3268699
            ],
            [
              20.4268027,
              41.3294894
            ],
            [
              20.4286342,
              41.3330112
            ],
            [
              20.4295934,
              41.3373317
            ],
            [
              20.4299079,
              41.3398857
            ],
            [
              20.4306944,
              41.342472
            ],
            [
              20.430635,
              41.3438671
            ],
            [
              20.4345421,
              41.34932
            ],
            [
              20.4339285,
              41.3515314
            ],
            [
              20.4351452,
              41.3520734
            ],
            [
              20.4357611,
              41.3530986
            ],
            [
              20.4374093,
              41.354026
            ],
            [
              20.4473831,
              41.3570794
            ],
            [
              20.4538339,
              41.362381
            ],
            [
              20.4594799,
              41.3633177
            ],
            [
              20.4647826,
              41.364641
            ],
            [
              20.4689454,
              41.3646571
            ],
            [
              20.4731511,
              41.3635942
            ],
            [
              20.4816484,
              41.3633849
            ],
            [
              20.486927,
              41.3604054
            ],
            [
              20.4898452,
              41.3594713
            ],
            [
              20.4977845,
              41.3591653
            ],
            [
              20.5050587,
              41.3574742
            ],
            [
              20.5111741,
              41.3585855
            ],
            [
              20.5266447,
              41.3535983
            ],
            [
              20.5268756,
              41.3535557
            ],
            [
              20.5267766,
              41.3532069
            ],
            [
              20.5266762,
              41.3516588
            ],
            [
              20.526614,
              41.3509161
            ],
            [
              20.5265155,
              41.349104
            ],
            [
              20.5264785,
              41.347616
            ],
            [
              20.526506,
              41.3458651
            ],
            [
              20.5265161,
              41.3444733
            ],
            [
              20.5263745,
              41.3442208
            ],
            [
              20.5259156,
              41.343775
            ],
            [
              20.5251226,
              41.3432678
            ],
            [
              20.5243747,
              41.3427521
            ],
            [
              20.5229005,
              41.3416781
            ],
            [
              20.5221237,
              41.341135
            ],
            [
              20.5217289,
              41.3406534
            ],
            [
              20.5213345,
              41.3401119
            ],
            [
              20.520857,
              41.3392483
            ],
            [
              20.5202271,
              41.3382378
            ],
            [
              20.5198179,
              41.3375402
            ],
            [
              20.5195329,
              41.3372991
            ],
            [
              20.5188651,
              41.3371043
            ],
            [
              20.5182609,
              41.3369338
            ],
            [
              20.5170032,
              41.3367846
            ],
            [
              20.5159352,
              41.3368521
            ],
            [
              20.5153922,
              41.3370178
            ],
            [
              20.5148318,
              41.3373873
            ],
            [
              20.513905,
              41.3381284
            ],
            [
              20.5124917,
              41.3396221
            ],
            [
              20.5114152,
              41.3408174
            ],
            [
              20.5107816,
              41.341518
            ],
            [
              20.5098372,
              41.3420899
            ],
            [
              20.5084292,
              41.3428518
            ],
            [
              20.5069574,
              41.3436133
            ],
            [
              20.5065519,
              41.3438583
            ],
            [
              20.505784,
              41.3442509
            ],
            [
              20.505399,
              41.3445852
            ],
            [
              20.5049644,
              41.3451592
            ],
            [
              20.5044033,
              41.3456008
            ],
            [
              20.5031083,
              41.3461591
            ],
            [
              20.5024612,
              41.3464622
            ],
            [
              20.501471,
              41.3467579
            ],
            [
              20.4999229,
              41.3470511
            ],
            [
              20.4992851,
              41.3470963
            ],
            [
              20.4985364,
              41.3471099
            ],
            [
              20.498144,
              41.347049
            ],
            [
              20.4968555,
              41.3458982
            ],
            [
              20.4969565,
              41.3453714
            ],
            [
              20.4971767,
              41.3442235
            ],
            [
              20.4969188,
              41.3432812
            ],
            [
              20.4967811,
              41.3414838
            ],
            [
              20.4968337,
              41.3395732
            ],
            [
              20.4972752,
              41.3390956
            ],
            [
              20.4980942,
              41.3382097
            ],
            [
              20.4980973,
              41.3378104
            ],
            [
              20.4977251,
              41.3369532
            ],
            [
              20.4968986,
              41.3360654
            ],
            [
              20.4955385,
              41.3356031
            ],
            [
              20.4938026,
              41.3347684
            ],
            [
              20.4938077,
              41.3341125
            ],
            [
              20.4932836,
              41.3333116
            ],
            [
              20.4913909,
              41.3331606
            ],
            [
              20.4910963,
              41.3328311
            ],
            [
              20.4918838,
              41.3320583
            ],
            [
              20.492795,
              41.3310694
            ],
            [
              20.4940739,
              41.3298983
            ],
            [
              20.495081,
              41.3291304
            ],
            [
              20.4960372,
              41.3286382
            ],
            [
              20.4969433,
              41.3282928
            ],
            [
              20.4977747,
              41.3281493
            ],
            [
              20.4979954,
              41.3280216
            ],
            [
              20.4985367,
              41.3275434
            ],
            [
              20.4993411,
              41.3269859
            ],
            [
              20.4994691,
              41.3268477
            ],
            [
              20.4995676,
              41.3267413
            ],
            [
              20.4996609,
              41.3264372
            ],
            [
              20.4998607,
              41.3258687
            ],
            [
              20.4999109,
              41.3253791
            ],
            [
              20.4999142,
              41.3249593
            ],
            [
              20.4999187,
              41.3243645
            ],
            [
              20.4997371,
              41.323804
            ],
            [
              20.4993225,
              41.3233474
            ],
            [
              20.4989073,
              41.3229607
            ],
            [
              20.4985369,
              41.3227842
            ],
            [
              20.4982136,
              41.3227063
            ],
            [
              20.4980933,
              41.3224668
            ],
            [
              20.4980712,
              41.3221725
            ],
            [
              20.4982219,
              41.3216215
            ],
            [
              20.4985369,
              41.3210698
            ],
            [
              20.4992022,
              41.3208629
            ],
            [
              20.4995783,
              41.3202698
            ],
            [
              20.4998696,
              41.3196277
            ],
            [
              20.5000963,
              41.3190736
            ],
            [
              20.5007563,
              41.3181058
            ],
            [
              20.501692,
              41.3172353
            ],
            [
              20.5021618,
              41.3165376
            ],
            [
              20.5026857,
              41.3157774
            ],
            [
              20.5036217,
              41.3148719
            ],
            [
              20.5043259,
              41.3138953
            ],
            [
              20.5050311,
              41.3127788
            ],
            [
              20.5058263,
              41.3120475
            ],
            [
              20.506295,
              41.3114898
            ],
            [
              20.506627,
              41.3105816
            ],
            [
              20.5070046,
              41.3097786
            ],
            [
              20.5072941,
              41.3083454
            ],
            [
              20.5073031,
              41.3071559
            ],
            [
              20.5073086,
              41.3064213
            ],
            [
              20.5072111,
              41.3058948
            ],
            [
              20.5066646,
              41.3049663
            ],
            [
              20.5065764,
              41.3043362
            ],
            [
              20.5074198,
              41.3033602
            ],
            [
              20.5087724,
              41.3025963
            ],
            [
              20.5093038,
              41.3022497
            ],
            [
              20.5095066,
              41.3021295
            ],
            [
              20.5095498,
              41.3019497
            ],
            [
              20.5092568,
              41.2999395
            ],
            [
              20.5088459,
              41.2989932
            ],
            [
              20.5081068,
              41.2984652
            ],
            [
              20.5076466,
              41.2979035
            ],
            [
              20.5075589,
              41.297081
            ],
            [
              20.5073781,
              41.2964155
            ],
            [
              20.5073634,
              41.2961977
            ],
            [
              20.5073816,
              41.2959607
            ],
            [
              20.5075794,
              41.2947832
            ],
            [
              20.5080949,
              41.2937247
            ],
            [
              20.5085173,
              41.2931318
            ],
            [
              20.5089392,
              41.2926088
            ],
            [
              20.5089963,
              41.2923132
            ],
            [
              20.5090185,
              41.2921102
            ],
            [
              20.5087666,
              41.2918167
            ],
            [
              20.5092325,
              41.2908471
            ],
            [
              20.5090025,
              41.2907837
            ],
            [
              20.5089649,
              41.2906709
            ],
            [
              20.5090661,
              41.2905485
            ],
            [
              20.5090553,
              41.2904357
            ],
            [
              20.5091205,
              41.2903081
            ],
            [
              20.5092163,
              41.2902986
            ],
            [
              20.5093136,
              41.2900663
            ],
            [
              20.5093879,
              41.2899883
            ],
            [
              20.5093512,
              41.2899212
            ],
            [
              20.5094156,
              41.289776
            ],
            [
              20.5095443,
              41.2897317
            ],
            [
              20.5096132,
              41.2897706
            ],
            [
              20.5097374,
              41.2896148
            ],
            [
              20.5098876,
              41.2895745
            ],
            [
              20.509919,
              41.2894844
            ],
            [
              20.5101129,
              41.2895342
            ],
            [
              20.5102462,
              41.2895247
            ],
            [
              20.5103267,
              41.2894562
            ],
            [
              20.5104608,
              41.2893837
            ],
            [
              20.5105582,
              41.2893407
            ],
            [
              20.5106378,
              41.2892305
            ],
            [
              20.5107505,
              41.2891902
            ],
            [
              20.51089,
              41.2891781
            ],
            [
              20.5111268,
              41.2889417
            ],
            [
              20.5112985,
              41.2887321
            ],
            [
              20.511421,
              41.2886904
            ],
            [
              20.5114318,
              41.2886259
            ],
            [
              20.5115122,
              41.2886017
            ],
            [
              20.511615,
              41.2884338
            ],
            [
              20.5117536,
              41.2884324
            ],
            [
              20.5121023,
              41.2882671
            ],
            [
              20.5121828,
              41.2882854
            ],
            [
              20.5122498,
              41.2882511
            ],
            [
              20.5124001,
              41.2882692
            ],
            [
              20.5124671,
              41.2882692
            ],
            [
              20.5125859,
              41.2882222
            ],
            [
              20.5125449,
              41.2881947
            ],
            [
              20.5125771,
              41.2881564
            ],
            [
              20.5126449,
              41.2881476
            ],
            [
              20.512679,
              41.2881261
            ],
            [
              20.5126897,
              41.2880858
            ],
            [
              20.5127326,
              41.2880677
            ],
            [
              20.5127434,
              41.2880113
            ],
            [
              20.5128104,
              41.2880294
            ],
            [
              20.512856,
              41.2880153
            ],
            [
              20.5128488,
              41.2879884
            ],
            [
              20.5128909,
              41.2879831
            ],
            [
              20.512915,
              41.2879065
            ],
            [
              20.5129553,
              41.2879165
            ],
            [
              20.5129526,
              41.287979
            ],
            [
              20.5130062,
              41.287971
            ],
            [
              20.5130357,
              41.2879407
            ],
            [
              20.5130553,
              41.2878997
            ],
            [
              20.5130894,
              41.2877996
            ],
            [
              20.5131001,
              41.2877231
            ],
            [
              20.513117,
              41.2876901
            ],
            [
              20.5131591,
              41.2876162
            ],
            [
              20.5132699,
              41.2876317
            ],
            [
              20.5132932,
              41.2876082
            ],
            [
              20.5133423,
              41.2876659
            ],
            [
              20.51343,
              41.2876566
            ],
            [
              20.5135373,
              41.2877069
            ],
            [
              20.5135676,
              41.28767
            ],
            [
              20.51354,
              41.2876304
            ],
            [
              20.5135668,
              41.2876102
            ],
            [
              20.5136374,
              41.2875793
            ],
            [
              20.513683,
              41.2876055
            ],
            [
              20.5136365,
              41.2876263
            ],
            [
              20.5136929,
              41.2876465
            ],
            [
              20.5137519,
              41.28758
            ],
            [
              20.5137438,
              41.2875316
            ],
            [
              20.51386,
              41.2875611
            ],
            [
              20.5138967,
              41.2875457
            ],
            [
              20.5139697,
              41.2875873
            ],
            [
              20.5140067,
              41.2875699
            ],
            [
              20.5140308,
              41.2875094
            ],
            [
              20.5140764,
              41.2875074
            ],
            [
              20.5141202,
              41.2874926
            ],
            [
              20.5141515,
              41.2874973
            ],
            [
              20.5141623,
              41.2874651
            ],
            [
              20.5142266,
              41.2874752
            ],
            [
              20.5142516,
              41.2874362
            ],
            [
              20.5142883,
              41.2874087
            ],
            [
              20.5143481,
              41.2874321
            ],
            [
              20.5143929,
              41.2874147
            ],
            [
              20.5144198,
              41.2873885
            ],
            [
              20.5144662,
              41.2873979
            ],
            [
              20.5145297,
              41.2873704
            ],
            [
              20.514527,
              41.2873119
            ],
            [
              20.5143964,
              41.2871419
            ],
            [
              20.5143795,
              41.2869209
            ],
            [
              20.5143259,
              41.2867677
            ],
            [
              20.5143044,
              41.2865077
            ],
            [
              20.5143151,
              41.2863324
            ],
            [
              20.5143857,
              41.2861584
            ],
            [
              20.5143366,
              41.286018
            ],
            [
              20.5143286,
              41.2859757
            ],
            [
              20.5143911,
              41.2859387
            ],
            [
              20.5143929,
              41.2858991
            ],
            [
              20.5143768,
              41.2858185
            ],
            [
              20.514434,
              41.2857875
            ],
            [
              20.514527,
              41.2858003
            ],
            [
              20.5145431,
              41.2857459
            ],
            [
              20.514519,
              41.2857197
            ],
            [
              20.5144841,
              41.2856875
            ],
            [
              20.5145029,
              41.2856572
            ],
            [
              20.5144876,
              41.2855981
            ],
            [
              20.51446,
              41.2855806
            ],
            [
              20.5143259,
              41.2854899
            ],
            [
              20.5144367,
              41.2854509
            ],
            [
              20.5144627,
              41.285371
            ],
            [
              20.5144412,
              41.2853327
            ],
            [
              20.5143929,
              41.2852763
            ],
            [
              20.5143822,
              41.2852279
            ],
            [
              20.5142838,
              41.2852595
            ],
            [
              20.5143017,
              41.2852118
            ],
            [
              20.5143447,
              41.2851413
            ],
            [
              20.5143339,
              41.2850929
            ],
            [
              20.5143286,
              41.2850264
            ],
            [
              20.5143535,
              41.2849854
            ],
            [
              20.5142588,
              41.2848954
            ],
            [
              20.5142481,
              41.2848288
            ],
            [
              20.5143455,
              41.284681
            ],
            [
              20.5143715,
              41.2845688
            ],
            [
              20.5144144,
              41.2843935
            ],
            [
              20.5145056,
              41.2841617
            ],
            [
              20.5145565,
              41.2841214
            ],
            [
              20.5145539,
              41.2840367
            ],
            [
              20.5145351,
              41.2839944
            ],
            [
              20.5145565,
              41.2838815
            ],
            [
              20.5144922,
              41.283811
            ],
            [
              20.5145056,
              41.283676
            ],
            [
              20.5145592,
              41.2835893
            ],
            [
              20.5146692,
              41.2835208
            ],
            [
              20.514696,
              41.2833333
            ],
            [
              20.5146727,
              41.2832258
            ],
            [
              20.5144895,
              41.2831277
            ],
            [
              20.5144063,
              41.283033
            ],
            [
              20.5144519,
              41.2830068
            ],
            [
              20.5143151,
              41.2829443
            ],
            [
              20.5143178,
              41.2829141
            ],
            [
              20.5142489,
              41.2828872
            ],
            [
              20.5141837,
              41.2828073
            ],
            [
              20.514173,
              41.2827448
            ],
            [
              20.5141328,
              41.2826601
            ],
            [
              20.5140711,
              41.2825694
            ],
            [
              20.5140737,
              41.282515
            ],
            [
              20.5140925,
              41.2824364
            ],
            [
              20.5128166,
              41.2809905
            ],
            [
              20.5114862,
              41.2795795
            ],
            [
              20.5109391,
              41.2767898
            ],
            [
              20.5109176,
              41.2746046
            ],
            [
              20.5108747,
              41.2740563
            ],
            [
              20.5110463,
              41.2734032
            ],
            [
              20.5117974,
              41.2721372
            ],
            [
              20.5121407,
              41.2716457
            ],
            [
              20.5119261,
              41.2705406
            ],
            [
              20.5121836,
              41.2692665
            ],
            [
              20.5129239,
              41.2685488
            ],
            [
              20.5125484,
              41.2679605
            ],
            [
              20.5128273,
              41.2670489
            ],
            [
              20.5122802,
              41.2658723
            ],
            [
              20.5120709,
              41.2647888
            ],
            [
              20.5123016,
              41.26309
            ],
            [
              20.513632,
              41.2622674
            ],
            [
              20.5139109,
              41.2612593
            ],
            [
              20.5149302,
              41.2606141
            ],
            [
              20.5154773,
              41.2601063
            ],
            [
              20.5143186,
              41.257025
            ],
            [
              20.5144741,
              41.2555874
            ],
            [
              20.515179,
              41.2544008
            ],
            [
              20.5158826,
              41.2533892
            ],
            [
              20.5167721,
              41.2523434
            ],
            [
              20.5178972,
              41.2508087
            ],
            [
              20.5186713,
              41.2500425
            ],
            [
              20.5190888,
              41.2495037
            ],
            [
              20.5192825,
              41.2484607
            ],
            [
              20.5203183,
              41.2473288
            ],
            [
              20.5216263,
              41.2464563
            ],
            [
              20.521823,
              41.2462013
            ],
            [
              20.5215391,
              41.2458215
            ],
            [
              20.5214957,
              41.2457001
            ],
            [
              20.5215493,
              41.245571
            ],
            [
              20.5215493,
              41.2454661
            ],
            [
              20.5214635,
              41.2452806
            ],
            [
              20.5214099,
              41.2452403
            ],
            [
              20.521324,
              41.2452403
            ],
            [
              20.521206,
              41.2451838
            ],
            [
              20.5211631,
              41.2450386
            ],
            [
              20.5211631,
              41.2449418
            ],
            [
              20.5210129,
              41.2447643
            ],
            [
              20.5207876,
              41.2446756
            ],
            [
              20.5205194,
              41.2446352
            ],
            [
              20.5204013,
              41.2445384
            ],
            [
              20.5203262,
              41.2443932
            ],
            [
              20.5203262,
              41.2443045
            ],
            [
              20.5203155,
              41.2441512
            ],
            [
              20.5201868,
              41.2439737
            ],
            [
              20.5199507,
              41.2438285
            ],
            [
              20.5197683,
              41.2438205
            ],
            [
              20.5195538,
              41.2438043
            ],
            [
              20.5193607,
              41.2436833
            ],
            [
              20.5192426,
              41.2435543
            ],
            [
              20.5192212,
              41.2433606
            ],
            [
              20.5192319,
              41.2432558
            ],
            [
              20.5192963,
              41.2431267
            ],
            [
              20.5192963,
              41.2429976
            ],
            [
              20.5192963,
              41.2428927
            ],
            [
              20.519189,
              41.2426911
            ],
            [
              20.5190602,
              41.2425701
            ],
            [
              20.5187706,
              41.2424168
            ],
            [
              20.5186525,
              41.2422796
            ],
            [
              20.518438,
              41.2419973
            ],
            [
              20.5183307,
              41.2417795
            ],
            [
              20.5182663,
              41.2416746
            ],
            [
              20.5181268,
              41.241481
            ],
            [
              20.5180303,
              41.241368
            ],
            [
              20.5177942,
              41.2413196
            ],
            [
              20.5175046,
              41.2412873
            ],
            [
              20.5172256,
              41.2412873
            ],
            [
              20.5170325,
              41.2412873
            ],
            [
              20.5166892,
              41.2412793
            ],
            [
              20.5164746,
              41.241247
            ],
            [
              20.5161742,
              41.241247
            ],
            [
              20.5159703,
              41.2412631
            ],
            [
              20.5158309,
              41.2412309
            ],
            [
              20.5157665,
              41.2411583
            ],
            [
              20.5155841,
              41.2410292
            ],
            [
              20.5155626,
              41.2409082
            ],
            [
              20.5155948,
              41.240763
            ],
            [
              20.5156699,
              41.2406339
            ],
            [
              20.5163475,
              41.240239
            ],
            [
              20.5163458,
              41.2397949
            ],
            [
              20.5164424,
              41.2396174
            ],
            [
              20.5164317,
              41.2394641
            ],
            [
              20.5163566,
              41.2393511
            ],
            [
              20.51626,
              41.2392059
            ],
            [
              20.51626,
              41.2390446
            ],
            [
              20.5162493,
              41.2388993
            ],
            [
              20.5163244,
              41.2388187
            ],
            [
              20.5164424,
              41.2387703
            ],
            [
              20.5166355,
              41.2386654
            ],
            [
              20.516775,
              41.2385686
            ],
            [
              20.5169252,
              41.2384395
            ],
            [
              20.5169574,
              41.2382943
            ],
            [
              20.5169574,
              41.2381652
            ],
            [
              20.5169252,
              41.2380361
            ],
            [
              20.5168072,
              41.2378909
            ],
            [
              20.5166784,
              41.237794
            ],
            [
              20.5164961,
              41.2377053
            ],
            [
              20.5163137,
              41.2376408
            ],
            [
              20.5162064,
              41.2375359
            ],
            [
              20.5161313,
              41.2374713
            ],
            [
              20.5161201,
              41.2373344
            ],
            [
              20.5162591,
              41.2371572
            ],
            [
              20.5163766,
              41.2369775
            ],
            [
              20.5165013,
              41.236787
            ],
            [
              20.5165758,
              41.2366797
            ],
            [
              20.5165825,
              41.2365536
            ],
            [
              20.5167108,
              41.2364488
            ],
            [
              20.5167284,
              41.2363036
            ],
            [
              20.5167782,
              41.2362283
            ],
            [
              20.5168029,
              41.2361423
            ],
            [
              20.5168787,
              41.2359819
            ],
            [
              20.5170215,
              41.2351523
            ],
            [
              20.5170215,
              41.2349
            ],
            [
              20.5170358,
              41.2343791
            ],
            [
              20.5169359,
              41.234312
            ],
            [
              20.5167681,
              41.23421
            ],
            [
              20.5164867,
              41.2340225
            ],
            [
              20.5164034,
              41.2339121
            ],
            [
              20.5163337,
              41.2338292
            ],
            [
              20.5162467,
              41.2337409
            ],
            [
              20.5161231,
              41.2336117
            ],
            [
              20.5160439,
              41.2335049
            ],
            [
              20.5159524,
              41.233407
            ],
            [
              20.5158425,
              41.2332794
            ],
            [
              20.5156879,
              41.2331087
            ],
            [
              20.515509,
              41.2329036
            ],
            [
              20.515399,
              41.232772
            ],
            [
              20.5153785,
              41.2326733
            ],
            [
              20.5153537,
              41.2325611
            ],
            [
              20.5153264,
              41.2324348
            ],
            [
              20.5152585,
              41.2322939
            ],
            [
              20.515257,
              41.232231
            ],
            [
              20.5152406,
              41.2321746
            ],
            [
              20.5151902,
              41.2320607
            ],
            [
              20.5151866,
              41.2319838
            ],
            [
              20.5152295,
              41.2318996
            ],
            [
              20.5152494,
              41.2318297
            ],
            [
              20.5152807,
              41.2317519
            ],
            [
              20.5152975,
              41.2316276
            ],
            [
              20.5144133,
              41.2309364
            ],
            [
              20.5148798,
              41.2305439
            ],
            [
              20.5154843,
              41.2304747
            ],
            [
              20.5158774,
              41.2305158
            ],
            [
              20.5160193,
              41.2304095
            ],
            [
              20.5161762,
              41.2303557
            ],
            [
              20.5163349,
              41.2302334
            ],
            [
              20.5166225,
              41.2301233
            ],
            [
              20.5168376,
              41.2300466
            ],
            [
              20.5171209,
              41.2299205
            ],
            [
              20.5171914,
              41.2298276
            ],
            [
              20.5173402,
              41.2295268
            ],
            [
              20.5174978,
              41.2292495
            ],
            [
              20.5176155,
              41.2290035
            ],
            [
              20.517655,
              41.2288584
            ],
            [
              20.5177661,
              41.2287377
            ],
            [
              20.5178775,
              41.2285791
            ],
            [
              20.5180885,
              41.2282517
            ],
            [
              20.5182497,
              41.2280129
            ],
            [
              20.5189635,
              41.2280498
            ],
            [
              20.5192565,
              41.228049
            ],
            [
              20.5194348,
              41.2280701
            ],
            [
              20.5198405,
              41.227965
            ],
            [
              20.5201058,
              41.2279004
            ],
            [
              20.5202776,
              41.2277392
            ],
            [
              20.5204871,
              41.2274889
            ],
            [
              20.5207664,
              41.2272715
            ],
            [
              20.5211559,
              41.226981
            ],
            [
              20.5214667,
              41.226605
            ],
            [
              20.5217505,
              41.2264149
            ],
            [
              20.5217207,
              41.226153
            ],
            [
              20.5217569,
              41.2259032
            ],
            [
              20.5217786,
              41.225264
            ],
            [
              20.5218178,
              41.2251993
            ],
            [
              20.5218467,
              41.2250971
            ],
            [
              20.5219039,
              41.2249625
            ],
            [
              20.5219688,
              41.2247713
            ],
            [
              20.5220798,
              41.2245163
            ],
            [
              20.5221874,
              41.2242878
            ],
            [
              20.5222622,
              41.2240702
            ],
            [
              20.5226946,
              41.223503
            ],
            [
              20.5230915,
              41.222947
            ],
            [
              20.5231314,
              41.2225407
            ],
            [
              20.523149,
              41.2223552
            ],
            [
              20.523142,
              41.2222099
            ],
            [
              20.5231668,
              41.2220079
            ],
            [
              20.5231707,
              41.2218568
            ],
            [
              20.5231859,
              41.2216659
            ],
            [
              20.5232293,
              41.2213943
            ],
            [
              20.5232543,
              41.221117
            ],
            [
              20.5232935,
              41.2207914
            ],
            [
              20.5233259,
              41.2204741
            ],
            [
              20.5233195,
              41.2203364
            ],
            [
              20.5233052,
              41.2202125
            ],
            [
              20.523295,
              41.2200546
            ],
            [
              20.5232773,
              41.2199071
            ],
            [
              20.5232757,
              41.2197676
            ],
            [
              20.523263,
              41.2196079
            ],
            [
              20.5232615,
              41.2194749
            ],
            [
              20.5234717,
              41.2190141
            ],
            [
              20.5237364,
              41.2188675
            ],
            [
              20.5238878,
              41.2187709
            ],
            [
              20.5240515,
              41.2186727
            ],
            [
              20.5241694,
              41.2186055
            ],
            [
              20.5242778,
              41.2185371
            ],
            [
              20.5243727,
              41.2184803
            ],
            [
              20.5244342,
              41.2184381
            ],
            [
              20.5245107,
              41.2184016
            ],
            [
              20.5245793,
              41.2183665
            ],
            [
              20.524649,
              41.2183216
            ],
            [
              20.5247562,
              41.2182546
            ],
            [
              20.5248423,
              41.2182075
            ],
            [
              20.5249671,
              41.2181386
            ],
            [
              20.5250707,
              41.2180753
            ],
            [
              20.525152,
              41.218017
            ],
            [
              20.5252487,
              41.21795
            ],
            [
              20.5254044,
              41.2178598
            ],
            [
              20.5256382,
              41.2177331
            ],
            [
              20.5257598,
              41.2176696
            ],
            [
              20.5258802,
              41.2175751
            ],
            [
              20.5260745,
              41.2174287
            ],
            [
              20.5262549,
              41.217348
            ],
            [
              20.5264928,
              41.2171857
            ],
            [
              20.5266448,
              41.2170901
            ],
            [
              20.5268973,
              41.2169084
            ],
            [
              20.5271232,
              41.2168003
            ],
            [
              20.5272735,
              41.2167116
            ],
            [
              20.5275304,
              41.2165358
            ],
            [
              20.5276529,
              41.2164738
            ],
            [
              20.5277852,
              41.2163928
            ],
            [
              20.5279029,
              41.2163213
            ],
            [
              20.5280032,
              41.2162498
            ],
            [
              20.5281052,
              41.216197
            ],
            [
              20.5282399,
              41.216121
            ],
            [
              20.5284177,
              41.2159897
            ],
            [
              20.5284883,
              41.2158512
            ],
            [
              20.5285235,
              41.2157171
            ],
            [
              20.5285945,
              41.2155495
            ],
            [
              20.5286368,
              41.215406
            ],
            [
              20.528679,
              41.2152583
            ],
            [
              20.5287597,
              41.215014
            ],
            [
              20.5287896,
              41.2149327
            ],
            [
              20.5289262,
              41.214783
            ],
            [
              20.5290022,
              41.2146364
            ],
            [
              20.5290792,
              41.2144819
            ],
            [
              20.5291671,
              41.2143607
            ],
            [
              20.5291242,
              41.2140028
            ],
            [
              20.5291132,
              41.2137232
            ],
            [
              20.5291372,
              41.2133689
            ],
            [
              20.5294151,
              41.2128019
            ],
            [
              20.52983,
              41.2122355
            ],
            [
              20.5307899,
              41.2120328
            ],
            [
              20.5314083,
              41.2117255
            ],
            [
              20.5321011,
              41.2105921
            ],
            [
              20.5321077,
              41.2096625
            ],
            [
              20.532033,
              41.2082869
            ],
            [
              20.5320364,
              41.2075904
            ],
            [
              20.5322566,
              41.2066201
            ],
            [
              20.5315816,
              41.2052746
            ],
            [
              20.531801,
              41.2033129
            ],
            [
              20.5322239,
              41.2016103
            ],
            [
              20.5331918,
              41.2002714
            ],
            [
              20.5334736,
              41.1991363
            ],
            [
              20.5342947,
              41.1991913
            ],
            [
              20.5347738,
              41.1991932
            ],
            [
              20.5351179,
              41.1989363
            ],
            [
              20.5352588,
              41.1983688
            ],
            [
              20.5361505,
              41.1981142
            ],
            [
              20.536906,
              41.1977557
            ],
            [
              20.5374572,
              41.1972414
            ],
            [
              20.5380157,
              41.1956943
            ],
            [
              20.5386357,
              41.1951286
            ],
            [
              20.5399359,
              41.1951855
            ],
            [
              20.5405329,
              41.1949784
            ],
            [
              20.5410138,
              41.194722
            ],
            [
              20.5417664,
              41.1947767
            ],
            [
              20.542105,
              41.1952945
            ],
            [
              20.5420312,
              41.1960689
            ],
            [
              20.5419588,
              41.1966367
            ],
            [
              20.542916,
              41.1967955
            ],
            [
              20.543942,
              41.1969028
            ],
            [
              20.5449028,
              41.1965451
            ],
            [
              20.5457295,
              41.1957737
            ],
            [
              20.5467623,
              41.1948997
            ],
            [
              20.5474563,
              41.193508
            ],
            [
              20.5483483,
              41.1932016
            ],
            [
              20.5491001,
              41.1933595
            ],
            [
              20.549787,
              41.1930007
            ],
            [
              20.5504768,
              41.1922287
            ],
            [
              20.5530857,
              41.1910509
            ],
            [
              20.5554169,
              41.1904402
            ],
            [
              20.5558262,
              41.1906484
            ],
            [
              20.5558224,
              41.1912165
            ],
            [
              20.5553405,
              41.1916278
            ],
            [
              20.5553363,
              41.1922475
            ],
            [
              20.5558094,
              41.1931274
            ],
            [
              20.5560794,
              41.1936965
            ],
            [
              20.5564897,
              41.1937497
            ],
            [
              20.5575171,
              41.1936504
            ],
            [
              20.55827,
              41.1936533
            ],
            [
              20.5588891,
              41.1931908
            ],
            [
              20.5588943,
              41.1924162
            ],
            [
              20.5590378,
              41.1914354
            ],
            [
              20.5593835,
              41.1909203
            ],
            [
              20.5600033,
              41.1903545
            ],
            [
              20.5602144,
              41.1894332
            ],
            [
              20.5601494,
              41.1889165
            ],
            [
              20.5602251,
              41.1878322
            ],
            [
              20.5598863,
              41.1873144
            ],
            [
              20.5599589,
              41.186695
            ],
            [
              20.5600433,
              41.1843195
            ],
            [
              20.5593191,
              41.1829274
            ],
            [
              20.5590012,
              41.1823981
            ],
            [
              20.5595832,
              41.1817678
            ],
            [
              20.5602806,
              41.1809774
            ],
            [
              20.5614127,
              41.1803241
            ],
            [
              20.5634451,
              41.1791712
            ],
            [
              20.5638333,
              41.1786117
            ],
            [
              20.5652647,
              41.176357
            ],
            [
              20.5661728,
              41.1746775
            ],
            [
              20.5671255,
              41.1740041
            ],
            [
              20.5673337,
              41.1735213
            ],
            [
              20.5675717,
              41.173339
            ]
          ]
        ]
      },
      "properties": {
        "name": "Parku Kombëtar Shebenik-Jabllanicë",
        "category": "parqe",
        "categoryLabel": "Park kombëtar",
        "location": "Shqipëri",
        "countryCodes": [
          "AL"
        ],
        "summary": "Shebenik National Park is a national park in eastern Albania adjacent to the border with North Macedonia. It encompasses 34,507.9 hectares (345.079 km2) and is specifically marked by a mountainous landscape supplied with glacial lakes, valleys, dense coniferous and deciduous forests and alpine meadows and pastures.…",
        "details": [
          "Shebenik National Park is a national park in eastern Albania adjacent to the border with North Macedonia. It encompasses 34,507.9 hectares (345.079 km2) and is specifically marked by a mountainous landscape supplied with glacial lakes, valleys, dense coniferous and deciduous forests and alpine meadows and pastures. Elevations in the park vary from 300 metres to over 2,200 metres above the Adriatic at the peak of Shebenik and Jabllanica, hence the name. It dwells a number of endangered species that are fast becoming rare in Southern Europe, including the brown bear, gray wolf and Balkan lynx. The abundance in wildlife can in part be explained by the variety of vegetation types and remote location."
        ],
        "mapNote": "Sipërfaqja bashkon anët e jashtme dhe përjashton vrimat e relation në OpenStreetMap.",
        "geometryType": "Polygon",
        "sources": [
          {
            "label": "OpenStreetMap",
            "url": "https://www.openstreetmap.org/relation/11682555"
          },
          {
            "label": "Wikipedia",
            "url": "https://en.wikipedia.org/wiki/Shebenik-Jablanica_National_Park"
          },
          {
            "label": "Wikidata",
            "url": "https://www.wikidata.org/wiki/Q1969017"
          }
        ],
        "osm": {
          "type": "relation",
          "id": 11682555,
          "tags": {
            "boundary": "national_park",
            "protect_class": "2",
            "wikidata": "Q1969017"
          }
        },
        "wikipediaAttribution": "Përmbledhje nga Wikipedia (en); shiko licencën dhe autorët në artikull.",
        "image": {
          "url": "https://thumb.wikimedia.org/wikipedia/commons/thumb/e/e1/Towards_Jabllanice_Mountain.jpg/1280px-Towards_Jabllanice_Mountain.jpg?utm_source=commons.wikimedia.org&utm_campaign=imageinfo&utm_content=thumbnail",
          "source": "https://commons.wikimedia.org/wiki/File:Towards_Jabllanice_Mountain.jpg",
          "credit": "Spyenson",
          "license": "CC BY-SA 3.0",
          "licenseUrl": "https://creativecommons.org/licenses/by-sa/3.0",
          "alt": "Parku Kombëtar Shebenik-Jabllanicë"
        }
      }
    },
    {
      "type": "Feature",
      "id": "osm-way-463338589",
      "geometry": {
        "type": "Polygon",
        "coordinates": [
          [
            [
              20.977746,
              42.548313
            ],
            [
              20.976759,
              42.5475858
            ],
            [
              20.9740983,
              42.5464634
            ],
            [
              20.9736477,
              42.5460524
            ],
            [
              20.9733043,
              42.5453885
            ],
            [
              20.9716307,
              42.545009
            ],
            [
              20.9705149,
              42.5450565
            ],
            [
              20.9698068,
              42.5451197
            ],
            [
              20.9688627,
              42.5449932
            ],
            [
              20.9677683,
              42.5445664
            ],
            [
              20.9670817,
              42.5443925
            ],
            [
              20.9650647,
              42.5441238
            ],
            [
              20.964421,
              42.5446138
            ],
            [
              20.9640776,
              42.5449142
            ],
            [
              20.9617388,
              42.5451513
            ],
            [
              20.9612882,
              42.5450565
            ],
            [
              20.9600866,
              42.5449932
            ],
            [
              20.9583914,
              42.5450249
            ],
            [
              20.9564388,
              42.5458469
            ],
            [
              20.9557736,
              42.5462263
            ],
            [
              20.9542931,
              42.5423215
            ],
            [
              20.9538639,
              42.540788
            ],
            [
              20.9517182,
              42.5378947
            ],
            [
              20.951053,
              42.5370252
            ],
            [
              20.9510315,
              42.5347642
            ],
            [
              20.9525979,
              42.5337523
            ],
            [
              20.9530056,
              42.5330565
            ],
            [
              20.9528559,
              42.5326077
            ],
            [
              20.9523834,
              42.5311907
            ],
            [
              20.9514821,
              42.5260358
            ],
            [
              20.9530485,
              42.5236795
            ],
            [
              20.9544004,
              42.5219241
            ],
            [
              20.9532417,
              42.5201687
            ],
            [
              20.9532631,
              42.5195677
            ],
            [
              20.9525336,
              42.5186504
            ],
            [
              20.9526623,
              42.516025
            ],
            [
              20.9535635,
              42.5096192
            ],
            [
              20.9541214,
              42.508417
            ],
            [
              20.9542931,
              42.5033393
            ],
            [
              20.9554947,
              42.5010138
            ],
            [
              20.9585631,
              42.4999222
            ],
            [
              20.9607088,
              42.4993685
            ],
            [
              20.9626829,
              42.4979922
            ],
            [
              20.9672309,
              42.493888
            ],
            [
              20.9684335,
              42.4928028
            ],
            [
              20.9703432,
              42.4910465
            ],
            [
              20.9744638,
              42.4872627
            ],
            [
              20.9748922,
              42.4868693
            ],
            [
              20.9793982,
              42.484385
            ],
            [
              20.9804711,
              42.4814416
            ],
            [
              20.9819088,
              42.4798433
            ],
            [
              20.9830675,
              42.4778968
            ],
            [
              20.9845695,
              42.4790521
            ],
            [
              20.9859428,
              42.4781975
            ],
            [
              20.9874662,
              42.4786564
            ],
            [
              20.9894832,
              42.4787988
            ],
            [
              20.9907063,
              42.4784032
            ],
            [
              20.9919723,
              42.4784982
            ],
            [
              20.993367,
              42.4796851
            ],
            [
              20.9950622,
              42.4797958
            ],
            [
              20.9965856,
              42.4803814
            ],
            [
              20.9977229,
              42.4812359
            ],
            [
              20.9997399,
              42.4826285
            ],
            [
              21.0002549,
              42.4828184
            ],
            [
              21.0007913,
              42.4831823
            ],
            [
              21.0030443,
              42.4842267
            ],
            [
              21.0055119,
              42.4848913
            ],
            [
              21.007721,
              42.4861203
            ],
            [
              21.0079581,
              42.4862522
            ],
            [
              21.0092026,
              42.48842
            ],
            [
              21.0129362,
              42.4901288
            ],
            [
              21.0120779,
              42.4908725
            ],
            [
              21.0120564,
              42.4912839
            ],
            [
              21.0134941,
              42.4922174
            ],
            [
              21.0140305,
              42.4967581
            ],
            [
              21.0136228,
              42.4985775
            ],
            [
              21.0132581,
              42.4994318
            ],
            [
              21.0149103,
              42.5000172
            ],
            [
              21.0135156,
              42.5011404
            ],
            [
              21.0134941,
              42.5023427
            ],
            [
              21.0146743,
              42.5031811
            ],
            [
              21.0162406,
              42.5036398
            ],
            [
              21.0161977,
              42.5041777
            ],
            [
              21.0143953,
              42.505285
            ],
            [
              21.0151463,
              42.5058861
            ],
            [
              21.0168415,
              42.5073889
            ],
            [
              21.0184937,
              42.5065347
            ],
            [
              21.0202103,
              42.5058387
            ],
            [
              21.0220127,
              42.5060127
            ],
            [
              21.0225491,
              42.5074838
            ],
            [
              21.0229997,
              42.5079267
            ],
            [
              21.0228495,
              42.5091447
            ],
            [
              21.0219054,
              42.5091921
            ],
            [
              21.0196524,
              42.5097457
            ],
            [
              21.0183435,
              42.5116755
            ],
            [
              21.0175066,
              42.512925
            ],
            [
              21.0183649,
              42.5149337
            ],
            [
              21.0198026,
              42.5159618
            ],
            [
              21.0204463,
              42.5162781
            ],
            [
              21.0196095,
              42.5172428
            ],
            [
              21.0183006,
              42.5191249
            ],
            [
              21.0177212,
              42.5195677
            ],
            [
              21.0156184,
              42.5196784
            ],
            [
              21.0140734,
              42.5205482
            ],
            [
              21.0125714,
              42.5201687
            ],
            [
              21.0114771,
              42.5191723
            ],
            [
              21.0098249,
              42.518002
            ],
            [
              21.0078508,
              42.5182234
            ],
            [
              21.0039455,
              42.5185555
            ],
            [
              21.0017998,
              42.5178755
            ],
            [
              20.9976371,
              42.5148072
            ],
            [
              20.9959419,
              42.5140796
            ],
            [
              20.9942682,
              42.5138107
            ],
            [
              20.9927233,
              42.5131623
            ],
            [
              20.9901055,
              42.5123714
            ],
            [
              20.9874018,
              42.5116003
            ],
            [
              20.9861788,
              42.5109795
            ],
            [
              20.9845864,
              42.5102922
            ],
            [
              20.983797,
              42.5099514
            ],
            [
              20.9828744,
              42.5084012
            ],
            [
              20.9831104,
              42.507294
            ],
            [
              20.9823808,
              42.5076894
            ],
            [
              20.9801922,
              42.5059178
            ],
            [
              20.9781966,
              42.5043359
            ],
            [
              20.9776387,
              42.5046364
            ],
            [
              20.9792051,
              42.5063132
            ],
            [
              20.9808359,
              42.508417
            ],
            [
              20.9815374,
              42.5089279
            ],
            [
              20.9826169,
              42.5097141
            ],
            [
              20.9837326,
              42.5105841
            ],
            [
              20.9853849,
              42.5115806
            ],
            [
              20.9864577,
              42.512925
            ],
            [
              20.9843549,
              42.5142061
            ],
            [
              20.9843764,
              42.5154873
            ],
            [
              20.9865007,
              42.5153133
            ],
            [
              20.9884104,
              42.5149337
            ],
            [
              20.9900411,
              42.5151235
            ],
            [
              20.9906419,
              42.515772
            ],
            [
              20.9920367,
              42.5169582
            ],
            [
              20.9933456,
              42.5176066
            ],
            [
              20.9937103,
              42.5191407
            ],
            [
              20.9952338,
              42.5195361
            ],
            [
              20.9944399,
              42.520738
            ],
            [
              20.9934314,
              42.5212757
            ],
            [
              20.9926375,
              42.5218609
            ],
            [
              20.9930666,
              42.5241855
            ],
            [
              20.9941824,
              42.5257986
            ],
            [
              20.994161,
              42.5262888
            ],
            [
              20.9934314,
              42.5271111
            ],
            [
              20.993646,
              42.5278543
            ],
            [
              20.9957273,
              42.5272059
            ],
            [
              20.9950193,
              42.5260358
            ],
            [
              20.9959205,
              42.525846
            ],
            [
              20.9980018,
              42.5247707
            ],
            [
              20.9994609,
              42.5244069
            ],
            [
              21.0004694,
              42.5246916
            ],
            [
              21.0003622,
              42.5256879
            ],
            [
              20.9998043,
              42.5273641
            ],
            [
              20.999182,
              42.5286607
            ],
            [
              20.9990962,
              42.5299257
            ],
            [
              20.9983452,
              42.5297202
            ],
            [
              20.9971221,
              42.5303052
            ],
            [
              20.9954269,
              42.5305582
            ],
            [
              20.9940966,
              42.5310484
            ],
            [
              20.9928735,
              42.5322185
            ],
            [
              20.9935601,
              42.5330249
            ],
            [
              20.9929593,
              42.5340369
            ],
            [
              20.9915646,
              42.5349697
            ],
            [
              20.9915431,
              42.5355073
            ],
            [
              20.9925087,
              42.5354757
            ],
            [
              20.9931739,
              42.5350172
            ],
            [
              20.9948476,
              42.535697
            ],
            [
              20.9943755,
              42.536456
            ],
            [
              20.9919079,
              42.5364085
            ],
            [
              20.9917792,
              42.537373
            ],
            [
              20.9915861,
              42.5379264
            ],
            [
              20.9908565,
              42.5390805
            ],
            [
              20.9891614,
              42.5398868
            ],
            [
              20.9872731,
              42.5412623
            ],
            [
              20.9860071,
              42.5422899
            ],
            [
              20.982295,
              42.5437285
            ],
            [
              20.9797845,
              42.5448984
            ],
            [
              20.9796574,
              42.5449951
            ],
            [
              20.9784756,
              42.5458943
            ],
            [
              20.977746,
              42.548313
            ]
          ]
        ]
      },
      "properties": {
        "name": "Parku i Blinajës",
        "category": "parqe",
        "categoryLabel": "Park kombëtar",
        "location": "Kosovë",
        "countryCodes": [
          "XK"
        ],
        "summary": "Park kombëtar në Kosovë; kufiri dhe të dhënat vijnë nga OpenStreetMap.",
        "details": [],
        "mapNote": "Sipërfaqja vjen nga kufiri i objektit në OpenStreetMap.",
        "geometryType": "Polygon",
        "sources": [
          {
            "label": "OpenStreetMap",
            "url": "https://www.openstreetmap.org/way/463338589"
          }
        ],
        "osm": {
          "type": "way",
          "id": 463338589,
          "tags": {
            "boundary": "national_park"
          }
        }
      }
    },
    {
      "type": "Feature",
      "id": "osm-relation-7458650",
      "geometry": {
        "type": "Polygon",
        "coordinates": [
          [
            [
              20.3529276,
              42.8333801
            ],
            [
              20.3534989,
              42.8328401
            ],
            [
              20.3543721,
              42.8326188
            ],
            [
              20.3560026,
              42.8322469
            ],
            [
              20.3572093,
              42.8324911
            ],
            [
              20.3584271,
              42.8330387
            ],
            [
              20.3596425,
              42.8331978
            ],
            [
              20.3607653,
              42.8332867
            ],
            [
              20.3615613,
              42.8330021
            ],
            [
              20.3616826,
              42.8329729
            ],
            [
              20.362503,
              42.8326912
            ],
            [
              20.3632091,
              42.8325027
            ],
            [
              20.3636462,
              42.8322797
            ],
            [
              20.3639817,
              42.8325348
            ],
            [
              20.3646964,
              42.8330676
            ],
            [
              20.3653937,
              42.8335793
            ],
            [
              20.3668989,
              42.8345883
            ],
            [
              20.3673587,
              42.8348915
            ],
            [
              20.3687368,
              42.8356171
            ],
            [
              20.375497,
              42.8392146
            ],
            [
              20.3765911,
              42.8399429
            ],
            [
              20.3775507,
              42.8407083
            ],
            [
              20.378714,
              42.8412256
            ],
            [
              20.3801099,
              42.8417777
            ],
            [
              20.3818262,
              42.8421316
            ],
            [
              20.3837518,
              42.842755
            ],
            [
              20.3845732,
              42.8429173
            ],
            [
              20.3862831,
              42.8428169
            ],
            [
              20.38743,
              42.8425541
            ],
            [
              20.3883123,
              42.8423387
            ],
            [
              20.3897696,
              42.8424363
            ],
            [
              20.3906103,
              42.8432209
            ],
            [
              20.3906775,
              42.8432899
            ],
            [
              20.3915763,
              42.8436533
            ],
            [
              20.3924278,
              42.8440026
            ],
            [
              20.3930529,
              42.8442515
            ],
            [
              20.3934956,
              42.8444923
            ],
            [
              20.3950573,
              42.8448104
            ],
            [
              20.3971752,
              42.8449709
            ],
            [
              20.3979377,
              42.8451472
            ],
            [
              20.3996254,
              42.8455048
            ],
            [
              20.4003068,
              42.8456538
            ],
            [
              20.4008089,
              42.8457646
            ],
            [
              20.4010857,
              42.8459837
            ],
            [
              20.4013718,
              42.84622
            ],
            [
              20.4044223,
              42.8466129
            ],
            [
              20.4049823,
              42.8466811
            ],
            [
              20.4056911,
              42.8467766
            ],
            [
              20.4066598,
              42.8468995
            ],
            [
              20.407392,
              42.8469987
            ],
            [
              20.4084333,
              42.8471311
            ],
            [
              20.408654,
              42.8471625
            ],
            [
              20.4092055,
              42.8471219
            ],
            [
              20.4113354,
              42.8469808
            ],
            [
              20.411887,
              42.846782
            ],
            [
              20.4123711,
              42.8465983
            ],
            [
              20.4139675,
              42.8460124
            ],
            [
              20.4148102,
              42.8457075
            ],
            [
              20.415844,
              42.8453252
            ],
            [
              20.4182008,
              42.8444663
            ],
            [
              20.4182381,
              42.8444342
            ],
            [
              20.419424,
              42.8434143
            ],
            [
              20.419613,
              42.8430192
            ],
            [
              20.4198659,
              42.8424472
            ],
            [
              20.4201184,
              42.8419122
            ],
            [
              20.419087,
              42.8404317
            ],
            [
              20.4187973,
              42.8394759
            ],
            [
              20.4187437,
              42.8349876
            ],
            [
              20.4230781,
              42.8302275
            ],
            [
              20.4246499,
              42.8288938
            ],
            [
              20.4251863,
              42.8282132
            ],
            [
              20.4259583,
              42.8273593
            ],
            [
              20.4275938,
              42.8255503
            ],
            [
              20.4274877,
              42.8250145
            ],
            [
              20.4266723,
              42.8245345
            ],
            [
              20.4256684,
              42.8237634
            ],
            [
              20.4246084,
              42.8232359
            ],
            [
              20.4243141,
              42.822496
            ],
            [
              20.4239219,
              42.8212732
            ],
            [
              20.4240526,
              42.8207765
            ],
            [
              20.4238518,
              42.8194715
            ],
            [
              20.4239219,
              42.8173271
            ],
            [
              20.4241881,
              42.8157959
            ],
            [
              20.425669,
              42.8127246
            ],
            [
              20.4255628,
              42.8119146
            ],
            [
              20.4255841,
              42.8111149
            ],
            [
              20.4257539,
              42.8106683
            ],
            [
              20.4262353,
              42.810066
            ],
            [
              20.4281555,
              42.8066567
            ],
            [
              20.4284637,
              42.8062661
            ],
            [
              20.4287066,
              42.8056699
            ],
            [
              20.4289681,
              42.8045873
            ],
            [
              20.4290428,
              42.8041967
            ],
            [
              20.4302004,
              42.8034587
            ],
            [
              20.430634,
              42.8029832
            ],
            [
              20.4320408,
              42.8015672
            ],
            [
              20.4330929,
              42.8006606
            ],
            [
              20.4333043,
              42.7996584
            ],
            [
              20.4354997,
              42.7985487
            ],
            [
              20.4351026,
              42.798054
            ],
            [
              20.4351309,
              42.7969009
            ],
            [
              20.4353857,
              42.7965893
            ],
            [
              20.4358104,
              42.7943143
            ],
            [
              20.43632,
              42.7929517
            ],
            [
              20.4367998,
              42.7914959
            ],
            [
              20.4372551,
              42.7906187
            ],
            [
              20.4372226,
              42.7901474
            ],
            [
              20.4371531,
              42.7896763
            ],
            [
              20.4372105,
              42.7889426
            ],
            [
              20.4375007,
              42.7882829
            ],
            [
              20.4363434,
              42.7882751
            ],
            [
              20.4366725,
              42.7876959
            ],
            [
              20.4379254,
              42.7872907
            ],
            [
              20.4383714,
              42.7869115
            ],
            [
              20.4389801,
              42.7860881
            ],
            [
              20.4388828,
              42.7847422
            ],
            [
              20.4383947,
              42.7843958
            ],
            [
              20.4352726,
              42.7843092
            ],
            [
              20.4344196,
              42.7842541
            ],
            [
              20.432762,
              42.7840257
            ],
            [
              20.4307933,
              42.784006
            ],
            [
              20.4300959,
              42.7844115
            ],
            [
              20.4292752,
              42.7845257
            ],
            [
              20.4286153,
              42.7840926
            ],
            [
              20.4260305,
              42.7840944
            ],
            [
              20.4247738,
              42.784801
            ],
            [
              20.4243534,
              42.7840216
            ],
            [
              20.4232376,
              42.783368
            ],
            [
              20.4236668,
              42.7826318
            ],
            [
              20.4231089,
              42.782305
            ],
            [
              20.4219134,
              42.7819331
            ],
            [
              20.4214084,
              42.7818719
            ],
            [
              20.4203623,
              42.7831909
            ],
            [
              20.4200887,
              42.7831161
            ],
            [
              20.4194611,
              42.7818483
            ],
            [
              20.4190856,
              42.7814546
            ],
            [
              20.4180288,
              42.7812774
            ],
            [
              20.4173314,
              42.7812498
            ],
            [
              20.4165033,
              42.7814475
            ],
            [
              20.4154485,
              42.7819861
            ],
            [
              20.4153519,
              42.7814703
            ],
            [
              20.4148799,
              42.7810294
            ],
            [
              20.4136782,
              42.7808364
            ],
            [
              20.4127234,
              42.7808364
            ],
            [
              20.4100304,
              42.7804585
            ],
            [
              20.4093062,
              42.7804348
            ],
            [
              20.4086571,
              42.7802498
            ],
            [
              20.408051,
              42.7797143
            ],
            [
              20.4067689,
              42.7796316
            ],
            [
              20.4053741,
              42.7795923
            ],
            [
              20.4041886,
              42.7795135
            ],
            [
              20.4029655,
              42.7792851
            ],
            [
              20.4025685,
              42.779671
            ],
            [
              20.4022628,
              42.7795214
            ],
            [
              20.4021662,
              42.7788678
            ],
            [
              20.4021447,
              42.7783874
            ],
            [
              20.4019677,
              42.7777771
            ],
            [
              20.4017102,
              42.7774149
            ],
            [
              20.4009485,
              42.7772377
            ],
            [
              20.3992372,
              42.7771707
            ],
            [
              20.398126,
              42.7798938
            ],
            [
              20.3969389,
              42.7793209
            ],
            [
              20.3964185,
              42.7787241
            ],
            [
              20.3942069,
              42.7786047
            ],
            [
              20.393093,
              42.7785272
            ],
            [
              20.3924669,
              42.7787778
            ],
            [
              20.3918571,
              42.779118
            ],
            [
              20.3914537,
              42.7787038
            ],
            [
              20.3911578,
              42.7785868
            ],
            [
              20.3896241,
              42.7788012
            ],
            [
              20.3889787,
              42.7786047
            ],
            [
              20.3879054,
              42.7784436
            ],
            [
              20.3870273,
              42.7784496
            ],
            [
              20.3867102,
              42.7786465
            ],
            [
              20.3854092,
              42.778736
            ],
            [
              20.3845717,
              42.7791538
            ],
            [
              20.3837261,
              42.7784794
            ],
            [
              20.3836611,
              42.7777215
            ],
            [
              20.3831813,
              42.7774768
            ],
            [
              20.3819942,
              42.7769516
            ],
            [
              20.3816446,
              42.7773037
            ],
            [
              20.3804748,
              42.7772993
            ],
            [
              20.3787256,
              42.7775782
            ],
            [
              20.3757485,
              42.779876
            ],
            [
              20.3712916,
              42.7784489
            ],
            [
              20.3683258,
              42.7783762
            ],
            [
              20.3650131,
              42.779036
            ],
            [
              20.3628046,
              42.7785009
            ],
            [
              20.3615305,
              42.777945
            ],
            [
              20.360313,
              42.77728
            ],
            [
              20.3586567,
              42.7768383
            ],
            [
              20.3592513,
              42.7753004
            ],
            [
              20.358048,
              42.7752745
            ],
            [
              20.3574746,
              42.7740483
            ],
            [
              20.3567314,
              42.7740327
            ],
            [
              20.3555776,
              42.7725882
            ],
            [
              20.3541265,
              42.7716841
            ],
            [
              20.349568,
              42.7703383
            ],
            [
              20.3489097,
              42.7706397
            ],
            [
              20.3480037,
              42.7708112
            ],
            [
              20.3480249,
              42.7704527
            ],
            [
              20.3483506,
              42.7697927
            ],
            [
              20.3469844,
              42.7683534
            ],
            [
              20.3461633,
              42.7684469
            ],
            [
              20.3450025,
              42.7691016
            ],
            [
              20.3451157,
              42.7685145
            ],
            [
              20.3442592,
              42.7680416
            ],
            [
              20.3433249,
              42.7679169
            ],
            [
              20.3417039,
              42.7684313
            ],
            [
              20.3417181,
              42.768052
            ],
            [
              20.3411164,
              42.7674284
            ],
            [
              20.3406139,
              42.7671582
            ],
            [
              20.3400405,
              42.7672674
            ],
            [
              20.3391486,
              42.7678961
            ],
            [
              20.3388372,
              42.7683534
            ],
            [
              20.3382452,
              42.7691095
            ],
            [
              20.3376056,
              42.7696732
            ],
            [
              20.3370322,
              42.7702604
            ],
            [
              20.3365721,
              42.7705358
            ],
            [
              20.3362323,
              42.7708579
            ],
            [
              20.3357581,
              42.7714763
            ],
            [
              20.3353192,
              42.7713204
            ],
            [
              20.3346978,
              42.7707547
            ],
            [
              20.334505,
              42.7695899
            ],
            [
              20.333585,
              42.7686652
            ],
            [
              20.3329126,
              42.7682754
            ],
            [
              20.3327215,
              42.7678805
            ],
            [
              20.3328789,
              42.7667892
            ],
            [
              20.3327945,
              42.7663179
            ],
            [
              20.3330966,
              42.7653551
            ],
            [
              20.3326861,
              42.7639676
            ],
            [
              20.3313483,
              42.7650069
            ],
            [
              20.3309023,
              42.7653135
            ],
            [
              20.3305626,
              42.7653291
            ],
            [
              20.3301662,
              42.7655733
            ],
            [
              20.3298547,
              42.7657812
            ],
            [
              20.3294512,
              42.7663476
            ],
            [
              20.3293875,
              42.7670959
            ],
            [
              20.3289912,
              42.76747
            ],
            [
              20.3271295,
              42.7673505
            ],
            [
              20.3270163,
              42.7676623
            ],
            [
              20.3265633,
              42.7681248
            ],
            [
              20.3250414,
              42.7681196
            ],
            [
              20.3232293,
              42.7695018
            ],
            [
              20.3219552,
              42.7700889
            ],
            [
              20.318862,
              42.7721466
            ],
            [
              20.3184939,
              42.7724531
            ],
            [
              20.3162147,
              42.7729987
            ],
            [
              20.3154643,
              42.7726454
            ],
            [
              20.3141124,
              42.7732273
            ],
            [
              20.312902,
              42.7716062
            ],
            [
              20.3113235,
              42.7715906
            ],
            [
              20.3116491,
              42.7721414
            ],
            [
              20.3115288,
              42.7731182
            ],
            [
              20.3100848,
              42.7717413
            ],
            [
              20.3086125,
              42.7707904
            ],
            [
              20.3067579,
              42.77131
            ],
            [
              20.3051935,
              42.7705958
            ],
            [
              20.3034382,
              42.7699278
            ],
            [
              20.3036859,
              42.7694446
            ],
            [
              20.3040115,
              42.7684313
            ],
            [
              20.3036293,
              42.7679948
            ],
            [
              20.3030347,
              42.767153
            ],
            [
              20.3027657,
              42.7665451
            ],
            [
              20.3018314,
              42.7661293
            ],
            [
              20.301343,
              42.7655733
            ],
            [
              20.3009324,
              42.7636714
            ],
            [
              20.3001609,
              42.7609534
            ],
            [
              20.2990885,
              42.7596879
            ],
            [
              20.3001345,
              42.7592353
            ],
            [
              20.3022641,
              42.7576992
            ],
            [
              20.3021798,
              42.75643
            ],
            [
              20.3016943,
              42.753509
            ],
            [
              20.3051688,
              42.7495448
            ],
            [
              20.3056638,
              42.7486052
            ],
            [
              20.3061775,
              42.7477753
            ],
            [
              20.3080642,
              42.745162
            ],
            [
              20.3074758,
              42.7443869
            ],
            [
              20.3087647,
              42.7436873
            ],
            [
              20.3127062,
              42.7397774
            ],
            [
              20.311081,
              42.7395921
            ],
            [
              20.310997,
              42.7385083
            ],
            [
              20.3094372,
              42.738035
            ],
            [
              20.3059627,
              42.7372804
            ],
            [
              20.3056638,
              42.7364297
            ],
            [
              20.3057666,
              42.7356683
            ],
            [
              20.3057479,
              42.7349891
            ],
            [
              20.3052435,
              42.7344609
            ],
            [
              20.3044683,
              42.7335965
            ],
            [
              20.3020492,
              42.7333495
            ],
            [
              20.3028992,
              42.7329584
            ],
            [
              20.3038612,
              42.7325125
            ],
            [
              20.3044963,
              42.7319156
            ],
            [
              20.30501,
              42.7317167
            ],
            [
              20.3066819,
              42.7316892
            ],
            [
              20.3062522,
              42.7306464
            ],
            [
              20.3061201,
              42.7300274
            ],
            [
              20.3050356,
              42.7302854
            ],
            [
              20.3048137,
              42.7294751
            ],
            [
              20.3046782,
              42.7289546
            ],
            [
              20.3030144,
              42.7282077
            ],
            [
              20.3032424,
              42.7271349
            ],
            [
              20.3041907,
              42.7231905
            ],
            [
              20.3042551,
              42.7218033
            ],
            [
              20.3048451,
              42.7214802
            ],
            [
              20.3059824,
              42.7204161
            ],
            [
              20.3065618,
              42.7197067
            ],
            [
              20.3071626,
              42.7193204
            ],
            [
              20.3078814,
              42.7191786
            ],
            [
              20.3085037,
              42.7189342
            ],
            [
              20.3083964,
              42.7184219
            ],
            [
              20.307463,
              42.7178701
            ],
            [
              20.3062935,
              42.7177913
            ],
            [
              20.3060146,
              42.7161674
            ],
            [
              20.303386,
              42.7158364
            ],
            [
              20.3015802,
              42.7144206
            ],
            [
              20.3008755,
              42.7140548
            ],
            [
              20.3010042,
              42.7134872
            ],
            [
              20.3012131,
              42.7131186
            ],
            [
              20.3018293,
              42.7121768
            ],
            [
              20.3018417,
              42.7103385
            ],
            [
              20.3015097,
              42.7096262
            ],
            [
              20.3006709,
              42.7087628
            ],
            [
              20.3001656,
              42.7080112
            ],
            [
              20.2988099,
              42.7067614
            ],
            [
              20.2979965,
              42.7058195
            ],
            [
              20.2980016,
              42.7049685
            ],
            [
              20.2974173,
              42.7045335
            ],
            [
              20.2970476,
              42.7045154
            ],
            [
              20.2963081,
              42.7047871
            ],
            [
              20.2956549,
              42.7045879
            ],
            [
              20.2954208,
              42.7048143
            ],
            [
              20.2949278,
              42.704769
            ],
            [
              20.294213,
              42.7045154
            ],
            [
              20.2922781,
              42.7036097
            ],
            [
              20.2904911,
              42.7022603
            ],
            [
              20.2906198,
              42.7008489
            ],
            [
              20.2910073,
              42.70027
            ],
            [
              20.2911241,
              42.6998003
            ],
            [
              20.2937508,
              42.6976088
            ],
            [
              20.2963959,
              42.6946997
            ],
            [
              20.296892,
              42.6945893
            ],
            [
              20.2974584,
              42.6938946
            ],
            [
              20.2977358,
              42.6932718
            ],
            [
              20.2990294,
              42.692812
            ],
            [
              20.2996087,
              42.692355
            ],
            [
              20.3010161,
              42.6911974
            ],
            [
              20.3016813,
              42.6898883
            ],
            [
              20.3019388,
              42.6889656
            ],
            [
              20.3013026,
              42.6884153
            ],
            [
              20.2994533,
              42.6876601
            ],
            [
              20.2978188,
              42.6865891
            ],
            [
              20.2969128,
              42.686184
            ],
            [
              20.2974265,
              42.6858064
            ],
            [
              20.2989302,
              42.6854082
            ],
            [
              20.2993225,
              42.6849276
            ],
            [
              20.2992112,
              42.6840497
            ],
            [
              20.2990408,
              42.6834975
            ],
            [
              20.2984726,
              42.6831494
            ],
            [
              20.297688,
              42.6823598
            ],
            [
              20.2974732,
              42.6815221
            ],
            [
              20.2969875,
              42.6813024
            ],
            [
              20.294914,
              42.6807737
            ],
            [
              20.2945591,
              42.6808698
            ],
            [
              20.2938026,
              42.6804304
            ],
            [
              20.2930274,
              42.6804441
            ],
            [
              20.2911221,
              42.6804049
            ],
            [
              20.2900853,
              42.6801969
            ],
            [
              20.2895996,
              42.679318
            ],
            [
              20.2858171,
              42.6793391
            ],
            [
              20.2852471,
              42.6792219
            ],
            [
              20.2847895,
              42.679682
            ],
            [
              20.283155,
              42.6798399
            ],
            [
              20.2828001,
              42.6799429
            ],
            [
              20.2821182,
              42.6806913
            ],
            [
              20.2816326,
              42.6806982
            ],
            [
              20.2812683,
              42.6808012
            ],
            [
              20.2805585,
              42.681735
            ],
            [
              20.279886,
              42.6823392
            ],
            [
              20.2786718,
              42.6820096
            ],
            [
              20.2776911,
              42.6809797
            ],
            [
              20.2776911,
              42.6805196
            ],
            [
              20.277084,
              42.6800115
            ],
            [
              20.2762621,
              42.6797094
            ],
            [
              20.2759632,
              42.6788443
            ],
            [
              20.2756643,
              42.6788649
            ],
            [
              20.2753187,
              42.6789885
            ],
            [
              20.2749918,
              42.6792288
            ],
            [
              20.2747677,
              42.680451
            ],
            [
              20.2739457,
              42.6798742
            ],
            [
              20.2732546,
              42.6796408
            ],
            [
              20.2701593,
              42.6775617
            ],
            [
              20.2695471,
              42.6775447
            ],
            [
              20.2684258,
              42.6779997
            ],
            [
              20.2670435,
              42.6781164
            ],
            [
              20.2658853,
              42.6774984
            ],
            [
              20.2654557,
              42.67721
            ],
            [
              20.2652409,
              42.6767774
            ],
            [
              20.2644657,
              42.675823
            ],
            [
              20.2641948,
              42.6751569
            ],
            [
              20.2648579,
              42.6748616
            ],
            [
              20.2646618,
              42.6744427
            ],
            [
              20.2638119,
              42.6744015
            ],
            [
              20.2621026,
              42.6733028
            ],
            [
              20.261178,
              42.6730006
            ],
            [
              20.2605989,
              42.6725406
            ],
            [
              20.2605522,
              42.6721217
            ],
            [
              20.2618972,
              42.6711602
            ],
            [
              20.2619719,
              42.6707757
            ],
            [
              20.2611686,
              42.6705765
            ],
            [
              20.2608698,
              42.6703362
            ],
            [
              20.2602066,
              42.6702675
            ],
            [
              20.259394,
              42.6705765
            ],
            [
              20.25931,
              42.6709336
            ],
            [
              20.2586095,
              42.6708031
            ],
            [
              20.258348,
              42.6711053
            ],
            [
              20.25747,
              42.6713663
            ],
            [
              20.2570871,
              42.6713045
            ],
            [
              20.2565173,
              42.670968
            ],
            [
              20.2540516,
              42.6709474
            ],
            [
              20.2532577,
              42.6704186
            ],
            [
              20.2525572,
              42.6698829
            ],
            [
              20.2517072,
              42.6696563
            ],
            [
              20.2518193,
              42.6693885
            ],
            [
              20.2517166,
              42.6689077
            ],
            [
              20.2513803,
              42.6688047
            ],
            [
              20.2501288,
              42.6683721
            ],
            [
              20.2494345,
              42.6671702
            ],
            [
              20.2488585,
              42.6663942
            ],
            [
              20.2488212,
              42.6654807
            ],
            [
              20.2475883,
              42.6646291
            ],
            [
              20.2470185,
              42.6642582
            ],
            [
              20.2479339,
              42.6635165
            ],
            [
              20.2507172,
              42.6627679
            ],
            [
              20.2534538,
              42.6619437
            ],
            [
              20.2540395,
              42.6613291
            ],
            [
              20.2547536,
              42.6605827
            ],
            [
              20.2566948,
              42.6600136
            ],
            [
              20.257414,
              42.6599999
            ],
            [
              20.2582452,
              42.6596153
            ],
            [
              20.2589737,
              42.6595878
            ],
            [
              20.2595061,
              42.6592238
            ],
            [
              20.2613835,
              42.6589284
            ],
            [
              20.2619906,
              42.6572593
            ],
            [
              20.2624389,
              42.6571288
            ],
            [
              20.2637374,
              42.6562416
            ],
            [
              20.2652409,
              42.6556588
            ],
            [
              20.2665018,
              42.6547865
            ],
            [
              20.2689582,
              42.6548758
            ],
            [
              20.269145,
              42.6550475
            ],
            [
              20.2702378,
              42.6559336
            ],
            [
              20.2707608,
              42.6559954
            ],
            [
              20.2713305,
              42.6556932
            ],
            [
              20.2721525,
              42.6556726
            ],
            [
              20.2724794,
              42.6555146
            ],
            [
              20.2726662,
              42.6550063
            ],
            [
              20.2724513,
              42.6545598
            ],
            [
              20.2719096,
              42.6539622
            ],
            [
              20.2718256,
              42.6535432
            ],
            [
              20.2716294,
              42.6528494
            ],
            [
              20.2715827,
              42.6522998
            ],
            [
              20.2719563,
              42.6523067
            ],
            [
              20.2725634,
              42.6526708
            ],
            [
              20.2737589,
              42.652712
            ],
            [
              20.2739551,
              42.6528219
            ],
            [
              20.2741886,
              42.6532478
            ],
            [
              20.2748144,
              42.6534882
            ],
            [
              20.2753654,
              42.6535088
            ],
            [
              20.2755335,
              42.6529249
            ],
            [
              20.2751599,
              42.6523204
            ],
            [
              20.2752066,
              42.6516678
            ],
            [
              20.2762247,
              42.6514892
            ],
            [
              20.2765609,
              42.6507611
            ],
            [
              20.2753281,
              42.6490162
            ],
            [
              20.2744314,
              42.6485696
            ],
            [
              20.2744314,
              42.6483498
            ],
            [
              20.2748611,
              42.6476353
            ],
            [
              20.2753748,
              42.6470857
            ],
            [
              20.2760005,
              42.6464812
            ],
            [
              20.2761313,
              42.6461446
            ],
            [
              20.2762901,
              42.6457186
            ],
            [
              20.2763855,
              42.6454797
            ],
            [
              20.2761333,
              42.645356
            ],
            [
              20.2759652,
              42.6447652
            ],
            [
              20.2766657,
              42.6441331
            ],
            [
              20.2765443,
              42.6436728
            ],
            [
              20.2767498,
              42.6428621
            ],
            [
              20.2774036,
              42.6427591
            ],
            [
              20.2773755,
              42.6424224
            ],
            [
              20.2771234,
              42.6421751
            ],
            [
              20.27618,
              42.6419896
            ],
            [
              20.275685,
              42.6417422
            ],
            [
              20.274807,
              42.6410552
            ],
            [
              20.2731819,
              42.6412063
            ],
            [
              20.270464,
              42.6415774
            ],
            [
              20.2694459,
              42.6415636
            ],
            [
              20.2693805,
              42.6410758
            ],
            [
              20.2704546,
              42.6404162
            ],
            [
              20.2709123,
              42.6400589
            ],
            [
              20.2722012,
              42.6390902
            ],
            [
              20.2732753,
              42.6375373
            ],
            [
              20.2723133,
              42.635902
            ],
            [
              20.2714353,
              42.6354142
            ],
            [
              20.2717248,
              42.6351599
            ],
            [
              20.2714528,
              42.634484
            ],
            [
              20.2706624,
              42.6333466
            ],
            [
              20.2698755,
              42.6317517
            ],
            [
              20.2701277,
              42.6300338
            ],
            [
              20.2740318,
              42.6282471
            ],
            [
              20.2741346,
              42.6279035
            ],
            [
              20.2750686,
              42.6271956
            ],
            [
              20.2750592,
              42.6269207
            ],
            [
              20.2750032,
              42.6251065
            ],
            [
              20.276208,
              42.6242818
            ],
            [
              20.2759932,
              42.6229348
            ],
            [
              20.2762641,
              42.6224468
            ],
            [
              20.2758811,
              42.6220482
            ],
            [
              20.2758718,
              42.620976
            ],
            [
              20.2763762,
              42.6199932
            ],
            [
              20.2768899,
              42.6190928
            ],
            [
              20.2780574,
              42.6177457
            ],
            [
              20.2788516,
              42.6163717
            ],
            [
              20.2789666,
              42.6141597
            ],
            [
              20.2785327,
              42.6132339
            ],
            [
              20.2777033,
              42.6124651
            ],
            [
              20.2775861,
              42.6113253
            ],
            [
              20.2780829,
              42.6105948
            ],
            [
              20.2785017,
              42.6100853
            ],
            [
              20.2779779,
              42.6094914
            ],
            [
              20.2778221,
              42.6081994
            ],
            [
              20.2781619,
              42.6076263
            ],
            [
              20.2784734,
              42.6069907
            ],
            [
              20.2786857,
              42.606178
            ],
            [
              20.2785725,
              42.605855
            ],
            [
              20.2781478,
              42.6047921
            ],
            [
              20.277723,
              42.6041461
            ],
            [
              20.2780062,
              42.6036459
            ],
            [
              20.2771426,
              42.6031249
            ],
            [
              20.2767462,
              42.6025622
            ],
            [
              20.2767745,
              42.6018015
            ],
            [
              20.2756703,
              42.601145
            ],
            [
              20.2766754,
              42.601145
            ],
            [
              20.2779496,
              42.6017703
            ],
            [
              20.2785725,
              42.6022079
            ],
            [
              20.2793652,
              42.6018745
            ],
            [
              20.2796201,
              42.6013535
            ],
            [
              20.2795068,
              42.6004677
            ],
            [
              20.2801722,
              42.6004573
            ],
            [
              20.2809284,
              42.6000491
            ],
            [
              20.2815936,
              42.5994173
            ],
            [
              20.2855203,
              42.5956501
            ],
            [
              20.2861426,
              42.5935176
            ],
            [
              20.2860997,
              42.5930516
            ],
            [
              20.2867112,
              42.5911086
            ],
            [
              20.2869687,
              42.5904609
            ],
            [
              20.2866791,
              42.5896868
            ],
            [
              20.2870867,
              42.5895762
            ],
            [
              20.2882455,
              42.5892208
            ],
            [
              20.288975,
              42.5891734
            ],
            [
              20.2894471,
              42.5888495
            ],
            [
              20.2897368,
              42.5883203
            ],
            [
              20.2898441,
              42.5870407
            ],
            [
              20.2896724,
              42.5863534
            ],
            [
              20.2897582,
              42.5853186
            ],
            [
              20.2900586,
              42.585058
            ],
            [
              20.2904449,
              42.5839441
            ],
            [
              20.2898762,
              42.5833675
            ],
            [
              20.2885351,
              42.5832253
            ],
            [
              20.2866683,
              42.5825143
            ],
            [
              20.2872691,
              42.5814478
            ],
            [
              20.2884171,
              42.5807606
            ],
            [
              20.2887819,
              42.5800812
            ],
            [
              20.2876017,
              42.5783984
            ],
            [
              20.2869365,
              42.5783589
            ],
            [
              20.2865503,
              42.5789673
            ],
            [
              20.2854774,
              42.5790779
            ],
            [
              20.2847785,
              42.5788211
            ],
            [
              20.2835833,
              42.5785158
            ],
            [
              20.2829491,
              42.5778033
            ],
            [
              20.2845753,
              42.5778692
            ],
            [
              20.2856486,
              42.5776237
            ],
            [
              20.2860876,
              42.5773603
            ],
            [
              20.2863641,
              42.5765759
            ],
            [
              20.2864129,
              42.5761568
            ],
            [
              20.2874617,
              42.5739713
            ],
            [
              20.2875349,
              42.5734504
            ],
            [
              20.287169,
              42.5733007
            ],
            [
              20.2871609,
              42.5727918
            ],
            [
              20.2872747,
              42.5725642
            ],
            [
              20.2873967,
              42.5713547
            ],
            [
              20.2871203,
              42.5711571
            ],
            [
              20.2862258,
              42.5711331
            ],
            [
              20.2863397,
              42.5702948
            ],
            [
              20.2859169,
              42.5699595
            ],
            [
              20.2849412,
              42.5698936
            ],
            [
              20.2841281,
              42.5695223
            ],
            [
              20.2852908,
              42.569211
            ],
            [
              20.2855754,
              42.5689595
            ],
            [
              20.286486,
              42.5682888
            ],
            [
              20.2864373,
              42.5679295
            ],
            [
              20.285616,
              42.5674025
            ],
            [
              20.286047,
              42.5665342
            ],
            [
              20.2862665,
              42.5646538
            ],
            [
              20.2854534,
              42.5641448
            ],
            [
              20.28512,
              42.5641987
            ],
            [
              20.2844452,
              42.5640011
            ],
            [
              20.2833556,
              42.5640789
            ],
            [
              20.2817294,
              42.5645161
            ],
            [
              20.2826889,
              42.562989
            ],
            [
              20.2834939,
              42.5628093
            ],
            [
              20.2840224,
              42.5622464
            ],
            [
              20.2847054,
              42.5614139
            ],
            [
              20.2845834,
              42.5607372
            ],
            [
              20.2833312,
              42.5599107
            ],
            [
              20.2822092,
              42.5600844
            ],
            [
              20.2819246,
              42.5598389
            ],
            [
              20.2821441,
              42.5594256
            ],
            [
              20.2820384,
              42.5589285
            ],
            [
              20.28164,
              42.5585213
            ],
            [
              20.2805423,
              42.5580841
            ],
            [
              20.2798756,
              42.5581919
            ],
            [
              20.2784689,
              42.5587189
            ],
            [
              20.2777453,
              42.55921
            ],
            [
              20.2778429,
              42.558653
            ],
            [
              20.2778591,
              42.5576948
            ],
            [
              20.2775339,
              42.5573234
            ],
            [
              20.2777128,
              42.5562993
            ],
            [
              20.2775745,
              42.555874
            ],
            [
              20.2758996,
              42.5552391
            ],
            [
              20.2752979,
              42.5550954
            ],
            [
              20.2736647,
              42.5546576
            ],
            [
              20.2728586,
              42.5550295
            ],
            [
              20.2727773,
              42.5546162
            ],
            [
              20.2747287,
              42.5541371
            ],
            [
              20.277477,
              42.5542509
            ],
            [
              20.2782982,
              42.5539214
            ],
            [
              20.2785909,
              42.5532626
            ],
            [
              20.2777859,
              42.5529331
            ],
            [
              20.2760703,
              42.5522024
            ],
            [
              20.2767533,
              42.5517831
            ],
            [
              20.2773713,
              42.5514357
            ],
            [
              20.2778022,
              42.550681
            ],
            [
              20.2775827,
              42.5503935
            ],
            [
              20.2770948,
              42.5503755
            ],
            [
              20.2761597,
              42.5507648
            ],
            [
              20.2754442,
              42.5508307
            ],
            [
              20.2747694,
              42.551274
            ],
            [
              20.2740701,
              42.5514657
            ],
            [
              20.2730863,
              42.5509026
            ],
            [
              20.2712649,
              42.5501
            ],
            [
              20.2702648,
              42.5502257
            ],
            [
              20.2696225,
              42.5502437
            ],
            [
              20.2680613,
              42.5505252
            ],
            [
              20.2672076,
              42.5505013
            ],
            [
              20.2659554,
              42.5493752
            ],
            [
              20.2648821,
              42.549453
            ],
            [
              20.2600442,
              42.5485905
            ],
            [
              20.2576977,
              42.5501121
            ],
            [
              20.2565556,
              42.5502479
            ],
            [
              20.2552091,
              42.5501281
            ],
            [
              20.2553056,
              42.5495907
            ],
            [
              20.2563463,
              42.5492271
            ],
            [
              20.2578484,
              42.5480138
            ],
            [
              20.2597581,
              42.5476898
            ],
            [
              20.2592217,
              42.5460101
            ],
            [
              20.2609532,
              42.5433324
            ],
            [
              20.2617379,
              42.5391933
            ],
            [
              20.2612565,
              42.5365699
            ],
            [
              20.2615255,
              42.5357406
            ],
            [
              20.2614547,
              42.534009
            ],
            [
              20.2611079,
              42.5320217
            ],
            [
              20.260032,
              42.5303786
            ],
            [
              20.2583049,
              42.5256682
            ],
            [
              20.2584393,
              42.5245988
            ],
            [
              20.2587437,
              42.5240093
            ],
            [
              20.2596922,
              42.5231746
            ],
            [
              20.2614052,
              42.5215365
            ],
            [
              20.2614335,
              42.5201696
            ],
            [
              20.2625519,
              42.5186202
            ],
            [
              20.2628209,
              42.5173993
            ],
            [
              20.2606973,
              42.5166741
            ],
            [
              20.2611362,
              42.5163611
            ],
            [
              20.2629978,
              42.5159698
            ],
            [
              20.2630898,
              42.5144984
            ],
            [
              20.2617662,
              42.5142845
            ],
            [
              20.2601098,
              42.5128862
            ],
            [
              20.2602514,
              42.5121975
            ],
            [
              20.2618653,
              42.5114148
            ],
            [
              20.2608106,
              42.5105852
            ],
            [
              20.2616889,
              42.509801
            ],
            [
              20.2623058,
              42.5086977
            ],
            [
              20.2620322,
              42.5074559
            ],
            [
              20.2628262,
              42.506665
            ],
            [
              20.2608413,
              42.50483
            ],
            [
              20.2593232,
              42.5044108
            ],
            [
              20.2595699,
              42.5039442
            ],
            [
              20.2606053,
              42.5038888
            ],
            [
              20.2608681,
              42.5030306
            ],
            [
              20.2612597,
              42.5026272
            ],
            [
              20.2623219,
              42.5024611
            ],
            [
              20.2652562,
              42.5026826
            ],
            [
              20.2679009,
              42.5021328
            ],
            [
              20.2712376,
              42.4997519
            ],
            [
              20.2732546,
              42.5001909
            ],
            [
              20.27385,
              42.4999299
            ],
            [
              20.2755613,
              42.498158
            ],
            [
              20.2752662,
              42.4964454
            ],
            [
              20.2747137,
              42.4959233
            ],
            [
              20.2738339,
              42.4958323
            ],
            [
              20.2738769,
              42.4955001
            ],
            [
              20.2740592,
              42.4951322
            ],
            [
              20.2753413,
              42.4949107
            ],
            [
              20.2762157,
              42.4939614
            ],
            [
              20.2758515,
              42.492818
            ],
            [
              20.2749525,
              42.4924109
            ],
            [
              20.2743403,
              42.491224
            ],
            [
              20.273144,
              42.4908378
            ],
            [
              20.2725636,
              42.4912449
            ],
            [
              20.2725565,
              42.4917773
            ],
            [
              20.2719761,
              42.492127
            ],
            [
              20.2718306,
              42.4937829
            ],
            [
              20.2716009,
              42.4946114
            ],
            [
              20.2712187,
              42.4953473
            ],
            [
              20.2702206,
              42.4965529
            ],
            [
              20.2695482,
              42.4960101
            ],
            [
              20.2699092,
              42.4943922
            ],
            [
              20.2696402,
              42.4939851
            ],
            [
              20.2698879,
              42.493745
            ],
            [
              20.2701498,
              42.4924662
            ],
            [
              20.2691022,
              42.491532
            ],
            [
              20.2690456,
              42.4903367
            ],
            [
              20.269626,
              42.4890266
            ],
            [
              20.2689678,
              42.4886247
            ],
            [
              20.2686209,
              42.488348
            ],
            [
              20.2670495,
              42.4882384
            ],
            [
              20.2649048,
              42.4883793
            ],
            [
              20.2639209,
              42.4859469
            ],
            [
              20.2639459,
              42.4854433
            ],
            [
              20.263213,
              42.4840677
            ],
            [
              20.2620026,
              42.4826113
            ],
            [
              20.2617266,
              42.4826009
            ],
            [
              20.2626397,
              42.48175
            ],
            [
              20.262222,
              42.4808991
            ],
            [
              20.2629653,
              42.4803614
            ],
            [
              20.2630431,
              42.4794635
            ],
            [
              20.2628089,
              42.47884
            ],
            [
              20.2624627,
              42.4783567
            ],
            [
              20.2627812,
              42.477986
            ],
            [
              20.2623778,
              42.477323
            ],
            [
              20.2619106,
              42.4769628
            ],
            [
              20.2620592,
              42.4760231
            ],
            [
              20.2620734,
              42.4756472
            ],
            [
              20.2618894,
              42.4753548
            ],
            [
              20.2601764,
              42.4747544
            ],
            [
              20.2604029,
              42.4743054
            ],
            [
              20.2607922,
              42.4738721
            ],
            [
              20.2609833,
              42.4732821
            ],
            [
              20.2603887,
              42.4727809
            ],
            [
              20.2605728,
              42.4723685
            ],
            [
              20.2610966,
              42.4718986
            ],
            [
              20.2616699,
              42.4681497
            ],
            [
              20.2616133,
              42.4670741
            ],
            [
              20.2609479,
              42.4668235
            ],
            [
              20.2595181,
              42.4668548
            ],
            [
              20.2586813,
              42.4664542
            ],
            [
              20.2577303,
              42.4664879
            ],
            [
              20.2571822,
              42.466176
            ],
            [
              20.2561346,
              42.4662595
            ],
            [
              20.2554834,
              42.4665519
            ],
            [
              20.2553135,
              42.4668705
            ],
            [
              20.2547543,
              42.4669592
            ],
            [
              20.253728,
              42.4667399
            ],
            [
              20.2536714,
              42.4660507
            ],
            [
              20.2527936,
              42.4657792
            ],
            [
              20.2521707,
              42.4656956
            ],
            [
              20.2522061,
              42.4653458
            ],
            [
              20.2534802,
              42.4652674
            ],
            [
              20.2552994,
              42.4648184
            ],
            [
              20.2557666,
              42.4642074
            ],
            [
              20.2561205,
              42.4632257
            ],
            [
              20.2569628,
              42.4618263
            ],
            [
              20.2569203,
              42.4612623
            ],
            [
              20.2573521,
              42.4605887
            ],
            [
              20.2578618,
              42.4599202
            ],
            [
              20.2583289,
              42.4594241
            ],
            [
              20.2581944,
              42.4590847
            ],
            [
              20.2576565,
              42.4588288
            ],
            [
              20.2550941,
              42.458411
            ],
            [
              20.2541244,
              42.4574293
            ],
            [
              20.2523265,
              42.4564005
            ],
            [
              20.2512152,
              42.4563848
            ],
            [
              20.251024,
              42.4560976
            ],
            [
              20.2510877,
              42.455779
            ],
            [
              20.2507692,
              42.4555544
            ],
            [
              20.2489784,
              42.4553351
            ],
            [
              20.248044,
              42.4547711
            ],
            [
              20.2475698,
              42.4547293
            ],
            [
              20.246593,
              42.4543167
            ],
            [
              20.2482776,
              42.4527604
            ],
            [
              20.2481998,
              42.4522433
            ],
            [
              20.2496437,
              42.452306
            ],
            [
              20.2508188,
              42.4523321
            ],
            [
              20.2521141,
              42.4520501
            ],
            [
              20.2526308,
              42.4514129
            ],
            [
              20.2534448,
              42.4511831
            ],
            [
              20.2535439,
              42.4508018
            ],
            [
              20.2539899,
              42.4505093
            ],
            [
              20.2540465,
              42.4497155
            ],
            [
              20.2558515,
              42.4497416
            ],
            [
              20.2573096,
              42.4494073
            ],
            [
              20.2582298,
              42.4486604
            ],
            [
              20.2589235,
              42.44865
            ],
            [
              20.2599853,
              42.448791
            ],
            [
              20.2612856,
              42.4485525
            ],
            [
              20.2623666,
              42.4480735
            ],
            [
              20.2632932,
              42.4478905
            ],
            [
              20.2636259,
              42.4473174
            ],
            [
              20.2641898,
              42.44666
            ],
            [
              20.2650569,
              42.4459024
            ],
            [
              20.265248,
              42.4455055
            ],
            [
              20.2645614,
              42.4447272
            ],
            [
              20.2635067,
              42.4441265
            ],
            [
              20.2614327,
              42.4436825
            ],
            [
              20.2583324,
              42.4429042
            ],
            [
              20.2579431,
              42.4426796
            ],
            [
              20.2535191,
              42.4415513
            ],
            [
              20.2521388,
              42.4409349
            ],
            [
              20.2509709,
              42.4405536
            ],
            [
              20.2490031,
              42.4402454
            ],
            [
              20.248359,
              42.440632
            ],
            [
              20.2474671,
              42.4405641
            ],
            [
              20.2460089,
              42.4401357
            ],
            [
              20.2456125,
              42.4398954
            ],
            [
              20.2452303,
              42.4398589
            ],
            [
              20.2445649,
              42.4395924
            ],
            [
              20.2438694,
              42.4393028
            ],
            [
              20.243128,
              42.4389865
            ],
            [
              20.242767,
              42.4386051
            ],
            [
              20.2419105,
              42.4382969
            ],
            [
              20.2409408,
              42.4385842
            ],
            [
              20.2404949,
              42.4378842
            ],
            [
              20.2401197,
              42.437691
            ],
            [
              20.2394756,
              42.4375969
            ],
            [
              20.2381661,
              42.4372417
            ],
            [
              20.23794,
              42.4366829
            ],
            [
              20.2376601,
              42.436471
            ],
            [
              20.2370644,
              42.4362603
            ],
            [
              20.2365034,
              42.4356902
            ],
            [
              20.2361781,
              42.4350961
            ],
            [
              20.2357879,
              42.4348981
            ],
            [
              20.2357391,
              42.434454
            ],
            [
              20.2360887,
              42.4335899
            ],
            [
              20.2356578,
              42.4323656
            ],
            [
              20.2340885,
              42.4323896
            ],
            [
              20.2339909,
              42.4317835
            ],
            [
              20.2325483,
              42.4310364
            ],
            [
              20.2310259,
              42.4308848
            ],
            [
              20.2308298,
              42.4302919
            ],
            [
              20.2302507,
              42.4302712
            ],
            [
              20.2300265,
              42.4298645
            ],
            [
              20.2301386,
              42.4292854
            ],
            [
              20.2300359,
              42.4276377
            ],
            [
              20.2298584,
              42.4271275
            ],
            [
              20.2281585,
              42.4259348
            ],
            [
              20.2273833,
              42.4257211
            ],
            [
              20.2270844,
              42.4249145
            ],
            [
              20.2254321,
              42.4240794
            ],
            [
              20.2246704,
              42.4242116
            ],
            [
              20.2236028,
              42.4254353
            ],
            [
              20.2230928,
              42.4256974
            ],
            [
              20.2227552,
              42.4262847
            ],
            [
              20.2222197,
              42.4275358
            ],
            [
              20.2224048,
              42.4283581
            ],
            [
              20.2223218,
              42.4286982
            ],
            [
              20.222043,
              42.4291473
            ],
            [
              20.2218314,
              42.4296008
            ],
            [
              20.2216882,
              42.4299305
            ],
            [
              20.2215153,
              42.4302223
            ],
            [
              20.2212589,
              42.4311863
            ],
            [
              20.2206667,
              42.4322743
            ],
            [
              20.2207326,
              42.433238
            ],
            [
              20.2206287,
              42.4337015
            ],
            [
              20.220052,
              42.4343162
            ],
            [
              20.2195138,
              42.4348988
            ],
            [
              20.218976,
              42.4356656
            ],
            [
              20.2182378,
              42.4362032
            ],
            [
              20.2176409,
              42.4367646
            ],
            [
              20.2167846,
              42.4371631
            ],
            [
              20.2151146,
              42.4379565
            ],
            [
              20.2140641,
              42.4379852
            ],
            [
              20.2135821,
              42.4374537
            ],
            [
              20.2122123,
              42.4384781
            ],
            [
              20.2113696,
              42.4391171
            ],
            [
              20.2112187,
              42.4394356
            ],
            [
              20.2101822,
              42.4417108
            ],
            [
              20.2081963,
              42.4418549
            ],
            [
              20.2080574,
              42.4439901
            ],
            [
              20.2078135,
              42.4445329
            ],
            [
              20.2067641,
              42.4448584
            ],
            [
              20.2049547,
              42.445725
            ],
            [
              20.20426,
              42.445861
            ],
            [
              20.2032957,
              42.4466606
            ],
            [
              20.2030928,
              42.4473904
            ],
            [
              20.202682,
              42.4476245
            ],
            [
              20.2018731,
              42.4476841
            ],
            [
              20.2012322,
              42.4479434
            ],
            [
              20.2002158,
              42.4480681
            ],
            [
              20.1999275,
              42.4485213
            ],
            [
              20.1991525,
              42.4487923
            ],
            [
              20.1989832,
              42.4489386
            ],
            [
              20.1977224,
              42.4499804
            ],
            [
              20.1976338,
              42.4500602
            ],
            [
              20.1967456,
              42.4506752
            ],
            [
              20.1946618,
              42.451224
            ],
            [
              20.1935088,
              42.4518872
            ],
            [
              20.1929945,
              42.4524692
            ],
            [
              20.1924109,
              42.4544575
            ],
            [
              20.192039,
              42.4567633
            ],
            [
              20.1928376,
              42.4571324
            ],
            [
              20.1933517,
              42.4574968
            ],
            [
              20.1937843,
              42.4580441
            ],
            [
              20.1940451,
              42.458492
            ],
            [
              20.1944335,
              42.4588587
            ],
            [
              20.1952017,
              42.459355
            ],
            [
              20.1959978,
              42.4608944
            ],
            [
              20.1968012,
              42.4624634
            ],
            [
              20.1957971,
              42.463912
            ],
            [
              20.1956935,
              42.4640555
            ],
            [
              20.1938233,
              42.464557
            ],
            [
              20.1931192,
              42.4650939
            ],
            [
              20.1922976,
              42.4671094
            ],
            [
              20.1915445,
              42.4674039
            ],
            [
              20.1891616,
              42.4703277
            ],
            [
              20.1876189,
              42.4710168
            ],
            [
              20.1851614,
              42.4721059
            ],
            [
              20.1834869,
              42.4728423
            ],
            [
              20.1824549,
              42.4730057
            ],
            [
              20.1827298,
              42.4737175
            ],
            [
              20.1821263,
              42.4769425
            ],
            [
              20.1817544,
              42.4775953
            ],
            [
              20.1800127,
              42.4806524
            ],
            [
              20.1803367,
              42.4826048
            ],
            [
              20.18073,
              42.4850181
            ],
            [
              20.18046,
              42.4860006
            ],
            [
              20.1802623,
              42.4865872
            ],
            [
              20.1779822,
              42.4869972
            ],
            [
              20.1767026,
              42.4880902
            ],
            [
              20.1735598,
              42.4895052
            ],
            [
              20.1712361,
              42.490741
            ],
            [
              20.1708138,
              42.4912812
            ],
            [
              20.1673506,
              42.4957604
            ],
            [
              20.1673153,
              42.4976518
            ],
            [
              20.1673158,
              42.4978358
            ],
            [
              20.1660433,
              42.4991315
            ],
            [
              20.1659689,
              42.4992186
            ],
            [
              20.1659588,
              42.4996071
            ],
            [
              20.1665118,
              42.5004151
            ],
            [
              20.1674,
              42.500875
            ],
            [
              20.1674521,
              42.5010643
            ],
            [
              20.167312,
              42.5016609
            ],
            [
              20.1671419,
              42.5019249
            ],
            [
              20.1671727,
              42.5025144
            ],
            [
              20.1669784,
              42.5028923
            ],
            [
              20.1666415,
              42.503157
            ],
            [
              20.1663333,
              42.5040172
            ],
            [
              20.1650476,
              42.5066803
            ],
            [
              20.1623476,
              42.506827
            ],
            [
              20.161453,
              42.506991
            ],
            [
              20.1605659,
              42.507827
            ],
            [
              20.1595215,
              42.5090241
            ],
            [
              20.156329,
              42.5095433
            ],
            [
              20.1542166,
              42.5117433
            ],
            [
              20.1514858,
              42.5129439
            ],
            [
              20.1509711,
              42.5130196
            ],
            [
              20.1507601,
              42.5132592
            ],
            [
              20.1498911,
              42.5139679
            ],
            [
              20.1495265,
              42.5143983
            ],
            [
              20.1490775,
              42.514538
            ],
            [
              20.1483137,
              42.5148138
            ],
            [
              20.1467619,
              42.5148986
            ],
            [
              20.144138,
              42.5154127
            ],
            [
              20.1401403,
              42.5169002
            ],
            [
              20.1391313,
              42.5176035
            ],
            [
              20.136664,
              42.5187153
            ],
            [
              20.1338294,
              42.5195735
            ],
            [
              20.1311833,
              42.5203484
            ],
            [
              20.1295529,
              42.5207412
            ],
            [
              20.1289448,
              42.5208498
            ],
            [
              20.1282634,
              42.5207636
            ],
            [
              20.1276923,
              42.5208419
            ],
            [
              20.1264633,
              42.5209169
            ],
            [
              20.1259545,
              42.5212591
            ],
            [
              20.1252306,
              42.5212451
            ],
            [
              20.1249348,
              42.5213899
            ],
            [
              20.1239625,
              42.5217521
            ],
            [
              20.1228607,
              42.5222063
            ],
            [
              20.1228415,
              42.5226008
            ],
            [
              20.1226222,
              42.5228151
            ],
            [
              20.122352,
              42.5228571
            ],
            [
              20.1222361,
              42.5229778
            ],
            [
              20.1220035,
              42.5232884
            ],
            [
              20.1212542,
              42.523467
            ],
            [
              20.121583,
              42.5237449
            ],
            [
              20.1216317,
              42.5240847
            ],
            [
              20.1215967,
              42.5242296
            ],
            [
              20.1216512,
              42.5245604
            ],
            [
              20.1216698,
              42.5249706
            ],
            [
              20.1219097,
              42.525285
            ],
            [
              20.1218872,
              42.5256556
            ],
            [
              20.120871,
              42.5257979
            ],
            [
              20.1205623,
              42.5259553
            ],
            [
              20.1199585,
              42.526252
            ],
            [
              20.1193674,
              42.5261565
            ],
            [
              20.1180858,
              42.526171
            ],
            [
              20.1174406,
              42.5262355
            ],
            [
              20.1170058,
              42.5264808
            ],
            [
              20.1164974,
              42.5265013
            ],
            [
              20.1140776,
              42.5271427
            ],
            [
              20.1132098,
              42.5281316
            ],
            [
              20.1124576,
              42.5282106
            ],
            [
              20.11151,
              42.5285151
            ],
            [
              20.1098469,
              42.5291073
            ],
            [
              20.1084055,
              42.5296852
            ],
            [
              20.1076063,
              42.5299468
            ],
            [
              20.1067705,
              42.5309337
            ],
            [
              20.106105,
              42.5311684
            ],
            [
              20.1055233,
              42.5313667
            ],
            [
              20.1050719,
              42.5310565
            ],
            [
              20.1048562,
              42.5309985
            ],
            [
              20.1045402,
              42.53105
            ],
            [
              20.1039425,
              42.5309029
            ],
            [
              20.1036662,
              42.5310723
            ],
            [
              20.1031533,
              42.5311749
            ],
            [
              20.102618,
              42.5314065
            ],
            [
              20.1024895,
              42.5315463
            ],
            [
              20.1011388,
              42.5320766
            ],
            [
              20.1009934,
              42.5321845
            ],
            [
              20.1002231,
              42.5325797
            ],
            [
              20.0997198,
              42.5333487
            ],
            [
              20.0993241,
              42.5337504
            ],
            [
              20.0989347,
              42.5339041
            ],
            [
              20.0979485,
              42.5342791
            ],
            [
              20.0982952,
              42.536562
            ],
            [
              20.097272,
              42.5386613
            ],
            [
              20.0969909,
              42.5393885
            ],
            [
              20.0965687,
              42.5396993
            ],
            [
              20.0958624,
              42.5407178
            ],
            [
              20.0957188,
              42.5415548
            ],
            [
              20.0952811,
              42.5418464
            ],
            [
              20.0952324,
              42.5419939
            ],
            [
              20.0940215,
              42.5426191
            ],
            [
              20.0932886,
              42.543326
            ],
            [
              20.0913042,
              42.5439898
            ],
            [
              20.0899996,
              42.5447737
            ],
            [
              20.089528,
              42.5453715
            ],
            [
              20.0896819,
              42.5462176
            ],
            [
              20.0895915,
              42.5469473
            ],
            [
              20.0896433,
              42.5478062
            ],
            [
              20.0898926,
              42.5482965
            ],
            [
              20.0893901,
              42.5486438
            ],
            [
              20.0892451,
              42.5488463
            ],
            [
              20.0890275,
              42.5490115
            ],
            [
              20.0886936,
              42.5494443
            ],
            [
              20.0883607,
              42.5500491
            ],
            [
              20.0883101,
              42.5506721
            ],
            [
              20.0877598,
              42.5509576
            ],
            [
              20.087756,
              42.5510981
            ],
            [
              20.0875829,
              42.5513097
            ],
            [
              20.0873713,
              42.5514528
            ],
            [
              20.0872504,
              42.5516606
            ],
            [
              20.0870808,
              42.551759
            ],
            [
              20.086384,
              42.5518409
            ],
            [
              20.0850737,
              42.5521637
            ],
            [
              20.0846236,
              42.5523562
            ],
            [
              20.0843601,
              42.5524922
            ],
            [
              20.0834734,
              42.5528431
            ],
            [
              20.082805,
              42.5531352
            ],
            [
              20.0824651,
              42.5532962
            ],
            [
              20.0818744,
              42.5537377
            ],
            [
              20.0814964,
              42.5540923
            ],
            [
              20.081189,
              42.5543627
            ],
            [
              20.0801723,
              42.5549475
            ],
            [
              20.0799305,
              42.5551259
            ],
            [
              20.0795142,
              42.5553849
            ],
            [
              20.0789465,
              42.5554699
            ],
            [
              20.0762998,
              42.5558234
            ],
            [
              20.0788765,
              42.5560902
            ],
            [
              20.0789792,
              42.5572287
            ],
            [
              20.0789191,
              42.5579007
            ],
            [
              20.0788654,
              42.5587207
            ],
            [
              20.0790726,
              42.5597369
            ],
            [
              20.0800973,
              42.5611277
            ],
            [
              20.0803224,
              42.5612654
            ],
            [
              20.0804726,
              42.5620218
            ],
            [
              20.0806624,
              42.5625563
            ],
            [
              20.0810466,
              42.5631911
            ],
            [
              20.0815674,
              42.5640031
            ],
            [
              20.0821065,
              42.5645891
            ],
            [
              20.0823921,
              42.5652853
            ],
            [
              20.0826776,
              42.5659816
            ],
            [
              20.0832079,
              42.56668
            ],
            [
              20.0836784,
              42.5672842
            ],
            [
              20.0839355,
              42.5676015
            ],
            [
              20.084155,
              42.5679049
            ],
            [
              20.0843052,
              42.5680687
            ],
            [
              20.0843558,
              42.5682545
            ],
            [
              20.084025,
              42.5687068
            ],
            [
              20.0841307,
              42.5689488
            ],
            [
              20.0841089,
              42.5692485
            ],
            [
              20.084039,
              42.5693979
            ],
            [
              20.0838443,
              42.5700321
            ],
            [
              20.0838444,
              42.5702528
            ],
            [
              20.08398,
              42.5705948
            ],
            [
              20.0841846,
              42.5709541
            ],
            [
              20.0844176,
              42.5711299
            ],
            [
              20.0848983,
              42.5714748
            ],
            [
              20.0850942,
              42.5715982
            ],
            [
              20.0854585,
              42.5718501
            ],
            [
              20.0859836,
              42.5722313
            ],
            [
              20.0860466,
              42.5722875
            ],
            [
              20.0862718,
              42.5724512
            ],
            [
              20.0864446,
              42.5725972
            ],
            [
              20.0867708,
              42.5728214
            ],
            [
              20.0869798,
              42.5730132
            ],
            [
              20.0873961,
              42.5733608
            ],
            [
              20.0880424,
              42.5739875
            ],
            [
              20.0884237,
              42.5748237
            ],
            [
              20.0884922,
              42.5756608
            ],
            [
              20.0884946,
              42.5760032
            ],
            [
              20.0884437,
              42.5764736
            ],
            [
              20.0883536,
              42.5771087
            ],
            [
              20.0882264,
              42.5777911
            ],
            [
              20.0877899,
              42.5783983
            ],
            [
              20.0874518,
              42.5788686
            ],
            [
              20.0875278,
              42.5791966
            ],
            [
              20.0872709,
              42.5809181
            ],
            [
              20.086885,
              42.5814523
            ],
            [
              20.0866405,
              42.5817907
            ],
            [
              20.0857293,
              42.582446
            ],
            [
              20.0856594,
              42.5829637
            ],
            [
              20.0856769,
              42.5833685
            ],
            [
              20.0857554,
              42.5838713
            ],
            [
              20.0856757,
              42.5845053
            ],
            [
              20.0856332,
              42.5850897
            ],
            [
              20.0854328,
              42.5852743
            ],
            [
              20.08604,
              42.5858243
            ],
            [
              20.0861694,
              42.5862574
            ],
            [
              20.0861584,
              42.5864782
            ],
            [
              20.0862698,
              42.5867087
            ],
            [
              20.0862319,
              42.5869783
            ],
            [
              20.0862216,
              42.5871225
            ],
            [
              20.0861698,
              42.5874481
            ],
            [
              20.084401,
              42.589464
            ],
            [
              20.0836671,
              42.5903105
            ],
            [
              20.0830293,
              42.5906914
            ],
            [
              20.0825875,
              42.5908942
            ],
            [
              20.0822994,
              42.5912625
            ],
            [
              20.0817235,
              42.5923381
            ],
            [
              20.0814335,
              42.5929545
            ],
            [
              20.0810144,
              42.5936096
            ],
            [
              20.0807306,
              42.5942049
            ],
            [
              20.0799287,
              42.5953666
            ],
            [
              20.0795407,
              42.5965673
            ],
            [
              20.0789496,
              42.5973155
            ],
            [
              20.0790351,
              42.5975788
            ],
            [
              20.078427,
              42.5980221
            ],
            [
              20.0780014,
              42.5981135
            ],
            [
              20.0778599,
              42.5981731
            ],
            [
              20.0772293,
              42.5988513
            ],
            [
              20.0770555,
              42.5991123
            ],
            [
              20.0768216,
              42.5993219
            ],
            [
              20.0767165,
              42.5994923
            ],
            [
              20.0763852,
              42.5999458
            ],
            [
              20.0757425,
              42.6006541
            ],
            [
              20.0756317,
              42.6008136
            ],
            [
              20.075399,
              42.6011273
            ],
            [
              20.0749546,
              42.6016881
            ],
            [
              20.0747812,
              42.602327
            ],
            [
              20.0746572,
              42.6031863
            ],
            [
              20.0746211,
              42.6038391
            ],
            [
              20.0744848,
              42.6042725
            ],
            [
              20.0745107,
              42.6046165
            ],
            [
              20.0745273,
              42.604837
            ],
            [
              20.0741037,
              42.6051796
            ],
            [
              20.0737236,
              42.6057793
            ],
            [
              20.0734453,
              42.6060226
            ],
            [
              20.0728171,
              42.6068975
            ],
            [
              20.0727096,
              42.6073615
            ],
            [
              20.0728695,
              42.6080674
            ],
            [
              20.0728945,
              42.6083144
            ],
            [
              20.0734834,
              42.6090136
            ],
            [
              20.0736757,
              42.6091814
            ],
            [
              20.0740054,
              42.6097629
            ],
            [
              20.0743036,
              42.6101426
            ],
            [
              20.0744737,
              42.6104211
            ],
            [
              20.0751364,
              42.6112386
            ],
            [
              20.0751543,
              42.6115492
            ],
            [
              20.0751545,
              42.6115628
            ],
            [
              20.0751664,
              42.61228
            ],
            [
              20.0752936,
              42.6127854
            ],
            [
              20.0757843,
              42.6136057
            ],
            [
              20.0758312,
              42.6140767
            ],
            [
              20.0761271,
              42.6147029
            ],
            [
              20.0757873,
              42.6152245
            ],
            [
              20.0755622,
              42.615873
            ],
            [
              20.075697,
              42.6162528
            ],
            [
              20.0758207,
              42.6166015
            ],
            [
              20.0758942,
              42.6170867
            ],
            [
              20.0758455,
              42.6179556
            ],
            [
              20.0758683,
              42.6182346
            ],
            [
              20.0757279,
              42.6192414
            ],
            [
              20.0758821,
              42.6197369
            ],
            [
              20.0757302,
              42.6209103
            ],
            [
              20.0761995,
              42.6210246
            ],
            [
              20.0767873,
              42.6215541
            ],
            [
              20.0770634,
              42.6218617
            ],
            [
              20.0773168,
              42.6224519
            ],
            [
              20.0778359,
              42.6230775
            ],
            [
              20.0782301,
              42.6237904
            ],
            [
              20.0792803,
              42.6242809
            ],
            [
              20.0797669,
              42.6244704
            ],
            [
              20.0805048,
              42.6250972
            ],
            [
              20.0811664,
              42.6257483
            ],
            [
              20.0814513,
              42.6259669
            ],
            [
              20.0818413,
              42.6263379
            ],
            [
              20.0821027,
              42.6265192
            ],
            [
              20.082683,
              42.6268332
            ],
            [
              20.0829281,
              42.627006
            ],
            [
              20.0833861,
              42.6272295
            ],
            [
              20.0837303,
              42.6273511
            ],
            [
              20.0842198,
              42.6274429
            ],
            [
              20.0844854,
              42.6273793
            ],
            [
              20.0849853,
              42.6274196
            ],
            [
              20.085735,
              42.6276539
            ],
            [
              20.0862139,
              42.6281775
            ],
            [
              20.0867975,
              42.6285724
            ],
            [
              20.0876775,
              42.6288872
            ],
            [
              20.0881815,
              42.6292852
            ],
            [
              20.0884902,
              42.6299244
            ],
            [
              20.0893617,
              42.6305037
            ],
            [
              20.0899375,
              42.6309
            ],
            [
              20.0898604,
              42.6316238
            ],
            [
              20.0901089,
              42.6322938
            ],
            [
              20.0905542,
              42.6331012
            ],
            [
              20.091367,
              42.6336685
            ],
            [
              20.0916951,
              42.6338867
            ],
            [
              20.0921157,
              42.6342344
            ],
            [
              20.0921092,
              42.6345072
            ],
            [
              20.0921452,
              42.6349175
            ],
            [
              20.0921456,
              42.6355541
            ],
            [
              20.0921732,
              42.635689
            ],
            [
              20.0922321,
              42.636366
            ],
            [
              20.0925076,
              42.6368512
            ],
            [
              20.0927952,
              42.6370482
            ],
            [
              20.0931145,
              42.6372263
            ],
            [
              20.0928644,
              42.6375015
            ],
            [
              20.0930403,
              42.6377442
            ],
            [
              20.093414,
              42.6379345
            ],
            [
              20.0933953,
              42.6383697
            ],
            [
              20.0935382,
              42.6386927
            ],
            [
              20.0935684,
              42.638741
            ],
            [
              20.0936092,
              42.6392356
            ],
            [
              20.0938946,
              42.6394254
            ],
            [
              20.0942143,
              42.6397914
            ],
            [
              20.0942781,
              42.6401187
            ],
            [
              20.0951998,
              42.6408448
            ],
            [
              20.0957848,
              42.6413347
            ],
            [
              20.0970139,
              42.6426098
            ],
            [
              20.0977986,
              42.6431923
            ],
            [
              20.0983561,
              42.6436062
            ],
            [
              20.1004597,
              42.6446227
            ],
            [
              20.1018831,
              42.6452358
            ],
            [
              20.1039032,
              42.6460714
            ],
            [
              20.1051951,
              42.6467769
            ],
            [
              20.1087032,
              42.6478339
            ],
            [
              20.1097492,
              42.6494684
            ],
            [
              20.1101293,
              42.6509616
            ],
            [
              20.1106858,
              42.6523414
            ],
            [
              20.1117227,
              42.6551635
            ],
            [
              20.1119442,
              42.6554024
            ],
            [
              20.0945475,
              42.6662929
            ],
            [
              20.0885733,
              42.6687164
            ],
            [
              20.0856877,
              42.6749961
            ],
            [
              20.0833932,
              42.680036
            ],
            [
              20.0682713,
              42.6802874
            ],
            [
              20.0636704,
              42.6847329
            ],
            [
              20.0636384,
              42.6847633
            ],
            [
              20.0636683,
              42.6848634
            ],
            [
              20.0629331,
              42.6847302
            ],
            [
              20.0625546,
              42.6845042
            ],
            [
              20.0617191,
              42.6843797
            ],
            [
              20.0611144,
              42.6844119
            ],
            [
              20.0605975,
              42.6844696
            ],
            [
              20.0597185,
              42.6842119
            ],
            [
              20.0592402,
              42.6842048
            ],
            [
              20.0585637,
              42.6842829
            ],
            [
              20.0582687,
              42.6844842
            ],
            [
              20.0577157,
              42.6847119
            ],
            [
              20.0568995,
              42.6848663
            ],
            [
              20.0566785,
              42.6848766
            ],
            [
              20.0563124,
              42.6849511
            ],
            [
              20.0555003,
              42.6848298
            ],
            [
              20.0548969,
              42.6848741
            ],
            [
              20.0546914,
              42.6848693
            ],
            [
              20.0544282,
              42.6847929
            ],
            [
              20.0544079,
              42.6848236
            ],
            [
              20.0542966,
              42.684897
            ],
            [
              20.0543495,
              42.6849252
            ],
            [
              20.0539971,
              42.6852039
            ],
            [
              20.053712,
              42.6853316
            ],
            [
              20.053445,
              42.6855578
            ],
            [
              20.0534223,
              42.6858171
            ],
            [
              20.0531856,
              42.6860811
            ],
            [
              20.0531557,
              42.6862557
            ],
            [
              20.0529739,
              42.686636
            ],
            [
              20.0529265,
              42.6868641
            ],
            [
              20.0527806,
              42.6870766
            ],
            [
              20.0527656,
              42.687239
            ],
            [
              20.0529591,
              42.6876005
            ],
            [
              20.0529987,
              42.6880352
            ],
            [
              20.0527581,
              42.6884137
            ],
            [
              20.0524708,
              42.6887097
            ],
            [
              20.0519646,
              42.6889265
            ],
            [
              20.0510088,
              42.6896208
            ],
            [
              20.0507521,
              42.6897326
            ],
            [
              20.0504326,
              42.689905
            ],
            [
              20.0499638,
              42.6901132
            ],
            [
              20.0499855,
              42.6902443
            ],
            [
              20.0494986,
              42.6904845
            ],
            [
              20.049378,
              42.6905074
            ],
            [
              20.0493534,
              42.6905356
            ],
            [
              20.0493581,
              42.6906371
            ],
            [
              20.0492952,
              42.6909242
            ],
            [
              20.0491852,
              42.6909837
            ],
            [
              20.0490646,
              42.691338
            ],
            [
              20.049114,
              42.6915381
            ],
            [
              20.0490349,
              42.6916343
            ],
            [
              20.0489634,
              42.6919248
            ],
            [
              20.0487224,
              42.6920755
            ],
            [
              20.0486992,
              42.6922178
            ],
            [
              20.0477823,
              42.6926665
            ],
            [
              20.0475285,
              42.6928174
            ],
            [
              20.0470795,
              42.6928569
            ],
            [
              20.0467556,
              42.6930922
            ],
            [
              20.0464956,
              42.6935086
            ],
            [
              20.0464572,
              42.6938391
            ],
            [
              20.0462419,
              42.694051
            ],
            [
              20.0461986,
              42.6945622
            ],
            [
              20.0458864,
              42.6948456
            ],
            [
              20.045247,
              42.6952228
            ],
            [
              20.0450671,
              42.695479
            ],
            [
              20.0443133,
              42.6958622
            ],
            [
              20.0439031,
              42.6959809
            ],
            [
              20.0428929,
              42.6962277
            ],
            [
              20.0425878,
              42.6961632
            ],
            [
              20.0421129,
              42.6961221
            ],
            [
              20.0418517,
              42.696202
            ],
            [
              20.0413894,
              42.6962724
            ],
            [
              20.0408838,
              42.6961583
            ],
            [
              20.0407094,
              42.696211
            ],
            [
              20.0402551,
              42.6964194
            ],
            [
              20.0398826,
              42.6965521
            ],
            [
              20.039605,
              42.6965963
            ],
            [
              20.0386631,
              42.6966641
            ],
            [
              20.0378715,
              42.6966311
            ],
            [
              20.0374231,
              42.6967249
            ],
            [
              20.0363548,
              42.6967284
            ],
            [
              20.035818,
              42.6967501
            ],
            [
              20.0352765,
              42.6966075
            ],
            [
              20.0341054,
              42.6968842
            ],
            [
              20.0333271,
              42.6970492
            ],
            [
              20.0330891,
              42.6973902
            ],
            [
              20.032553,
              42.6994438
            ],
            [
              20.0319512,
              42.700725
            ],
            [
              20.0318043,
              42.7027213
            ],
            [
              20.0315223,
              42.7058918
            ],
            [
              20.0318885,
              42.7072956
            ],
            [
              20.0328656,
              42.7093333
            ],
            [
              20.0332394,
              42.7102512
            ],
            [
              20.033193,
              42.7107368
            ],
            [
              20.0327637,
              42.7109046
            ],
            [
              20.0312507,
              42.7108919
            ],
            [
              20.0304405,
              42.7105992
            ],
            [
              20.0283199,
              42.7097523
            ],
            [
              20.0267325,
              42.7095387
            ],
            [
              20.02511,
              42.709528
            ],
            [
              20.0219291,
              42.7095009
            ],
            [
              20.0199918,
              42.7093414
            ],
            [
              20.0171988,
              42.7093175
            ],
            [
              20.0163451,
              42.7092525
            ],
            [
              20.0162897,
              42.7105992
            ],
            [
              20.0165523,
              42.7120434
            ],
            [
              20.0167883,
              42.7129454
            ],
            [
              20.0172848,
              42.7135899
            ],
            [
              20.0181827,
              42.713985
            ],
            [
              20.0189498,
              42.7140429
            ],
            [
              20.0202334,
              42.71407
            ],
            [
              20.0210702,
              42.7138729
            ],
            [
              20.0219045,
              42.7139412
            ],
            [
              20.0226654,
              42.7140763
            ],
            [
              20.0240394,
              42.7146074
            ],
            [
              20.0242021,
              42.7146701
            ],
            [
              20.024937,
              42.7149563
            ],
            [
              20.0253509,
              42.7150537
            ],
            [
              20.0259732,
              42.7153087
            ],
            [
              20.0264872,
              42.7154092
            ],
            [
              20.0272396,
              42.7157638
            ],
            [
              20.0273119,
              42.7158202
            ],
            [
              20.0277398,
              42.7163928
            ],
            [
              20.0277195,
              42.7175346
            ],
            [
              20.0301752,
              42.7183887
            ],
            [
              20.0309924,
              42.7187857
            ],
            [
              20.0311844,
              42.7189029
            ],
            [
              20.0315354,
              42.7192098
            ],
            [
              20.0316778,
              42.719446
            ],
            [
              20.0318454,
              42.7195472
            ],
            [
              20.0320348,
              42.7196958
            ],
            [
              20.0321332,
              42.7198717
            ],
            [
              20.0321856,
              42.7201272
            ],
            [
              20.0320428,
              42.7205949
            ],
            [
              20.0314224,
              42.7204465
            ],
            [
              20.0305824,
              42.7205577
            ],
            [
              20.0295798,
              42.7206204
            ],
            [
              20.0277742,
              42.7212761
            ],
            [
              20.0270487,
              42.7218249
            ],
            [
              20.0265052,
              42.7222651
            ],
            [
              20.025789,
              42.7225814
            ],
            [
              20.0251297,
              42.722474
            ],
            [
              20.024392,
              42.7223594
            ],
            [
              20.023289,
              42.7224625
            ],
            [
              20.0227692,
              42.7226029
            ],
            [
              20.0220562,
              42.722911
            ],
            [
              20.0213137,
              42.7233553
            ],
            [
              20.0204676,
              42.7240008
            ],
            [
              20.0197529,
              42.7242213
            ],
            [
              20.0192001,
              42.7246442
            ],
            [
              20.0189186,
              42.724531
            ],
            [
              20.0186374,
              42.7244083
            ],
            [
              20.0183965,
              42.7246434
            ],
            [
              20.0182933,
              42.7248903
            ],
            [
              20.0180922,
              42.7252356
            ],
            [
              20.0179347,
              42.7254663
            ],
            [
              20.0177763,
              42.7256125
            ],
            [
              20.0173415,
              42.7258989
            ],
            [
              20.0171131,
              42.7261012
            ],
            [
              20.0169344,
              42.7262738
            ],
            [
              20.0167295,
              42.7265108
            ],
            [
              20.016396,
              42.72682
            ],
            [
              20.0161922,
              42.7271322
            ],
            [
              20.0160683,
              42.7273663
            ],
            [
              20.0159717,
              42.7274739
            ],
            [
              20.0156477,
              42.727645
            ],
            [
              20.0153084,
              42.7279039
            ],
            [
              20.0149186,
              42.7283404
            ],
            [
              20.0146893,
              42.7287972
            ],
            [
              20.0145505,
              42.7293879
            ],
            [
              20.0146268,
              42.7293868
            ],
            [
              20.0147635,
              42.7297436
            ],
            [
              20.0152023,
              42.73052
            ],
            [
              20.0155193,
              42.7312398
            ],
            [
              20.0155828,
              42.7315336
            ],
            [
              20.0156465,
              42.7317948
            ],
            [
              20.015898,
              42.7324916
            ],
            [
              20.0159227,
              42.7326558
            ],
            [
              20.0159203,
              42.7328902
            ],
            [
              20.0158917,
              42.7330075
            ],
            [
              20.0157402,
              42.7332163
            ],
            [
              20.0158011,
              42.7334622
            ],
            [
              20.0160875,
              42.7339325
            ],
            [
              20.0160993,
              42.7340842
            ],
            [
              20.0160747,
              42.7343035
            ],
            [
              20.0160967,
              42.7346116
            ],
            [
              20.0162184,
              42.7348675
            ],
            [
              20.0162735,
              42.7351881
            ],
            [
              20.0155658,
              42.7365308
            ],
            [
              20.0151882,
              42.7372885
            ],
            [
              20.0151257,
              42.7380597
            ],
            [
              20.0149322,
              42.7391531
            ],
            [
              20.0146052,
              42.7402429
            ],
            [
              20.0142844,
              42.7407546
            ],
            [
              20.0142981,
              42.7408223
            ],
            [
              20.0148479,
              42.7418153
            ],
            [
              20.0150006,
              42.7420555
            ],
            [
              20.0152254,
              42.742537
            ],
            [
              20.015502,
              42.743147
            ],
            [
              20.0155883,
              42.7432936
            ],
            [
              20.015879,
              42.7435649
            ],
            [
              20.0165669,
              42.7446398
            ],
            [
              20.0168126,
              42.7444111
            ],
            [
              20.0170049,
              42.7443844
            ],
            [
              20.0174229,
              42.744401
            ],
            [
              20.0185529,
              42.744502
            ],
            [
              20.019104,
              42.7445633
            ],
            [
              20.0195958,
              42.7447784
            ],
            [
              20.0197944,
              42.7450801
            ],
            [
              20.0199036,
              42.745264
            ],
            [
              20.0197215,
              42.7460083
            ],
            [
              20.0202551,
              42.7471147
            ],
            [
              20.020167,
              42.7475265
            ],
            [
              20.0201184,
              42.7482727
            ],
            [
              20.0211812,
              42.750086
            ],
            [
              20.0222305,
              42.7509661
            ],
            [
              20.0232967,
              42.7518129
            ],
            [
              20.0233549,
              42.7522734
            ],
            [
              20.0236483,
              42.7528841
            ],
            [
              20.0233803,
              42.7535476
            ],
            [
              20.0230032,
              42.754383
            ],
            [
              20.0228319,
              42.7548893
            ],
            [
              20.0227037,
              42.7555043
            ],
            [
              20.0226652,
              42.7556174
            ],
            [
              20.0226555,
              42.7557139
            ],
            [
              20.0221292,
              42.7566615
            ],
            [
              20.0220421,
              42.7575193
            ],
            [
              20.0221447,
              42.7577618
            ],
            [
              20.0225174,
              42.7582217
            ],
            [
              20.0224006,
              42.7586213
            ],
            [
              20.0226474,
              42.7590635
            ],
            [
              20.0228054,
              42.7596556
            ],
            [
              20.0229649,
              42.760193
            ],
            [
              20.0230694,
              42.7603313
            ],
            [
              20.023721,
              42.7613798
            ],
            [
              20.0238918,
              42.761679
            ],
            [
              20.023974,
              42.7618764
            ],
            [
              20.0242655,
              42.7620852
            ],
            [
              20.0243104,
              42.7622223
            ],
            [
              20.0239274,
              42.7628427
            ],
            [
              20.0237322,
              42.763125
            ],
            [
              20.0241119,
              42.7637887
            ],
            [
              20.0244133,
              42.7646305
            ],
            [
              20.0246529,
              42.7651386
            ],
            [
              20.024691,
              42.765134
            ],
            [
              20.0250801,
              42.7650872
            ],
            [
              20.0254297,
              42.7650925
            ],
            [
              20.0261592,
              42.7650431
            ],
            [
              20.0274175,
              42.7653314
            ],
            [
              20.0279773,
              42.7654267
            ],
            [
              20.0291215,
              42.7656135
            ],
            [
              20.0300042,
              42.765896
            ],
            [
              20.0322872,
              42.7649104
            ],
            [
              20.032833,
              42.7652886
            ],
            [
              20.0331754,
              42.7666551
            ],
            [
              20.0332885,
              42.7682836
            ],
            [
              20.0333785,
              42.768885
            ],
            [
              20.0342818,
              42.7692647
            ],
            [
              20.035044,
              42.7695385
            ],
            [
              20.0360098,
              42.7699084
            ],
            [
              20.0368956,
              42.7701987
            ],
            [
              20.0379432,
              42.7706253
            ],
            [
              20.0380142,
              42.7712267
            ],
            [
              20.0387346,
              42.7721198
            ],
            [
              20.0398658,
              42.772767
            ],
            [
              20.0401949,
              42.7729365
            ],
            [
              20.0407126,
              42.7731814
            ],
            [
              20.0414177,
              42.7733471
            ],
            [
              20.0423149,
              42.7738737
            ],
            [
              20.0428998,
              42.7743447
            ],
            [
              20.0434286,
              42.7745732
            ],
            [
              20.0442308,
              42.7745669
            ],
            [
              20.0449949,
              42.7744923
            ],
            [
              20.0458507,
              42.7738552
            ],
            [
              20.0473435,
              42.7734915
            ],
            [
              20.0477644,
              42.7737867
            ],
            [
              20.04785,
              42.7738467
            ],
            [
              20.0483655,
              42.7743423
            ],
            [
              20.0486121,
              42.7742755
            ],
            [
              20.0490981,
              42.7748837
            ],
            [
              20.0493626,
              42.7750287
            ],
            [
              20.0497736,
              42.7752787
            ],
            [
              20.0501122,
              42.7756015
            ],
            [
              20.0498083,
              42.7757467
            ],
            [
              20.051047,
              42.7760789
            ],
            [
              20.0518364,
              42.7765574
            ],
            [
              20.0527784,
              42.7768782
            ],
            [
              20.0535167,
              42.7770695
            ],
            [
              20.0540909,
              42.7775623
            ],
            [
              20.054324,
              42.7776179
            ],
            [
              20.0547749,
              42.7777348
            ],
            [
              20.0552557,
              42.7777716
            ],
            [
              20.0561639,
              42.7779985
            ],
            [
              20.056965,
              42.7781986
            ],
            [
              20.0596575,
              42.7788616
            ],
            [
              20.0599471,
              42.7789438
            ],
            [
              20.0600544,
              42.7789862
            ],
            [
              20.060378,
              42.7790727
            ],
            [
              20.060783,
              42.7790358
            ],
            [
              20.061009,
              42.7790541
            ],
            [
              20.0614773,
              42.7788946
            ],
            [
              20.0622913,
              42.778553
            ],
            [
              20.0630434,
              42.7782306
            ],
            [
              20.0637745,
              42.7780127
            ],
            [
              20.0643351,
              42.7778616
            ],
            [
              20.0648295,
              42.7776694
            ],
            [
              20.0655983,
              42.777198
            ],
            [
              20.0657934,
              42.7770224
            ],
            [
              20.0660845,
              42.7767958
            ],
            [
              20.0664572,
              42.7765284
            ],
            [
              20.0667946,
              42.7762675
            ],
            [
              20.0671071,
              42.775807
            ],
            [
              20.0678198,
              42.7756765
            ],
            [
              20.0692582,
              42.775019
            ],
            [
              20.0693679,
              42.7749721
            ],
            [
              20.0699539,
              42.7749027
            ],
            [
              20.0706116,
              42.7749655
            ],
            [
              20.0718346,
              42.774805
            ],
            [
              20.0726995,
              42.7749924
            ],
            [
              20.07376,
              42.775001
            ],
            [
              20.0749468,
              42.7750311
            ],
            [
              20.0761118,
              42.7749771
            ],
            [
              20.0782964,
              42.7749537
            ],
            [
              20.078667,
              42.7749635
            ],
            [
              20.0799413,
              42.7750878
            ],
            [
              20.0807204,
              42.7749622
            ],
            [
              20.0809301,
              42.775023
            ],
            [
              20.0809695,
              42.7750109
            ],
            [
              20.0821124,
              42.7747737
            ],
            [
              20.0830979,
              42.7745741
            ],
            [
              20.0837804,
              42.7745315
            ],
            [
              20.0841104,
              42.7744215
            ],
            [
              20.0849229,
              42.7743129
            ],
            [
              20.0852485,
              42.7744571
            ],
            [
              20.0862967,
              42.7747035
            ],
            [
              20.0867758,
              42.7747499
            ],
            [
              20.0871543,
              42.7747034
            ],
            [
              20.0873336,
              42.7746907
            ],
            [
              20.0884861,
              42.7754748
            ],
            [
              20.0893236,
              42.7760937
            ],
            [
              20.0914244,
              42.7761886
            ],
            [
              20.0920726,
              42.7764002
            ],
            [
              20.0941766,
              42.7767232
            ],
            [
              20.0948437,
              42.7766338
            ],
            [
              20.0968528,
              42.7768172
            ],
            [
              20.0981912,
              42.7767055
            ],
            [
              20.1000194,
              42.7756852
            ],
            [
              20.1033393,
              42.7738197
            ],
            [
              20.1047877,
              42.773012
            ],
            [
              20.1037143,
              42.7700899
            ],
            [
              20.1043764,
              42.769819
            ],
            [
              20.1049187,
              42.7697931
            ],
            [
              20.1053172,
              42.7692398
            ],
            [
              20.105595,
              42.7687764
            ],
            [
              20.1122202,
              42.7652993
            ],
            [
              20.1135333,
              42.764915
            ],
            [
              20.1149879,
              42.7638709
            ],
            [
              20.1158633,
              42.7636518
            ],
            [
              20.1167314,
              42.7636612
            ],
            [
              20.1173738,
              42.7634798
            ],
            [
              20.1186195,
              42.7631644
            ],
            [
              20.1190985,
              42.762951
            ],
            [
              20.1194775,
              42.7622906
            ],
            [
              20.1198665,
              42.7622279
            ],
            [
              20.1205191,
              42.7622909
            ],
            [
              20.1206453,
              42.7626779
            ],
            [
              20.1209617,
              42.7627197
            ],
            [
              20.1215877,
              42.7627665
            ],
            [
              20.1223583,
              42.7627881
            ],
            [
              20.123101,
              42.762799
            ],
            [
              20.1240036,
              42.7625827
            ],
            [
              20.1257841,
              42.7626645
            ],
            [
              20.126366,
              42.76248
            ],
            [
              20.1266665,
              42.7623356
            ],
            [
              20.1269821,
              42.7618634
            ],
            [
              20.1272629,
              42.7616036
            ],
            [
              20.1276226,
              42.7612946
            ],
            [
              20.1280623,
              42.7611196
            ],
            [
              20.1286676,
              42.7613212
            ],
            [
              20.129167,
              42.7612122
            ],
            [
              20.129614,
              42.7610141
            ],
            [
              20.1313153,
              42.7604129
            ],
            [
              20.1316448,
              42.7603628
            ],
            [
              20.1321534,
              42.7602127
            ],
            [
              20.1325859,
              42.7600195
            ],
            [
              20.1343284,
              42.759563
            ],
            [
              20.1386514,
              42.7574922
            ],
            [
              20.1393276,
              42.7570901
            ],
            [
              20.1398422,
              42.7566074
            ],
            [
              20.1410383,
              42.7568667
            ],
            [
              20.1418533,
              42.7558049
            ],
            [
              20.142495,
              42.7557246
            ],
            [
              20.1425332,
              42.7557023
            ],
            [
              20.1436295,
              42.755221
            ],
            [
              20.1444559,
              42.7550802
            ],
            [
              20.1457296,
              42.7547302
            ],
            [
              20.146756,
              42.7546082
            ],
            [
              20.1485828,
              42.7618247
            ],
            [
              20.1488757,
              42.7633519
            ],
            [
              20.1549854,
              42.7684137
            ],
            [
              20.1586786,
              42.7657496
            ],
            [
              20.1656058,
              42.7625029
            ],
            [
              20.1676615,
              42.7617629
            ],
            [
              20.1687139,
              42.760806
            ],
            [
              20.1701508,
              42.7595945
            ],
            [
              20.1708581,
              42.7591004
            ],
            [
              20.1726794,
              42.7579038
            ],
            [
              20.1725822,
              42.7566113
            ],
            [
              20.1729839,
              42.7562651
            ],
            [
              20.1733593,
              42.7558454
            ],
            [
              20.1738254,
              42.7554575
            ],
            [
              20.1746577,
              42.7553215
            ],
            [
              20.1757709,
              42.7551542
            ],
            [
              20.1762131,
              42.7550822
            ],
            [
              20.177294,
              42.7548331
            ],
            [
              20.1797197,
              42.7542627
            ],
            [
              20.1802554,
              42.7534331
            ],
            [
              20.1827551,
              42.7536218
            ],
            [
              20.1856703,
              42.7505823
            ],
            [
              20.1886973,
              42.7474455
            ],
            [
              20.1897121,
              42.7463811
            ],
            [
              20.1900052,
              42.7462596
            ],
            [
              20.1904766,
              42.7460417
            ],
            [
              20.1911699,
              42.7452833
            ],
            [
              20.1915907,
              42.746174
            ],
            [
              20.191745,
              42.746435
            ],
            [
              20.1926054,
              42.7474717
            ],
            [
              20.1938409,
              42.7487609
            ],
            [
              20.19414,
              42.7489749
            ],
            [
              20.1955995,
              42.7500653
            ],
            [
              20.1957526,
              42.7502059
            ],
            [
              20.1957302,
              42.7504264
            ],
            [
              20.1970605,
              42.75012
            ],
            [
              20.1975828,
              42.7501028
            ],
            [
              20.1988904,
              42.7500395
            ],
            [
              20.2009094,
              42.7501943
            ],
            [
              20.2016259,
              42.7504126
            ],
            [
              20.2025249,
              42.7501382
            ],
            [
              20.2029026,
              42.7498958
            ],
            [
              20.2033546,
              42.7499094
            ],
            [
              20.203773,
              42.7496964
            ],
            [
              20.2038999,
              42.7497187
            ],
            [
              20.2042057,
              42.7496193
            ],
            [
              20.2047268,
              42.7494996
            ],
            [
              20.2059143,
              42.7493639
            ],
            [
              20.2064345,
              42.7490271
            ],
            [
              20.2070233,
              42.748901
            ],
            [
              20.2072872,
              42.7487233
            ],
            [
              20.2079394,
              42.748482
            ],
            [
              20.2082879,
              42.7482217
            ],
            [
              20.2087491,
              42.7481449
            ],
            [
              20.2095455,
              42.7477144
            ],
            [
              20.2095937,
              42.74759
            ],
            [
              20.2097094,
              42.7474507
            ],
            [
              20.209981,
              42.7473686
            ],
            [
              20.2101901,
              42.7469673
            ],
            [
              20.2114364,
              42.7467518
            ],
            [
              20.2117843,
              42.7466317
            ],
            [
              20.2122795,
              42.7464366
            ],
            [
              20.2127223,
              42.7462477
            ],
            [
              20.2128057,
              42.7463211
            ],
            [
              20.212855,
              42.746227
            ],
            [
              20.2129928,
              42.7466816
            ],
            [
              20.2131467,
              42.7469203
            ],
            [
              20.2130218,
              42.7470936
            ],
            [
              20.2128232,
              42.7471296
            ],
            [
              20.2127381,
              42.7472776
            ],
            [
              20.2128491,
              42.7474311
            ],
            [
              20.2127521,
              42.7477888
            ],
            [
              20.2128982,
              42.7482894
            ],
            [
              20.2132231,
              42.7487363
            ],
            [
              20.2138089,
              42.7488989
            ],
            [
              20.2142956,
              42.7491288
            ],
            [
              20.2146262,
              42.7491499
            ],
            [
              20.2148658,
              42.749061
            ],
            [
              20.2151643,
              42.7491735
            ],
            [
              20.2154436,
              42.7491989
            ],
            [
              20.2158165,
              42.7495205
            ],
            [
              20.216132,
              42.7496644
            ],
            [
              20.2162322,
              42.7497619
            ],
            [
              20.2164584,
              42.7497873
            ],
            [
              20.2166909,
              42.7500425
            ],
            [
              20.2170539,
              42.7502669
            ],
            [
              20.2171104,
              42.750361
            ],
            [
              20.2171543,
              42.7503784
            ],
            [
              20.2173833,
              42.7503323
            ],
            [
              20.2174898,
              42.750513
            ],
            [
              20.2179684,
              42.7507056
            ],
            [
              20.2183356,
              42.7509369
            ],
            [
              20.218369,
              42.7510559
            ],
            [
              20.2187339,
              42.7512595
            ],
            [
              20.2187602,
              42.7513776
            ],
            [
              20.2191982,
              42.7514727
            ],
            [
              20.2194855,
              42.7516196
            ],
            [
              20.2195764,
              42.7517394
            ],
            [
              20.2197876,
              42.7518667
            ],
            [
              20.220334,
              42.7519795
            ],
            [
              20.2210513,
              42.7523116
            ],
            [
              20.2212339,
              42.7523316
            ],
            [
              20.2213114,
              42.7524052
            ],
            [
              20.2214932,
              42.7524694
            ],
            [
              20.2216883,
              42.7526091
            ],
            [
              20.2219139,
              42.7526294
            ],
            [
              20.2223566,
              42.7525999
            ],
            [
              20.2230678,
              42.7528519
            ],
            [
              20.2235635,
              42.7529985
            ],
            [
              20.2240586,
              42.7531212
            ],
            [
              20.2246579,
              42.7530978
            ],
            [
              20.224848,
              42.7530701
            ],
            [
              20.2251658,
              42.7531522
            ],
            [
              20.2257326,
              42.7531084
            ],
            [
              20.2259223,
              42.7531284
            ],
            [
              20.2262029,
              42.7530656
            ],
            [
              20.2268625,
              42.7530138
            ],
            [
              20.2270824,
              42.7530221
            ],
            [
              20.2272442,
              42.7530471
            ],
            [
              20.2272399,
              42.7530163
            ],
            [
              20.2271751,
              42.753012
            ],
            [
              20.2274158,
              42.7529772
            ],
            [
              20.2287081,
              42.7528806
            ],
            [
              20.2298315,
              42.7528307
            ],
            [
              20.2304461,
              42.7526666
            ],
            [
              20.2331701,
              42.7525187
            ],
            [
              20.2343223,
              42.7527472
            ],
            [
              20.2351873,
              42.7538808
            ],
            [
              20.2356775,
              42.7547733
            ],
            [
              20.2360742,
              42.7558271
            ],
            [
              20.2362332,
              42.7565074
            ],
            [
              20.236773,
              42.7568505
            ],
            [
              20.2390104,
              42.7569778
            ],
            [
              20.2409065,
              42.7570117
            ],
            [
              20.2429512,
              42.7575455
            ],
            [
              20.2442033,
              42.7578894
            ],
            [
              20.2458719,
              42.7583315
            ],
            [
              20.2504346,
              42.7591703
            ],
            [
              20.2507088,
              42.7599165
            ],
            [
              20.2523878,
              42.764667
            ],
            [
              20.2533168,
              42.7672002
            ],
            [
              20.2546498,
              42.7680426
            ],
            [
              20.2550513,
              42.7692353
            ],
            [
              20.2558133,
              42.7696159
            ],
            [
              20.2553706,
              42.7700128
            ],
            [
              20.2563735,
              42.7705761
            ],
            [
              20.2572615,
              42.7708933
            ],
            [
              20.2583388,
              42.7711447
            ],
            [
              20.2586334,
              42.7720873
            ],
            [
              20.2592101,
              42.7728935
            ],
            [
              20.2598179,
              42.7734625
            ],
            [
              20.26057,
              42.7747866
            ],
            [
              20.2608455,
              42.7749364
            ],
            [
              20.2614753,
              42.7752975
            ],
            [
              20.2621006,
              42.7754699
            ],
            [
              20.2630253,
              42.7756827
            ],
            [
              20.2638334,
              42.7760373
            ],
            [
              20.2646919,
              42.7767494
            ],
            [
              20.2650247,
              42.7771955
            ],
            [
              20.266041,
              42.7782933
            ],
            [
              20.2662366,
              42.7790009
            ],
            [
              20.266324,
              42.7792761
            ],
            [
              20.2663496,
              42.7793568
            ],
            [
              20.2663144,
              42.7794026
            ],
            [
              20.2662863,
              42.779482
            ],
            [
              20.2652716,
              42.7828765
            ],
            [
              20.2638184,
              42.7876679
            ],
            [
              20.2635569,
              42.7885545
            ],
            [
              20.2634529,
              42.7888528
            ],
            [
              20.2632541,
              42.7905766
            ],
            [
              20.2628169,
              42.7941808
            ],
            [
              20.2623102,
              42.7982952
            ],
            [
              20.262424,
              42.7997118
            ],
            [
              20.2625671,
              42.8016186
            ],
            [
              20.262773,
              42.8041695
            ],
            [
              20.2595613,
              42.8044892
            ],
            [
              20.2583259,
              42.8048192
            ],
            [
              20.2578537,
              42.8052079
            ],
            [
              20.2566031,
              42.8062226
            ],
            [
              20.2564851,
              42.8064106
            ],
            [
              20.2556521,
              42.8070323
            ],
            [
              20.2552981,
              42.8073949
            ],
            [
              20.2545921,
              42.8086547
            ],
            [
              20.2541453,
              42.8092832
            ],
            [
              20.2540214,
              42.8095264
            ],
            [
              20.2537559,
              42.8099159
            ],
            [
              20.2532294,
              42.810273
            ],
            [
              20.2523593,
              42.8107428
            ],
            [
              20.2527948,
              42.8111076
            ],
            [
              20.2532165,
              42.8114098
            ],
            [
              20.2536223,
              42.8119979
            ],
            [
              20.2537131,
              42.8121498
            ],
            [
              20.2539454,
              42.8125834
            ],
            [
              20.2543419,
              42.8131257
            ],
            [
              20.2545839,
              42.8137327
            ],
            [
              20.2547645,
              42.8140132
            ],
            [
              20.2549508,
              42.8143745
            ],
            [
              20.2551684,
              42.8144846
            ],
            [
              20.2555137,
              42.8146167
            ],
            [
              20.256007,
              42.8147203
            ],
            [
              20.2567043,
              42.8148289
            ],
            [
              20.2570294,
              42.8149798
            ],
            [
              20.257649,
              42.8152393
            ],
            [
              20.257911,
              42.8152158
            ],
            [
              20.2585006,
              42.8152531
            ],
            [
              20.2590703,
              42.8149508
            ],
            [
              20.2595768,
              42.8146614
            ],
            [
              20.2600542,
              42.8148268
            ],
            [
              20.2605137,
              42.8146926
            ],
            [
              20.2611568,
              42.8148327
            ],
            [
              20.2618012,
              42.8149564
            ],
            [
              20.262226,
              42.8152248
            ],
            [
              20.2625823,
              42.8154179
            ],
            [
              20.2630875,
              42.8155235
            ],
            [
              20.2635861,
              42.8157165
            ],
            [
              20.2639712,
              42.8156942
            ],
            [
              20.2642566,
              42.8158054
            ],
            [
              20.2649246,
              42.8160138
            ],
            [
              20.2654373,
              42.8161782
            ],
            [
              20.2657342,
              42.8163075
            ],
            [
              20.265869,
              42.8168589
            ],
            [
              20.2663306,
              42.8173611
            ],
            [
              20.2671809,
              42.8177617
            ],
            [
              20.2674644,
              42.8179269
            ],
            [
              20.2676239,
              42.8179619
            ],
            [
              20.2685539,
              42.8181898
            ],
            [
              20.2692028,
              42.8182772
            ],
            [
              20.2698585,
              42.8182996
            ],
            [
              20.2710508,
              42.8188824
            ],
            [
              20.2713006,
              42.8189974
            ],
            [
              20.2717688,
              42.819143
            ],
            [
              20.2726685,
              42.8195909
            ],
            [
              20.2734635,
              42.8198142
            ],
            [
              20.2737623,
              42.8199444
            ],
            [
              20.2744474,
              42.820445
            ],
            [
              20.2748415,
              42.8210431
            ],
            [
              20.275156,
              42.8213873
            ],
            [
              20.2759639,
              42.8217845
            ],
            [
              20.2760787,
              42.8223883
            ],
            [
              20.2756059,
              42.8230817
            ],
            [
              20.2750918,
              42.8235562
            ],
            [
              20.2757932,
              42.8243487
            ],
            [
              20.2751643,
              42.8255027
            ],
            [
              20.2778909,
              42.8281902
            ],
            [
              20.2786831,
              42.8289794
            ],
            [
              20.2790114,
              42.8293161
            ],
            [
              20.2796656,
              42.8295649
            ],
            [
              20.2799023,
              42.829693
            ],
            [
              20.2801279,
              42.8298311
            ],
            [
              20.280093,
              42.8299706
            ],
            [
              20.2805975,
              42.8303726
            ],
            [
              20.2811258,
              42.8306821
            ],
            [
              20.2813769,
              42.8303816
            ],
            [
              20.281635,
              42.8304315
            ],
            [
              20.2823636,
              42.8299562
            ],
            [
              20.2827321,
              42.8298513
            ],
            [
              20.2829229,
              42.8294892
            ],
            [
              20.2833492,
              42.8288075
            ],
            [
              20.2838272,
              42.8284025
            ],
            [
              20.2841735,
              42.8279543
            ],
            [
              20.2846007,
              42.8275598
            ],
            [
              20.2851178,
              42.8271946
            ],
            [
              20.2852455,
              42.8269282
            ],
            [
              20.2854122,
              42.8261728
            ],
            [
              20.2858673,
              42.826028
            ],
            [
              20.2873305,
              42.8261384
            ],
            [
              20.288218,
              42.8259971
            ],
            [
              20.2888367,
              42.8256769
            ],
            [
              20.2903106,
              42.8255303
            ],
            [
              20.2923893,
              42.8252786
            ],
            [
              20.2928499,
              42.825358
            ],
            [
              20.2938722,
              42.8255193
            ],
            [
              20.2937655,
              42.8267459
            ],
            [
              20.2937787,
              42.8278898
            ],
            [
              20.2956092,
              42.8314806
            ],
            [
              20.2961032,
              42.8319606
            ],
            [
              20.2968423,
              42.8326665
            ],
            [
              20.2971736,
              42.8337901
            ],
            [
              20.2974625,
              42.8344208
            ],
            [
              20.2980157,
              42.8350747
            ],
            [
              20.2980064,
              42.836205
            ],
            [
              20.3007137,
              42.836265
            ],
            [
              20.3016765,
              42.8363294
            ],
            [
              20.3029803,
              42.8362768
            ],
            [
              20.3047949,
              42.8358914
            ],
            [
              20.3054498,
              42.8356608
            ],
            [
              20.3062861,
              42.8355829
            ],
            [
              20.3069627,
              42.8357156
            ],
            [
              20.3076968,
              42.8357389
            ],
            [
              20.3083725,
              42.8358193
            ],
            [
              20.308811,
              42.8359766
            ],
            [
              20.3092518,
              42.8355973
            ],
            [
              20.3097612,
              42.8355133
            ],
            [
              20.3105174,
              42.8357328
            ],
            [
              20.3107816,
              42.8360029
            ],
            [
              20.3114573,
              42.8361014
            ],
            [
              20.3124679,
              42.8360134
            ],
            [
              20.3155571,
              42.8360444
            ],
            [
              20.3162435,
              42.8343031
            ],
            [
              20.3162948,
              42.8339635
            ],
            [
              20.316301,
              42.8333917
            ],
            [
              20.3162385,
              42.8318221
            ],
            [
              20.3163201,
              42.8310894
            ],
            [
              20.3166405,
              42.8291336
            ],
            [
              20.3174081,
              42.8286499
            ],
            [
              20.3196363,
              42.8281159
            ],
            [
              20.3200874,
              42.8262051
            ],
            [
              20.3278195,
              42.8333772
            ],
            [
              20.328658,
              42.8335649
            ],
            [
              20.3299591,
              42.8334384
            ],
            [
              20.3315036,
              42.8337229
            ],
            [
              20.332904,
              42.8346913
            ],
            [
              20.3340011,
              42.8351241
            ],
            [
              20.3350906,
              42.8358639
            ],
            [
              20.3372321,
              42.835807
            ],
            [
              20.3388,
              42.8359937
            ],
            [
              20.3399562,
              42.8361852
            ],
            [
              20.341095,
              42.8353316
            ],
            [
              20.3415604,
              42.834271
            ],
            [
              20.3435482,
              42.833135
            ],
            [
              20.3467002,
              42.8330206
            ],
            [
              20.3480319,
              42.8327813
            ],
            [
              20.3489412,
              42.8326597
            ],
            [
              20.3493727,
              42.8326192
            ],
            [
              20.3506957,
              42.8329096
            ],
            [
              20.3529276,
              42.8333801
            ]
          ]
        ]
      },
      "properties": {
        "name": "Parku Kombëtar \"Bjeshkët e Nemuna\"",
        "category": "parqe",
        "categoryLabel": "Park kombëtar",
        "location": "Kosovë",
        "countryCodes": [
          "XK"
        ],
        "summary": "Parku Kombëtar i Bjeshkëve të Nemuna është një park kombëtar i cili ndodhet në perëndim të Kosovës, më konkretisht ai shtrihet në Rajoni i Pejës dhe Rajoni i Gjakovës. Parku përfshin një sipërfaqe prej rreth 63,028 hektarësh ndërsa u themelua me qëllim të mbrojtjes së ekosistemit, biodiversitetit si dhe…",
        "details": [
          "Parku Kombëtar i Bjeshkëve të Nemuna është një park kombëtar i cili ndodhet në perëndim të Kosovës, më konkretisht ai shtrihet në Rajoni i Pejës dhe Rajoni i Gjakovës. Parku përfshin një sipërfaqe prej rreth 63,028 hektarësh ndërsa u themelua me qëllim të mbrojtjes së ekosistemit, biodiversitetit si dhe trashëgimisë kulturore e historike të kësaj pjese të Bjeshkëve të Nemuna."
        ],
        "mapNote": "Sipërfaqja bashkon anët e jashtme dhe përjashton vrimat e relation në OpenStreetMap.",
        "geometryType": "Polygon",
        "sources": [
          {
            "label": "OpenStreetMap",
            "url": "https://www.openstreetmap.org/relation/7458650"
          },
          {
            "label": "Wikidata",
            "url": "https://www.wikidata.org/wiki/Q26928875"
          },
          {
            "label": "Wikipedia (sq)",
            "url": "https://sq.wikipedia.org/wiki/Parku_Komb%C3%ABtar_Bjeshk%C3%ABt_e_Nemuna"
          }
        ],
        "osm": {
          "type": "relation",
          "id": 7458650,
          "tags": {
            "boundary": "national_park",
            "wikidata": "Q26928875"
          }
        },
        "wikipediaAttribution": "Përmbledhje nga Wikipedia (sq); shiko licencën dhe autorët në artikull.",
        "image": {
          "url": "https://thumb.wikimedia.org/wikipedia/commons/thumb/9/98/Parku_Komb%C3%ABtar_Bjeshk%C3%ABt_Nemuna%2C_Liqeni_i_madh_ne_Liqenat%2C_Rugove.jpg/1280px-Parku_Komb%C3%ABtar_Bjeshk%C3%ABt_Nemuna%2C_Liqeni_i_madh_ne_Liqenat%2C_Rugove.jpg?utm_source=commons.wikimedia.org&utm_campaign=imageinfo&utm_content=thumbnail",
          "source": "https://commons.wikimedia.org/wiki/File:Parku_Komb%C3%ABtar_Bjeshk%C3%ABt_Nemuna,_Liqeni_i_madh_ne_Liqenat,_Rugove.jpg",
          "credit": "Gashi Bujar",
          "license": "CC BY-SA 4.0",
          "licenseUrl": "https://creativecommons.org/licenses/by-sa/4.0",
          "alt": "Parku Kombëtar \"Bjeshkët e Nemuna\""
        }
      }
    },
    {
      "type": "Feature",
      "id": "osm-relation-19370005",
      "geometry": {
        "type": "Polygon",
        "coordinates": [
          [
            [
              19.5228878,
              42.3440765
            ],
            [
              19.5235255,
              42.345345
            ],
            [
              19.5235548,
              42.3466867
            ],
            [
              19.5242416,
              42.348451
            ],
            [
              19.524213,
              42.3522675
            ],
            [
              19.523761,
              42.353432
            ],
            [
              19.5248947,
              42.3542568
            ],
            [
              19.5263114,
              42.3554363
            ],
            [
              19.529696,
              42.3586305
            ],
            [
              19.5306395,
              42.3598129
            ],
            [
              19.5307359,
              42.3608854
            ],
            [
              19.5306343,
              42.3626395
            ],
            [
              19.5303026,
              42.3638506
            ],
            [
              19.5302797,
              42.3648315
            ],
            [
              19.5309565,
              42.3670457
            ],
            [
              19.5334595,
              42.3737304
            ],
            [
              19.5333498,
              42.3758355
            ],
            [
              19.5334512,
              42.376692
            ],
            [
              19.5347707,
              42.377384
            ],
            [
              19.537417,
              42.3784531
            ],
            [
              19.5411397,
              42.3797068
            ],
            [
              19.543377,
              42.3800953
            ],
            [
              19.544028,
              42.3808238
            ],
            [
              19.5441317,
              42.3815903
            ],
            [
              19.5436943,
              42.3821248
            ],
            [
              19.5407458,
              42.3836087
            ],
            [
              19.5387743,
              42.3848439
            ],
            [
              19.5364549,
              42.3858945
            ],
            [
              19.5327588,
              42.3881788
            ],
            [
              19.5312219,
              42.3895095
            ],
            [
              19.5312041,
              42.3902744
            ],
            [
              19.5315362,
              42.3911339
            ],
            [
              19.5323714,
              42.3917747
            ],
            [
              19.534116,
              42.3924722
            ],
            [
              19.5383556,
              42.395038
            ],
            [
              19.5411817,
              42.3962442
            ],
            [
              19.5430418,
              42.3972131
            ],
            [
              19.5452563,
              42.3980875
            ],
            [
              19.5500047,
              42.4002181
            ],
            [
              19.5573276,
              42.4029122
            ],
            [
              19.5636876,
              42.4057827
            ],
            [
              19.567473,
              42.4075765
            ],
            [
              19.5693712,
              42.4090405
            ],
            [
              19.5744542,
              42.4125607
            ],
            [
              19.5759224,
              42.4142443
            ],
            [
              19.5767987,
              42.4157856
            ],
            [
              19.5771986,
              42.4169068
            ],
            [
              19.5773937,
              42.4190247
            ],
            [
              19.5768043,
              42.4209079
            ],
            [
              19.5768296,
              42.4224745
            ],
            [
              19.577459,
              42.4241927
            ],
            [
              19.5785774,
              42.425782
            ],
            [
              19.5795837,
              42.4269557
            ],
            [
              19.580597,
              42.4278235
            ],
            [
              19.5816416,
              42.4294568
            ],
            [
              19.5830601,
              42.4312207
            ],
            [
              19.5844824,
              42.4328137
            ],
            [
              19.5864283,
              42.4354483
            ],
            [
              19.5868902,
              42.4365253
            ],
            [
              19.5872851,
              42.4378804
            ],
            [
              19.5894603,
              42.4405989
            ],
            [
              19.5915362,
              42.4428749
            ],
            [
              19.5935063,
              42.446626
            ],
            [
              19.5959182,
              42.4502024
            ],
            [
              19.5939131,
              42.4501778
            ],
            [
              19.5922358,
              42.4496261
            ],
            [
              19.5907198,
              42.4494724
            ],
            [
              19.5889428,
              42.4501167
            ],
            [
              19.5871109,
              42.4504992
            ],
            [
              19.583933,
              42.4518103
            ],
            [
              19.5834408,
              42.4520742
            ],
            [
              19.582338,
              42.4524657
            ],
            [
              19.5813658,
              42.4524537
            ],
            [
              19.5795075,
              42.4518455
            ],
            [
              19.5777505,
              42.4515987
            ],
            [
              19.5734445,
              42.4517252
            ],
            [
              19.5711922,
              42.4518772
            ],
            [
              19.5675689,
              42.4513818
            ],
            [
              19.5664093,
              42.4515924
            ],
            [
              19.5652466,
              42.4519379
            ],
            [
              19.5618006,
              42.4537851
            ],
            [
              19.558198,
              42.4550361
            ],
            [
              19.5562287,
              42.4560916
            ],
            [
              19.5545239,
              42.4567452
            ],
            [
              19.5519068,
              42.4568922
            ],
            [
              19.5465087,
              42.4569139
            ],
            [
              19.5446773,
              42.4572507
            ],
            [
              19.5425439,
              42.4580338
            ],
            [
              19.5395927,
              42.4594726
            ],
            [
              19.5359231,
              42.4609561
            ],
            [
              19.5334041,
              42.4621535
            ],
            [
              19.5340927,
              42.4637359
            ],
            [
              19.5361919,
              42.4645513
            ],
            [
              19.5369044,
              42.4652806
            ],
            [
              19.5374891,
              42.4662783
            ],
            [
              19.5374988,
              42.4684749
            ],
            [
              19.5381139,
              42.4707782
            ],
            [
              19.539883,
              42.4737672
            ],
            [
              19.5406574,
              42.4749188
            ],
            [
              19.5412319,
              42.475265
            ],
            [
              19.5418796,
              42.4761734
            ],
            [
              19.5450226,
              42.479085
            ],
            [
              19.5463151,
              42.4810368
            ],
            [
              19.5471865,
              42.4827943
            ],
            [
              19.5477757,
              42.4836119
            ],
            [
              19.5481248,
              42.4842915
            ],
            [
              19.5479164,
              42.4854141
            ],
            [
              19.5483153,
              42.4860493
            ],
            [
              19.5491643,
              42.4861501
            ],
            [
              19.5502524,
              42.4864339
            ],
            [
              19.551218,
              42.4867522
            ],
            [
              19.5513795,
              42.4869513
            ],
            [
              19.552283,
              42.4869299
            ],
            [
              19.5526389,
              42.487144
            ],
            [
              19.5534852,
              42.4884499
            ],
            [
              19.5547516,
              42.4897171
            ],
            [
              19.5561486,
              42.4917347
            ],
            [
              19.5574789,
              42.4932943
            ],
            [
              19.5586065,
              42.494925
            ],
            [
              19.5601777,
              42.4977981
            ],
            [
              19.5611394,
              42.498971
            ],
            [
              19.5611824,
              42.4992949
            ],
            [
              19.5613694,
              42.4995725
            ],
            [
              19.5626883,
              42.5007193
            ],
            [
              19.5626816,
              42.5010127
            ],
            [
              19.5628682,
              42.5012812
            ],
            [
              19.5626206,
              42.5036748
            ],
            [
              19.561945,
              42.5137546
            ],
            [
              19.5632457,
              42.5145846
            ],
            [
              19.5857757,
              42.5242663
            ],
            [
              19.5901402,
              42.5259787
            ],
            [
              19.5918018,
              42.5267057
            ],
            [
              19.6014983,
              42.5303569
            ],
            [
              19.6026498,
              42.5309929
            ],
            [
              19.603257,
              42.5315509
            ],
            [
              19.6041256,
              42.5328876
            ],
            [
              19.6050254,
              42.534874
            ],
            [
              19.6056733,
              42.5351232
            ],
            [
              19.6075018,
              42.5356195
            ],
            [
              19.6074307,
              42.5359057
            ],
            [
              19.6064044,
              42.5370069
            ],
            [
              19.6054034,
              42.5379178
            ],
            [
              19.6094992,
              42.5391575
            ],
            [
              19.6113275,
              42.5393021
            ],
            [
              19.6124391,
              42.5395454
            ],
            [
              19.6145254,
              42.5406878
            ],
            [
              19.6174262,
              42.542569
            ],
            [
              19.6174452,
              42.5426401
            ],
            [
              19.6163928,
              42.5431758
            ],
            [
              19.6153167,
              42.5440466
            ],
            [
              19.6148826,
              42.544638
            ],
            [
              19.6150879,
              42.5454675
            ],
            [
              19.6158944,
              42.5469672
            ],
            [
              19.616097,
              42.5477653
            ],
            [
              19.6158446,
              42.5483738
            ],
            [
              19.6147634,
              42.5495011
            ],
            [
              19.614628,
              42.550246
            ],
            [
              19.6146312,
              42.5515728
            ],
            [
              19.6141403,
              42.5528784
            ],
            [
              19.6137324,
              42.5536047
            ],
            [
              19.6119136,
              42.5598868
            ],
            [
              19.6107916,
              42.5608141
            ],
            [
              19.6101996,
              42.5615741
            ],
            [
              19.6098998,
              42.5623326
            ],
            [
              19.6097032,
              42.5639395
            ],
            [
              19.610725,
              42.5655157
            ],
            [
              19.6113257,
              42.5670406
            ],
            [
              19.6115029,
              42.5678967
            ],
            [
              19.6119939,
              42.5691307
            ],
            [
              19.6119932,
              42.5701354
            ],
            [
              19.6116074,
              42.5709759
            ],
            [
              19.6100708,
              42.5736311
            ],
            [
              19.6099655,
              42.5745016
            ],
            [
              19.6101108,
              42.5755243
            ],
            [
              19.6129033,
              42.5783864
            ],
            [
              19.6156505,
              42.5807788
            ],
            [
              19.6196573,
              42.5853247
            ],
            [
              19.6216583,
              42.5868664
            ],
            [
              19.6229393,
              42.5880406
            ],
            [
              19.6247734,
              42.5899079
            ],
            [
              19.6256819,
              42.5906811
            ],
            [
              19.6275238,
              42.5926841
            ],
            [
              19.6276907,
              42.5929914
            ],
            [
              19.6272976,
              42.593325
            ],
            [
              19.6336743,
              42.5983232
            ],
            [
              19.6350461,
              42.5995277
            ],
            [
              19.6369031,
              42.6009691
            ],
            [
              19.6384767,
              42.6027317
            ],
            [
              19.6422158,
              42.6064191
            ],
            [
              19.6443359,
              42.6087004
            ],
            [
              19.6500744,
              42.6145349
            ],
            [
              19.6603659,
              42.6262242
            ],
            [
              19.6614009,
              42.6272637
            ],
            [
              19.6621121,
              42.6282541
            ],
            [
              19.6627561,
              42.628705
            ],
            [
              19.6647306,
              42.6296893
            ],
            [
              19.6672165,
              42.6313876
            ],
            [
              19.6677203,
              42.6312656
            ],
            [
              19.6708369,
              42.6300717
            ],
            [
              19.6722051,
              42.6296245
            ],
            [
              19.6729288,
              42.6290981
            ],
            [
              19.6736887,
              42.6283862
            ],
            [
              19.6771743,
              42.6279588
            ],
            [
              19.6795477,
              42.6281396
            ],
            [
              19.6798908,
              42.6282635
            ],
            [
              19.6815396,
              42.6302522
            ],
            [
              19.6832446,
              42.6314934
            ],
            [
              19.6839959,
              42.6329947
            ],
            [
              19.6846263,
              42.6334819
            ],
            [
              19.6850645,
              42.6340946
            ],
            [
              19.6854412,
              42.6350365
            ],
            [
              19.6861562,
              42.6358547
            ],
            [
              19.686341,
              42.6362543
            ],
            [
              19.6863036,
              42.6375642
            ],
            [
              19.6867085,
              42.6386189
            ],
            [
              19.6869654,
              42.6390396
            ],
            [
              19.6880357,
              42.6384368
            ],
            [
              19.6890606,
              42.6380585
            ],
            [
              19.6899716,
              42.6379742
            ],
            [
              19.6913245,
              42.6389272
            ],
            [
              19.6932089,
              42.6400199
            ],
            [
              19.6940965,
              42.6413426
            ],
            [
              19.6948754,
              42.641576
            ],
            [
              19.6964266,
              42.6418037
            ],
            [
              19.6970836,
              42.6419987
            ],
            [
              19.6978548,
              42.64257
            ],
            [
              19.698519,
              42.6433951
            ],
            [
              19.6990205,
              42.6442048
            ],
            [
              19.6991837,
              42.6446717
            ],
            [
              19.6999565,
              42.6450236
            ],
            [
              19.7002122,
              42.6473334
            ],
            [
              19.6990354,
              42.6484436
            ],
            [
              19.6988282,
              42.648987
            ],
            [
              19.698856,
              42.6497417
            ],
            [
              19.6994021,
              42.6506948
            ],
            [
              19.6999796,
              42.6511829
            ],
            [
              19.701581,
              42.6516938
            ],
            [
              19.703026,
              42.6523361
            ],
            [
              19.7034774,
              42.6526141
            ],
            [
              19.7038139,
              42.6531797
            ],
            [
              19.7039812,
              42.6556052
            ],
            [
              19.7042205,
              42.6558895
            ],
            [
              19.7052563,
              42.6552752
            ],
            [
              19.7060083,
              42.6547059
            ],
            [
              19.7066394,
              42.654713
            ],
            [
              19.7080484,
              42.6550018
            ],
            [
              19.7093894,
              42.6554182
            ],
            [
              19.710776,
              42.6557388
            ],
            [
              19.7121234,
              42.6558503
            ],
            [
              19.7133258,
              42.6561528
            ],
            [
              19.7142504,
              42.6567089
            ],
            [
              19.7143842,
              42.6576092
            ],
            [
              19.7178952,
              42.6583709
            ],
            [
              19.7199358,
              42.6597099
            ],
            [
              19.7214883,
              42.6601563
            ],
            [
              19.7225254,
              42.6605371
            ],
            [
              19.7235148,
              42.6611259
            ],
            [
              19.7240814,
              42.6611001
            ],
            [
              19.7255703,
              42.6606833
            ],
            [
              19.7262678,
              42.6606429
            ],
            [
              19.7274468,
              42.6612428
            ],
            [
              19.7275789,
              42.6605256
            ],
            [
              19.7279168,
              42.6600792
            ],
            [
              19.7330286,
              42.6569717
            ],
            [
              19.7342344,
              42.6548015
            ],
            [
              19.7351468,
              42.6536191
            ],
            [
              19.7349884,
              42.6519755
            ],
            [
              19.735188,
              42.6511211
            ],
            [
              19.7361893,
              42.6500404
            ],
            [
              19.7371346,
              42.6483544
            ],
            [
              19.7372695,
              42.6473145
            ],
            [
              19.7377036,
              42.6463685
            ],
            [
              19.7377814,
              42.645899
            ],
            [
              19.7373457,
              42.6437947
            ],
            [
              19.7379306,
              42.6430285
            ],
            [
              19.7383042,
              42.6427024
            ],
            [
              19.7409139,
              42.6420425
            ],
            [
              19.7427715,
              42.6414078
            ],
            [
              19.7462654,
              42.6409423
            ],
            [
              19.7484536,
              42.6408145
            ],
            [
              19.7499951,
              42.6403101
            ],
            [
              19.7513809,
              42.6400767
            ],
            [
              19.752639,
              42.639494
            ],
            [
              19.7553313,
              42.6379329
            ],
            [
              19.7560197,
              42.6371949
            ],
            [
              19.7567308,
              42.6353141
            ],
            [
              19.7572206,
              42.6344
            ],
            [
              19.757232,
              42.6338286
            ],
            [
              19.7542671,
              42.6321811
            ],
            [
              19.7520312,
              42.631138
            ],
            [
              19.7507755,
              42.6299315
            ],
            [
              19.7496951,
              42.628379
            ],
            [
              19.7497135,
              42.6274598
            ],
            [
              19.7500466,
              42.6260561
            ],
            [
              19.7501695,
              42.6249641
            ],
            [
              19.7509143,
              42.6230837
            ],
            [
              19.7519557,
              42.6215295
            ],
            [
              19.7531604,
              42.6202256
            ],
            [
              19.7535139,
              42.6193846
            ],
            [
              19.7516413,
              42.6141018
            ],
            [
              19.7517191,
              42.6135808
            ],
            [
              19.7540588,
              42.6127614
            ],
            [
              19.7558192,
              42.6122836
            ],
            [
              19.7569064,
              42.6117984
            ],
            [
              19.7603994,
              42.6105441
            ],
            [
              19.7608616,
              42.6079887
            ],
            [
              19.7611847,
              42.6069733
            ],
            [
              19.7617093,
              42.605985
            ],
            [
              19.7629491,
              42.604582
            ],
            [
              19.7654404,
              42.6011797
            ],
            [
              19.7667096,
              42.5991077
            ],
            [
              19.7674316,
              42.5983451
            ],
            [
              19.7685536,
              42.5977857
            ],
            [
              19.7699349,
              42.597726
            ],
            [
              19.7724567,
              42.5961626
            ],
            [
              19.7724484,
              42.5948704
            ],
            [
              19.7738014,
              42.5928224
            ],
            [
              19.7752256,
              42.5922909
            ],
            [
              19.7756104,
              42.5915495
            ],
            [
              19.7756541,
              42.5911041
            ],
            [
              19.7753424,
              42.5898334
            ],
            [
              19.7747825,
              42.5892062
            ],
            [
              19.7754496,
              42.5877969
            ],
            [
              19.7755007,
              42.5869029
            ],
            [
              19.7760484,
              42.5864366
            ],
            [
              19.7758942,
              42.5857143
            ],
            [
              19.7759893,
              42.5842989
            ],
            [
              19.7750241,
              42.5837419
            ],
            [
              19.7745596,
              42.5829043
            ],
            [
              19.7746474,
              42.5827672
            ],
            [
              19.7750382,
              42.5825572
            ],
            [
              19.7748631,
              42.5816274
            ],
            [
              19.7743073,
              42.5803901
            ],
            [
              19.7732287,
              42.5811638
            ],
            [
              19.7725945,
              42.5814604
            ],
            [
              19.7717866,
              42.581987
            ],
            [
              19.7713033,
              42.5819819
            ],
            [
              19.7706446,
              42.582296
            ],
            [
              19.7702083,
              42.5823627
            ],
            [
              19.7693923,
              42.5820684
            ],
            [
              19.7687108,
              42.5823109
            ],
            [
              19.7676527,
              42.5829018
            ],
            [
              19.7672658,
              42.5833448
            ],
            [
              19.7653645,
              42.5839403
            ],
            [
              19.7640599,
              42.5842185
            ],
            [
              19.7628124,
              42.5840148
            ],
            [
              19.7610439,
              42.5834793
            ],
            [
              19.7606177,
              42.5828988
            ],
            [
              19.7594813,
              42.5804995
            ],
            [
              19.7589776,
              42.5800597
            ],
            [
              19.7580673,
              42.5800358
            ],
            [
              19.7574967,
              42.5800997
            ],
            [
              19.7555668,
              42.5811711
            ],
            [
              19.753813,
              42.5815724
            ],
            [
              19.7515338,
              42.5816737
            ],
            [
              19.7514267,
              42.5813362
            ],
            [
              19.7514812,
              42.5795573
            ],
            [
              19.7516187,
              42.5793206
            ],
            [
              19.7522177,
              42.5787807
            ],
            [
              19.7527769,
              42.5784949
            ],
            [
              19.7531831,
              42.578107
            ],
            [
              19.7532702,
              42.5775475
            ],
            [
              19.7521177,
              42.5772968
            ],
            [
              19.7481745,
              42.5751944
            ],
            [
              19.7480016,
              42.5741357
            ],
            [
              19.7480163,
              42.5734014
            ],
            [
              19.7484554,
              42.5731725
            ],
            [
              19.7493876,
              42.5718657
            ],
            [
              19.750088,
              42.5712306
            ],
            [
              19.7513933,
              42.5704742
            ],
            [
              19.7531089,
              42.5691198
            ],
            [
              19.7534824,
              42.5675125
            ],
            [
              19.753387,
              42.5666705
            ],
            [
              19.7531903,
              42.5660659
            ],
            [
              19.753233,
              42.5658281
            ],
            [
              19.753918,
              42.5647707
            ],
            [
              19.7539828,
              42.5643791
            ],
            [
              19.7534681,
              42.562594
            ],
            [
              19.7530629,
              42.5619871
            ],
            [
              19.7526875,
              42.5617868
            ],
            [
              19.7511629,
              42.5601482
            ],
            [
              19.7504054,
              42.5591311
            ],
            [
              19.7495424,
              42.5575701
            ],
            [
              19.7489677,
              42.5559525
            ],
            [
              19.7489741,
              42.5556303
            ],
            [
              19.749306,
              42.5551575
            ],
            [
              19.749436,
              42.5543462
            ],
            [
              19.7492396,
              42.55366
            ],
            [
              19.7493278,
              42.5530444
            ],
            [
              19.7497125,
              42.5518296
            ],
            [
              19.7497839,
              42.5511018
            ],
            [
              19.7496035,
              42.5506374
            ],
            [
              19.7484562,
              42.5494192
            ],
            [
              19.7455727,
              42.5485209
            ],
            [
              19.7443147,
              42.5476638
            ],
            [
              19.7434267,
              42.5451417
            ],
            [
              19.7440002,
              42.5440658
            ],
            [
              19.7445619,
              42.5426244
            ],
            [
              19.7457593,
              42.541752
            ],
            [
              19.7461611,
              42.5400164
            ],
            [
              19.7466874,
              42.5393897
            ],
            [
              19.7473156,
              42.5384269
            ],
            [
              19.7477872,
              42.5367607
            ],
            [
              19.7480007,
              42.5365522
            ],
            [
              19.7493094,
              42.5360994
            ],
            [
              19.7504057,
              42.5353267
            ],
            [
              19.7526428,
              42.5324927
            ],
            [
              19.7528031,
              42.5320601
            ],
            [
              19.7527714,
              42.5317515
            ],
            [
              19.7525536,
              42.5312465
            ],
            [
              19.7525601,
              42.5299715
            ],
            [
              19.7529453,
              42.5287147
            ],
            [
              19.7534906,
              42.527992
            ],
            [
              19.7551967,
              42.5265278
            ],
            [
              19.7565348,
              42.5259819
            ],
            [
              19.7568266,
              42.5256067
            ],
            [
              19.7569696,
              42.5250898
            ],
            [
              19.7574593,
              42.5242965
            ],
            [
              19.758235,
              42.5234221
            ],
            [
              19.7585535,
              42.5229127
            ],
            [
              19.7599727,
              42.5190361
            ],
            [
              19.7601754,
              42.5157702
            ],
            [
              19.7613179,
              42.5138421
            ],
            [
              19.7611693,
              42.5125111
            ],
            [
              19.7611346,
              42.5091421
            ],
            [
              19.7626672,
              42.5067078
            ],
            [
              19.7629749,
              42.5064856
            ],
            [
              19.7651481,
              42.503359
            ],
            [
              19.765737,
              42.5023284
            ],
            [
              19.7664886,
              42.501692
            ],
            [
              19.7703415,
              42.5004443
            ],
            [
              19.7720321,
              42.5000741
            ],
            [
              19.7732034,
              42.4995696
            ],
            [
              19.7740774,
              42.4990239
            ],
            [
              19.7755558,
              42.4984493
            ],
            [
              19.7792293,
              42.4973199
            ],
            [
              19.7807069,
              42.4967814
            ],
            [
              19.7812697,
              42.4963417
            ],
            [
              19.7831876,
              42.4935935
            ],
            [
              19.7853579,
              42.4912467
            ],
            [
              19.7885675,
              42.4863791
            ],
            [
              19.7905058,
              42.4831856
            ],
            [
              19.7912734,
              42.482254
            ],
            [
              19.7926258,
              42.4814249
            ],
            [
              19.7956678,
              42.4803156
            ],
            [
              19.7990035,
              42.4788808
            ],
            [
              19.8012766,
              42.4781982
            ],
            [
              19.8022588,
              42.4779675
            ],
            [
              19.8029443,
              42.4779145
            ],
            [
              19.8032582,
              42.4776888
            ],
            [
              19.8034191,
              42.4769435
            ],
            [
              19.8038583,
              42.4761289
            ],
            [
              19.8044203,
              42.4757131
            ],
            [
              19.8052101,
              42.4753117
            ],
            [
              19.806266,
              42.4741211
            ],
            [
              19.8071574,
              42.4735159
            ],
            [
              19.8083006,
              42.4733832
            ],
            [
              19.8093563,
              42.4727075
            ],
            [
              19.8099623,
              42.4725451
            ],
            [
              19.8108443,
              42.4724338
            ],
            [
              19.8113856,
              42.4722466
            ],
            [
              19.8117814,
              42.4719977
            ],
            [
              19.813544,
              42.4713442
            ],
            [
              19.8143828,
              42.4709312
            ],
            [
              19.8151856,
              42.4706986
            ],
            [
              19.8162143,
              42.4705887
            ],
            [
              19.8170983,
              42.4703689
            ],
            [
              19.8232867,
              42.4685483
            ],
            [
              19.8268798,
              42.4677008
            ],
            [
              19.8304036,
              42.4665923
            ],
            [
              19.8312378,
              42.46642
            ],
            [
              19.8314643,
              42.4665067
            ],
            [
              19.8319422,
              42.4679694
            ],
            [
              19.8322939,
              42.4683344
            ],
            [
              19.8326672,
              42.4684105
            ],
            [
              19.8333847,
              42.4683816
            ],
            [
              19.8339807,
              42.4684982
            ],
            [
              19.8343805,
              42.4688999
            ],
            [
              19.8351205,
              42.4702929
            ],
            [
              19.8356139,
              42.4709827
            ],
            [
              19.8378068,
              42.4722338
            ],
            [
              19.8382057,
              42.4726957
            ],
            [
              19.838359,
              42.4732153
            ],
            [
              19.8383434,
              42.4740585
            ],
            [
              19.8369223,
              42.4770054
            ],
            [
              19.8362899,
              42.4785943
            ],
            [
              19.8363202,
              42.4787151
            ],
            [
              19.8374947,
              42.4786547
            ],
            [
              19.8380628,
              42.4787809
            ],
            [
              19.8392388,
              42.4795157
            ],
            [
              19.8398877,
              42.4796789
            ],
            [
              19.8405872,
              42.4797462
            ],
            [
              19.8411258,
              42.4797035
            ],
            [
              19.8430426,
              42.4791566
            ],
            [
              19.8457377,
              42.4786073
            ],
            [
              19.8473378,
              42.4784427
            ],
            [
              19.8483799,
              42.4784893
            ],
            [
              19.8491263,
              42.4786654
            ],
            [
              19.8499308,
              42.4792277
            ],
            [
              19.8505401,
              42.479776
            ],
            [
              19.8508406,
              42.480273
            ],
            [
              19.852403,
              42.4816811
            ],
            [
              19.8530305,
              42.4821211
            ],
            [
              19.8531723,
              42.4823876
            ],
            [
              19.8531417,
              42.4831704
            ],
            [
              19.8535538,
              42.4839052
            ],
            [
              19.8545263,
              42.4842041
            ],
            [
              19.8555694,
              42.4842025
            ],
            [
              19.8568778,
              42.4839505
            ],
            [
              19.8583239,
              42.4841938
            ],
            [
              19.8587552,
              42.4837764
            ],
            [
              19.8609293,
              42.4832046
            ],
            [
              19.8620513,
              42.4824447
            ],
            [
              19.8646166,
              42.481181
            ],
            [
              19.8678529,
              42.4815624
            ],
            [
              19.8679971,
              42.4816963
            ],
            [
              19.8679068,
              42.4821894
            ],
            [
              19.8679648,
              42.4825876
            ],
            [
              19.8682842,
              42.4829522
            ],
            [
              19.8701684,
              42.4839716
            ],
            [
              19.8715444,
              42.4844912
            ],
            [
              19.8720933,
              42.4847858
            ],
            [
              19.8722795,
              42.4853057
            ],
            [
              19.871973,
              42.4860586
            ],
            [
              19.8718779,
              42.4868167
            ],
            [
              19.8725676,
              42.4874379
            ],
            [
              19.8727097,
              42.4876923
            ],
            [
              19.8726072,
              42.4888599
            ],
            [
              19.8728417,
              42.4894869
            ],
            [
              19.8734582,
              42.4900516
            ],
            [
              19.8747032,
              42.4902739
            ],
            [
              19.8754235,
              42.4906347
            ],
            [
              19.8754838,
              42.4912249
            ],
            [
              19.8752393,
              42.4920087
            ],
            [
              19.8751351,
              42.4938682
            ],
            [
              19.8754961,
              42.4947186
            ],
            [
              19.8763876,
              42.4954218
            ],
            [
              19.8779213,
              42.4959085
            ],
            [
              19.8788952,
              42.4959705
            ],
            [
              19.8801024,
              42.4958774
            ],
            [
              19.8809583,
              42.4955975
            ],
            [
              19.8815843,
              42.4952892
            ],
            [
              19.8829013,
              42.4950007
            ],
            [
              19.8838465,
              42.4946823
            ],
            [
              19.885591,
              42.4938698
            ],
            [
              19.8861887,
              42.493155
            ],
            [
              19.8870307,
              42.4916564
            ],
            [
              19.888375,
              42.4901002
            ],
            [
              19.8899157,
              42.4891848
            ],
            [
              19.8926477,
              42.4880582
            ],
            [
              19.8933868,
              42.4873578
            ],
            [
              19.8940927,
              42.48695
            ],
            [
              19.8943304,
              42.486533
            ],
            [
              19.8944465,
              42.4859839
            ],
            [
              19.8952748,
              42.485245
            ],
            [
              19.8970901,
              42.4848301
            ],
            [
              19.898083,
              42.4848135
            ],
            [
              19.8986469,
              42.4850023
            ],
            [
              19.8988878,
              42.4854108
            ],
            [
              19.8996813,
              42.4876721
            ],
            [
              19.899804,
              42.4887608
            ],
            [
              19.9001609,
              42.4891256
            ],
            [
              19.9008961,
              42.4896568
            ],
            [
              19.9027965,
              42.4904611
            ],
            [
              19.9028455,
              42.4906974
            ],
            [
              19.9026207,
              42.4913897
            ],
            [
              19.9018204,
              42.4926504
            ],
            [
              19.9017118,
              42.4937893
            ],
            [
              19.9019354,
              42.4941845
            ],
            [
              19.9024607,
              42.4945564
            ],
            [
              19.9050341,
              42.4954065
            ],
            [
              19.9052975,
              42.4955532
            ],
            [
              19.9053827,
              42.4957505
            ],
            [
              19.905108,
              42.4964382
            ],
            [
              19.9046685,
              42.4982552
            ],
            [
              19.9045188,
              42.4995735
            ],
            [
              19.9045338,
              42.5021073
            ],
            [
              19.9047413,
              42.503263
            ],
            [
              19.905081,
              42.5042997
            ],
            [
              19.9057083,
              42.5056276
            ],
            [
              19.9064666,
              42.5069087
            ],
            [
              19.9062593,
              42.5076038
            ],
            [
              19.9079267,
              42.5071149
            ],
            [
              19.9106301,
              42.5069003
            ],
            [
              19.9135186,
              42.5072643
            ],
            [
              19.9160135,
              42.5078167
            ],
            [
              19.9171102,
              42.5078612
            ],
            [
              19.9182397,
              42.5083767
            ],
            [
              19.919622,
              42.5093271
            ],
            [
              19.9225081,
              42.5117337
            ],
            [
              19.9240001,
              42.5119881
            ],
            [
              19.9246589,
              42.5122794
            ],
            [
              19.9256548,
              42.5130098
            ],
            [
              19.9307966,
              42.5147884
            ],
            [
              19.9322459,
              42.5156432
            ],
            [
              19.9350053,
              42.5159813
            ],
            [
              19.937306,
              42.5165074
            ],
            [
              19.9381773,
              42.5169241
            ],
            [
              19.9406253,
              42.5183648
            ],
            [
              19.9412096,
              42.5184423
            ],
            [
              19.9426416,
              42.5184075
            ],
            [
              19.9435247,
              42.5181272
            ],
            [
              19.9461943,
              42.5156019
            ],
            [
              19.9471838,
              42.5147938
            ],
            [
              19.9478086,
              42.5143909
            ],
            [
              19.9498344,
              42.5138567
            ],
            [
              19.9505226,
              42.5135506
            ],
            [
              19.9509848,
              42.5131462
            ],
            [
              19.9514534,
              42.5123573
            ],
            [
              19.9523436,
              42.5116444
            ],
            [
              19.9529993,
              42.5113379
            ],
            [
              19.9541388,
              42.5112763
            ],
            [
              19.9568343,
              42.5115412
            ],
            [
              19.9583375,
              42.5111222
            ],
            [
              19.9592807,
              42.5111308
            ],
            [
              19.9604158,
              42.5113334
            ],
            [
              19.9611635,
              42.5113642
            ],
            [
              19.9618175,
              42.5111538
            ],
            [
              19.9636098,
              42.5103596
            ],
            [
              19.9648484,
              42.5102026
            ],
            [
              19.9662798,
              42.5101915
            ],
            [
              19.9668319,
              42.5102445
            ],
            [
              19.9678362,
              42.5104939
            ],
            [
              19.9694215,
              42.5110129
            ],
            [
              19.9710656,
              42.511917
            ],
            [
              19.9714833,
              42.5122332
            ],
            [
              19.9730766,
              42.5122715
            ],
            [
              19.9744461,
              42.5120675
            ],
            [
              19.9755496,
              42.5122216
            ],
            [
              19.979851,
              42.5132269
            ],
            [
              19.9816712,
              42.5133152
            ],
            [
              19.9824224,
              42.5131295
            ],
            [
              19.9836704,
              42.5123955
            ],
            [
              19.9844874,
              42.5121624
            ],
            [
              19.9892685,
              42.5122047
            ],
            [
              19.9947364,
              42.5120125
            ],
            [
              19.9955622,
              42.5112266
            ],
            [
              19.9962851,
              42.5107762
            ],
            [
              19.9970373,
              42.5105184
            ],
            [
              19.9984581,
              42.5104262
            ],
            [
              19.9991221,
              42.510292
            ],
            [
              20.0005763,
              42.5098767
            ],
            [
              20.0025232,
              42.5091159
            ],
            [
              19.9994795,
              42.5031786
            ],
            [
              19.9979678,
              42.5005795
            ],
            [
              19.9950698,
              42.4996922
            ],
            [
              19.9942957,
              42.4995417
            ],
            [
              19.992923,
              42.5003916
            ],
            [
              19.9928977,
              42.5019717
            ],
            [
              19.9946425,
              42.5021307
            ],
            [
              19.9957957,
              42.5028591
            ],
            [
              19.995976,
              42.5037226
            ],
            [
              19.9951627,
              42.5060141
            ],
            [
              19.9927962,
              42.5082919
            ],
            [
              19.9873347,
              42.509824
            ],
            [
              19.9809209,
              42.5101981
            ],
            [
              19.9774333,
              42.5097361
            ],
            [
              19.9757118,
              42.5081404
            ],
            [
              19.974381,
              42.5064046
            ],
            [
              19.9724515,
              42.505669
            ],
            [
              19.9664499,
              42.5046094
            ],
            [
              19.9639381,
              42.5038684
            ],
            [
              19.958318,
              42.5032428
            ],
            [
              19.9556194,
              42.5020689
            ],
            [
              19.9517394,
              42.5018898
            ],
            [
              19.948648,
              42.5009995
            ],
            [
              19.9496402,
              42.4997157
            ],
            [
              19.9527484,
              42.4996005
            ],
            [
              19.9548908,
              42.499189
            ],
            [
              19.9549147,
              42.4977526
            ],
            [
              19.9522117,
              42.496866
            ],
            [
              19.9516509,
              42.4955679
            ],
            [
              19.9549674,
              42.4945926
            ],
            [
              19.9563452,
              42.4934558
            ],
            [
              19.9587434,
              42.4893115
            ],
            [
              19.9591864,
              42.4860113
            ],
            [
              19.9602186,
              42.4822854
            ],
            [
              19.9620055,
              42.4798594
            ],
            [
              19.9626256,
              42.4775664
            ],
            [
              19.9638302,
              42.475135
            ],
            [
              19.9630825,
              42.4734043
            ],
            [
              19.9617599,
              42.4712374
            ],
            [
              19.959853,
              42.4692089
            ],
            [
              19.957551,
              42.4676077
            ],
            [
              19.9541114,
              42.4644157
            ],
            [
              19.9514097,
              42.4635291
            ],
            [
              19.9492997,
              42.4620731
            ],
            [
              19.94565,
              42.4598847
            ],
            [
              19.9454873,
              42.4580156
            ],
            [
              19.9484187,
              42.4567495
            ],
            [
              19.9496138,
              42.4548929
            ],
            [
              19.9504353,
              42.4521708
            ],
            [
              19.9518625,
              42.4480177
            ],
            [
              19.9556049,
              42.4446039
            ],
            [
              19.9579655,
              42.4426141
            ],
            [
              19.9599287,
              42.4411953
            ],
            [
              19.9648148,
              42.438941
            ],
            [
              19.9722028,
              42.4378582
            ],
            [
              19.9788242,
              42.4361934
            ],
            [
              19.9856159,
              42.4359664
            ],
            [
              19.9891249,
              42.4348481
            ],
            [
              19.9905169,
              42.4327054
            ],
            [
              19.9919019,
              42.4309937
            ],
            [
              19.9950365,
              42.4290099
            ],
            [
              19.996606,
              42.4278744
            ],
            [
              20.0011317,
              42.4237477
            ],
            [
              20.0037227,
              42.4193167
            ],
            [
              20.011137,
              42.4163639
            ],
            [
              20.0181541,
              42.413982
            ],
            [
              20.0228467,
              42.4114361
            ],
            [
              20.032255,
              42.4047638
            ],
            [
              20.039651,
              42.4028147
            ],
            [
              20.0431878,
              42.3996837
            ],
            [
              20.046513,
              42.3977001
            ],
            [
              20.0502256,
              42.3957196
            ],
            [
              20.0543083,
              42.3948914
            ],
            [
              20.0564293,
              42.3956272
            ],
            [
              20.061119,
              42.3930797
            ],
            [
              20.062637,
              42.3921063
            ],
            [
              20.0559101,
              42.3873719
            ],
            [
              20.0529911,
              42.3826576
            ],
            [
              20.0513272,
              42.3826798
            ],
            [
              20.0494603,
              42.3824753
            ],
            [
              20.0462923,
              42.3815938
            ],
            [
              20.0405409,
              42.3813207
            ],
            [
              20.0384226,
              42.3808889
            ],
            [
              20.0361174,
              42.3799693
            ],
            [
              20.0338522,
              42.3796171
            ],
            [
              20.0331498,
              42.3794201
            ],
            [
              20.0310004,
              42.3794019
            ],
            [
              20.0277953,
              42.3792496
            ],
            [
              20.0242565,
              42.3788441
            ],
            [
              20.0195226,
              42.3793043
            ],
            [
              20.0174893,
              42.3797875
            ],
            [
              20.0149457,
              42.3805167
            ],
            [
              20.0135816,
              42.3813811
            ],
            [
              20.0132264,
              42.3825045
            ],
            [
              20.0122096,
              42.382746
            ],
            [
              20.0100172,
              42.3826019
            ],
            [
              20.0086845,
              42.381464
            ],
            [
              20.0063313,
              42.3808178
            ],
            [
              20.0048121,
              42.3808046
            ],
            [
              20.0021094,
              42.3809063
            ],
            [
              19.9995517,
              42.3825111
            ],
            [
              19.9970038,
              42.3834901
            ],
            [
              19.9956334,
              42.3847297
            ],
            [
              19.9956234,
              42.3853554
            ],
            [
              19.9935817,
              42.3863388
            ],
            [
              19.9918937,
              42.3863239
            ],
            [
              19.98904,
              42.3852975
            ],
            [
              19.986524,
              42.384274
            ],
            [
              19.9840001,
              42.383751
            ],
            [
              19.9784296,
              42.3837015
            ],
            [
              19.9775755,
              42.3843197
            ],
            [
              19.9768881,
              42.3850645
            ],
            [
              19.9748604,
              42.3851716
            ],
            [
              19.974356,
              42.3850419
            ],
            [
              19.9733289,
              42.3859088
            ],
            [
              19.9733105,
              42.3870351
            ],
            [
              19.9727959,
              42.3875311
            ],
            [
              19.9717851,
              42.3873969
            ],
            [
              19.9704531,
              42.3862585
            ],
            [
              19.9681287,
              42.3838595
            ],
            [
              19.9662801,
              42.3833422
            ],
            [
              19.9637317,
              42.3843205
            ],
            [
              19.9621898,
              42.3856833
            ],
            [
              19.9596267,
              42.3875375
            ],
            [
              19.9585952,
              42.3886546
            ],
            [
              19.9565508,
              42.3897624
            ],
            [
              19.9526389,
              42.391479
            ],
            [
              19.950265,
              42.3920831
            ],
            [
              19.9479015,
              42.3920614
            ],
            [
              19.9455359,
              42.3921648
            ],
            [
              19.9433286,
              42.3928955
            ],
            [
              19.9428095,
              42.3936416
            ],
            [
              19.9391375,
              42.3911045
            ],
            [
              19.9349277,
              42.3904396
            ],
            [
              19.9327437,
              42.3897935
            ],
            [
              19.9314101,
              42.3887798
            ],
            [
              19.9303909,
              42.3891458
            ],
            [
              19.9286772,
              42.3906317
            ],
            [
              19.9276558,
              42.3911228
            ],
            [
              19.9264698,
              42.391362
            ],
            [
              19.924444,
              42.391343
            ],
            [
              19.923258,
              42.3915822
            ],
            [
              19.9225656,
              42.392577
            ],
            [
              19.9212043,
              42.39319
            ],
            [
              19.9181633,
              42.3932865
            ],
            [
              19.9167998,
              42.3940245
            ],
            [
              19.9161073,
              42.3950193
            ],
            [
              19.9154061,
              42.3965146
            ],
            [
              19.9153845,
              42.397766
            ],
            [
              19.9146898,
              42.3988858
            ],
            [
              19.9111117,
              42.4007293
            ],
            [
              19.9107546,
              42.4018523
            ],
            [
              19.9112221,
              42.4041097
            ],
            [
              19.9111983,
              42.4054862
            ],
            [
              19.9100012,
              42.4063509
            ],
            [
              19.9074488,
              42.4074531
            ],
            [
              19.9050738,
              42.4080562
            ],
            [
              19.9030409,
              42.4084122
            ],
            [
              19.9000123,
              42.4077574
            ],
            [
              19.8986702,
              42.4072439
            ],
            [
              19.8976746,
              42.406233
            ],
            [
              19.8975233,
              42.4052303
            ],
            [
              19.8961834,
              42.4045916
            ],
            [
              19.8926507,
              42.4038066
            ],
            [
              19.8903023,
              42.4029077
            ],
            [
              19.8871738,
              42.3983716
            ],
            [
              19.8838171,
              42.3972125
            ],
            [
              19.8819599,
              42.3971944
            ],
            [
              19.8795918,
              42.3974216
            ],
            [
              19.8779147,
              42.3967794
            ],
            [
              19.875371,
              42.3973803
            ],
            [
              19.8748348,
              42.397375
            ],
            [
              19.8714879,
              42.3973421
            ],
            [
              19.8659435,
              42.3957855
            ],
            [
              19.8637646,
              42.3948878
            ],
            [
              19.8619234,
              42.3939934
            ],
            [
              19.8619483,
              42.3926169
            ],
            [
              19.8628149,
              42.3913739
            ],
            [
              19.8636906,
              42.3896303
            ],
            [
              19.8637087,
              42.3886292
            ],
            [
              19.8618586,
              42.3882354
            ],
            [
              19.8598239,
              42.3887158
            ],
            [
              19.8581222,
              42.3894498
            ],
            [
              19.8564227,
              42.3900587
            ],
            [
              19.8542282,
              42.3900367
            ],
            [
              19.8525469,
              42.3896444
            ],
            [
              19.8498368,
              42.3901179
            ],
            [
              19.8484909,
              42.3898541
            ],
            [
              19.8469647,
              42.3902142
            ],
            [
              19.8462757,
              42.3909582
            ],
            [
              19.8445899,
              42.3908161
            ],
            [
              19.8415605,
              42.3902849
            ],
            [
              19.8403765,
              42.3903981
            ],
            [
              19.8380132,
              42.3903741
            ],
            [
              19.8361655,
              42.3898547
            ],
            [
              19.8346462,
              42.3898393
            ],
            [
              19.8334437,
              42.3909535
            ],
            [
              19.831943,
              42.3899369
            ],
            [
              19.8302851,
              42.388293
            ],
            [
              19.8276285,
              42.3858878
            ],
            [
              19.8274853,
              42.3845095
            ],
            [
              19.8263247,
              42.3833712
            ],
            [
              19.8241608,
              42.381722
            ],
            [
              19.8235114,
              42.3803385
            ],
            [
              19.8244066,
              42.3775942
            ],
            [
              19.8249573,
              42.3752218
            ],
            [
              19.8253625,
              42.3715963
            ],
            [
              19.8233631,
              42.370199
            ],
            [
              19.8217013,
              42.3688052
            ],
            [
              19.8220481,
              42.3683081
            ],
            [
              19.8212371,
              42.3665475
            ],
            [
              19.8200911,
              42.3646583
            ],
            [
              19.8186029,
              42.3630159
            ],
            [
              19.8177921,
              42.3612553
            ],
            [
              19.8161423,
              42.3592357
            ],
            [
              19.8128173,
              42.356573
            ],
            [
              19.8115006,
              42.3548071
            ],
            [
              19.8090124,
              42.3525283
            ],
            [
              19.8083636,
              42.3511448
            ],
            [
              19.8073821,
              42.3495075
            ],
            [
              19.8050488,
              42.3479813
            ],
            [
              19.8030435,
              42.3469591
            ],
            [
              19.7985674,
              42.342782
            ],
            [
              19.7937092,
              42.3409787
            ],
            [
              19.7916923,
              42.340582
            ],
            [
              19.7881573,
              42.3401692
            ],
            [
              19.7844369,
              42.3406304
            ],
            [
              19.7800489,
              42.3407089
            ],
            [
              19.7763405,
              42.3405443
            ],
            [
              19.7717742,
              42.3411212
            ],
            [
              19.7680633,
              42.3410814
            ],
            [
              19.7641642,
              42.3420407
            ],
            [
              19.7609298,
              42.3435077
            ],
            [
              19.7587222,
              42.3442348
            ],
            [
              19.7549989,
              42.3448202
            ],
            [
              19.7529895,
              42.3440474
            ],
            [
              19.7509728,
              42.34365
            ],
            [
              19.747939,
              42.3434917
            ],
            [
              19.7450814,
              42.3429598
            ],
            [
              19.7413805,
              42.3424186
            ],
            [
              19.7376947,
              42.3411265
            ],
            [
              19.7348498,
              42.3399687
            ],
            [
              19.7330171,
              42.338822
            ],
            [
              19.7311995,
              42.3369244
            ],
            [
              19.7295381,
              42.3356544
            ],
            [
              19.7268648,
              42.3343732
            ],
            [
              19.7243552,
              42.333344
            ],
            [
              19.7226915,
              42.332199
            ],
            [
              19.7195025,
              42.3314125
            ],
            [
              19.713283,
              42.3303415
            ],
            [
              19.7104391,
              42.3291831
            ],
            [
              19.7092945,
              42.327418
            ],
            [
              19.7061391,
              42.3250044
            ],
            [
              19.7018037,
              42.3225773
            ],
            [
              19.7004287,
              42.3213494
            ],
            [
              19.6997912,
              42.3212024
            ],
            [
              19.6974605,
              42.3201047
            ],
            [
              19.6950199,
              42.3178714
            ],
            [
              19.6916832,
              42.3155738
            ],
            [
              19.6883969,
              42.3143659
            ],
            [
              19.6821933,
              42.3134666
            ],
            [
              19.6785613,
              42.3125605
            ],
            [
              19.6739006,
              42.3104002
            ],
            [
              19.672224,
              42.3082292
            ],
            [
              19.6695731,
              42.306254
            ],
            [
              19.6664289,
              42.3046781
            ],
            [
              19.6632045,
              42.3034612
            ],
            [
              19.6552364,
              42.3017746
            ],
            [
              19.650692,
              42.301055
            ],
            [
              19.6469005,
              42.3008573
            ],
            [
              19.643464,
              42.2999435
            ],
            [
              19.6371742,
              42.2969521
            ],
            [
              19.6337601,
              42.2955791
            ],
            [
              19.6319739,
              42.2946306
            ],
            [
              19.6291605,
              42.2940839
            ],
            [
              19.6277091,
              42.2939135
            ],
            [
              19.623787,
              42.2936144
            ],
            [
              19.6207376,
              42.2938838
            ],
            [
              19.6130292,
              42.2959424
            ],
            [
              19.6087911,
              42.2973224
            ],
            [
              19.6036186,
              42.2998251
            ],
            [
              19.5962103,
              42.3041458
            ],
            [
              19.594862,
              42.3058757
            ],
            [
              19.5941985,
              42.3073529
            ],
            [
              19.5934811,
              42.3085234
            ],
            [
              19.5907507,
              42.3102273
            ],
            [
              19.5894331,
              42.3105712
            ],
            [
              19.5882284,
              42.3118347
            ],
            [
              19.5869686,
              42.3128454
            ],
            [
              19.5858295,
              42.3144248
            ],
            [
              19.5839356,
              42.3155807
            ],
            [
              19.5821816,
              42.3169904
            ],
            [
              19.5811306,
              42.3173375
            ],
            [
              19.5789917,
              42.317518
            ],
            [
              19.5769239,
              42.3172313
            ],
            [
              19.5748722,
              42.3162336
            ],
            [
              19.5680026,
              42.3148156
            ],
            [
              19.5613191,
              42.3137597
            ],
            [
              19.5573176,
              42.3137094
            ],
            [
              19.5526167,
              42.3140102
            ],
            [
              19.5512286,
              42.3142448
            ],
            [
              19.5503968,
              42.3145493
            ],
            [
              19.549075,
              42.3145326
            ],
            [
              19.5480491,
              42.3143126
            ],
            [
              19.5478337,
              42.3147149
            ],
            [
              19.5479588,
              42.3150766
            ],
            [
              19.5468565,
              42.3150086
            ],
            [
              19.5458339,
              42.3146446
            ],
            [
              19.5446602,
              42.3145217
            ],
            [
              19.5451357,
              42.3149418
            ],
            [
              19.5463001,
              42.3154697
            ],
            [
              19.5470366,
              42.3161452
            ],
            [
              19.5485734,
              42.3184152
            ],
            [
              19.5482885,
              42.3186727
            ],
            [
              19.5480229,
              42.3186153
            ],
            [
              19.5472708,
              42.3180926
            ],
            [
              19.5467248,
              42.3175726
            ],
            [
              19.5463348,
              42.3165954
            ],
            [
              19.5457987,
              42.3161745
            ],
            [
              19.5453839,
              42.3162773
            ],
            [
              19.5451707,
              42.3165806
            ],
            [
              19.5451624,
              42.3169406
            ],
            [
              19.5453532,
              42.3176092
            ],
            [
              19.5457467,
              42.3184334
            ],
            [
              19.5468935,
              42.3197263
            ],
            [
              19.5482355,
              42.3209766
            ],
            [
              19.549373,
              42.3226834
            ],
            [
              19.5495508,
              42.323919
            ],
            [
              19.5500018,
              42.32541
            ],
            [
              19.5500522,
              42.3263829
            ],
            [
              19.5496246,
              42.3270437
            ],
            [
              19.5478666,
              42.3280477
            ],
            [
              19.5464128,
              42.3284883
            ],
            [
              19.545557,
              42.3292967
            ],
            [
              19.5445178,
              42.3296436
            ],
            [
              19.5419875,
              42.3315109
            ],
            [
              19.5400282,
              42.3328183
            ],
            [
              19.5394407,
              42.3340891
            ],
            [
              19.5389436,
              42.3345959
            ],
            [
              19.5375441,
              42.3352982
            ],
            [
              19.5356103,
              42.3360207
            ],
            [
              19.5342522,
              42.3370296
            ],
            [
              19.5334386,
              42.3380995
            ],
            [
              19.5319051,
              42.3393402
            ],
            [
              19.5303083,
              42.3401749
            ],
            [
              19.5259774,
              42.3416857
            ],
            [
              19.5255923,
              42.3419394
            ],
            [
              19.5252145,
              42.3421991
            ],
            [
              19.5248441,
              42.3424645
            ],
            [
              19.5244813,
              42.3427356
            ],
            [
              19.5241262,
              42.3430122
            ],
            [
              19.5238063,
              42.3432716
            ],
            [
              19.5234932,
              42.3435355
            ],
            [
              19.523187,
              42.3438039
            ],
            [
              19.5228878,
              42.3440765
            ]
          ]
        ]
      },
      "properties": {
        "name": "Parku Kombëtar Alpet e Shqipërisë",
        "category": "parqe",
        "categoryLabel": "Park kombëtar",
        "location": "Shqipëri",
        "countryCodes": [
          "AL"
        ],
        "summary": "Park kombëtar në Shqipëri; kufiri dhe të dhënat vijnë nga OpenStreetMap.",
        "details": [],
        "mapNote": "Sipërfaqja bashkon anët e jashtme dhe përjashton vrimat e relation në OpenStreetMap.",
        "geometryType": "Polygon",
        "sources": [
          {
            "label": "OpenStreetMap",
            "url": "https://www.openstreetmap.org/relation/19370005"
          }
        ],
        "osm": {
          "type": "relation",
          "id": 19370005,
          "tags": {
            "boundary": "national_park",
            "protect_class": "2"
          }
        }
      }
    },
    {
      "type": "Feature",
      "id": "osm-way-470716146",
      "geometry": {
        "type": "Polygon",
        "coordinates": [
          [
            [
              21.1999265,
              42.6740236
            ],
            [
              21.1992744,
              42.6738885
            ],
            [
              21.1984644,
              42.6736308
            ],
            [
              21.1983209,
              42.6738772
            ],
            [
              21.1977606,
              42.6745558
            ],
            [
              21.1975388,
              42.6749927
            ],
            [
              21.197238,
              42.6755454
            ],
            [
              21.1964166,
              42.6766811
            ],
            [
              21.195873,
              42.6771584
            ],
            [
              21.1957242,
              42.6776815
            ],
            [
              21.1949802,
              42.678235
            ],
            [
              21.1944659,
              42.6784928
            ],
            [
              21.1948978,
              42.6786244
            ],
            [
              21.1952361,
              42.6785218
            ],
            [
              21.1955145,
              42.6783228
            ],
            [
              21.1959342,
              42.6784031
            ],
            [
              21.1962105,
              42.6788384
            ],
            [
              21.1967724,
              42.6793299
            ],
            [
              21.1968767,
              42.6796487
            ],
            [
              21.1972928,
              42.6799505
            ],
            [
              21.1974653,
              42.680083
            ],
            [
              21.1970852,
              42.6804042
            ],
            [
              21.1974527,
              42.6805775
            ],
            [
              21.1975075,
              42.6804393
            ],
            [
              21.1977127,
              42.6803613
            ],
            [
              21.1978449,
              42.6803743
            ],
            [
              21.1980792,
              42.6803848
            ],
            [
              21.1982625,
              42.6803412
            ],
            [
              21.1987506,
              42.680415
            ],
            [
              21.1987495,
              42.6805426
            ],
            [
              21.1988875,
              42.6805772
            ],
            [
              21.1990173,
              42.6804603
            ],
            [
              21.1991134,
              42.6803332
            ],
            [
              21.1994266,
              42.6802605
            ],
            [
              21.1997959,
              42.6802751
            ],
            [
              21.2001388,
              42.680312
            ],
            [
              21.2001606,
              42.6806915
            ],
            [
              21.2002806,
              42.6808109
            ],
            [
              21.2004623,
              42.6808801
            ],
            [
              21.2007894,
              42.6806184
            ],
            [
              21.2009697,
              42.6806843
            ],
            [
              21.2012831,
              42.6806797
            ],
            [
              21.2013447,
              42.6808605
            ],
            [
              21.201777,
              42.6807793
            ],
            [
              21.2020638,
              42.6807038
            ],
            [
              21.2023693,
              42.6806484
            ],
            [
              21.2026449,
              42.680711
            ],
            [
              21.2031812,
              42.6813965
            ],
            [
              21.2038916,
              42.6823912
            ],
            [
              21.2038008,
              42.6824689
            ],
            [
              21.2041659,
              42.6827475
            ],
            [
              21.2042299,
              42.6830991
            ],
            [
              21.2046814,
              42.6833178
            ],
            [
              21.2055378,
              42.6839723
            ],
            [
              21.2066535,
              42.6842459
            ],
            [
              21.2079809,
              42.6841187
            ],
            [
              21.2089195,
              42.6844531
            ],
            [
              21.2127991,
              42.684665
            ],
            [
              21.214093,
              42.6852991
            ],
            [
              21.216393,
              42.6857794
            ],
            [
              21.2176522,
              42.686267
            ],
            [
              21.2194196,
              42.6869271
            ],
            [
              21.222472,
              42.6875945
            ],
            [
              21.2233473,
              42.6875975
            ],
            [
              21.2235265,
              42.6874558
            ],
            [
              21.2239766,
              42.6865523
            ],
            [
              21.2244701,
              42.6850223
            ],
            [
              21.2256288,
              42.6839655
            ],
            [
              21.225307,
              42.6825301
            ],
            [
              21.2264116,
              42.6816025
            ],
            [
              21.2263669,
              42.6799655
            ],
            [
              21.2295793,
              42.6805686
            ],
            [
              21.2314224,
              42.6801797
            ],
            [
              21.2325382,
              42.6797853
            ],
            [
              21.2337613,
              42.6792332
            ],
            [
              21.2349629,
              42.678476
            ],
            [
              21.2374735,
              42.6789335
            ],
            [
              21.2368727,
              42.6792648
            ],
            [
              21.2371516,
              42.6798484
            ],
            [
              21.2371324,
              42.6816467
            ],
            [
              21.2363343,
              42.6825827
            ],
            [
              21.233933,
              42.6850065
            ],
            [
              21.2342763,
              42.6870097
            ],
            [
              21.2352419,
              42.6889971
            ],
            [
              21.236422,
              42.6902431
            ],
            [
              21.236422,
              42.6914102
            ],
            [
              21.2353921,
              42.6930346
            ],
            [
              21.2359071,
              42.6948326
            ],
            [
              21.2376451,
              42.6963781
            ],
            [
              21.2381816,
              42.6971035
            ],
            [
              21.2375593,
              42.6986332
            ],
            [
              21.2387609,
              42.6972455
            ],
            [
              21.2398767,
              42.6965358
            ],
            [
              21.2409067,
              42.6962361
            ],
            [
              21.2417006,
              42.6966304
            ],
            [
              21.2427091,
              42.6966777
            ],
            [
              21.2443614,
              42.6964569
            ],
            [
              21.2455201,
              42.6965831
            ],
            [
              21.2459707,
              42.6940125
            ],
            [
              21.2467432,
              42.6933185
            ],
            [
              21.2461424,
              42.6928769
            ],
            [
              21.2463355,
              42.6922618
            ],
            [
              21.2461209,
              42.691079
            ],
            [
              21.2455416,
              42.6882084
            ],
            [
              21.244297,
              42.6848646
            ],
            [
              21.2449556,
              42.6842649
            ],
            [
              21.247108,
              42.6830191
            ],
            [
              21.2479877,
              42.6817887
            ],
            [
              21.2470865,
              42.6806687
            ],
            [
              21.2465501,
              42.6798957
            ],
            [
              21.2470865,
              42.6794541
            ],
            [
              21.2469148,
              42.6782078
            ],
            [
              21.2464642,
              42.677214
            ],
            [
              21.2449622,
              42.6762675
            ],
            [
              21.2442112,
              42.6756522
            ],
            [
              21.2429666,
              42.6751316
            ],
            [
              21.2431597,
              42.6749265
            ],
            [
              21.2433958,
              42.674611
            ],
            [
              21.2433743,
              42.6734278
            ],
            [
              21.2424087,
              42.6728756
            ],
            [
              21.2419152,
              42.6728914
            ],
            [
              21.2415504,
              42.6725601
            ],
            [
              21.2407565,
              42.6722446
            ],
            [
              21.2399626,
              42.6721341
            ],
            [
              21.238954,
              42.6716135
            ],
            [
              21.2372608,
              42.6704648
            ],
            [
              21.2383971,
              42.6685986
            ],
            [
              21.2384608,
              42.6673233
            ],
            [
              21.2386252,
              42.6672727
            ],
            [
              21.238941,
              42.6674022
            ],
            [
              21.2391401,
              42.6677872
            ],
            [
              21.2392359,
              42.6679022
            ],
            [
              21.2397289,
              42.668012
            ],
            [
              21.2402719,
              42.668294
            ],
            [
              21.2405961,
              42.6684151
            ],
            [
              21.2408101,
              42.6685998
            ],
            [
              21.2408679,
              42.6687208
            ],
            [
              21.2409893,
              42.6686948
            ],
            [
              21.2411581,
              42.6686203
            ],
            [
              21.2414148,
              42.6682576
            ],
            [
              21.2412889,
              42.6682245
            ],
            [
              21.24115,
              42.6682862
            ],
            [
              21.2409661,
              42.668181
            ],
            [
              21.2409029,
              42.6680152
            ],
            [
              21.2406633,
              42.6678462
            ],
            [
              21.2403739,
              42.6677782
            ],
            [
              21.2399099,
              42.667464
            ],
            [
              21.2398076,
              42.6672261
            ],
            [
              21.2394626,
              42.666969
            ],
            [
              21.238992,
              42.6667111
            ],
            [
              21.2391312,
              42.6664212
            ],
            [
              21.2389903,
              42.6661569
            ],
            [
              21.2390724,
              42.6658313
            ],
            [
              21.2393056,
              42.6656762
            ],
            [
              21.2395427,
              42.6651974
            ],
            [
              21.2403533,
              42.6650579
            ],
            [
              21.2411021,
              42.6652406
            ],
            [
              21.2417593,
              42.6651697
            ],
            [
              21.2420222,
              42.6653086
            ],
            [
              21.2421901,
              42.6652695
            ],
            [
              21.2422928,
              42.6650581
            ],
            [
              21.2427199,
              42.6650672
            ],
            [
              21.2434425,
              42.6649556
            ],
            [
              21.2440776,
              42.665062
            ],
            [
              21.2446625,
              42.6650801
            ],
            [
              21.2451052,
              42.6647302
            ],
            [
              21.2452199,
              42.6641616
            ],
            [
              21.2452941,
              42.6638791
            ],
            [
              21.2452295,
              42.6635184
            ],
            [
              21.245489,
              42.6632179
            ],
            [
              21.2458097,
              42.6627489
            ],
            [
              21.2459579,
              42.6623633
            ],
            [
              21.2458759,
              42.6618708
            ],
            [
              21.2459376,
              42.6611482
            ],
            [
              21.2463823,
              42.6609552
            ],
            [
              21.2468513,
              42.6610198
            ],
            [
              21.2479853,
              42.660703
            ],
            [
              21.2489179,
              42.6603256
            ],
            [
              21.2491266,
              42.6599121
            ],
            [
              21.2488877,
              42.6595695
            ],
            [
              21.248432,
              42.6597348
            ],
            [
              21.2483308,
              42.6598771
            ],
            [
              21.2479927,
              42.659751
            ],
            [
              21.2478313,
              42.6597938
            ],
            [
              21.2476768,
              42.6596665
            ],
            [
              21.2473028,
              42.6595273
            ],
            [
              21.2472043,
              42.6588982
            ],
            [
              21.2467725,
              42.6581979
            ],
            [
              21.245989,
              42.656933
            ],
            [
              21.2467387,
              42.6563938
            ],
            [
              21.2488889,
              42.6538542
            ],
            [
              21.2502622,
              42.6535228
            ],
            [
              21.2523222,
              42.6522997
            ],
            [
              21.2542856,
              42.6507531
            ],
            [
              21.2547898,
              42.6499403
            ],
            [
              21.254822,
              42.6494669
            ],
            [
              21.2552297,
              42.6491433
            ],
            [
              21.2556481,
              42.6484094
            ],
            [
              21.2560665,
              42.6478097
            ],
            [
              21.256957,
              42.6468943
            ],
            [
              21.2577188,
              42.6464287
            ],
            [
              21.2578368,
              42.6461051
            ],
            [
              21.2588131,
              42.6454343
            ],
            [
              21.2597465,
              42.6450003
            ],
            [
              21.2605619,
              42.6441006
            ],
            [
              21.2615704,
              42.6430668
            ],
            [
              21.2621713,
              42.6427116
            ],
            [
              21.2625253,
              42.6420724
            ],
            [
              21.2629008,
              42.6416304
            ],
            [
              21.2638771,
              42.6406912
            ],
            [
              21.2642956,
              42.6400125
            ],
            [
              21.2650037,
              42.6391443
            ],
            [
              21.2648749,
              42.638797
            ],
            [
              21.2650573,
              42.6379447
            ],
            [
              21.2658191,
              42.6372422
            ],
            [
              21.2665808,
              42.636445
            ],
            [
              21.267085,
              42.6362319
            ],
            [
              21.2654113,
              42.6354111
            ],
            [
              21.2648535,
              42.6347796
            ],
            [
              21.2642023,
              42.6324099
            ],
            [
              21.2641371,
              42.6321725
            ],
            [
              21.2636518,
              42.6304067
            ],
            [
              21.2629223,
              42.629349
            ],
            [
              21.2614846,
              42.6292227
            ],
            [
              21.2586951,
              42.6290016
            ],
            [
              21.2551117,
              42.6299647
            ],
            [
              21.2527299,
              42.6297752
            ],
            [
              21.2508416,
              42.6299173
            ],
            [
              21.2502193,
              42.6304857
            ],
            [
              21.2499404,
              42.6303909
            ],
            [
              21.2494898,
              42.6298068
            ],
            [
              21.2479877,
              42.6296016
            ],
            [
              21.2464642,
              42.6289069
            ],
            [
              21.2460565,
              42.6288438
            ],
            [
              21.2449836,
              42.6298936
            ],
            [
              21.2445545,
              42.6289543
            ],
            [
              21.2449622,
              42.6273439
            ],
            [
              21.2441039,
              42.6270439
            ],
            [
              21.2429666,
              42.6272966
            ],
            [
              21.2423229,
              42.6270597
            ],
            [
              21.2416363,
              42.6263493
            ],
            [
              21.2409496,
              42.6256862
            ],
            [
              21.2390613,
              42.6234284
            ],
            [
              21.2381601,
              42.6215652
            ],
            [
              21.2368727,
              42.6211073
            ],
            [
              21.2359071,
              42.6216284
            ],
            [
              21.2347483,
              42.6212495
            ],
            [
              21.2341904,
              42.6213126
            ],
            [
              21.2325811,
              42.6207126
            ],
            [
              21.2320661,
              42.6204284
            ],
            [
              21.2291908,
              42.6236494
            ],
            [
              21.2285471,
              42.6233968
            ],
            [
              21.2272382,
              42.6225284
            ],
            [
              21.225543,
              42.6238231
            ],
            [
              21.22859,
              42.6255283
            ],
            [
              21.2277102,
              42.6262861
            ],
            [
              21.2263584,
              42.6265703
            ],
            [
              21.2249422,
              42.6266335
            ],
            [
              21.2236547,
              42.6261282
            ],
            [
              21.223247,
              42.6266808
            ],
            [
              21.2257147,
              42.6283859
            ],
            [
              21.2247491,
              42.6306909
            ],
            [
              21.2236333,
              42.6304699
            ],
            [
              21.222496,
              42.6302015
            ],
            [
              21.2220883,
              42.6307856
            ],
            [
              21.2211656,
              42.6314802
            ],
            [
              21.2211656,
              42.6326958
            ],
            [
              21.2213373,
              42.633943
            ],
            [
              21.2223458,
              42.634085
            ],
            [
              21.222496,
              42.6347954
            ],
            [
              21.2238264,
              42.6358689
            ],
            [
              21.2258434,
              42.636374
            ],
            [
              21.2277317,
              42.6368949
            ],
            [
              21.2312936,
              42.6386313
            ],
            [
              21.2336969,
              42.6392627
            ],
            [
              21.2362289,
              42.6398941
            ],
            [
              21.2358856,
              42.640194
            ],
            [
              21.2333536,
              42.6399888
            ],
            [
              21.2303495,
              42.6389786
            ],
            [
              21.2264442,
              42.6373054
            ],
            [
              21.2282896,
              42.6397678
            ],
            [
              21.2309932,
              42.6415042
            ],
            [
              21.2323236,
              42.6427985
            ],
            [
              21.2330961,
              42.6439665
            ],
            [
              21.229856,
              42.6484015
            ],
            [
              21.2298358,
              42.648861
            ],
            [
              21.2342119,
              42.6511634
            ],
            [
              21.238997,
              42.6538463
            ],
            [
              21.2401771,
              42.6550457
            ],
            [
              21.2383747,
              42.6551088
            ],
            [
              21.2370497,
              42.6570972
            ],
            [
              21.2362455,
              42.658908
            ],
            [
              21.2349445,
              42.6588323
            ],
            [
              21.2341822,
              42.6589061
            ],
            [
              21.2336301,
              42.6600031
            ],
            [
              21.2337035,
              42.6609271
            ],
            [
              21.2329115,
              42.6613646
            ],
            [
              21.2325125,
              42.6613928
            ],
            [
              21.2304807,
              42.6611161
            ],
            [
              21.2294904,
              42.6613134
            ],
            [
              21.2282358,
              42.6612547
            ],
            [
              21.2267231,
              42.6607796
            ],
            [
              21.2261517,
              42.6608265
            ],
            [
              21.2260501,
              42.6608384
            ],
            [
              21.2258045,
              42.660555
            ],
            [
              21.2255344,
              42.6603633
            ],
            [
              21.2249893,
              42.6601205
            ],
            [
              21.2245241,
              42.6596325
            ],
            [
              21.2240769,
              42.6594264
            ],
            [
              21.2232283,
              42.6592912
            ],
            [
              21.2225957,
              42.6592657
            ],
            [
              21.2219035,
              42.6592518
            ],
            [
              21.2215496,
              42.6591019
            ],
            [
              21.2213218,
              42.6587534
            ],
            [
              21.2209668,
              42.6580788
            ],
            [
              21.2204121,
              42.6576063
            ],
            [
              21.2198299,
              42.6568815
            ],
            [
              21.2194406,
              42.6568047
            ],
            [
              21.2191431,
              42.6566939
            ],
            [
              21.2187477,
              42.6559159
            ],
            [
              21.218573,
              42.6557724
            ],
            [
              21.2180381,
              42.6557328
            ],
            [
              21.2174176,
              42.6555787
            ],
            [
              21.217011,
              42.6551363
            ],
            [
              21.2167988,
              42.6543999
            ],
            [
              21.2166314,
              42.6541223
            ],
            [
              21.215012,
              42.6525948
            ],
            [
              21.2142162,
              42.651859
            ],
            [
              21.2136973,
              42.6514938
            ],
            [
              21.2122156,
              42.6509267
            ],
            [
              21.2112034,
              42.6506402
            ],
            [
              21.210614,
              42.6503956
            ],
            [
              21.2098843,
              42.6505783
            ],
            [
              21.2094427,
              42.6507481
            ],
            [
              21.2085891,
              42.6508302
            ],
            [
              21.2069152,
              42.6511672
            ],
            [
              21.2061675,
              42.6512528
            ],
            [
              21.2048024,
              42.6513373
            ],
            [
              21.2048339,
              42.6516272
            ],
            [
              21.2049527,
              42.6516394
            ],
            [
              21.2048694,
              42.6516818
            ],
            [
              21.2048734,
              42.6517471
            ],
            [
              21.2047283,
              42.6518476
            ],
            [
              21.2042776,
              42.6518501
            ],
            [
              21.2042175,
              42.6519097
            ],
            [
              21.2038886,
              42.651738
            ],
            [
              21.2037151,
              42.6517858
            ],
            [
              21.2036457,
              42.6518129
            ],
            [
              21.203405,
              42.652
            ],
            [
              21.2034191,
              42.6522103
            ],
            [
              21.2032949,
              42.6522357
            ],
            [
              21.2030024,
              42.6522104
            ],
            [
              21.202781,
              42.6523864
            ],
            [
              21.2029538,
              42.6524826
            ],
            [
              21.2028051,
              42.652545
            ],
            [
              21.202718,
              42.6525035
            ],
            [
              21.2026562,
              42.6525941
            ],
            [
              21.2027158,
              42.6530005
            ],
            [
              21.2026183,
              42.6529751
            ],
            [
              21.2024489,
              42.6529066
            ],
            [
              21.2018067,
              42.6531948
            ],
            [
              21.2013866,
              42.6530408
            ],
            [
              21.2009967,
              42.6530546
            ],
            [
              21.2006994,
              42.6533148
            ],
            [
              21.2006677,
              42.6533493
            ],
            [
              21.2005316,
              42.6537481
            ],
            [
              21.200491,
              42.653877
            ],
            [
              21.2009357,
              42.653955
            ],
            [
              21.2007332,
              42.6540219
            ],
            [
              21.2006452,
              42.6541708
            ],
            [
              21.1994885,
              42.6539095
            ],
            [
              21.1993295,
              42.6539867
            ],
            [
              21.1990377,
              42.6540904
            ],
            [
              21.1987543,
              42.6540806
            ],
            [
              21.1997156,
              42.6546474
            ],
            [
              21.1993529,
              42.6551065
            ],
            [
              21.1988126,
              42.6554548
            ],
            [
              21.1982533,
              42.6556379
            ],
            [
              21.1975795,
              42.6558494
            ],
            [
              21.1972644,
              42.6561345
            ],
            [
              21.1972973,
              42.656541
            ],
            [
              21.1964847,
              42.656589
            ],
            [
              21.1960749,
              42.6563506
            ],
            [
              21.1958498,
              42.6564379
            ],
            [
              21.1962712,
              42.656742
            ],
            [
              21.1966376,
              42.6570065
            ],
            [
              21.1966441,
              42.6571794
            ],
            [
              21.1970793,
              42.6577867
            ],
            [
              21.1962186,
              42.6573693
            ],
            [
              21.1956672,
              42.6571376
            ],
            [
              21.1949845,
              42.6569099
            ],
            [
              21.194548,
              42.6567408
            ],
            [
              21.1942324,
              42.6567246
            ],
            [
              21.1937679,
              42.6566591
            ],
            [
              21.193442,
              42.6567521
            ],
            [
              21.1926709,
              42.656855
            ],
            [
              21.1922619,
              42.6569904
            ],
            [
              21.1917854,
              42.6574896
            ],
            [
              21.1915337,
              42.6581574
            ],
            [
              21.1913197,
              42.6583457
            ],
            [
              21.1907802,
              42.6590693
            ],
            [
              21.1910102,
              42.6591267
            ],
            [
              21.1931891,
              42.6592398
            ],
            [
              21.1932732,
              42.6594297
            ],
            [
              21.1914253,
              42.6606477
            ],
            [
              21.1900091,
              42.6615471
            ],
            [
              21.189816,
              42.6624781
            ],
            [
              21.1886143,
              42.6638193
            ],
            [
              21.1884524,
              42.664617
            ],
            [
              21.1909961,
              42.6638035
            ],
            [
              21.1939144,
              42.6612473
            ],
            [
              21.1947118,
              42.6605557
            ],
            [
              21.1951281,
              42.6604972
            ],
            [
              21.1958151,
              42.6604966
            ],
            [
              21.1966516,
              42.6607683
            ],
            [
              21.1967335,
              42.6609924
            ],
            [
              21.1965744,
              42.6613872
            ],
            [
              21.1969611,
              42.6612772
            ],
            [
              21.1971772,
              42.6614313
            ],
            [
              21.1972035,
              42.661564
            ],
            [
              21.196871,
              42.6618608
            ],
            [
              21.1967223,
              42.662173
            ],
            [
              21.1964232,
              42.6623268
            ],
            [
              21.1962462,
              42.6621394
            ],
            [
              21.1963809,
              42.6617233
            ],
            [
              21.1962027,
              42.6616022
            ],
            [
              21.1958282,
              42.6619138
            ],
            [
              21.1958073,
              42.6621158
            ],
            [
              21.1959337,
              42.6622552
            ],
            [
              21.1961051,
              42.6624233
            ],
            [
              21.1959028,
              42.6627497
            ],
            [
              21.1955512,
              42.6629635
            ],
            [
              21.1954396,
              42.6631952
            ],
            [
              21.1956324,
              42.6633713
            ],
            [
              21.1951459,
              42.663578
            ],
            [
              21.1951174,
              42.6636907
            ],
            [
              21.19528,
              42.6637911
            ],
            [
              21.1955995,
              42.6637437
            ],
            [
              21.1960493,
              42.6636803
            ],
            [
              21.197002,
              42.6632321
            ],
            [
              21.1986189,
              42.6621651
            ],
            [
              21.1988707,
              42.6620634
            ],
            [
              21.1988763,
              42.6626073
            ],
            [
              21.1991553,
              42.6626625
            ],
            [
              21.1997507,
              42.6623076
            ],
            [
              21.2002281,
              42.6617395
            ],
            [
              21.2006563,
              42.6615202
            ],
            [
              21.2011508,
              42.6611832
            ],
            [
              21.201961,
              42.6608844
            ],
            [
              21.2035016,
              42.6603138
            ],
            [
              21.2042997,
              42.6605441
            ],
            [
              21.2052997,
              42.6611592
            ],
            [
              21.207025,
              42.6615155
            ],
            [
              21.2077117,
              42.6614051
            ],
            [
              21.2083339,
              42.6613893
            ],
            [
              21.2092781,
              42.6599534
            ],
            [
              21.2089133,
              42.659764
            ],
            [
              21.2097931,
              42.6594642
            ],
            [
              21.2103081,
              42.6597009
            ],
            [
              21.2123251,
              42.6596062
            ],
            [
              21.2123036,
              42.6600323
            ],
            [
              21.2138271,
              42.660979
            ],
            [
              21.2146854,
              42.6610106
            ],
            [
              21.2157583,
              42.6615471
            ],
            [
              21.2148571,
              42.6625728
            ],
            [
              21.2139344,
              42.6637877
            ],
            [
              21.213398,
              42.665476
            ],
            [
              21.2127328,
              42.6668487
            ],
            [
              21.2114453,
              42.6675745
            ],
            [
              21.2104196,
              42.6683692
            ],
            [
              21.2103517,
              42.6695424
            ],
            [
              21.210265,
              42.671305
            ],
            [
              21.2086901,
              42.6713175
            ],
            [
              21.2079478,
              42.6715904
            ],
            [
              21.2070502,
              42.6719573
            ],
            [
              21.2065575,
              42.6723024
            ],
            [
              21.2056088,
              42.6717555
            ],
            [
              21.2042526,
              42.6709246
            ],
            [
              21.2036668,
              42.6704253
            ],
            [
              21.2037311,
              42.6701295
            ],
            [
              21.2037448,
              42.6694809
            ],
            [
              21.2034918,
              42.6694632
            ],
            [
              21.2021142,
              42.6696006
            ],
            [
              21.2016428,
              42.6700798
            ],
            [
              21.2010343,
              42.6703794
            ],
            [
              21.2003349,
              42.6712195
            ],
            [
              21.20093,
              42.6720096
            ],
            [
              21.2010204,
              42.6723196
            ],
            [
              21.2008826,
              42.6725356
            ],
            [
              21.2004704,
              42.6724826
            ],
            [
              21.2004168,
              42.6727063
            ],
            [
              21.2001592,
              42.6735127
            ],
            [
              21.1999265,
              42.6740236
            ]
          ]
        ]
      },
      "properties": {
        "name": "Peisazhi i Mbrojtur \"Gërmia\"",
        "category": "parqe",
        "categoryLabel": "Park kombëtar",
        "location": "Kosovë",
        "countryCodes": [
          "XK"
        ],
        "summary": "Park kombëtar në Kosovë; kufiri dhe të dhënat vijnë nga OpenStreetMap.",
        "details": [],
        "mapNote": "Sipërfaqja vjen nga kufiri i objektit në OpenStreetMap.",
        "geometryType": "Polygon",
        "sources": [
          {
            "label": "OpenStreetMap",
            "url": "https://www.openstreetmap.org/way/470716146"
          }
        ],
        "osm": {
          "type": "way",
          "id": 470716146,
          "tags": {
            "boundary": "national_park"
          }
        }
      }
    }
  ]
}
