{
  "type": "FeatureCollection",
  "features": [
    {
      "type": "Feature",
      "id": "osm-relation-7458650",
      "geometry": {
        "type": "Polygon",
        "coordinates": [
          [
            [
              20.0142844,
              42.7407546
            ],
            [
              20.0146052,
              42.7402429
            ],
            [
              20.0149322,
              42.7391531
            ],
            [
              20.0151257,
              42.7380597
            ],
            [
              20.0151882,
              42.7372885
            ],
            [
              20.0155658,
              42.7365308
            ],
            [
              20.0162735,
              42.7351881
            ],
            [
              20.0162184,
              42.7348675
            ],
            [
              20.0160967,
              42.7346116
            ],
            [
              20.0160747,
              42.7343035
            ],
            [
              20.0160993,
              42.7340842
            ],
            [
              20.0160875,
              42.7339325
            ],
            [
              20.0158011,
              42.7334622
            ],
            [
              20.0157402,
              42.7332163
            ],
            [
              20.0158917,
              42.7330075
            ],
            [
              20.0159203,
              42.7328902
            ],
            [
              20.0159227,
              42.7326558
            ],
            [
              20.015898,
              42.7324916
            ],
            [
              20.0156465,
              42.7317948
            ],
            [
              20.0155828,
              42.7315336
            ],
            [
              20.0155193,
              42.7312398
            ],
            [
              20.0152023,
              42.73052
            ],
            [
              20.0147635,
              42.7297436
            ],
            [
              20.0146268,
              42.7293868
            ],
            [
              20.0145505,
              42.7293879
            ],
            [
              20.0146893,
              42.7287972
            ],
            [
              20.0149186,
              42.7283404
            ],
            [
              20.0153084,
              42.7279039
            ],
            [
              20.0156477,
              42.727645
            ],
            [
              20.0159717,
              42.7274739
            ],
            [
              20.0160683,
              42.7273663
            ],
            [
              20.0161922,
              42.7271322
            ],
            [
              20.016396,
              42.72682
            ],
            [
              20.0167295,
              42.7265108
            ],
            [
              20.0169344,
              42.7262738
            ],
            [
              20.0171131,
              42.7261012
            ],
            [
              20.0173415,
              42.7258989
            ],
            [
              20.0177763,
              42.7256125
            ],
            [
              20.0179347,
              42.7254663
            ],
            [
              20.0180922,
              42.7252356
            ],
            [
              20.0182933,
              42.7248903
            ],
            [
              20.0183965,
              42.7246434
            ],
            [
              20.0186374,
              42.7244083
            ],
            [
              20.0189186,
              42.724531
            ],
            [
              20.0192001,
              42.7246442
            ],
            [
              20.0197529,
              42.7242213
            ],
            [
              20.0204676,
              42.7240008
            ],
            [
              20.0213137,
              42.7233553
            ],
            [
              20.0220562,
              42.722911
            ],
            [
              20.0227692,
              42.7226029
            ],
            [
              20.023289,
              42.7224625
            ],
            [
              20.024392,
              42.7223594
            ],
            [
              20.0251297,
              42.722474
            ],
            [
              20.025789,
              42.7225814
            ],
            [
              20.0265052,
              42.7222651
            ],
            [
              20.0270487,
              42.7218249
            ],
            [
              20.0277742,
              42.7212761
            ],
            [
              20.0295798,
              42.7206204
            ],
            [
              20.0305824,
              42.7205577
            ],
            [
              20.0314224,
              42.7204465
            ],
            [
              20.0320428,
              42.7205949
            ],
            [
              20.0321856,
              42.7201272
            ],
            [
              20.0321332,
              42.7198717
            ],
            [
              20.0320348,
              42.7196958
            ],
            [
              20.0318454,
              42.7195472
            ],
            [
              20.0316778,
              42.719446
            ],
            [
              20.0315354,
              42.7192098
            ],
            [
              20.0311844,
              42.7189029
            ],
            [
              20.0309924,
              42.7187857
            ],
            [
              20.0301752,
              42.7183887
            ],
            [
              20.0277195,
              42.7175346
            ],
            [
              20.0277398,
              42.7163928
            ],
            [
              20.0273119,
              42.7158202
            ],
            [
              20.0272396,
              42.7157638
            ],
            [
              20.0264872,
              42.7154092
            ],
            [
              20.0259732,
              42.7153087
            ],
            [
              20.0253509,
              42.7150537
            ],
            [
              20.024937,
              42.7149563
            ],
            [
              20.0242021,
              42.7146701
            ],
            [
              20.0240394,
              42.7146074
            ],
            [
              20.0226654,
              42.7140763
            ],
            [
              20.0219045,
              42.7139412
            ],
            [
              20.0210702,
              42.7138729
            ],
            [
              20.0202334,
              42.71407
            ],
            [
              20.0189498,
              42.7140429
            ],
            [
              20.0181827,
              42.713985
            ],
            [
              20.0172848,
              42.7135899
            ],
            [
              20.0167883,
              42.7129454
            ],
            [
              20.0165523,
              42.7120434
            ],
            [
              20.0162897,
              42.7105992
            ],
            [
              20.0163451,
              42.7092525
            ],
            [
              20.0171988,
              42.7093175
            ],
            [
              20.0199918,
              42.7093414
            ],
            [
              20.0219291,
              42.7095009
            ],
            [
              20.02511,
              42.709528
            ],
            [
              20.0267325,
              42.7095387
            ],
            [
              20.0283199,
              42.7097523
            ],
            [
              20.0304405,
              42.7105992
            ],
            [
              20.0312507,
              42.7108919
            ],
            [
              20.0327637,
              42.7109046
            ],
            [
              20.033193,
              42.7107368
            ],
            [
              20.0332394,
              42.7102512
            ],
            [
              20.0328656,
              42.7093333
            ],
            [
              20.0318885,
              42.7072956
            ],
            [
              20.0315223,
              42.7058918
            ],
            [
              20.0318043,
              42.7027213
            ],
            [
              20.0319512,
              42.700725
            ],
            [
              20.032553,
              42.6994438
            ],
            [
              20.0330891,
              42.6973902
            ],
            [
              20.0333271,
              42.6970492
            ],
            [
              20.0341054,
              42.6968842
            ],
            [
              20.0352765,
              42.6966075
            ],
            [
              20.035818,
              42.6967501
            ],
            [
              20.0363548,
              42.6967284
            ],
            [
              20.0374231,
              42.6967249
            ],
            [
              20.0378715,
              42.6966311
            ],
            [
              20.0386631,
              42.6966641
            ],
            [
              20.039605,
              42.6965963
            ],
            [
              20.0398826,
              42.6965521
            ],
            [
              20.0402551,
              42.6964194
            ],
            [
              20.0407094,
              42.696211
            ],
            [
              20.0408838,
              42.6961583
            ],
            [
              20.0413894,
              42.6962724
            ],
            [
              20.0418517,
              42.696202
            ],
            [
              20.0421129,
              42.6961221
            ],
            [
              20.0425878,
              42.6961632
            ],
            [
              20.0428929,
              42.6962277
            ],
            [
              20.0439031,
              42.6959809
            ],
            [
              20.0443133,
              42.6958622
            ],
            [
              20.0450671,
              42.695479
            ],
            [
              20.045247,
              42.6952228
            ],
            [
              20.0458864,
              42.6948456
            ],
            [
              20.0461986,
              42.6945622
            ],
            [
              20.0462419,
              42.694051
            ],
            [
              20.0464572,
              42.6938391
            ],
            [
              20.0464956,
              42.6935086
            ],
            [
              20.0467556,
              42.6930922
            ],
            [
              20.0470795,
              42.6928569
            ],
            [
              20.0475285,
              42.6928174
            ],
            [
              20.0477823,
              42.6926665
            ],
            [
              20.0486992,
              42.6922178
            ],
            [
              20.0487224,
              42.6920755
            ],
            [
              20.0489634,
              42.6919248
            ],
            [
              20.0490349,
              42.6916343
            ],
            [
              20.049114,
              42.6915381
            ],
            [
              20.0490646,
              42.691338
            ],
            [
              20.0491852,
              42.6909837
            ],
            [
              20.0492952,
              42.6909242
            ],
            [
              20.0493581,
              42.6906371
            ],
            [
              20.0493534,
              42.6905356
            ],
            [
              20.049378,
              42.6905074
            ],
            [
              20.0494986,
              42.6904845
            ],
            [
              20.0499855,
              42.6902443
            ],
            [
              20.0499638,
              42.6901132
            ],
            [
              20.0504326,
              42.689905
            ],
            [
              20.0507521,
              42.6897326
            ],
            [
              20.0510088,
              42.6896208
            ],
            [
              20.0519646,
              42.6889265
            ],
            [
              20.0524708,
              42.6887097
            ],
            [
              20.0527581,
              42.6884137
            ],
            [
              20.0529987,
              42.6880352
            ],
            [
              20.0529591,
              42.6876005
            ],
            [
              20.0527656,
              42.687239
            ],
            [
              20.0527806,
              42.6870766
            ],
            [
              20.0529265,
              42.6868641
            ],
            [
              20.0529739,
              42.686636
            ],
            [
              20.0531557,
              42.6862557
            ],
            [
              20.0531856,
              42.6860811
            ],
            [
              20.0534223,
              42.6858171
            ],
            [
              20.053445,
              42.6855578
            ],
            [
              20.053712,
              42.6853316
            ],
            [
              20.0539971,
              42.6852039
            ],
            [
              20.0543495,
              42.6849252
            ],
            [
              20.0542966,
              42.684897
            ],
            [
              20.0544079,
              42.6848236
            ],
            [
              20.0544282,
              42.6847929
            ],
            [
              20.0546914,
              42.6848693
            ],
            [
              20.0548969,
              42.6848741
            ],
            [
              20.0555003,
              42.6848298
            ],
            [
              20.0563124,
              42.6849511
            ],
            [
              20.0566785,
              42.6848766
            ],
            [
              20.0568995,
              42.6848663
            ],
            [
              20.0577157,
              42.6847119
            ],
            [
              20.0582687,
              42.6844842
            ],
            [
              20.0585637,
              42.6842829
            ],
            [
              20.0592402,
              42.6842048
            ],
            [
              20.0597185,
              42.6842119
            ],
            [
              20.0605975,
              42.6844696
            ],
            [
              20.0611144,
              42.6844119
            ],
            [
              20.0617191,
              42.6843797
            ],
            [
              20.0625546,
              42.6845042
            ],
            [
              20.0629331,
              42.6847302
            ],
            [
              20.0636683,
              42.6848634
            ],
            [
              20.0636384,
              42.6847633
            ],
            [
              20.0636704,
              42.6847329
            ],
            [
              20.0682713,
              42.6802874
            ],
            [
              20.0833932,
              42.680036
            ],
            [
              20.0856877,
              42.6749961
            ],
            [
              20.0885733,
              42.6687164
            ],
            [
              20.0945475,
              42.6662929
            ],
            [
              20.1119442,
              42.6554024
            ],
            [
              20.1117227,
              42.6551635
            ],
            [
              20.1106858,
              42.6523414
            ],
            [
              20.1101293,
              42.6509616
            ],
            [
              20.1097492,
              42.6494684
            ],
            [
              20.1087032,
              42.6478339
            ],
            [
              20.1051951,
              42.6467769
            ],
            [
              20.1039032,
              42.6460714
            ],
            [
              20.1018831,
              42.6452358
            ],
            [
              20.1004597,
              42.6446227
            ],
            [
              20.0983561,
              42.6436062
            ],
            [
              20.0977986,
              42.6431923
            ],
            [
              20.0970139,
              42.6426098
            ],
            [
              20.0957848,
              42.6413347
            ],
            [
              20.0951998,
              42.6408448
            ],
            [
              20.0942781,
              42.6401187
            ],
            [
              20.0942143,
              42.6397914
            ],
            [
              20.0938946,
              42.6394254
            ],
            [
              20.0936092,
              42.6392356
            ],
            [
              20.0935684,
              42.638741
            ],
            [
              20.0935382,
              42.6386927
            ],
            [
              20.0933953,
              42.6383697
            ],
            [
              20.093414,
              42.6379345
            ],
            [
              20.0930403,
              42.6377442
            ],
            [
              20.0928644,
              42.6375015
            ],
            [
              20.0931145,
              42.6372263
            ],
            [
              20.0927952,
              42.6370482
            ],
            [
              20.0925076,
              42.6368512
            ],
            [
              20.0922321,
              42.636366
            ],
            [
              20.0921732,
              42.635689
            ],
            [
              20.0921456,
              42.6355541
            ],
            [
              20.0921452,
              42.6349175
            ],
            [
              20.0921092,
              42.6345072
            ],
            [
              20.0921157,
              42.6342344
            ],
            [
              20.0916951,
              42.6338867
            ],
            [
              20.091367,
              42.6336685
            ],
            [
              20.0905542,
              42.6331012
            ],
            [
              20.0901089,
              42.6322938
            ],
            [
              20.0898604,
              42.6316238
            ],
            [
              20.0899375,
              42.6309
            ],
            [
              20.0893617,
              42.6305037
            ],
            [
              20.0884902,
              42.6299244
            ],
            [
              20.0881815,
              42.6292852
            ],
            [
              20.0876775,
              42.6288872
            ],
            [
              20.0867975,
              42.6285724
            ],
            [
              20.0862139,
              42.6281775
            ],
            [
              20.085735,
              42.6276539
            ],
            [
              20.0849853,
              42.6274196
            ],
            [
              20.0844854,
              42.6273793
            ],
            [
              20.0842198,
              42.6274429
            ],
            [
              20.0837303,
              42.6273511
            ],
            [
              20.0833861,
              42.6272295
            ],
            [
              20.0829281,
              42.627006
            ],
            [
              20.082683,
              42.6268332
            ],
            [
              20.0821027,
              42.6265192
            ],
            [
              20.0818413,
              42.6263379
            ],
            [
              20.0814513,
              42.6259669
            ],
            [
              20.0811664,
              42.6257483
            ],
            [
              20.0805048,
              42.6250972
            ],
            [
              20.0797669,
              42.6244704
            ],
            [
              20.0792803,
              42.6242809
            ],
            [
              20.0782301,
              42.6237904
            ],
            [
              20.0778359,
              42.6230775
            ],
            [
              20.0773168,
              42.6224519
            ],
            [
              20.0770634,
              42.6218617
            ],
            [
              20.0767873,
              42.6215541
            ],
            [
              20.0761995,
              42.6210246
            ],
            [
              20.0757302,
              42.6209103
            ],
            [
              20.0758821,
              42.6197369
            ],
            [
              20.0757279,
              42.6192414
            ],
            [
              20.0758683,
              42.6182346
            ],
            [
              20.0758455,
              42.6179556
            ],
            [
              20.0758942,
              42.6170867
            ],
            [
              20.0758207,
              42.6166015
            ],
            [
              20.075697,
              42.6162528
            ],
            [
              20.0755622,
              42.615873
            ],
            [
              20.0757873,
              42.6152245
            ],
            [
              20.0761271,
              42.6147029
            ],
            [
              20.0758312,
              42.6140767
            ],
            [
              20.0757843,
              42.6136057
            ],
            [
              20.0752936,
              42.6127854
            ],
            [
              20.0751664,
              42.61228
            ],
            [
              20.0751545,
              42.6115628
            ],
            [
              20.0751543,
              42.6115492
            ],
            [
              20.0751364,
              42.6112386
            ],
            [
              20.0744737,
              42.6104211
            ],
            [
              20.0743036,
              42.6101426
            ],
            [
              20.0740054,
              42.6097629
            ],
            [
              20.0736757,
              42.6091814
            ],
            [
              20.0734834,
              42.6090136
            ],
            [
              20.0728945,
              42.6083144
            ],
            [
              20.0728695,
              42.6080674
            ],
            [
              20.0727096,
              42.6073615
            ],
            [
              20.0728171,
              42.6068975
            ],
            [
              20.0734453,
              42.6060226
            ],
            [
              20.0737236,
              42.6057793
            ],
            [
              20.0741037,
              42.6051796
            ],
            [
              20.0745273,
              42.604837
            ],
            [
              20.0745107,
              42.6046165
            ],
            [
              20.0744848,
              42.6042725
            ],
            [
              20.0746211,
              42.6038391
            ],
            [
              20.0746572,
              42.6031863
            ],
            [
              20.0747812,
              42.602327
            ],
            [
              20.0749546,
              42.6016881
            ],
            [
              20.075399,
              42.6011273
            ],
            [
              20.0756317,
              42.6008136
            ],
            [
              20.0757425,
              42.6006541
            ],
            [
              20.0763852,
              42.5999458
            ],
            [
              20.0767165,
              42.5994923
            ],
            [
              20.0768216,
              42.5993219
            ],
            [
              20.0770555,
              42.5991123
            ],
            [
              20.0772293,
              42.5988513
            ],
            [
              20.0778599,
              42.5981731
            ],
            [
              20.0780014,
              42.5981135
            ],
            [
              20.078427,
              42.5980221
            ],
            [
              20.0790351,
              42.5975788
            ],
            [
              20.0789496,
              42.5973155
            ],
            [
              20.0795407,
              42.5965673
            ],
            [
              20.0799287,
              42.5953666
            ],
            [
              20.0807306,
              42.5942049
            ],
            [
              20.0810144,
              42.5936096
            ],
            [
              20.0814335,
              42.5929545
            ],
            [
              20.0817235,
              42.5923381
            ],
            [
              20.0822994,
              42.5912625
            ],
            [
              20.0825875,
              42.5908942
            ],
            [
              20.0830293,
              42.5906914
            ],
            [
              20.0836671,
              42.5903105
            ],
            [
              20.084401,
              42.589464
            ],
            [
              20.0861698,
              42.5874481
            ],
            [
              20.0862216,
              42.5871225
            ],
            [
              20.0862319,
              42.5869783
            ],
            [
              20.0862698,
              42.5867087
            ],
            [
              20.0861584,
              42.5864782
            ],
            [
              20.0861694,
              42.5862574
            ],
            [
              20.08604,
              42.5858243
            ],
            [
              20.0854328,
              42.5852743
            ],
            [
              20.0856332,
              42.5850897
            ],
            [
              20.0856757,
              42.5845053
            ],
            [
              20.0857554,
              42.5838713
            ],
            [
              20.0856769,
              42.5833685
            ],
            [
              20.0856594,
              42.5829637
            ],
            [
              20.0857293,
              42.582446
            ],
            [
              20.0866405,
              42.5817907
            ],
            [
              20.086885,
              42.5814523
            ],
            [
              20.0872709,
              42.5809181
            ],
            [
              20.0875278,
              42.5791966
            ],
            [
              20.0874518,
              42.5788686
            ],
            [
              20.0877899,
              42.5783983
            ],
            [
              20.0882264,
              42.5777911
            ],
            [
              20.0883536,
              42.5771087
            ],
            [
              20.0884437,
              42.5764736
            ],
            [
              20.0884946,
              42.5760032
            ],
            [
              20.0884922,
              42.5756608
            ],
            [
              20.0884237,
              42.5748237
            ],
            [
              20.0880424,
              42.5739875
            ],
            [
              20.0873961,
              42.5733608
            ],
            [
              20.0869798,
              42.5730132
            ],
            [
              20.0867708,
              42.5728214
            ],
            [
              20.0864446,
              42.5725972
            ],
            [
              20.0862718,
              42.5724512
            ],
            [
              20.0860466,
              42.5722875
            ],
            [
              20.0859836,
              42.5722313
            ],
            [
              20.0854585,
              42.5718501
            ],
            [
              20.0850942,
              42.5715982
            ],
            [
              20.0848983,
              42.5714748
            ],
            [
              20.0844176,
              42.5711299
            ],
            [
              20.0841846,
              42.5709541
            ],
            [
              20.08398,
              42.5705948
            ],
            [
              20.0838444,
              42.5702528
            ],
            [
              20.0838443,
              42.5700321
            ],
            [
              20.084039,
              42.5693979
            ],
            [
              20.0841089,
              42.5692485
            ],
            [
              20.0841307,
              42.5689488
            ],
            [
              20.084025,
              42.5687068
            ],
            [
              20.0843558,
              42.5682545
            ],
            [
              20.0843052,
              42.5680687
            ],
            [
              20.084155,
              42.5679049
            ],
            [
              20.0839355,
              42.5676015
            ],
            [
              20.0836784,
              42.5672842
            ],
            [
              20.0832079,
              42.56668
            ],
            [
              20.0826776,
              42.5659816
            ],
            [
              20.0823921,
              42.5652853
            ],
            [
              20.0821065,
              42.5645891
            ],
            [
              20.0815674,
              42.5640031
            ],
            [
              20.0810466,
              42.5631911
            ],
            [
              20.0806624,
              42.5625563
            ],
            [
              20.0804726,
              42.5620218
            ],
            [
              20.0803224,
              42.5612654
            ],
            [
              20.0800973,
              42.5611277
            ],
            [
              20.0790726,
              42.5597369
            ],
            [
              20.0788654,
              42.5587207
            ],
            [
              20.0789191,
              42.5579007
            ],
            [
              20.0789792,
              42.5572287
            ],
            [
              20.0788765,
              42.5560902
            ],
            [
              20.0762998,
              42.5558234
            ],
            [
              20.0789465,
              42.5554699
            ],
            [
              20.0795142,
              42.5553849
            ],
            [
              20.0799305,
              42.5551259
            ],
            [
              20.0801723,
              42.5549475
            ],
            [
              20.081189,
              42.5543627
            ],
            [
              20.0814964,
              42.5540923
            ],
            [
              20.0818744,
              42.5537377
            ],
            [
              20.0824651,
              42.5532962
            ],
            [
              20.082805,
              42.5531352
            ],
            [
              20.0834734,
              42.5528431
            ],
            [
              20.0843601,
              42.5524922
            ],
            [
              20.0846236,
              42.5523562
            ],
            [
              20.0850737,
              42.5521637
            ],
            [
              20.086384,
              42.5518409
            ],
            [
              20.0870808,
              42.551759
            ],
            [
              20.0872504,
              42.5516606
            ],
            [
              20.0873713,
              42.5514528
            ],
            [
              20.0875829,
              42.5513097
            ],
            [
              20.087756,
              42.5510981
            ],
            [
              20.0877598,
              42.5509576
            ],
            [
              20.0883101,
              42.5506721
            ],
            [
              20.0883607,
              42.5500491
            ],
            [
              20.0886936,
              42.5494443
            ],
            [
              20.0890275,
              42.5490115
            ],
            [
              20.0892451,
              42.5488463
            ],
            [
              20.0893901,
              42.5486438
            ],
            [
              20.0898926,
              42.5482965
            ],
            [
              20.0896433,
              42.5478062
            ],
            [
              20.0895915,
              42.5469473
            ],
            [
              20.0896819,
              42.5462176
            ],
            [
              20.089528,
              42.5453715
            ],
            [
              20.0899996,
              42.5447737
            ],
            [
              20.0913042,
              42.5439898
            ],
            [
              20.0932886,
              42.543326
            ],
            [
              20.0940215,
              42.5426191
            ],
            [
              20.0952324,
              42.5419939
            ],
            [
              20.0952811,
              42.5418464
            ],
            [
              20.0957188,
              42.5415548
            ],
            [
              20.0958624,
              42.5407178
            ],
            [
              20.0965687,
              42.5396993
            ],
            [
              20.0969909,
              42.5393885
            ],
            [
              20.097272,
              42.5386613
            ],
            [
              20.0982952,
              42.536562
            ],
            [
              20.0979485,
              42.5342791
            ],
            [
              20.0989347,
              42.5339041
            ],
            [
              20.0993241,
              42.5337504
            ],
            [
              20.0997198,
              42.5333487
            ],
            [
              20.1002231,
              42.5325797
            ],
            [
              20.1009934,
              42.5321845
            ],
            [
              20.1011388,
              42.5320766
            ],
            [
              20.1024895,
              42.5315463
            ],
            [
              20.102618,
              42.5314065
            ],
            [
              20.1031533,
              42.5311749
            ],
            [
              20.1036662,
              42.5310723
            ],
            [
              20.1039425,
              42.5309029
            ],
            [
              20.1045402,
              42.53105
            ],
            [
              20.1048562,
              42.5309985
            ],
            [
              20.1050719,
              42.5310565
            ],
            [
              20.1055233,
              42.5313667
            ],
            [
              20.106105,
              42.5311684
            ],
            [
              20.1067705,
              42.5309337
            ],
            [
              20.1076063,
              42.5299468
            ],
            [
              20.1084055,
              42.5296852
            ],
            [
              20.1098469,
              42.5291073
            ],
            [
              20.11151,
              42.5285151
            ],
            [
              20.1124576,
              42.5282106
            ],
            [
              20.1132098,
              42.5281316
            ],
            [
              20.1140776,
              42.5271427
            ],
            [
              20.1164974,
              42.5265013
            ],
            [
              20.1170058,
              42.5264808
            ],
            [
              20.1174406,
              42.5262355
            ],
            [
              20.1180858,
              42.526171
            ],
            [
              20.1193674,
              42.5261565
            ],
            [
              20.1199585,
              42.526252
            ],
            [
              20.1205623,
              42.5259553
            ],
            [
              20.120871,
              42.5257979
            ],
            [
              20.1218872,
              42.5256556
            ],
            [
              20.1219097,
              42.525285
            ],
            [
              20.1216698,
              42.5249706
            ],
            [
              20.1216512,
              42.5245604
            ],
            [
              20.1215967,
              42.5242296
            ],
            [
              20.1216317,
              42.5240847
            ],
            [
              20.121583,
              42.5237449
            ],
            [
              20.1212542,
              42.523467
            ],
            [
              20.1220035,
              42.5232884
            ],
            [
              20.1222361,
              42.5229778
            ],
            [
              20.122352,
              42.5228571
            ],
            [
              20.1226222,
              42.5228151
            ],
            [
              20.1228415,
              42.5226008
            ],
            [
              20.1228607,
              42.5222063
            ],
            [
              20.1239625,
              42.5217521
            ],
            [
              20.1249348,
              42.5213899
            ],
            [
              20.1252306,
              42.5212451
            ],
            [
              20.1259545,
              42.5212591
            ],
            [
              20.1264633,
              42.5209169
            ],
            [
              20.1276923,
              42.5208419
            ],
            [
              20.1282634,
              42.5207636
            ],
            [
              20.1289448,
              42.5208498
            ],
            [
              20.1295529,
              42.5207412
            ],
            [
              20.1311833,
              42.5203484
            ],
            [
              20.1338294,
              42.5195735
            ],
            [
              20.136664,
              42.5187153
            ],
            [
              20.1391313,
              42.5176035
            ],
            [
              20.1401403,
              42.5169002
            ],
            [
              20.144138,
              42.5154127
            ],
            [
              20.1467619,
              42.5148986
            ],
            [
              20.1483137,
              42.5148138
            ],
            [
              20.1490775,
              42.514538
            ],
            [
              20.1495265,
              42.5143983
            ],
            [
              20.1498911,
              42.5139679
            ],
            [
              20.1507601,
              42.5132592
            ],
            [
              20.1509711,
              42.5130196
            ],
            [
              20.1514858,
              42.5129439
            ],
            [
              20.1542166,
              42.5117433
            ],
            [
              20.156329,
              42.5095433
            ],
            [
              20.1595215,
              42.5090241
            ],
            [
              20.1605659,
              42.507827
            ],
            [
              20.161453,
              42.506991
            ],
            [
              20.1623476,
              42.506827
            ],
            [
              20.1650476,
              42.5066803
            ],
            [
              20.1663333,
              42.5040172
            ],
            [
              20.1666415,
              42.503157
            ],
            [
              20.1669784,
              42.5028923
            ],
            [
              20.1671727,
              42.5025144
            ],
            [
              20.1671419,
              42.5019249
            ],
            [
              20.167312,
              42.5016609
            ],
            [
              20.1674521,
              42.5010643
            ],
            [
              20.1674,
              42.500875
            ],
            [
              20.1665118,
              42.5004151
            ],
            [
              20.1659588,
              42.4996071
            ],
            [
              20.1659689,
              42.4992186
            ],
            [
              20.1660433,
              42.4991315
            ],
            [
              20.1673158,
              42.4978358
            ],
            [
              20.1673153,
              42.4976518
            ],
            [
              20.1673506,
              42.4957604
            ],
            [
              20.1708138,
              42.4912812
            ],
            [
              20.1712361,
              42.490741
            ],
            [
              20.1735598,
              42.4895052
            ],
            [
              20.1767026,
              42.4880902
            ],
            [
              20.1779822,
              42.4869972
            ],
            [
              20.1802623,
              42.4865872
            ],
            [
              20.18046,
              42.4860006
            ],
            [
              20.18073,
              42.4850181
            ],
            [
              20.1803367,
              42.4826048
            ],
            [
              20.1800127,
              42.4806524
            ],
            [
              20.1817544,
              42.4775953
            ],
            [
              20.1821263,
              42.4769425
            ],
            [
              20.1827298,
              42.4737175
            ],
            [
              20.1824549,
              42.4730057
            ],
            [
              20.1834869,
              42.4728423
            ],
            [
              20.1851614,
              42.4721059
            ],
            [
              20.1876189,
              42.4710168
            ],
            [
              20.1891616,
              42.4703277
            ],
            [
              20.1915445,
              42.4674039
            ],
            [
              20.1922976,
              42.4671094
            ],
            [
              20.1931192,
              42.4650939
            ],
            [
              20.1938233,
              42.464557
            ],
            [
              20.1956935,
              42.4640555
            ],
            [
              20.1957971,
              42.463912
            ],
            [
              20.1968012,
              42.4624634
            ],
            [
              20.1959978,
              42.4608944
            ],
            [
              20.1952017,
              42.459355
            ],
            [
              20.1944335,
              42.4588587
            ],
            [
              20.1940451,
              42.458492
            ],
            [
              20.1937843,
              42.4580441
            ],
            [
              20.1933517,
              42.4574968
            ],
            [
              20.1928376,
              42.4571324
            ],
            [
              20.192039,
              42.4567633
            ],
            [
              20.1924109,
              42.4544575
            ],
            [
              20.1929945,
              42.4524692
            ],
            [
              20.1935088,
              42.4518872
            ],
            [
              20.1946618,
              42.451224
            ],
            [
              20.1967456,
              42.4506752
            ],
            [
              20.1976338,
              42.4500602
            ],
            [
              20.1977224,
              42.4499804
            ],
            [
              20.1989832,
              42.4489386
            ],
            [
              20.1991525,
              42.4487923
            ],
            [
              20.1999275,
              42.4485213
            ],
            [
              20.2002158,
              42.4480681
            ],
            [
              20.2012322,
              42.4479434
            ],
            [
              20.2018731,
              42.4476841
            ],
            [
              20.202682,
              42.4476245
            ],
            [
              20.2030928,
              42.4473904
            ],
            [
              20.2032957,
              42.4466606
            ],
            [
              20.20426,
              42.445861
            ],
            [
              20.2049547,
              42.445725
            ],
            [
              20.2067641,
              42.4448584
            ],
            [
              20.2078135,
              42.4445329
            ],
            [
              20.2080574,
              42.4439901
            ],
            [
              20.2081963,
              42.4418549
            ],
            [
              20.2101822,
              42.4417108
            ],
            [
              20.2112187,
              42.4394356
            ],
            [
              20.2113696,
              42.4391171
            ],
            [
              20.2122123,
              42.4384781
            ],
            [
              20.2135821,
              42.4374537
            ],
            [
              20.2140641,
              42.4379852
            ],
            [
              20.2151146,
              42.4379565
            ],
            [
              20.2167846,
              42.4371631
            ],
            [
              20.2176409,
              42.4367646
            ],
            [
              20.2182378,
              42.4362032
            ],
            [
              20.218976,
              42.4356656
            ],
            [
              20.2195138,
              42.4348988
            ],
            [
              20.220052,
              42.4343162
            ],
            [
              20.2206287,
              42.4337015
            ],
            [
              20.2207326,
              42.433238
            ],
            [
              20.2206667,
              42.4322743
            ],
            [
              20.2212589,
              42.4311863
            ],
            [
              20.2215153,
              42.4302223
            ],
            [
              20.2216882,
              42.4299305
            ],
            [
              20.2218314,
              42.4296008
            ],
            [
              20.222043,
              42.4291473
            ],
            [
              20.2223218,
              42.4286982
            ],
            [
              20.2224048,
              42.4283581
            ],
            [
              20.2222197,
              42.4275358
            ],
            [
              20.2227552,
              42.4262847
            ],
            [
              20.2230928,
              42.4256974
            ],
            [
              20.2236028,
              42.4254353
            ],
            [
              20.2246704,
              42.4242116
            ],
            [
              20.2254321,
              42.4240794
            ],
            [
              20.2270844,
              42.4249145
            ],
            [
              20.2273833,
              42.4257211
            ],
            [
              20.2281585,
              42.4259348
            ],
            [
              20.2298584,
              42.4271275
            ],
            [
              20.2300359,
              42.4276377
            ],
            [
              20.2301386,
              42.4292854
            ],
            [
              20.2300265,
              42.4298645
            ],
            [
              20.2302507,
              42.4302712
            ],
            [
              20.2308298,
              42.4302919
            ],
            [
              20.2310259,
              42.4308848
            ],
            [
              20.2325483,
              42.4310364
            ],
            [
              20.2339909,
              42.4317835
            ],
            [
              20.2340885,
              42.4323896
            ],
            [
              20.2356578,
              42.4323656
            ],
            [
              20.2360887,
              42.4335899
            ],
            [
              20.2357391,
              42.434454
            ],
            [
              20.2357879,
              42.4348981
            ],
            [
              20.2361781,
              42.4350961
            ],
            [
              20.2365034,
              42.4356902
            ],
            [
              20.2370644,
              42.4362603
            ],
            [
              20.2376601,
              42.436471
            ],
            [
              20.23794,
              42.4366829
            ],
            [
              20.2381661,
              42.4372417
            ],
            [
              20.2394756,
              42.4375969
            ],
            [
              20.2401197,
              42.437691
            ],
            [
              20.2404949,
              42.4378842
            ],
            [
              20.2409408,
              42.4385842
            ],
            [
              20.2419105,
              42.4382969
            ],
            [
              20.242767,
              42.4386051
            ],
            [
              20.243128,
              42.4389865
            ],
            [
              20.2438694,
              42.4393028
            ],
            [
              20.2445649,
              42.4395924
            ],
            [
              20.2452303,
              42.4398589
            ],
            [
              20.2456125,
              42.4398954
            ],
            [
              20.2460089,
              42.4401357
            ],
            [
              20.2474671,
              42.4405641
            ],
            [
              20.248359,
              42.440632
            ],
            [
              20.2490031,
              42.4402454
            ],
            [
              20.2509709,
              42.4405536
            ],
            [
              20.2521388,
              42.4409349
            ],
            [
              20.2535191,
              42.4415513
            ],
            [
              20.2579431,
              42.4426796
            ],
            [
              20.2583324,
              42.4429042
            ],
            [
              20.2614327,
              42.4436825
            ],
            [
              20.2635067,
              42.4441265
            ],
            [
              20.2645614,
              42.4447272
            ],
            [
              20.265248,
              42.4455055
            ],
            [
              20.2650569,
              42.4459024
            ],
            [
              20.2641898,
              42.44666
            ],
            [
              20.2636259,
              42.4473174
            ],
            [
              20.2632932,
              42.4478905
            ],
            [
              20.2623666,
              42.4480735
            ],
            [
              20.2612856,
              42.4485525
            ],
            [
              20.2599853,
              42.448791
            ],
            [
              20.2589235,
              42.44865
            ],
            [
              20.2582298,
              42.4486604
            ],
            [
              20.2573096,
              42.4494073
            ],
            [
              20.2558515,
              42.4497416
            ],
            [
              20.2540465,
              42.4497155
            ],
            [
              20.2539899,
              42.4505093
            ],
            [
              20.2535439,
              42.4508018
            ],
            [
              20.2534448,
              42.4511831
            ],
            [
              20.2526308,
              42.4514129
            ],
            [
              20.2521141,
              42.4520501
            ],
            [
              20.2508188,
              42.4523321
            ],
            [
              20.2496437,
              42.452306
            ],
            [
              20.2481998,
              42.4522433
            ],
            [
              20.2482776,
              42.4527604
            ],
            [
              20.246593,
              42.4543167
            ],
            [
              20.2475698,
              42.4547293
            ],
            [
              20.248044,
              42.4547711
            ],
            [
              20.2489784,
              42.4553351
            ],
            [
              20.2507692,
              42.4555544
            ],
            [
              20.2510877,
              42.455779
            ],
            [
              20.251024,
              42.4560976
            ],
            [
              20.2512152,
              42.4563848
            ],
            [
              20.2523265,
              42.4564005
            ],
            [
              20.2541244,
              42.4574293
            ],
            [
              20.2550941,
              42.458411
            ],
            [
              20.2576565,
              42.4588288
            ],
            [
              20.2581944,
              42.4590847
            ],
            [
              20.2583289,
              42.4594241
            ],
            [
              20.2578618,
              42.4599202
            ],
            [
              20.2573521,
              42.4605887
            ],
            [
              20.2569203,
              42.4612623
            ],
            [
              20.2569628,
              42.4618263
            ],
            [
              20.2561205,
              42.4632257
            ],
            [
              20.2557666,
              42.4642074
            ],
            [
              20.2552994,
              42.4648184
            ],
            [
              20.2534802,
              42.4652674
            ],
            [
              20.2522061,
              42.4653458
            ],
            [
              20.2521707,
              42.4656956
            ],
            [
              20.2527936,
              42.4657792
            ],
            [
              20.2536714,
              42.4660507
            ],
            [
              20.253728,
              42.4667399
            ],
            [
              20.2547543,
              42.4669592
            ],
            [
              20.2553135,
              42.4668705
            ],
            [
              20.2554834,
              42.4665519
            ],
            [
              20.2561346,
              42.4662595
            ],
            [
              20.2571822,
              42.466176
            ],
            [
              20.2577303,
              42.4664879
            ],
            [
              20.2586813,
              42.4664542
            ],
            [
              20.2595181,
              42.4668548
            ],
            [
              20.2609479,
              42.4668235
            ],
            [
              20.2616133,
              42.4670741
            ],
            [
              20.2616699,
              42.4681497
            ],
            [
              20.2610966,
              42.4718986
            ],
            [
              20.2605728,
              42.4723685
            ],
            [
              20.2603887,
              42.4727809
            ],
            [
              20.2609833,
              42.4732821
            ],
            [
              20.2607922,
              42.4738721
            ],
            [
              20.2604029,
              42.4743054
            ],
            [
              20.2601764,
              42.4747544
            ],
            [
              20.2618894,
              42.4753548
            ],
            [
              20.2620734,
              42.4756472
            ],
            [
              20.2620592,
              42.4760231
            ],
            [
              20.2619106,
              42.4769628
            ],
            [
              20.2623778,
              42.477323
            ],
            [
              20.2627812,
              42.477986
            ],
            [
              20.2624627,
              42.4783567
            ],
            [
              20.2628089,
              42.47884
            ],
            [
              20.2630431,
              42.4794635
            ],
            [
              20.2629653,
              42.4803614
            ],
            [
              20.262222,
              42.4808991
            ],
            [
              20.2626397,
              42.48175
            ],
            [
              20.2617266,
              42.4826009
            ],
            [
              20.2620026,
              42.4826113
            ],
            [
              20.263213,
              42.4840677
            ],
            [
              20.2639459,
              42.4854433
            ],
            [
              20.2639209,
              42.4859469
            ],
            [
              20.2649048,
              42.4883793
            ],
            [
              20.2670495,
              42.4882384
            ],
            [
              20.2686209,
              42.488348
            ],
            [
              20.2689678,
              42.4886247
            ],
            [
              20.269626,
              42.4890266
            ],
            [
              20.2690456,
              42.4903367
            ],
            [
              20.2691022,
              42.491532
            ],
            [
              20.2701498,
              42.4924662
            ],
            [
              20.2698879,
              42.493745
            ],
            [
              20.2696402,
              42.4939851
            ],
            [
              20.2699092,
              42.4943922
            ],
            [
              20.2695482,
              42.4960101
            ],
            [
              20.2702206,
              42.4965529
            ],
            [
              20.2712187,
              42.4953473
            ],
            [
              20.2716009,
              42.4946114
            ],
            [
              20.2718306,
              42.4937829
            ],
            [
              20.2719761,
              42.492127
            ],
            [
              20.2725565,
              42.4917773
            ],
            [
              20.2725636,
              42.4912449
            ],
            [
              20.273144,
              42.4908378
            ],
            [
              20.2743403,
              42.491224
            ],
            [
              20.2749525,
              42.4924109
            ],
            [
              20.2758515,
              42.492818
            ],
            [
              20.2762157,
              42.4939614
            ],
            [
              20.2753413,
              42.4949107
            ],
            [
              20.2740592,
              42.4951322
            ],
            [
              20.2738769,
              42.4955001
            ],
            [
              20.2738339,
              42.4958323
            ],
            [
              20.2747137,
              42.4959233
            ],
            [
              20.2752662,
              42.4964454
            ],
            [
              20.2755613,
              42.498158
            ],
            [
              20.27385,
              42.4999299
            ],
            [
              20.2732546,
              42.5001909
            ],
            [
              20.2712376,
              42.4997519
            ],
            [
              20.2679009,
              42.5021328
            ],
            [
              20.2652562,
              42.5026826
            ],
            [
              20.2623219,
              42.5024611
            ],
            [
              20.2612597,
              42.5026272
            ],
            [
              20.2608681,
              42.5030306
            ],
            [
              20.2606053,
              42.5038888
            ],
            [
              20.2595699,
              42.5039442
            ],
            [
              20.2593232,
              42.5044108
            ],
            [
              20.2608413,
              42.50483
            ],
            [
              20.2628262,
              42.506665
            ],
            [
              20.2620322,
              42.5074559
            ],
            [
              20.2623058,
              42.5086977
            ],
            [
              20.2616889,
              42.509801
            ],
            [
              20.2608106,
              42.5105852
            ],
            [
              20.2618653,
              42.5114148
            ],
            [
              20.2602514,
              42.5121975
            ],
            [
              20.2601098,
              42.5128862
            ],
            [
              20.2617662,
              42.5142845
            ],
            [
              20.2630898,
              42.5144984
            ],
            [
              20.2629978,
              42.5159698
            ],
            [
              20.2611362,
              42.5163611
            ],
            [
              20.2606973,
              42.5166741
            ],
            [
              20.2628209,
              42.5173993
            ],
            [
              20.2625519,
              42.5186202
            ],
            [
              20.2614335,
              42.5201696
            ],
            [
              20.2614052,
              42.5215365
            ],
            [
              20.2596922,
              42.5231746
            ],
            [
              20.2587437,
              42.5240093
            ],
            [
              20.2584393,
              42.5245988
            ],
            [
              20.2583049,
              42.5256682
            ],
            [
              20.260032,
              42.5303786
            ],
            [
              20.2611079,
              42.5320217
            ],
            [
              20.2614547,
              42.534009
            ],
            [
              20.2615255,
              42.5357406
            ],
            [
              20.2612565,
              42.5365699
            ],
            [
              20.2617379,
              42.5391933
            ],
            [
              20.2609532,
              42.5433324
            ],
            [
              20.2592217,
              42.5460101
            ],
            [
              20.2597581,
              42.5476898
            ],
            [
              20.2578484,
              42.5480138
            ],
            [
              20.2563463,
              42.5492271
            ],
            [
              20.2553056,
              42.5495907
            ],
            [
              20.2552091,
              42.5501281
            ],
            [
              20.2565556,
              42.5502479
            ],
            [
              20.2576977,
              42.5501121
            ],
            [
              20.2600442,
              42.5485905
            ],
            [
              20.2648821,
              42.549453
            ],
            [
              20.2659554,
              42.5493752
            ],
            [
              20.2672076,
              42.5505013
            ],
            [
              20.2680613,
              42.5505252
            ],
            [
              20.2696225,
              42.5502437
            ],
            [
              20.2702648,
              42.5502257
            ],
            [
              20.2712649,
              42.5501
            ],
            [
              20.2730863,
              42.5509026
            ],
            [
              20.2740701,
              42.5514657
            ],
            [
              20.2747694,
              42.551274
            ],
            [
              20.2754442,
              42.5508307
            ],
            [
              20.2761597,
              42.5507648
            ],
            [
              20.2770948,
              42.5503755
            ],
            [
              20.2775827,
              42.5503935
            ],
            [
              20.2778022,
              42.550681
            ],
            [
              20.2773713,
              42.5514357
            ],
            [
              20.2767533,
              42.5517831
            ],
            [
              20.2760703,
              42.5522024
            ],
            [
              20.2777859,
              42.5529331
            ],
            [
              20.2785909,
              42.5532626
            ],
            [
              20.2782982,
              42.5539214
            ],
            [
              20.277477,
              42.5542509
            ],
            [
              20.2747287,
              42.5541371
            ],
            [
              20.2727773,
              42.5546162
            ],
            [
              20.2728586,
              42.5550295
            ],
            [
              20.2736647,
              42.5546576
            ],
            [
              20.2752979,
              42.5550954
            ],
            [
              20.2758996,
              42.5552391
            ],
            [
              20.2775745,
              42.555874
            ],
            [
              20.2777128,
              42.5562993
            ],
            [
              20.2775339,
              42.5573234
            ],
            [
              20.2778591,
              42.5576948
            ],
            [
              20.2778429,
              42.558653
            ],
            [
              20.2777453,
              42.55921
            ],
            [
              20.2784689,
              42.5587189
            ],
            [
              20.2798756,
              42.5581919
            ],
            [
              20.2805423,
              42.5580841
            ],
            [
              20.28164,
              42.5585213
            ],
            [
              20.2820384,
              42.5589285
            ],
            [
              20.2821441,
              42.5594256
            ],
            [
              20.2819246,
              42.5598389
            ],
            [
              20.2822092,
              42.5600844
            ],
            [
              20.2833312,
              42.5599107
            ],
            [
              20.2845834,
              42.5607372
            ],
            [
              20.2847054,
              42.5614139
            ],
            [
              20.2840224,
              42.5622464
            ],
            [
              20.2834939,
              42.5628093
            ],
            [
              20.2826889,
              42.562989
            ],
            [
              20.2817294,
              42.5645161
            ],
            [
              20.2833556,
              42.5640789
            ],
            [
              20.2844452,
              42.5640011
            ],
            [
              20.28512,
              42.5641987
            ],
            [
              20.2854534,
              42.5641448
            ],
            [
              20.2862665,
              42.5646538
            ],
            [
              20.286047,
              42.5665342
            ],
            [
              20.285616,
              42.5674025
            ],
            [
              20.2864373,
              42.5679295
            ],
            [
              20.286486,
              42.5682888
            ],
            [
              20.2855754,
              42.5689595
            ],
            [
              20.2852908,
              42.569211
            ],
            [
              20.2841281,
              42.5695223
            ],
            [
              20.2849412,
              42.5698936
            ],
            [
              20.2859169,
              42.5699595
            ],
            [
              20.2863397,
              42.5702948
            ],
            [
              20.2862258,
              42.5711331
            ],
            [
              20.2871203,
              42.5711571
            ],
            [
              20.2873967,
              42.5713547
            ],
            [
              20.2872747,
              42.5725642
            ],
            [
              20.2871609,
              42.5727918
            ],
            [
              20.287169,
              42.5733007
            ],
            [
              20.2875349,
              42.5734504
            ],
            [
              20.2874617,
              42.5739713
            ],
            [
              20.2864129,
              42.5761568
            ],
            [
              20.2863641,
              42.5765759
            ],
            [
              20.2860876,
              42.5773603
            ],
            [
              20.2856486,
              42.5776237
            ],
            [
              20.2845753,
              42.5778692
            ],
            [
              20.2829491,
              42.5778033
            ],
            [
              20.2835833,
              42.5785158
            ],
            [
              20.2847785,
              42.5788211
            ],
            [
              20.2854774,
              42.5790779
            ],
            [
              20.2865503,
              42.5789673
            ],
            [
              20.2869365,
              42.5783589
            ],
            [
              20.2876017,
              42.5783984
            ],
            [
              20.2887819,
              42.5800812
            ],
            [
              20.2884171,
              42.5807606
            ],
            [
              20.2872691,
              42.5814478
            ],
            [
              20.2866683,
              42.5825143
            ],
            [
              20.2885351,
              42.5832253
            ],
            [
              20.2898762,
              42.5833675
            ],
            [
              20.2904449,
              42.5839441
            ],
            [
              20.2900586,
              42.585058
            ],
            [
              20.2897582,
              42.5853186
            ],
            [
              20.2896724,
              42.5863534
            ],
            [
              20.2898441,
              42.5870407
            ],
            [
              20.2897368,
              42.5883203
            ],
            [
              20.2894471,
              42.5888495
            ],
            [
              20.288975,
              42.5891734
            ],
            [
              20.2882455,
              42.5892208
            ],
            [
              20.2870867,
              42.5895762
            ],
            [
              20.2866791,
              42.5896868
            ],
            [
              20.2869687,
              42.5904609
            ],
            [
              20.2867112,
              42.5911086
            ],
            [
              20.2860997,
              42.5930516
            ],
            [
              20.2861426,
              42.5935176
            ],
            [
              20.2855203,
              42.5956501
            ],
            [
              20.2815936,
              42.5994173
            ],
            [
              20.2809284,
              42.6000491
            ],
            [
              20.2801722,
              42.6004573
            ],
            [
              20.2795068,
              42.6004677
            ],
            [
              20.2796201,
              42.6013535
            ],
            [
              20.2793652,
              42.6018745
            ],
            [
              20.2785725,
              42.6022079
            ],
            [
              20.2779496,
              42.6017703
            ],
            [
              20.2766754,
              42.601145
            ],
            [
              20.2756703,
              42.601145
            ],
            [
              20.2767745,
              42.6018015
            ],
            [
              20.2767462,
              42.6025622
            ],
            [
              20.2771426,
              42.6031249
            ],
            [
              20.2780062,
              42.6036459
            ],
            [
              20.277723,
              42.6041461
            ],
            [
              20.2781478,
              42.6047921
            ],
            [
              20.2785725,
              42.605855
            ],
            [
              20.2786857,
              42.606178
            ],
            [
              20.2784734,
              42.6069907
            ],
            [
              20.2781619,
              42.6076263
            ],
            [
              20.2778221,
              42.6081994
            ],
            [
              20.2779779,
              42.6094914
            ],
            [
              20.2785017,
              42.6100853
            ],
            [
              20.2780829,
              42.6105948
            ],
            [
              20.2775861,
              42.6113253
            ],
            [
              20.2777033,
              42.6124651
            ],
            [
              20.2785327,
              42.6132339
            ],
            [
              20.2789666,
              42.6141597
            ],
            [
              20.2788516,
              42.6163717
            ],
            [
              20.2780574,
              42.6177457
            ],
            [
              20.2768899,
              42.6190928
            ],
            [
              20.2763762,
              42.6199932
            ],
            [
              20.2758718,
              42.620976
            ],
            [
              20.2758811,
              42.6220482
            ],
            [
              20.2762641,
              42.6224468
            ],
            [
              20.2759932,
              42.6229348
            ],
            [
              20.276208,
              42.6242818
            ],
            [
              20.2750032,
              42.6251065
            ],
            [
              20.2750592,
              42.6269207
            ],
            [
              20.2750686,
              42.6271956
            ],
            [
              20.2741346,
              42.6279035
            ],
            [
              20.2740318,
              42.6282471
            ],
            [
              20.2701277,
              42.6300338
            ],
            [
              20.2698755,
              42.6317517
            ],
            [
              20.2706624,
              42.6333466
            ],
            [
              20.2714528,
              42.634484
            ],
            [
              20.2717248,
              42.6351599
            ],
            [
              20.2714353,
              42.6354142
            ],
            [
              20.2723133,
              42.635902
            ],
            [
              20.2732753,
              42.6375373
            ],
            [
              20.2722012,
              42.6390902
            ],
            [
              20.2709123,
              42.6400589
            ],
            [
              20.2704546,
              42.6404162
            ],
            [
              20.2693805,
              42.6410758
            ],
            [
              20.2694459,
              42.6415636
            ],
            [
              20.270464,
              42.6415774
            ],
            [
              20.2731819,
              42.6412063
            ],
            [
              20.274807,
              42.6410552
            ],
            [
              20.275685,
              42.6417422
            ],
            [
              20.27618,
              42.6419896
            ],
            [
              20.2771234,
              42.6421751
            ],
            [
              20.2773755,
              42.6424224
            ],
            [
              20.2774036,
              42.6427591
            ],
            [
              20.2767498,
              42.6428621
            ],
            [
              20.2765443,
              42.6436728
            ],
            [
              20.2766657,
              42.6441331
            ],
            [
              20.2759652,
              42.6447652
            ],
            [
              20.2761333,
              42.645356
            ],
            [
              20.2763855,
              42.6454797
            ],
            [
              20.2762901,
              42.6457186
            ],
            [
              20.2761313,
              42.6461446
            ],
            [
              20.2760005,
              42.6464812
            ],
            [
              20.2753748,
              42.6470857
            ],
            [
              20.2748611,
              42.6476353
            ],
            [
              20.2744314,
              42.6483498
            ],
            [
              20.2744314,
              42.6485696
            ],
            [
              20.2753281,
              42.6490162
            ],
            [
              20.2765609,
              42.6507611
            ],
            [
              20.2762247,
              42.6514892
            ],
            [
              20.2752066,
              42.6516678
            ],
            [
              20.2751599,
              42.6523204
            ],
            [
              20.2755335,
              42.6529249
            ],
            [
              20.2753654,
              42.6535088
            ],
            [
              20.2748144,
              42.6534882
            ],
            [
              20.2741886,
              42.6532478
            ],
            [
              20.2739551,
              42.6528219
            ],
            [
              20.2737589,
              42.652712
            ],
            [
              20.2725634,
              42.6526708
            ],
            [
              20.2719563,
              42.6523067
            ],
            [
              20.2715827,
              42.6522998
            ],
            [
              20.2716294,
              42.6528494
            ],
            [
              20.2718256,
              42.6535432
            ],
            [
              20.2719096,
              42.6539622
            ],
            [
              20.2724513,
              42.6545598
            ],
            [
              20.2726662,
              42.6550063
            ],
            [
              20.2724794,
              42.6555146
            ],
            [
              20.2721525,
              42.6556726
            ],
            [
              20.2713305,
              42.6556932
            ],
            [
              20.2707608,
              42.6559954
            ],
            [
              20.2702378,
              42.6559336
            ],
            [
              20.269145,
              42.6550475
            ],
            [
              20.2689582,
              42.6548758
            ],
            [
              20.2665018,
              42.6547865
            ],
            [
              20.2652409,
              42.6556588
            ],
            [
              20.2637374,
              42.6562416
            ],
            [
              20.2624389,
              42.6571288
            ],
            [
              20.2619906,
              42.6572593
            ],
            [
              20.2613835,
              42.6589284
            ],
            [
              20.2595061,
              42.6592238
            ],
            [
              20.2589737,
              42.6595878
            ],
            [
              20.2582452,
              42.6596153
            ],
            [
              20.257414,
              42.6599999
            ],
            [
              20.2566948,
              42.6600136
            ],
            [
              20.2547536,
              42.6605827
            ],
            [
              20.2540395,
              42.6613291
            ],
            [
              20.2534538,
              42.6619437
            ],
            [
              20.2507172,
              42.6627679
            ],
            [
              20.2479339,
              42.6635165
            ],
            [
              20.2470185,
              42.6642582
            ],
            [
              20.2475883,
              42.6646291
            ],
            [
              20.2488212,
              42.6654807
            ],
            [
              20.2488585,
              42.6663942
            ],
            [
              20.2494345,
              42.6671702
            ],
            [
              20.2501288,
              42.6683721
            ],
            [
              20.2513803,
              42.6688047
            ],
            [
              20.2517166,
              42.6689077
            ],
            [
              20.2518193,
              42.6693885
            ],
            [
              20.2517072,
              42.6696563
            ],
            [
              20.2525572,
              42.6698829
            ],
            [
              20.2532577,
              42.6704186
            ],
            [
              20.2540516,
              42.6709474
            ],
            [
              20.2565173,
              42.670968
            ],
            [
              20.2570871,
              42.6713045
            ],
            [
              20.25747,
              42.6713663
            ],
            [
              20.258348,
              42.6711053
            ],
            [
              20.2586095,
              42.6708031
            ],
            [
              20.25931,
              42.6709336
            ],
            [
              20.259394,
              42.6705765
            ],
            [
              20.2602066,
              42.6702675
            ],
            [
              20.2608698,
              42.6703362
            ],
            [
              20.2611686,
              42.6705765
            ],
            [
              20.2619719,
              42.6707757
            ],
            [
              20.2618972,
              42.6711602
            ],
            [
              20.2605522,
              42.6721217
            ],
            [
              20.2605989,
              42.6725406
            ],
            [
              20.261178,
              42.6730006
            ],
            [
              20.2621026,
              42.6733028
            ],
            [
              20.2638119,
              42.6744015
            ],
            [
              20.2646618,
              42.6744427
            ],
            [
              20.2648579,
              42.6748616
            ],
            [
              20.2641948,
              42.6751569
            ],
            [
              20.2644657,
              42.675823
            ],
            [
              20.2652409,
              42.6767774
            ],
            [
              20.2654557,
              42.67721
            ],
            [
              20.2658853,
              42.6774984
            ],
            [
              20.2670435,
              42.6781164
            ],
            [
              20.2684258,
              42.6779997
            ],
            [
              20.2695471,
              42.6775447
            ],
            [
              20.2701593,
              42.6775617
            ],
            [
              20.2732546,
              42.6796408
            ],
            [
              20.2739457,
              42.6798742
            ],
            [
              20.2747677,
              42.680451
            ],
            [
              20.2749918,
              42.6792288
            ],
            [
              20.2753187,
              42.6789885
            ],
            [
              20.2756643,
              42.6788649
            ],
            [
              20.2759632,
              42.6788443
            ],
            [
              20.2762621,
              42.6797094
            ],
            [
              20.277084,
              42.6800115
            ],
            [
              20.2776911,
              42.6805196
            ],
            [
              20.2776911,
              42.6809797
            ],
            [
              20.2786718,
              42.6820096
            ],
            [
              20.279886,
              42.6823392
            ],
            [
              20.2805585,
              42.681735
            ],
            [
              20.2812683,
              42.6808012
            ],
            [
              20.2816326,
              42.6806982
            ],
            [
              20.2821182,
              42.6806913
            ],
            [
              20.2828001,
              42.6799429
            ],
            [
              20.283155,
              42.6798399
            ],
            [
              20.2847895,
              42.679682
            ],
            [
              20.2852471,
              42.6792219
            ],
            [
              20.2858171,
              42.6793391
            ],
            [
              20.2895996,
              42.679318
            ],
            [
              20.2900853,
              42.6801969
            ],
            [
              20.2911221,
              42.6804049
            ],
            [
              20.2930274,
              42.6804441
            ],
            [
              20.2938026,
              42.6804304
            ],
            [
              20.2945591,
              42.6808698
            ],
            [
              20.294914,
              42.6807737
            ],
            [
              20.2969875,
              42.6813024
            ],
            [
              20.2974732,
              42.6815221
            ],
            [
              20.297688,
              42.6823598
            ],
            [
              20.2984726,
              42.6831494
            ],
            [
              20.2990408,
              42.6834975
            ],
            [
              20.2992112,
              42.6840497
            ],
            [
              20.2993225,
              42.6849276
            ],
            [
              20.2989302,
              42.6854082
            ],
            [
              20.2974265,
              42.6858064
            ],
            [
              20.2969128,
              42.686184
            ],
            [
              20.2978188,
              42.6865891
            ],
            [
              20.2994533,
              42.6876601
            ],
            [
              20.3013026,
              42.6884153
            ],
            [
              20.3019388,
              42.6889656
            ],
            [
              20.3016813,
              42.6898883
            ],
            [
              20.3010161,
              42.6911974
            ],
            [
              20.2996087,
              42.692355
            ],
            [
              20.2990294,
              42.692812
            ],
            [
              20.2977358,
              42.6932718
            ],
            [
              20.2974584,
              42.6938946
            ],
            [
              20.296892,
              42.6945893
            ],
            [
              20.2963959,
              42.6946997
            ],
            [
              20.2937508,
              42.6976088
            ],
            [
              20.2911241,
              42.6998003
            ],
            [
              20.2910073,
              42.70027
            ],
            [
              20.2906198,
              42.7008489
            ],
            [
              20.2904911,
              42.7022603
            ],
            [
              20.2922781,
              42.7036097
            ],
            [
              20.294213,
              42.7045154
            ],
            [
              20.2949278,
              42.704769
            ],
            [
              20.2954208,
              42.7048143
            ],
            [
              20.2956549,
              42.7045879
            ],
            [
              20.2963081,
              42.7047871
            ],
            [
              20.2970476,
              42.7045154
            ],
            [
              20.2974173,
              42.7045335
            ],
            [
              20.2980016,
              42.7049685
            ],
            [
              20.2979965,
              42.7058195
            ],
            [
              20.2988099,
              42.7067614
            ],
            [
              20.3001656,
              42.7080112
            ],
            [
              20.3006709,
              42.7087628
            ],
            [
              20.3015097,
              42.7096262
            ],
            [
              20.3018417,
              42.7103385
            ],
            [
              20.3018293,
              42.7121768
            ],
            [
              20.3012131,
              42.7131186
            ],
            [
              20.3010042,
              42.7134872
            ],
            [
              20.3008755,
              42.7140548
            ],
            [
              20.3015802,
              42.7144206
            ],
            [
              20.303386,
              42.7158364
            ],
            [
              20.3060146,
              42.7161674
            ],
            [
              20.3062935,
              42.7177913
            ],
            [
              20.307463,
              42.7178701
            ],
            [
              20.3083964,
              42.7184219
            ],
            [
              20.3085037,
              42.7189342
            ],
            [
              20.3078814,
              42.7191786
            ],
            [
              20.3071626,
              42.7193204
            ],
            [
              20.3065618,
              42.7197067
            ],
            [
              20.3059824,
              42.7204161
            ],
            [
              20.3048451,
              42.7214802
            ],
            [
              20.3042551,
              42.7218033
            ],
            [
              20.3041907,
              42.7231905
            ],
            [
              20.3032424,
              42.7271349
            ],
            [
              20.3030144,
              42.7282077
            ],
            [
              20.3046782,
              42.7289546
            ],
            [
              20.3048137,
              42.7294751
            ],
            [
              20.3050356,
              42.7302854
            ],
            [
              20.3061201,
              42.7300274
            ],
            [
              20.3062522,
              42.7306464
            ],
            [
              20.3066819,
              42.7316892
            ],
            [
              20.30501,
              42.7317167
            ],
            [
              20.3044963,
              42.7319156
            ],
            [
              20.3038612,
              42.7325125
            ],
            [
              20.3028992,
              42.7329584
            ],
            [
              20.3020492,
              42.7333495
            ],
            [
              20.3044683,
              42.7335965
            ],
            [
              20.3052435,
              42.7344609
            ],
            [
              20.3057479,
              42.7349891
            ],
            [
              20.3057666,
              42.7356683
            ],
            [
              20.3056638,
              42.7364297
            ],
            [
              20.3059627,
              42.7372804
            ],
            [
              20.3094372,
              42.738035
            ],
            [
              20.310997,
              42.7385083
            ],
            [
              20.311081,
              42.7395921
            ],
            [
              20.3127062,
              42.7397774
            ],
            [
              20.3087647,
              42.7436873
            ],
            [
              20.3074758,
              42.7443869
            ],
            [
              20.3080642,
              42.745162
            ],
            [
              20.3061775,
              42.7477753
            ],
            [
              20.3056638,
              42.7486052
            ],
            [
              20.3051688,
              42.7495448
            ],
            [
              20.3016943,
              42.753509
            ],
            [
              20.3021798,
              42.75643
            ],
            [
              20.3022641,
              42.7576992
            ],
            [
              20.3001345,
              42.7592353
            ],
            [
              20.2990885,
              42.7596879
            ],
            [
              20.3001609,
              42.7609534
            ],
            [
              20.3009324,
              42.7636714
            ],
            [
              20.301343,
              42.7655733
            ],
            [
              20.3018314,
              42.7661293
            ],
            [
              20.3027657,
              42.7665451
            ],
            [
              20.3030347,
              42.767153
            ],
            [
              20.3036293,
              42.7679948
            ],
            [
              20.3040115,
              42.7684313
            ],
            [
              20.3036859,
              42.7694446
            ],
            [
              20.3034382,
              42.7699278
            ],
            [
              20.3051935,
              42.7705958
            ],
            [
              20.3067579,
              42.77131
            ],
            [
              20.3086125,
              42.7707904
            ],
            [
              20.3100848,
              42.7717413
            ],
            [
              20.3115288,
              42.7731182
            ],
            [
              20.3116491,
              42.7721414
            ],
            [
              20.3113235,
              42.7715906
            ],
            [
              20.312902,
              42.7716062
            ],
            [
              20.3141124,
              42.7732273
            ],
            [
              20.3154643,
              42.7726454
            ],
            [
              20.3162147,
              42.7729987
            ],
            [
              20.3184939,
              42.7724531
            ],
            [
              20.318862,
              42.7721466
            ],
            [
              20.3219552,
              42.7700889
            ],
            [
              20.3232293,
              42.7695018
            ],
            [
              20.3250414,
              42.7681196
            ],
            [
              20.3265633,
              42.7681248
            ],
            [
              20.3270163,
              42.7676623
            ],
            [
              20.3271295,
              42.7673505
            ],
            [
              20.3289912,
              42.76747
            ],
            [
              20.3293875,
              42.7670959
            ],
            [
              20.3294512,
              42.7663476
            ],
            [
              20.3298547,
              42.7657812
            ],
            [
              20.3301662,
              42.7655733
            ],
            [
              20.3305626,
              42.7653291
            ],
            [
              20.3309023,
              42.7653135
            ],
            [
              20.3313483,
              42.7650069
            ],
            [
              20.3326861,
              42.7639676
            ],
            [
              20.3330966,
              42.7653551
            ],
            [
              20.3327945,
              42.7663179
            ],
            [
              20.3328789,
              42.7667892
            ],
            [
              20.3327215,
              42.7678805
            ],
            [
              20.3329126,
              42.7682754
            ],
            [
              20.333585,
              42.7686652
            ],
            [
              20.334505,
              42.7695899
            ],
            [
              20.3346978,
              42.7707547
            ],
            [
              20.3353192,
              42.7713204
            ],
            [
              20.3357581,
              42.7714763
            ],
            [
              20.3362323,
              42.7708579
            ],
            [
              20.3365721,
              42.7705358
            ],
            [
              20.3370322,
              42.7702604
            ],
            [
              20.3376056,
              42.7696732
            ],
            [
              20.3382452,
              42.7691095
            ],
            [
              20.3388372,
              42.7683534
            ],
            [
              20.3391486,
              42.7678961
            ],
            [
              20.3400405,
              42.7672674
            ],
            [
              20.3406139,
              42.7671582
            ],
            [
              20.3411164,
              42.7674284
            ],
            [
              20.3417181,
              42.768052
            ],
            [
              20.3417039,
              42.7684313
            ],
            [
              20.3433249,
              42.7679169
            ],
            [
              20.3442592,
              42.7680416
            ],
            [
              20.3451157,
              42.7685145
            ],
            [
              20.3450025,
              42.7691016
            ],
            [
              20.3461633,
              42.7684469
            ],
            [
              20.3469844,
              42.7683534
            ],
            [
              20.3483506,
              42.7697927
            ],
            [
              20.3480249,
              42.7704527
            ],
            [
              20.3480037,
              42.7708112
            ],
            [
              20.3489097,
              42.7706397
            ],
            [
              20.349568,
              42.7703383
            ],
            [
              20.3541265,
              42.7716841
            ],
            [
              20.3555776,
              42.7725882
            ],
            [
              20.3567314,
              42.7740327
            ],
            [
              20.3574746,
              42.7740483
            ],
            [
              20.358048,
              42.7752745
            ],
            [
              20.3592513,
              42.7753004
            ],
            [
              20.3586567,
              42.7768383
            ],
            [
              20.360313,
              42.77728
            ],
            [
              20.3615305,
              42.777945
            ],
            [
              20.3628046,
              42.7785009
            ],
            [
              20.3650131,
              42.779036
            ],
            [
              20.3683258,
              42.7783762
            ],
            [
              20.3712916,
              42.7784489
            ],
            [
              20.3757485,
              42.779876
            ],
            [
              20.3787256,
              42.7775782
            ],
            [
              20.3804748,
              42.7772993
            ],
            [
              20.3816446,
              42.7773037
            ],
            [
              20.3819942,
              42.7769516
            ],
            [
              20.3831813,
              42.7774768
            ],
            [
              20.3836611,
              42.7777215
            ],
            [
              20.3837261,
              42.7784794
            ],
            [
              20.3845717,
              42.7791538
            ],
            [
              20.3854092,
              42.778736
            ],
            [
              20.3867102,
              42.7786465
            ],
            [
              20.3870273,
              42.7784496
            ],
            [
              20.3879054,
              42.7784436
            ],
            [
              20.3889787,
              42.7786047
            ],
            [
              20.3896241,
              42.7788012
            ],
            [
              20.3911578,
              42.7785868
            ],
            [
              20.3914537,
              42.7787038
            ],
            [
              20.3918571,
              42.779118
            ],
            [
              20.3924669,
              42.7787778
            ],
            [
              20.393093,
              42.7785272
            ],
            [
              20.3942069,
              42.7786047
            ],
            [
              20.3964185,
              42.7787241
            ],
            [
              20.3969389,
              42.7793209
            ],
            [
              20.398126,
              42.7798938
            ],
            [
              20.3992372,
              42.7771707
            ],
            [
              20.4009485,
              42.7772377
            ],
            [
              20.4017102,
              42.7774149
            ],
            [
              20.4019677,
              42.7777771
            ],
            [
              20.4021447,
              42.7783874
            ],
            [
              20.4021662,
              42.7788678
            ],
            [
              20.4022628,
              42.7795214
            ],
            [
              20.4025685,
              42.779671
            ],
            [
              20.4029655,
              42.7792851
            ],
            [
              20.4041886,
              42.7795135
            ],
            [
              20.4053741,
              42.7795923
            ],
            [
              20.4067689,
              42.7796316
            ],
            [
              20.408051,
              42.7797143
            ],
            [
              20.4086571,
              42.7802498
            ],
            [
              20.4093062,
              42.7804348
            ],
            [
              20.4100304,
              42.7804585
            ],
            [
              20.4127234,
              42.7808364
            ],
            [
              20.4136782,
              42.7808364
            ],
            [
              20.4148799,
              42.7810294
            ],
            [
              20.4153519,
              42.7814703
            ],
            [
              20.4154485,
              42.7819861
            ],
            [
              20.4165033,
              42.7814475
            ],
            [
              20.4173314,
              42.7812498
            ],
            [
              20.4180288,
              42.7812774
            ],
            [
              20.4190856,
              42.7814546
            ],
            [
              20.4194611,
              42.7818483
            ],
            [
              20.4200887,
              42.7831161
            ],
            [
              20.4203623,
              42.7831909
            ],
            [
              20.4214084,
              42.7818719
            ],
            [
              20.4219134,
              42.7819331
            ],
            [
              20.4231089,
              42.782305
            ],
            [
              20.4236668,
              42.7826318
            ],
            [
              20.4232376,
              42.783368
            ],
            [
              20.4243534,
              42.7840216
            ],
            [
              20.4247738,
              42.784801
            ],
            [
              20.4260305,
              42.7840944
            ],
            [
              20.4286153,
              42.7840926
            ],
            [
              20.4292752,
              42.7845257
            ],
            [
              20.4300959,
              42.7844115
            ],
            [
              20.4307933,
              42.784006
            ],
            [
              20.432762,
              42.7840257
            ],
            [
              20.4344196,
              42.7842541
            ],
            [
              20.4352726,
              42.7843092
            ],
            [
              20.4383947,
              42.7843958
            ],
            [
              20.4388828,
              42.7847422
            ],
            [
              20.4389801,
              42.7860881
            ],
            [
              20.4383714,
              42.7869115
            ],
            [
              20.4379254,
              42.7872907
            ],
            [
              20.4366725,
              42.7876959
            ],
            [
              20.4363434,
              42.7882751
            ],
            [
              20.4375007,
              42.7882829
            ],
            [
              20.4372105,
              42.7889426
            ],
            [
              20.4371531,
              42.7896763
            ],
            [
              20.4372226,
              42.7901474
            ],
            [
              20.4372551,
              42.7906187
            ],
            [
              20.4367998,
              42.7914959
            ],
            [
              20.43632,
              42.7929517
            ],
            [
              20.4358104,
              42.7943143
            ],
            [
              20.4353857,
              42.7965893
            ],
            [
              20.4351309,
              42.7969009
            ],
            [
              20.4351026,
              42.798054
            ],
            [
              20.4354997,
              42.7985487
            ],
            [
              20.4333043,
              42.7996584
            ],
            [
              20.4330929,
              42.8006606
            ],
            [
              20.4320408,
              42.8015672
            ],
            [
              20.430634,
              42.8029832
            ],
            [
              20.4302004,
              42.8034587
            ],
            [
              20.4290428,
              42.8041967
            ],
            [
              20.4289681,
              42.8045873
            ],
            [
              20.4287066,
              42.8056699
            ],
            [
              20.4284637,
              42.8062661
            ],
            [
              20.4281555,
              42.8066567
            ],
            [
              20.4262353,
              42.810066
            ],
            [
              20.4257539,
              42.8106683
            ],
            [
              20.4255841,
              42.8111149
            ],
            [
              20.4255628,
              42.8119146
            ],
            [
              20.425669,
              42.8127246
            ],
            [
              20.4241881,
              42.8157959
            ],
            [
              20.4239219,
              42.8173271
            ],
            [
              20.4238518,
              42.8194715
            ],
            [
              20.4240526,
              42.8207765
            ],
            [
              20.4239219,
              42.8212732
            ],
            [
              20.4243141,
              42.822496
            ],
            [
              20.4246084,
              42.8232359
            ],
            [
              20.4256684,
              42.8237634
            ],
            [
              20.4266723,
              42.8245345
            ],
            [
              20.4274877,
              42.8250145
            ],
            [
              20.4275938,
              42.8255503
            ],
            [
              20.4259583,
              42.8273593
            ],
            [
              20.4251863,
              42.8282132
            ],
            [
              20.4246499,
              42.8288938
            ],
            [
              20.4230781,
              42.8302275
            ],
            [
              20.4187437,
              42.8349876
            ],
            [
              20.4187973,
              42.8394759
            ],
            [
              20.419087,
              42.8404317
            ],
            [
              20.4201184,
              42.8419122
            ],
            [
              20.4198659,
              42.8424472
            ],
            [
              20.419613,
              42.8430192
            ],
            [
              20.419424,
              42.8434143
            ],
            [
              20.4182381,
              42.8444342
            ],
            [
              20.4182008,
              42.8444663
            ],
            [
              20.415844,
              42.8453252
            ],
            [
              20.4148102,
              42.8457075
            ],
            [
              20.4139675,
              42.8460124
            ],
            [
              20.4123711,
              42.8465983
            ],
            [
              20.411887,
              42.846782
            ],
            [
              20.4113354,
              42.8469808
            ],
            [
              20.4092055,
              42.8471219
            ],
            [
              20.408654,
              42.8471625
            ],
            [
              20.4084333,
              42.8471311
            ],
            [
              20.407392,
              42.8469987
            ],
            [
              20.4066598,
              42.8468995
            ],
            [
              20.4056911,
              42.8467766
            ],
            [
              20.4049823,
              42.8466811
            ],
            [
              20.4044223,
              42.8466129
            ],
            [
              20.4013718,
              42.84622
            ],
            [
              20.4010857,
              42.8459837
            ],
            [
              20.4008089,
              42.8457646
            ],
            [
              20.4003068,
              42.8456538
            ],
            [
              20.3996254,
              42.8455048
            ],
            [
              20.3979377,
              42.8451472
            ],
            [
              20.3971752,
              42.8449709
            ],
            [
              20.3950573,
              42.8448104
            ],
            [
              20.3934956,
              42.8444923
            ],
            [
              20.3930529,
              42.8442515
            ],
            [
              20.3924278,
              42.8440026
            ],
            [
              20.3915763,
              42.8436533
            ],
            [
              20.3906775,
              42.8432899
            ],
            [
              20.3906103,
              42.8432209
            ],
            [
              20.3897696,
              42.8424363
            ],
            [
              20.3883123,
              42.8423387
            ],
            [
              20.38743,
              42.8425541
            ],
            [
              20.3862831,
              42.8428169
            ],
            [
              20.3845732,
              42.8429173
            ],
            [
              20.3837518,
              42.842755
            ],
            [
              20.3818262,
              42.8421316
            ],
            [
              20.3801099,
              42.8417777
            ],
            [
              20.378714,
              42.8412256
            ],
            [
              20.3775507,
              42.8407083
            ],
            [
              20.3765911,
              42.8399429
            ],
            [
              20.375497,
              42.8392146
            ],
            [
              20.3687368,
              42.8356171
            ],
            [
              20.3673587,
              42.8348915
            ],
            [
              20.3668989,
              42.8345883
            ],
            [
              20.3653937,
              42.8335793
            ],
            [
              20.3646964,
              42.8330676
            ],
            [
              20.3639817,
              42.8325348
            ],
            [
              20.3636462,
              42.8322797
            ],
            [
              20.3632091,
              42.8325027
            ],
            [
              20.362503,
              42.8326912
            ],
            [
              20.3616826,
              42.8329729
            ],
            [
              20.3615613,
              42.8330021
            ],
            [
              20.3607653,
              42.8332867
            ],
            [
              20.3596425,
              42.8331978
            ],
            [
              20.3584271,
              42.8330387
            ],
            [
              20.3572093,
              42.8324911
            ],
            [
              20.3560026,
              42.8322469
            ],
            [
              20.3543721,
              42.8326188
            ],
            [
              20.3534989,
              42.8328401
            ],
            [
              20.3529276,
              42.8333801
            ],
            [
              20.3506957,
              42.8329096
            ],
            [
              20.3493727,
              42.8326192
            ],
            [
              20.3489412,
              42.8326597
            ],
            [
              20.3480319,
              42.8327813
            ],
            [
              20.3467002,
              42.8330206
            ],
            [
              20.3435482,
              42.833135
            ],
            [
              20.3415604,
              42.834271
            ],
            [
              20.341095,
              42.8353316
            ],
            [
              20.3399562,
              42.8361852
            ],
            [
              20.3388,
              42.8359937
            ],
            [
              20.3372321,
              42.835807
            ],
            [
              20.3350906,
              42.8358639
            ],
            [
              20.3340011,
              42.8351241
            ],
            [
              20.332904,
              42.8346913
            ],
            [
              20.3315036,
              42.8337229
            ],
            [
              20.3299591,
              42.8334384
            ],
            [
              20.328658,
              42.8335649
            ],
            [
              20.3278195,
              42.8333772
            ],
            [
              20.3200874,
              42.8262051
            ],
            [
              20.3196363,
              42.8281159
            ],
            [
              20.3174081,
              42.8286499
            ],
            [
              20.3166405,
              42.8291336
            ],
            [
              20.3163201,
              42.8310894
            ],
            [
              20.3162385,
              42.8318221
            ],
            [
              20.316301,
              42.8333917
            ],
            [
              20.3162948,
              42.8339635
            ],
            [
              20.3162435,
              42.8343031
            ],
            [
              20.3155571,
              42.8360444
            ],
            [
              20.3124679,
              42.8360134
            ],
            [
              20.3114573,
              42.8361014
            ],
            [
              20.3107816,
              42.8360029
            ],
            [
              20.3105174,
              42.8357328
            ],
            [
              20.3097612,
              42.8355133
            ],
            [
              20.3092518,
              42.8355973
            ],
            [
              20.308811,
              42.8359766
            ],
            [
              20.3083725,
              42.8358193
            ],
            [
              20.3076968,
              42.8357389
            ],
            [
              20.3069627,
              42.8357156
            ],
            [
              20.3062861,
              42.8355829
            ],
            [
              20.3054498,
              42.8356608
            ],
            [
              20.3047949,
              42.8358914
            ],
            [
              20.3029803,
              42.8362768
            ],
            [
              20.3016765,
              42.8363294
            ],
            [
              20.3007137,
              42.836265
            ],
            [
              20.2980064,
              42.836205
            ],
            [
              20.2980157,
              42.8350747
            ],
            [
              20.2974625,
              42.8344208
            ],
            [
              20.2971736,
              42.8337901
            ],
            [
              20.2968423,
              42.8326665
            ],
            [
              20.2961032,
              42.8319606
            ],
            [
              20.2956092,
              42.8314806
            ],
            [
              20.2937787,
              42.8278898
            ],
            [
              20.2937655,
              42.8267459
            ],
            [
              20.2938722,
              42.8255193
            ],
            [
              20.2928499,
              42.825358
            ],
            [
              20.2923893,
              42.8252786
            ],
            [
              20.2903106,
              42.8255303
            ],
            [
              20.2888367,
              42.8256769
            ],
            [
              20.288218,
              42.8259971
            ],
            [
              20.2873305,
              42.8261384
            ],
            [
              20.2858673,
              42.826028
            ],
            [
              20.2854122,
              42.8261728
            ],
            [
              20.2852455,
              42.8269282
            ],
            [
              20.2851178,
              42.8271946
            ],
            [
              20.2846007,
              42.8275598
            ],
            [
              20.2841735,
              42.8279543
            ],
            [
              20.2838272,
              42.8284025
            ],
            [
              20.2833492,
              42.8288075
            ],
            [
              20.2829229,
              42.8294892
            ],
            [
              20.2827321,
              42.8298513
            ],
            [
              20.2823636,
              42.8299562
            ],
            [
              20.281635,
              42.8304315
            ],
            [
              20.2813769,
              42.8303816
            ],
            [
              20.2811258,
              42.8306821
            ],
            [
              20.2805975,
              42.8303726
            ],
            [
              20.280093,
              42.8299706
            ],
            [
              20.2801279,
              42.8298311
            ],
            [
              20.2799023,
              42.829693
            ],
            [
              20.2796656,
              42.8295649
            ],
            [
              20.2790114,
              42.8293161
            ],
            [
              20.2786831,
              42.8289794
            ],
            [
              20.2778909,
              42.8281902
            ],
            [
              20.2751643,
              42.8255027
            ],
            [
              20.2757932,
              42.8243487
            ],
            [
              20.2750918,
              42.8235562
            ],
            [
              20.2756059,
              42.8230817
            ],
            [
              20.2760787,
              42.8223883
            ],
            [
              20.2759639,
              42.8217845
            ],
            [
              20.275156,
              42.8213873
            ],
            [
              20.2748415,
              42.8210431
            ],
            [
              20.2744474,
              42.820445
            ],
            [
              20.2737623,
              42.8199444
            ],
            [
              20.2734635,
              42.8198142
            ],
            [
              20.2726685,
              42.8195909
            ],
            [
              20.2717688,
              42.819143
            ],
            [
              20.2713006,
              42.8189974
            ],
            [
              20.2710508,
              42.8188824
            ],
            [
              20.2698585,
              42.8182996
            ],
            [
              20.2692028,
              42.8182772
            ],
            [
              20.2685539,
              42.8181898
            ],
            [
              20.2676239,
              42.8179619
            ],
            [
              20.2674644,
              42.8179269
            ],
            [
              20.2671809,
              42.8177617
            ],
            [
              20.2663306,
              42.8173611
            ],
            [
              20.265869,
              42.8168589
            ],
            [
              20.2657342,
              42.8163075
            ],
            [
              20.2654373,
              42.8161782
            ],
            [
              20.2649246,
              42.8160138
            ],
            [
              20.2642566,
              42.8158054
            ],
            [
              20.2639712,
              42.8156942
            ],
            [
              20.2635861,
              42.8157165
            ],
            [
              20.2630875,
              42.8155235
            ],
            [
              20.2625823,
              42.8154179
            ],
            [
              20.262226,
              42.8152248
            ],
            [
              20.2618012,
              42.8149564
            ],
            [
              20.2611568,
              42.8148327
            ],
            [
              20.2605137,
              42.8146926
            ],
            [
              20.2600542,
              42.8148268
            ],
            [
              20.2595768,
              42.8146614
            ],
            [
              20.2590703,
              42.8149508
            ],
            [
              20.2585006,
              42.8152531
            ],
            [
              20.257911,
              42.8152158
            ],
            [
              20.257649,
              42.8152393
            ],
            [
              20.2570294,
              42.8149798
            ],
            [
              20.2567043,
              42.8148289
            ],
            [
              20.256007,
              42.8147203
            ],
            [
              20.2555137,
              42.8146167
            ],
            [
              20.2551684,
              42.8144846
            ],
            [
              20.2549508,
              42.8143745
            ],
            [
              20.2547645,
              42.8140132
            ],
            [
              20.2545839,
              42.8137327
            ],
            [
              20.2543419,
              42.8131257
            ],
            [
              20.2539454,
              42.8125834
            ],
            [
              20.2537131,
              42.8121498
            ],
            [
              20.2536223,
              42.8119979
            ],
            [
              20.2532165,
              42.8114098
            ],
            [
              20.2527948,
              42.8111076
            ],
            [
              20.2523593,
              42.8107428
            ],
            [
              20.2532294,
              42.810273
            ],
            [
              20.2537559,
              42.8099159
            ],
            [
              20.2540214,
              42.8095264
            ],
            [
              20.2541453,
              42.8092832
            ],
            [
              20.2545921,
              42.8086547
            ],
            [
              20.2552981,
              42.8073949
            ],
            [
              20.2556521,
              42.8070323
            ],
            [
              20.2564851,
              42.8064106
            ],
            [
              20.2566031,
              42.8062226
            ],
            [
              20.2578537,
              42.8052079
            ],
            [
              20.2583259,
              42.8048192
            ],
            [
              20.2595613,
              42.8044892
            ],
            [
              20.262773,
              42.8041695
            ],
            [
              20.2625671,
              42.8016186
            ],
            [
              20.262424,
              42.7997118
            ],
            [
              20.2623102,
              42.7982952
            ],
            [
              20.2628169,
              42.7941808
            ],
            [
              20.2632541,
              42.7905766
            ],
            [
              20.2634529,
              42.7888528
            ],
            [
              20.2635569,
              42.7885545
            ],
            [
              20.2638184,
              42.7876679
            ],
            [
              20.2652716,
              42.7828765
            ],
            [
              20.2662863,
              42.779482
            ],
            [
              20.2663144,
              42.7794026
            ],
            [
              20.2663496,
              42.7793568
            ],
            [
              20.266324,
              42.7792761
            ],
            [
              20.2662366,
              42.7790009
            ],
            [
              20.266041,
              42.7782933
            ],
            [
              20.2650247,
              42.7771955
            ],
            [
              20.2646919,
              42.7767494
            ],
            [
              20.2638334,
              42.7760373
            ],
            [
              20.2630253,
              42.7756827
            ],
            [
              20.2621006,
              42.7754699
            ],
            [
              20.2614753,
              42.7752975
            ],
            [
              20.2608455,
              42.7749364
            ],
            [
              20.26057,
              42.7747866
            ],
            [
              20.2598179,
              42.7734625
            ],
            [
              20.2592101,
              42.7728935
            ],
            [
              20.2586334,
              42.7720873
            ],
            [
              20.2583388,
              42.7711447
            ],
            [
              20.2572615,
              42.7708933
            ],
            [
              20.2563735,
              42.7705761
            ],
            [
              20.2553706,
              42.7700128
            ],
            [
              20.2558133,
              42.7696159
            ],
            [
              20.2550513,
              42.7692353
            ],
            [
              20.2546498,
              42.7680426
            ],
            [
              20.2533168,
              42.7672002
            ],
            [
              20.2523878,
              42.764667
            ],
            [
              20.2507088,
              42.7599165
            ],
            [
              20.2504346,
              42.7591703
            ],
            [
              20.2458719,
              42.7583315
            ],
            [
              20.2442033,
              42.7578894
            ],
            [
              20.2429512,
              42.7575455
            ],
            [
              20.2409065,
              42.7570117
            ],
            [
              20.2390104,
              42.7569778
            ],
            [
              20.236773,
              42.7568505
            ],
            [
              20.2362332,
              42.7565074
            ],
            [
              20.2360742,
              42.7558271
            ],
            [
              20.2356775,
              42.7547733
            ],
            [
              20.2351873,
              42.7538808
            ],
            [
              20.2343223,
              42.7527472
            ],
            [
              20.2331701,
              42.7525187
            ],
            [
              20.2304461,
              42.7526666
            ],
            [
              20.2298315,
              42.7528307
            ],
            [
              20.2287081,
              42.7528806
            ],
            [
              20.2274158,
              42.7529772
            ],
            [
              20.2271751,
              42.753012
            ],
            [
              20.2272399,
              42.7530163
            ],
            [
              20.2272442,
              42.7530471
            ],
            [
              20.2270824,
              42.7530221
            ],
            [
              20.2268625,
              42.7530138
            ],
            [
              20.2262029,
              42.7530656
            ],
            [
              20.2259223,
              42.7531284
            ],
            [
              20.2257326,
              42.7531084
            ],
            [
              20.2251658,
              42.7531522
            ],
            [
              20.224848,
              42.7530701
            ],
            [
              20.2246579,
              42.7530978
            ],
            [
              20.2240586,
              42.7531212
            ],
            [
              20.2235635,
              42.7529985
            ],
            [
              20.2230678,
              42.7528519
            ],
            [
              20.2223566,
              42.7525999
            ],
            [
              20.2219139,
              42.7526294
            ],
            [
              20.2216883,
              42.7526091
            ],
            [
              20.2214932,
              42.7524694
            ],
            [
              20.2213114,
              42.7524052
            ],
            [
              20.2212339,
              42.7523316
            ],
            [
              20.2210513,
              42.7523116
            ],
            [
              20.220334,
              42.7519795
            ],
            [
              20.2197876,
              42.7518667
            ],
            [
              20.2195764,
              42.7517394
            ],
            [
              20.2194855,
              42.7516196
            ],
            [
              20.2191982,
              42.7514727
            ],
            [
              20.2187602,
              42.7513776
            ],
            [
              20.2187339,
              42.7512595
            ],
            [
              20.218369,
              42.7510559
            ],
            [
              20.2183356,
              42.7509369
            ],
            [
              20.2179684,
              42.7507056
            ],
            [
              20.2174898,
              42.750513
            ],
            [
              20.2173833,
              42.7503323
            ],
            [
              20.2171543,
              42.7503784
            ],
            [
              20.2171104,
              42.750361
            ],
            [
              20.2170539,
              42.7502669
            ],
            [
              20.2166909,
              42.7500425
            ],
            [
              20.2164584,
              42.7497873
            ],
            [
              20.2162322,
              42.7497619
            ],
            [
              20.216132,
              42.7496644
            ],
            [
              20.2158165,
              42.7495205
            ],
            [
              20.2154436,
              42.7491989
            ],
            [
              20.2151643,
              42.7491735
            ],
            [
              20.2148658,
              42.749061
            ],
            [
              20.2146262,
              42.7491499
            ],
            [
              20.2142956,
              42.7491288
            ],
            [
              20.2138089,
              42.7488989
            ],
            [
              20.2132231,
              42.7487363
            ],
            [
              20.2128982,
              42.7482894
            ],
            [
              20.2127521,
              42.7477888
            ],
            [
              20.2128491,
              42.7474311
            ],
            [
              20.2127381,
              42.7472776
            ],
            [
              20.2128232,
              42.7471296
            ],
            [
              20.2130218,
              42.7470936
            ],
            [
              20.2131467,
              42.7469203
            ],
            [
              20.2129928,
              42.7466816
            ],
            [
              20.212855,
              42.746227
            ],
            [
              20.2128057,
              42.7463211
            ],
            [
              20.2127223,
              42.7462477
            ],
            [
              20.2122795,
              42.7464366
            ],
            [
              20.2117843,
              42.7466317
            ],
            [
              20.2114364,
              42.7467518
            ],
            [
              20.2101901,
              42.7469673
            ],
            [
              20.209981,
              42.7473686
            ],
            [
              20.2097094,
              42.7474507
            ],
            [
              20.2095937,
              42.74759
            ],
            [
              20.2095455,
              42.7477144
            ],
            [
              20.2087491,
              42.7481449
            ],
            [
              20.2082879,
              42.7482217
            ],
            [
              20.2079394,
              42.748482
            ],
            [
              20.2072872,
              42.7487233
            ],
            [
              20.2070233,
              42.748901
            ],
            [
              20.2064345,
              42.7490271
            ],
            [
              20.2059143,
              42.7493639
            ],
            [
              20.2047268,
              42.7494996
            ],
            [
              20.2042057,
              42.7496193
            ],
            [
              20.2038999,
              42.7497187
            ],
            [
              20.203773,
              42.7496964
            ],
            [
              20.2033546,
              42.7499094
            ],
            [
              20.2029026,
              42.7498958
            ],
            [
              20.2025249,
              42.7501382
            ],
            [
              20.2016259,
              42.7504126
            ],
            [
              20.2009094,
              42.7501943
            ],
            [
              20.1988904,
              42.7500395
            ],
            [
              20.1975828,
              42.7501028
            ],
            [
              20.1970605,
              42.75012
            ],
            [
              20.1957302,
              42.7504264
            ],
            [
              20.1957526,
              42.7502059
            ],
            [
              20.1955995,
              42.7500653
            ],
            [
              20.19414,
              42.7489749
            ],
            [
              20.1938409,
              42.7487609
            ],
            [
              20.1926054,
              42.7474717
            ],
            [
              20.191745,
              42.746435
            ],
            [
              20.1915907,
              42.746174
            ],
            [
              20.1911699,
              42.7452833
            ],
            [
              20.1904766,
              42.7460417
            ],
            [
              20.1900052,
              42.7462596
            ],
            [
              20.1897121,
              42.7463811
            ],
            [
              20.1886973,
              42.7474455
            ],
            [
              20.1856703,
              42.7505823
            ],
            [
              20.1827551,
              42.7536218
            ],
            [
              20.1802554,
              42.7534331
            ],
            [
              20.1797197,
              42.7542627
            ],
            [
              20.177294,
              42.7548331
            ],
            [
              20.1762131,
              42.7550822
            ],
            [
              20.1757709,
              42.7551542
            ],
            [
              20.1746577,
              42.7553215
            ],
            [
              20.1738254,
              42.7554575
            ],
            [
              20.1733593,
              42.7558454
            ],
            [
              20.1729839,
              42.7562651
            ],
            [
              20.1725822,
              42.7566113
            ],
            [
              20.1726794,
              42.7579038
            ],
            [
              20.1708581,
              42.7591004
            ],
            [
              20.1701508,
              42.7595945
            ],
            [
              20.1687139,
              42.760806
            ],
            [
              20.1676615,
              42.7617629
            ],
            [
              20.1656058,
              42.7625029
            ],
            [
              20.1586786,
              42.7657496
            ],
            [
              20.1549854,
              42.7684137
            ],
            [
              20.1488757,
              42.7633519
            ],
            [
              20.1485828,
              42.7618247
            ],
            [
              20.146756,
              42.7546082
            ],
            [
              20.1457296,
              42.7547302
            ],
            [
              20.1444559,
              42.7550802
            ],
            [
              20.1436295,
              42.755221
            ],
            [
              20.1425332,
              42.7557023
            ],
            [
              20.142495,
              42.7557246
            ],
            [
              20.1418533,
              42.7558049
            ],
            [
              20.1410383,
              42.7568667
            ],
            [
              20.1398422,
              42.7566074
            ],
            [
              20.1393276,
              42.7570901
            ],
            [
              20.1386514,
              42.7574922
            ],
            [
              20.1343284,
              42.759563
            ],
            [
              20.1325859,
              42.7600195
            ],
            [
              20.1321534,
              42.7602127
            ],
            [
              20.1316448,
              42.7603628
            ],
            [
              20.1313153,
              42.7604129
            ],
            [
              20.129614,
              42.7610141
            ],
            [
              20.129167,
              42.7612122
            ],
            [
              20.1286676,
              42.7613212
            ],
            [
              20.1280623,
              42.7611196
            ],
            [
              20.1276226,
              42.7612946
            ],
            [
              20.1272629,
              42.7616036
            ],
            [
              20.1269821,
              42.7618634
            ],
            [
              20.1266665,
              42.7623356
            ],
            [
              20.126366,
              42.76248
            ],
            [
              20.1257841,
              42.7626645
            ],
            [
              20.1240036,
              42.7625827
            ],
            [
              20.123101,
              42.762799
            ],
            [
              20.1223583,
              42.7627881
            ],
            [
              20.1215877,
              42.7627665
            ],
            [
              20.1209617,
              42.7627197
            ],
            [
              20.1206453,
              42.7626779
            ],
            [
              20.1205191,
              42.7622909
            ],
            [
              20.1198665,
              42.7622279
            ],
            [
              20.1194775,
              42.7622906
            ],
            [
              20.1190985,
              42.762951
            ],
            [
              20.1186195,
              42.7631644
            ],
            [
              20.1173738,
              42.7634798
            ],
            [
              20.1167314,
              42.7636612
            ],
            [
              20.1158633,
              42.7636518
            ],
            [
              20.1149879,
              42.7638709
            ],
            [
              20.1135333,
              42.764915
            ],
            [
              20.1122202,
              42.7652993
            ],
            [
              20.105595,
              42.7687764
            ],
            [
              20.1053172,
              42.7692398
            ],
            [
              20.1049187,
              42.7697931
            ],
            [
              20.1043764,
              42.769819
            ],
            [
              20.1037143,
              42.7700899
            ],
            [
              20.1047877,
              42.773012
            ],
            [
              20.1033393,
              42.7738197
            ],
            [
              20.1000194,
              42.7756852
            ],
            [
              20.0981912,
              42.7767055
            ],
            [
              20.0968528,
              42.7768172
            ],
            [
              20.0948437,
              42.7766338
            ],
            [
              20.0941766,
              42.7767232
            ],
            [
              20.0920726,
              42.7764002
            ],
            [
              20.0914244,
              42.7761886
            ],
            [
              20.0893236,
              42.7760937
            ],
            [
              20.0884861,
              42.7754748
            ],
            [
              20.0873336,
              42.7746907
            ],
            [
              20.0871543,
              42.7747034
            ],
            [
              20.0867758,
              42.7747499
            ],
            [
              20.0862967,
              42.7747035
            ],
            [
              20.0852485,
              42.7744571
            ],
            [
              20.0849229,
              42.7743129
            ],
            [
              20.0841104,
              42.7744215
            ],
            [
              20.0837804,
              42.7745315
            ],
            [
              20.0830979,
              42.7745741
            ],
            [
              20.0821124,
              42.7747737
            ],
            [
              20.0809695,
              42.7750109
            ],
            [
              20.0809301,
              42.775023
            ],
            [
              20.0807204,
              42.7749622
            ],
            [
              20.0799413,
              42.7750878
            ],
            [
              20.078667,
              42.7749635
            ],
            [
              20.0782964,
              42.7749537
            ],
            [
              20.0761118,
              42.7749771
            ],
            [
              20.0749468,
              42.7750311
            ],
            [
              20.07376,
              42.775001
            ],
            [
              20.0726995,
              42.7749924
            ],
            [
              20.0718346,
              42.774805
            ],
            [
              20.0706116,
              42.7749655
            ],
            [
              20.0699539,
              42.7749027
            ],
            [
              20.0693679,
              42.7749721
            ],
            [
              20.0692582,
              42.775019
            ],
            [
              20.0678198,
              42.7756765
            ],
            [
              20.0671071,
              42.775807
            ],
            [
              20.0667946,
              42.7762675
            ],
            [
              20.0664572,
              42.7765284
            ],
            [
              20.0660845,
              42.7767958
            ],
            [
              20.0657934,
              42.7770224
            ],
            [
              20.0655983,
              42.777198
            ],
            [
              20.0648295,
              42.7776694
            ],
            [
              20.0643351,
              42.7778616
            ],
            [
              20.0637745,
              42.7780127
            ],
            [
              20.0630434,
              42.7782306
            ],
            [
              20.0622913,
              42.778553
            ],
            [
              20.0614773,
              42.7788946
            ],
            [
              20.061009,
              42.7790541
            ],
            [
              20.060783,
              42.7790358
            ],
            [
              20.060378,
              42.7790727
            ],
            [
              20.0600544,
              42.7789862
            ],
            [
              20.0599471,
              42.7789438
            ],
            [
              20.0596575,
              42.7788616
            ],
            [
              20.056965,
              42.7781986
            ],
            [
              20.0561639,
              42.7779985
            ],
            [
              20.0552557,
              42.7777716
            ],
            [
              20.0547749,
              42.7777348
            ],
            [
              20.054324,
              42.7776179
            ],
            [
              20.0540909,
              42.7775623
            ],
            [
              20.0535167,
              42.7770695
            ],
            [
              20.0527784,
              42.7768782
            ],
            [
              20.0518364,
              42.7765574
            ],
            [
              20.051047,
              42.7760789
            ],
            [
              20.0498083,
              42.7757467
            ],
            [
              20.0501122,
              42.7756015
            ],
            [
              20.0497736,
              42.7752787
            ],
            [
              20.0493626,
              42.7750287
            ],
            [
              20.0490981,
              42.7748837
            ],
            [
              20.0486121,
              42.7742755
            ],
            [
              20.0483655,
              42.7743423
            ],
            [
              20.04785,
              42.7738467
            ],
            [
              20.0477644,
              42.7737867
            ],
            [
              20.0473435,
              42.7734915
            ],
            [
              20.0458507,
              42.7738552
            ],
            [
              20.0449949,
              42.7744923
            ],
            [
              20.0442308,
              42.7745669
            ],
            [
              20.0434286,
              42.7745732
            ],
            [
              20.0428998,
              42.7743447
            ],
            [
              20.0423149,
              42.7738737
            ],
            [
              20.0414177,
              42.7733471
            ],
            [
              20.0407126,
              42.7731814
            ],
            [
              20.0401949,
              42.7729365
            ],
            [
              20.0398658,
              42.772767
            ],
            [
              20.0387346,
              42.7721198
            ],
            [
              20.0380142,
              42.7712267
            ],
            [
              20.0379432,
              42.7706253
            ],
            [
              20.0368956,
              42.7701987
            ],
            [
              20.0360098,
              42.7699084
            ],
            [
              20.035044,
              42.7695385
            ],
            [
              20.0342818,
              42.7692647
            ],
            [
              20.0333785,
              42.768885
            ],
            [
              20.0332885,
              42.7682836
            ],
            [
              20.0331754,
              42.7666551
            ],
            [
              20.032833,
              42.7652886
            ],
            [
              20.0322872,
              42.7649104
            ],
            [
              20.0300042,
              42.765896
            ],
            [
              20.0291215,
              42.7656135
            ],
            [
              20.0279773,
              42.7654267
            ],
            [
              20.0274175,
              42.7653314
            ],
            [
              20.0261592,
              42.7650431
            ],
            [
              20.0254297,
              42.7650925
            ],
            [
              20.0250801,
              42.7650872
            ],
            [
              20.024691,
              42.765134
            ],
            [
              20.0246529,
              42.7651386
            ],
            [
              20.0244133,
              42.7646305
            ],
            [
              20.0241119,
              42.7637887
            ],
            [
              20.0237322,
              42.763125
            ],
            [
              20.0239274,
              42.7628427
            ],
            [
              20.0243104,
              42.7622223
            ],
            [
              20.0242655,
              42.7620852
            ],
            [
              20.023974,
              42.7618764
            ],
            [
              20.0238918,
              42.761679
            ],
            [
              20.023721,
              42.7613798
            ],
            [
              20.0230694,
              42.7603313
            ],
            [
              20.0229649,
              42.760193
            ],
            [
              20.0228054,
              42.7596556
            ],
            [
              20.0226474,
              42.7590635
            ],
            [
              20.0224006,
              42.7586213
            ],
            [
              20.0225174,
              42.7582217
            ],
            [
              20.0221447,
              42.7577618
            ],
            [
              20.0220421,
              42.7575193
            ],
            [
              20.0221292,
              42.7566615
            ],
            [
              20.0226555,
              42.7557139
            ],
            [
              20.0226652,
              42.7556174
            ],
            [
              20.0227037,
              42.7555043
            ],
            [
              20.0228319,
              42.7548893
            ],
            [
              20.0230032,
              42.754383
            ],
            [
              20.0233803,
              42.7535476
            ],
            [
              20.0236483,
              42.7528841
            ],
            [
              20.0233549,
              42.7522734
            ],
            [
              20.0232967,
              42.7518129
            ],
            [
              20.0222305,
              42.7509661
            ],
            [
              20.0211812,
              42.750086
            ],
            [
              20.0201184,
              42.7482727
            ],
            [
              20.020167,
              42.7475265
            ],
            [
              20.0202551,
              42.7471147
            ],
            [
              20.0197215,
              42.7460083
            ],
            [
              20.0199036,
              42.745264
            ],
            [
              20.0197944,
              42.7450801
            ],
            [
              20.0195958,
              42.7447784
            ],
            [
              20.019104,
              42.7445633
            ],
            [
              20.0185529,
              42.744502
            ],
            [
              20.0174229,
              42.744401
            ],
            [
              20.0170049,
              42.7443844
            ],
            [
              20.0168126,
              42.7444111
            ],
            [
              20.0165669,
              42.7446398
            ],
            [
              20.015879,
              42.7435649
            ],
            [
              20.0155883,
              42.7432936
            ],
            [
              20.015502,
              42.743147
            ],
            [
              20.0152254,
              42.742537
            ],
            [
              20.0150006,
              42.7420555
            ],
            [
              20.0148479,
              42.7418153
            ],
            [
              20.0142981,
              42.7408223
            ],
            [
              20.0142844,
              42.7407546
            ]
          ]
        ]
      },
      "properties": {
        "name": "Bjeshkët e Nemuna National Park",
        "category": "zona",
        "categoryLabel": "Park kombëtar",
        "location": "Kosovë",
        "countryCodes": [
          "XK"
        ],
        "summary": "Park kombëtar në Kosovë. Kufiri vjen nga OpenStreetMap.",
        "details": [
          "Vëzhgime GBIF brenda kufirit: 12 vëzhgime flore; lloje të regjistruara: Allium ursinum, Anemone nemorosa, Caltha palustris, Crocus bertiscensis, Dryopteris filix-mas, Hepatica nobilis…; 6 vëzhgime faune; lloje të regjistruara: Aquila chrysaetos, Dendrocopos major, Lophophanes cristatus, Loxia curvirostra, Periparus ater, Regulus regulus. Këto regjistrime nuk janë inventar i plotë i parkut."
        ],
        "mapNote": "Kufiri i objektit OSM, marrë përmes Nominatim.",
        "geometryType": "Polygon",
        "sources": [
          {
            "label": "OpenStreetMap",
            "url": "https://www.openstreetmap.org/relation/7458650"
          }
        ],
        "osm": {
          "type": "relation",
          "id": 7458650,
          "tags": {}
        },
        "extra": {
          "Vëzhgime flore": 12,
          "Vëzhgime faune": 6
        },
        "image": {
          "url": "https://api.gbif.org/v1/image/cache/800x/occurrence/6179547985/media/4b9cd2946d58e86916ed96a2e03a47ba",
          "source": "https://www.inaturalist.org/photos/622887873",
          "credit": "arddison",
          "license": "CC BY-NC 4.0",
          "licenseUrl": "http://creativecommons.org/licenses/by-nc/4.0/",
          "alt": "Vëzhgim i Tussilago farfara brenda kufirit të parkut",
          "context": "Vëzhgim i Tussilago farfara brenda kufirit të parkut",
          "derivedFromGbif": true
        }
      }
    },
    {
      "type": "Feature",
      "id": "osm-relation-7708534",
      "geometry": {
        "type": "Polygon",
        "coordinates": [
          [
            [
              20.5545817,
              42.0825878
            ],
            [
              20.5550358,
              42.081775
            ],
            [
              20.5566682,
              42.0804883
            ],
            [
              20.5566774,
              42.0804797
            ],
            [
              20.5568703,
              42.0802997
            ],
            [
              20.5570138,
              42.0801531
            ],
            [
              20.5571302,
              42.0800565
            ],
            [
              20.557405,
              42.0797765
            ],
            [
              20.5577528,
              42.0794672
            ],
            [
              20.5582693,
              42.0790983
            ],
            [
              20.5585734,
              42.0789083
            ],
            [
              20.5586465,
              42.0788724
            ],
            [
              20.5586944,
              42.0788606
            ],
            [
              20.5587956,
              42.0788495
            ],
            [
              20.5590014,
              42.078863
            ],
            [
              20.5585283,
              42.077451
            ],
            [
              20.5577638,
              42.0751965
            ],
            [
              20.5582475,
              42.0747378
            ],
            [
              20.5594626,
              42.0736328
            ],
            [
              20.5611108,
              42.0719531
            ],
            [
              20.5611955,
              42.0718592
            ],
            [
              20.563369,
              42.0692491
            ],
            [
              20.5652502,
              42.0669771
            ],
            [
              20.5668234,
              42.0648734
            ],
            [
              20.568378,
              42.0627857
            ],
            [
              20.5699516,
              42.0606817
            ],
            [
              20.5698156,
              42.0590583
            ],
            [
              20.5708642,
              42.0586566
            ],
            [
              20.5713169,
              42.0586575
            ],
            [
              20.5718055,
              42.0586237
            ],
            [
              20.5722054,
              42.0586028
            ],
            [
              20.5735984,
              42.0585492
            ],
            [
              20.5758975,
              42.0581306
            ],
            [
              20.5764402,
              42.0574077
            ],
            [
              20.5767095,
              42.0570052
            ],
            [
              20.5788708,
              42.055268
            ],
            [
              20.5800391,
              42.0542526
            ],
            [
              20.5803599,
              42.0540465
            ],
            [
              20.5805691,
              42.053685
            ],
            [
              20.5818524,
              42.0528717
            ],
            [
              20.5834841,
              42.0514909
            ],
            [
              20.584556,
              42.0504695
            ],
            [
              20.5857228,
              42.0493474
            ],
            [
              20.5868419,
              42.0486653
            ],
            [
              20.5875541,
              42.0481706
            ],
            [
              20.5878968,
              42.0478461
            ],
            [
              20.5887899,
              42.0469722
            ],
            [
              20.5892979,
              42.0464933
            ],
            [
              20.5895436,
              42.0463
            ],
            [
              20.5903108,
              42.0456825
            ],
            [
              20.5905328,
              42.0455558
            ],
            [
              20.5907148,
              42.0454311
            ],
            [
              20.5907586,
              42.0453499
            ],
            [
              20.5909268,
              42.0451433
            ],
            [
              20.5913352,
              42.0449157
            ],
            [
              20.5915004,
              42.0448943
            ],
            [
              20.5917001,
              42.0446463
            ],
            [
              20.5919292,
              42.0445706
            ],
            [
              20.5920589,
              42.0443849
            ],
            [
              20.5922491,
              42.0443041
            ],
            [
              20.5926867,
              42.0442113
            ],
            [
              20.592978,
              42.0440888
            ],
            [
              20.5931071,
              42.0439828
            ],
            [
              20.593297,
              42.0436645
            ],
            [
              20.5934609,
              42.0435594
            ],
            [
              20.5935826,
              42.043397
            ],
            [
              20.5937248,
              42.0432176
            ],
            [
              20.5940427,
              42.0431512
            ],
            [
              20.5945492,
              42.0427847
            ],
            [
              20.5946227,
              42.0424566
            ],
            [
              20.5949544,
              42.0418336
            ],
            [
              20.5948028,
              42.0407169
            ],
            [
              20.5954919,
              42.0387321
            ],
            [
              20.5943001,
              42.036218
            ],
            [
              20.5953625,
              42.0345427
            ],
            [
              20.5954913,
              42.0337894
            ],
            [
              20.5956296,
              42.0330388
            ],
            [
              20.595786,
              42.0321473
            ],
            [
              20.5960656,
              42.0298701
            ],
            [
              20.5964606,
              42.0260058
            ],
            [
              20.59674,
              42.0240377
            ],
            [
              20.5968876,
              42.0224394
            ],
            [
              20.5972987,
              42.0196978
            ],
            [
              20.5995141,
              42.0189477
            ],
            [
              20.6015746,
              42.0170635
            ],
            [
              20.6017929,
              42.0161434
            ],
            [
              20.6024941,
              42.0144745
            ],
            [
              20.603995,
              42.0102986
            ],
            [
              20.6042241,
              42.0095502
            ],
            [
              20.6046371,
              42.007877
            ],
            [
              20.6051042,
              42.0067291
            ],
            [
              20.6055894,
              42.0058267
            ],
            [
              20.6056376,
              42.005728
            ],
            [
              20.6059066,
              42.0040638
            ],
            [
              20.6061958,
              42.0031417
            ],
            [
              20.606552,
              42.0023062
            ],
            [
              20.6066449,
              42.0019447
            ],
            [
              20.6066687,
              42.0018744
            ],
            [
              20.6069012,
              42.0008738
            ],
            [
              20.6072398,
              41.9998171
            ],
            [
              20.6074156,
              41.9992092
            ],
            [
              20.6078485,
              41.9977761
            ],
            [
              20.6085246,
              41.9955801
            ],
            [
              20.6090288,
              41.9940217
            ],
            [
              20.6095539,
              41.9923203
            ],
            [
              20.6098405,
              41.9914901
            ],
            [
              20.6109603,
              41.990286
            ],
            [
              20.6117111,
              41.9896508
            ],
            [
              20.6116002,
              41.9889113
            ],
            [
              20.6113459,
              41.9878224
            ],
            [
              20.6125395,
              41.9868609
            ],
            [
              20.6118202,
              41.9854165
            ],
            [
              20.6133705,
              41.9848134
            ],
            [
              20.6141313,
              41.9830026
            ],
            [
              20.6169985,
              41.9805094
            ],
            [
              20.6180374,
              41.9797867
            ],
            [
              20.619202,
              41.9794812
            ],
            [
              20.6215987,
              41.9785434
            ],
            [
              20.6225265,
              41.9770175
            ],
            [
              20.6234127,
              41.9756367
            ],
            [
              20.6242583,
              41.9743339
            ],
            [
              20.6243708,
              41.9734723
            ],
            [
              20.6240767,
              41.9715647
            ],
            [
              20.6240863,
              41.9712259
            ],
            [
              20.6241086,
              41.9697392
            ],
            [
              20.6250124,
              41.9669432
            ],
            [
              20.6254388,
              41.965788
            ],
            [
              20.6257761,
              41.9648954
            ],
            [
              20.6260285,
              41.9633795
            ],
            [
              20.626083,
              41.9630289
            ],
            [
              20.6263455,
              41.9619443
            ],
            [
              20.626587,
              41.9609839
            ],
            [
              20.626014,
              41.9594615
            ],
            [
              20.6254736,
              41.9580461
            ],
            [
              20.623599,
              41.9565375
            ],
            [
              20.6228282,
              41.9539162
            ],
            [
              20.6225285,
              41.9529443
            ],
            [
              20.6225025,
              41.9528314
            ],
            [
              20.6217705,
              41.9505273
            ],
            [
              20.621642,
              41.9493777
            ],
            [
              20.6214274,
              41.9478477
            ],
            [
              20.6211378,
              41.9457304
            ],
            [
              20.6205625,
              41.9449064
            ],
            [
              20.6200194,
              41.9405607
            ],
            [
              20.6194349,
              41.9393997
            ],
            [
              20.6190277,
              41.9389694
            ],
            [
              20.6180161,
              41.9384973
            ],
            [
              20.6122689,
              41.9357971
            ],
            [
              20.6101979,
              41.9342128
            ],
            [
              20.6060256,
              41.9314072
            ],
            [
              20.6051676,
              41.9308347
            ],
            [
              20.601594,
              41.9295544
            ],
            [
              20.6003312,
              41.9291747
            ],
            [
              20.5991785,
              41.9294148
            ],
            [
              20.5925325,
              41.927611
            ],
            [
              20.590718,
              41.9270899
            ],
            [
              20.5901359,
              41.9267174
            ],
            [
              20.5901401,
              41.9266074
            ],
            [
              20.590184,
              41.9254633
            ],
            [
              20.590065,
              41.9247422
            ],
            [
              20.5896361,
              41.9233515
            ],
            [
              20.5885395,
              41.92149
            ],
            [
              20.5879061,
              41.9204936
            ],
            [
              20.5862618,
              41.9186888
            ],
            [
              20.5855309,
              41.9175883
            ],
            [
              20.5844187,
              41.9170711
            ],
            [
              20.5837706,
              41.9167171
            ],
            [
              20.5832397,
              41.9165704
            ],
            [
              20.5827296,
              41.9165669
            ],
            [
              20.5817043,
              41.9166132
            ],
            [
              20.5813689,
              41.9168467
            ],
            [
              20.5807137,
              41.9169104
            ],
            [
              20.5797145,
              41.9169169
            ],
            [
              20.5789834,
              41.9167016
            ],
            [
              20.5788465,
              41.9167112
            ],
            [
              20.5784127,
              41.9167527
            ],
            [
              20.57741,
              41.9170963
            ],
            [
              20.5757715,
              41.9175143
            ],
            [
              20.5763265,
              41.9168757
            ],
            [
              20.5766105,
              41.9161837
            ],
            [
              20.5778301,
              41.9132121
            ],
            [
              20.5788493,
              41.9111325
            ],
            [
              20.579259,
              41.9102847
            ],
            [
              20.5814048,
              41.9061916
            ],
            [
              20.5837124,
              41.9011208
            ],
            [
              20.5851511,
              41.8987894
            ],
            [
              20.586015,
              41.8967475
            ],
            [
              20.5860519,
              41.8966603
            ],
            [
              20.586785,
              41.8949652
            ],
            [
              20.5871055,
              41.8942668
            ],
            [
              20.5875728,
              41.8925589
            ],
            [
              20.5886391,
              41.8896202
            ],
            [
              20.5917086,
              41.8863081
            ],
            [
              20.5929883,
              41.8851046
            ],
            [
              20.5937187,
              41.8844177
            ],
            [
              20.5942861,
              41.8773274
            ],
            [
              20.5943749,
              41.8771924
            ],
            [
              20.5954984,
              41.8764976
            ],
            [
              20.5969185,
              41.8746783
            ],
            [
              20.6040422,
              41.8678604
            ],
            [
              20.6040428,
              41.8677697
            ],
            [
              20.6041832,
              41.8677586
            ],
            [
              20.614341,
              41.8604224
            ],
            [
              20.6178129,
              41.8585594
            ],
            [
              20.6192013,
              41.8578425
            ],
            [
              20.6192172,
              41.8578242
            ],
            [
              20.6192469,
              41.8577899
            ],
            [
              20.6212711,
              41.8577589
            ],
            [
              20.6261316,
              41.8600914
            ],
            [
              20.6320173,
              41.8611134
            ],
            [
              20.6364048,
              41.8635307
            ],
            [
              20.6400463,
              41.8671879
            ],
            [
              20.648426,
              41.8745322
            ],
            [
              20.6496298,
              41.8745863
            ],
            [
              20.6547632,
              41.8748171
            ],
            [
              20.6633532,
              41.8752736
            ],
            [
              20.670554,
              41.8734118
            ],
            [
              20.6728469,
              41.8719998
            ],
            [
              20.67848,
              41.8685307
            ],
            [
              20.6792696,
              41.8663886
            ],
            [
              20.6804392,
              41.8632157
            ],
            [
              20.6805642,
              41.8629238
            ],
            [
              20.6810268,
              41.8618438
            ],
            [
              20.6811961,
              41.8614485
            ],
            [
              20.6812726,
              41.8595876
            ],
            [
              20.6820072,
              41.8594794
            ],
            [
              20.6822824,
              41.858614
            ],
            [
              20.682822,
              41.8578856
            ],
            [
              20.6834825,
              41.857728
            ],
            [
              20.6848672,
              41.8576408
            ],
            [
              20.6851067,
              41.8577359
            ],
            [
              20.6859007,
              41.8582223
            ],
            [
              20.6867689,
              41.8587392
            ],
            [
              20.6880967,
              41.8590789
            ],
            [
              20.6887591,
              41.8592337
            ],
            [
              20.6891751,
              41.8593515
            ],
            [
              20.6901568,
              41.8594351
            ],
            [
              20.6915668,
              41.8599759
            ],
            [
              20.693181,
              41.8600191
            ],
            [
              20.6949011,
              41.8608508
            ],
            [
              20.6964886,
              41.8613144
            ],
            [
              20.6972444,
              41.8619
            ],
            [
              20.6978949,
              41.8624679
            ],
            [
              20.7008236,
              41.862894
            ],
            [
              20.7019271,
              41.8637651
            ],
            [
              20.7036105,
              41.8635408
            ],
            [
              20.7057924,
              41.8645926
            ],
            [
              20.7069585,
              41.8657103
            ],
            [
              20.7137422,
              41.8649314
            ],
            [
              20.7171915,
              41.8644175
            ],
            [
              20.7279727,
              41.8642769
            ],
            [
              20.7358362,
              41.8769004
            ],
            [
              20.7359421,
              41.8776524
            ],
            [
              20.7360357,
              41.878017
            ],
            [
              20.7360476,
              41.8784611
            ],
            [
              20.73607,
              41.878594
            ],
            [
              20.7361647,
              41.8788173
            ],
            [
              20.7363906,
              41.8791104
            ],
            [
              20.7364061,
              41.8795284
            ],
            [
              20.7365738,
              41.8797661
            ],
            [
              20.7367439,
              41.8806222
            ],
            [
              20.7367632,
              41.8809314
            ],
            [
              20.7368076,
              41.8811455
            ],
            [
              20.7367997,
              41.8814694
            ],
            [
              20.7368479,
              41.8817572
            ],
            [
              20.7367541,
              41.8821682
            ],
            [
              20.7367279,
              41.8823354
            ],
            [
              20.7366335,
              41.8824932
            ],
            [
              20.7365394,
              41.8827604
            ],
            [
              20.7364602,
              41.8828302
            ],
            [
              20.7363734,
              41.8831264
            ],
            [
              20.7363721,
              41.8834583
            ],
            [
              20.7364564,
              41.8835716
            ],
            [
              20.7366891,
              41.8837904
            ],
            [
              20.7367744,
              41.8840641
            ],
            [
              20.7367001,
              41.8843283
            ],
            [
              20.7368312,
              41.884655
            ],
            [
              20.7367627,
              41.8847163
            ],
            [
              20.7366049,
              41.8848801
            ],
            [
              20.7365526,
              41.8850029
            ],
            [
              20.7365125,
              41.885143
            ],
            [
              20.736624,
              41.8854321
            ],
            [
              20.7366644,
              41.8856216
            ],
            [
              20.7366789,
              41.8859117
            ],
            [
              20.7365532,
              41.8860516
            ],
            [
              20.7363547,
              41.8863223
            ],
            [
              20.7363459,
              41.8864686
            ],
            [
              20.736557,
              41.8867567
            ],
            [
              20.7368231,
              41.8868661
            ],
            [
              20.7368599,
              41.8871127
            ],
            [
              20.736964,
              41.8872039
            ],
            [
              20.7371608,
              41.8875757
            ],
            [
              20.7373149,
              41.8879024
            ],
            [
              20.7374826,
              41.8881591
            ],
            [
              20.7375736,
              41.8882257
            ],
            [
              20.7377046,
              41.8883994
            ],
            [
              20.7377601,
              41.8887007
            ],
            [
              20.7379247,
              41.8890835
            ],
            [
              20.7380734,
              41.8893616
            ],
            [
              20.7383327,
              41.8897188
            ],
            [
              20.7385454,
              41.8900315
            ],
            [
              20.7387139,
              41.8902692
            ],
            [
              20.738834,
              41.8904662
            ],
            [
              20.7390225,
              41.8906664
            ],
            [
              20.739197,
              41.8908805
            ],
            [
              20.7393405,
              41.8911296
            ],
            [
              20.7394656,
              41.891383
            ],
            [
              20.7395968,
              41.8915346
            ],
            [
              20.7398156,
              41.8917511
            ],
            [
              20.7400366,
              41.8921158
            ],
            [
              20.7402282,
              41.8923957
            ],
            [
              20.740466,
              41.8927997
            ],
            [
              20.7406706,
              41.8930277
            ],
            [
              20.740871,
              41.8932431
            ],
            [
              20.7411309,
              41.8934554
            ],
            [
              20.7425921,
              41.8934497
            ],
            [
              20.7439922,
              41.89374
            ],
            [
              20.7443369,
              41.8938549
            ],
            [
              20.744774,
              41.8939813
            ],
            [
              20.7451452,
              41.8940789
            ],
            [
              20.7457051,
              41.8942613
            ],
            [
              20.7460281,
              41.8943872
            ],
            [
              20.7462865,
              41.8944793
            ],
            [
              20.7465774,
              41.8945684
            ],
            [
              20.7467636,
              41.8945844
            ],
            [
              20.7476348,
              41.8946869
            ],
            [
              20.7479986,
              41.8946978
            ],
            [
              20.7488266,
              41.894757
            ],
            [
              20.7492394,
              41.8948251
            ],
            [
              20.7497056,
              41.8948632
            ],
            [
              20.7501464,
              41.8952165
            ],
            [
              20.7505991,
              41.8956215
            ],
            [
              20.7508855,
              41.8958936
            ],
            [
              20.751178,
              41.8962534
            ],
            [
              20.7513418,
              41.8963676
            ],
            [
              20.7514901,
              41.8964915
            ],
            [
              20.7515491,
              41.8966125
            ],
            [
              20.7515692,
              41.8967796
            ],
            [
              20.7515918,
              41.8969682
            ],
            [
              20.7516786,
              41.8973178
            ],
            [
              20.7517215,
              41.897606
            ],
            [
              20.7517345,
              41.897929
            ],
            [
              20.7517307,
              41.8980577
            ],
            [
              20.7518513,
              41.8984193
            ],
            [
              20.7521928,
              41.8987636
            ],
            [
              20.7523982,
              41.8989247
            ],
            [
              20.7525419,
              41.8990623
            ],
            [
              20.7525165,
              41.8993211
            ],
            [
              20.7526532,
              41.8995749
            ],
            [
              20.7526122,
              41.899949
            ],
            [
              20.7526422,
              41.9001189
            ],
            [
              20.7527742,
              41.9004067
            ],
            [
              20.7528708,
              41.9006037
            ],
            [
              20.7529749,
              41.9006911
            ],
            [
              20.7532537,
              41.9009937
            ],
            [
              20.7534458,
              41.9012577
            ],
            [
              20.7535868,
              41.901468
            ],
            [
              20.7535679,
              41.901711
            ],
            [
              20.7538192,
              41.9022852
            ],
            [
              20.7539287,
              41.9026738
            ],
            [
              20.7538957,
              41.9029306
            ],
            [
              20.7539468,
              41.9031455
            ],
            [
              20.7541285,
              41.9036199
            ],
            [
              20.7541602,
              41.903735
            ],
            [
              20.7541594,
              41.9039426
            ],
            [
              20.754213,
              41.9040256
            ],
            [
              20.7543989,
              41.9042388
            ],
            [
              20.7544712,
              41.9043027
            ],
            [
              20.7546713,
              41.9044963
            ],
            [
              20.7547748,
              41.9047952
            ],
            [
              20.7548328,
              41.9048878
            ],
            [
              20.7550604,
              41.9051227
            ],
            [
              20.7554322,
              41.905389
            ],
            [
              20.7555991,
              41.9057191
            ],
            [
              20.7556754,
              41.9060678
            ],
            [
              20.7558336,
              41.9061472
            ],
            [
              20.7559406,
              41.9061829
            ],
            [
              20.7560187,
              41.9062276
            ],
            [
              20.7562803,
              41.9062938
            ],
            [
              20.7567792,
              41.9063855
            ],
            [
              20.7571597,
              41.9065646
            ],
            [
              20.757362,
              41.9066757
            ],
            [
              20.758084,
              41.9071848
            ],
            [
              20.7583489,
              41.9073838
            ],
            [
              20.7585612,
              41.9075985
            ],
            [
              20.7588951,
              41.9078887
            ],
            [
              20.759113,
              41.9081217
            ],
            [
              20.7593062,
              41.908298
            ],
            [
              20.7596212,
              41.9084798
            ],
            [
              20.7602696,
              41.9089274
            ],
            [
              20.760516,
              41.9091086
            ],
            [
              20.7608105,
              41.9093072
            ],
            [
              20.7613766,
              41.9096348
            ],
            [
              20.7617032,
              41.9098075
            ],
            [
              20.762051,
              41.9099832
            ],
            [
              20.7623738,
              41.9101607
            ],
            [
              20.762537,
              41.9102718
            ],
            [
              20.7628398,
              41.9104929
            ],
            [
              20.7631394,
              41.9106972
            ],
            [
              20.7635786,
              41.9109727
            ],
            [
              20.7640355,
              41.9111515
            ],
            [
              20.764445,
              41.9113191
            ],
            [
              20.764787,
              41.9115087
            ],
            [
              20.7651658,
              41.9116283
            ],
            [
              20.7653101,
              41.9116655
            ],
            [
              20.765767,
              41.9118467
            ],
            [
              20.766187,
              41.9119414
            ],
            [
              20.766601,
              41.9121038
            ],
            [
              20.766894,
              41.9123613
            ],
            [
              20.7672083,
              41.9127756
            ],
            [
              20.7673879,
              41.9129672
            ],
            [
              20.7675853,
              41.9132087
            ],
            [
              20.7678185,
              41.9135054
            ],
            [
              20.7681396,
              41.9138147
            ],
            [
              20.7685049,
              41.9141189
            ],
            [
              20.7688133,
              41.9143999
            ],
            [
              20.7691667,
              41.9146225
            ],
            [
              20.7695239,
              41.9148869
            ],
            [
              20.7696274,
              41.9150237
            ],
            [
              20.7697258,
              41.9153335
            ],
            [
              20.7699579,
              41.9154073
            ],
            [
              20.7701802,
              41.9155175
            ],
            [
              20.7704256,
              41.9156196
            ],
            [
              20.7708745,
              41.9159048
            ],
            [
              20.7713723,
              41.916143
            ],
            [
              20.7719246,
              41.9162337
            ],
            [
              20.7721122,
              41.9163573
            ],
            [
              20.7726733,
              41.9165017
            ],
            [
              20.7727861,
              41.9165484
            ],
            [
              20.7732794,
              41.9167924
            ],
            [
              20.773718,
              41.9170871
            ],
            [
              20.7742247,
              41.9173684
            ],
            [
              20.7747113,
              41.9175156
            ],
            [
              20.7752221,
              41.9177418
            ],
            [
              20.7756447,
              41.918024
            ],
            [
              20.7761451,
              41.918256
            ],
            [
              20.7765019,
              41.9184782
            ],
            [
              20.7765241,
              41.9184854
            ],
            [
              20.7765351,
              41.9185218
            ],
            [
              20.7760388,
              41.9187658
            ],
            [
              20.7758896,
              41.9188494
            ],
            [
              20.7757804,
              41.9190381
            ],
            [
              20.7755766,
              41.9193473
            ],
            [
              20.7752538,
              41.9195226
            ],
            [
              20.7749535,
              41.9196654
            ],
            [
              20.7742895,
              41.9199671
            ],
            [
              20.7739924,
              41.9201366
            ],
            [
              20.7737043,
              41.9202833
            ],
            [
              20.7730839,
              41.9205864
            ],
            [
              20.7727423,
              41.9207919
            ],
            [
              20.7723913,
              41.9209633
            ],
            [
              20.7721573,
              41.9210731
            ],
            [
              20.7721364,
              41.9211183
            ],
            [
              20.7720596,
              41.9212838
            ],
            [
              20.7718072,
              41.9218911
            ],
            [
              20.7716771,
              41.922189
            ],
            [
              20.7715567,
              41.9224874
            ],
            [
              20.7712677,
              41.9230687
            ],
            [
              20.7711357,
              41.9233671
            ],
            [
              20.7708919,
              41.9238838
            ],
            [
              20.7707611,
              41.9242196
            ],
            [
              20.7705932,
              41.9244968
            ],
            [
              20.7704811,
              41.9247986
            ],
            [
              20.7703415,
              41.9250806
            ],
            [
              20.7701852,
              41.9255165
            ],
            [
              20.7710415,
              41.9258863
            ],
            [
              20.7715096,
              41.9260296
            ],
            [
              20.7721138,
              41.9261482
            ],
            [
              20.7727417,
              41.9263129
            ],
            [
              20.7729496,
              41.9266853
            ],
            [
              20.7729442,
              41.9267581
            ],
            [
              20.772912,
              41.9267945
            ],
            [
              20.7727018,
              41.9268698
            ],
            [
              20.7723851,
              41.9269497
            ],
            [
              20.7718248,
              41.9271178
            ],
            [
              20.7715408,
              41.9271935
            ],
            [
              20.7713022,
              41.9273066
            ],
            [
              20.7710778,
              41.9274236
            ],
            [
              20.7709259,
              41.9275408
            ],
            [
              20.7706457,
              41.9276428
            ],
            [
              20.7702242,
              41.9279444
            ],
            [
              20.7700647,
              41.9282092
            ],
            [
              20.7698898,
              41.9286321
            ],
            [
              20.7696918,
              41.9289002
            ],
            [
              20.7695003,
              41.9289726
            ],
            [
              20.7689293,
              41.9290578
            ],
            [
              20.7687273,
              41.9291868
            ],
            [
              20.768496,
              41.9296087
            ],
            [
              20.7684801,
              41.9297328
            ],
            [
              20.7683259,
              41.9299458
            ],
            [
              20.7683405,
              41.9300033
            ],
            [
              20.7680543,
              41.930321
            ],
            [
              20.7677756,
              41.9307202
            ],
            [
              20.7676121,
              41.9310152
            ],
            [
              20.7674238,
              41.9314414
            ],
            [
              20.7673606,
              41.9317069
            ],
            [
              20.7670736,
              41.9320922
            ],
            [
              20.766856,
              41.9324392
            ],
            [
              20.7668105,
              41.9325714
            ],
            [
              20.7666466,
              41.9330006
            ],
            [
              20.7664998,
              41.9331249
            ],
            [
              20.7662256,
              41.9334916
            ],
            [
              20.7658493,
              41.9338787
            ],
            [
              20.7657457,
              41.934006
            ],
            [
              20.7651343,
              41.9348131
            ],
            [
              20.7647926,
              41.9349594
            ],
            [
              20.7646363,
              41.9350198
            ],
            [
              20.7645285,
              41.9350802
            ],
            [
              20.764117,
              41.9353269
            ],
            [
              20.7636919,
              41.9356249
            ],
            [
              20.7635247,
              41.935762
            ],
            [
              20.7632805,
              41.936156
            ],
            [
              20.7631505,
              41.9366901
            ],
            [
              20.7630227,
              41.9367847
            ],
            [
              20.7628349,
              41.9371319
            ],
            [
              20.7626748,
              41.937428
            ],
            [
              20.762463,
              41.9376835
            ],
            [
              20.7623737,
              41.9378147
            ],
            [
              20.762347,
              41.9379014
            ],
            [
              20.7623301,
              41.9381111
            ],
            [
              20.7623538,
              41.9383451
            ],
            [
              20.7623737,
              41.938541
            ],
            [
              20.7623945,
              41.9388986
            ],
            [
              20.7621812,
              41.9391131
            ],
            [
              20.7617237,
              41.9394119
            ],
            [
              20.7616859,
              41.9396204
            ],
            [
              20.761388,
              41.9398319
            ],
            [
              20.7612947,
              41.939921
            ],
            [
              20.7610921,
              41.9401145
            ],
            [
              20.7610199,
              41.9401537
            ],
            [
              20.7607891,
              41.940279
            ],
            [
              20.7606101,
              41.9403618
            ],
            [
              20.7602446,
              41.9406558
            ],
            [
              20.7602096,
              41.940684
            ],
            [
              20.7601599,
              41.9407409
            ],
            [
              20.7598413,
              41.9410428
            ],
            [
              20.7597433,
              41.9412021
            ],
            [
              20.7594229,
              41.9414071
            ],
            [
              20.759221,
              41.9415863
            ],
            [
              20.759028,
              41.9418085
            ],
            [
              20.7587579,
              41.941953
            ],
            [
              20.7584494,
              41.942287
            ],
            [
              20.7583536,
              41.9424403
            ],
            [
              20.7582932,
              41.9425944
            ],
            [
              20.7582487,
              41.9429881
            ],
            [
              20.7581919,
              41.943229
            ],
            [
              20.758079,
              41.9433304
            ],
            [
              20.7579069,
              41.9434389
            ],
            [
              20.7576163,
              41.943728
            ],
            [
              20.757438,
              41.9437798
            ],
            [
              20.7572625,
              41.9439478
            ],
            [
              20.7572545,
              41.9440731
            ],
            [
              20.7571845,
              41.9445097
            ],
            [
              20.7571236,
              41.944694
            ],
            [
              20.7569589,
              41.944819
            ],
            [
              20.7567858,
              41.9449323
            ],
            [
              20.756353,
              41.9452355
            ],
            [
              20.7560017,
              41.9454988
            ],
            [
              20.7557417,
              41.9456597
            ],
            [
              20.7555605,
              41.9458976
            ],
            [
              20.7552834,
              41.9461682
            ],
            [
              20.7552156,
              41.9463075
            ],
            [
              20.7548812,
              41.9466555
            ],
            [
              20.7548104,
              41.9467353
            ],
            [
              20.7547433,
              41.9467817
            ],
            [
              20.7547516,
              41.9467946
            ],
            [
              20.7548268,
              41.9469104
            ],
            [
              20.7549091,
              41.9469462
            ],
            [
              20.7557643,
              41.9474634
            ],
            [
              20.7560879,
              41.9477234
            ],
            [
              20.7565046,
              41.9480448
            ],
            [
              20.7567028,
              41.9481745
            ],
            [
              20.7568321,
              41.9482704
            ],
            [
              20.7571075,
              41.948512
            ],
            [
              20.7574672,
              41.9488564
            ],
            [
              20.7574962,
              41.9490772
            ],
            [
              20.7574179,
              41.9492578
            ],
            [
              20.7574625,
              41.9493799
            ],
            [
              20.7577075,
              41.9497693
            ],
            [
              20.7578957,
              41.9499654
            ],
            [
              20.7579028,
              41.9500834
            ],
            [
              20.7583703,
              41.950353
            ],
            [
              20.7587524,
              41.9505049
            ],
            [
              20.7588634,
              41.9505777
            ],
            [
              20.7588975,
              41.9507427
            ],
            [
              20.7590597,
              41.9510675
            ],
            [
              20.7596081,
              41.9511679
            ],
            [
              20.7601213,
              41.9514
            ],
            [
              20.76059,
              41.9516428
            ],
            [
              20.7608587,
              41.9517726
            ],
            [
              20.7612153,
              41.9519362
            ],
            [
              20.761955,
              41.9521209
            ],
            [
              20.7627071,
              41.95234
            ],
            [
              20.7632531,
              41.9525121
            ],
            [
              20.7636846,
              41.9526819
            ],
            [
              20.7642276,
              41.9529237
            ],
            [
              20.76474,
              41.9530937
            ],
            [
              20.7652313,
              41.9532256
            ],
            [
              20.7658004,
              41.9534844
            ],
            [
              20.7660317,
              41.9536255
            ],
            [
              20.7660641,
              41.9537591
            ],
            [
              20.7660825,
              41.9538351
            ],
            [
              20.7660986,
              41.9540276
            ],
            [
              20.7660927,
              41.9541617
            ],
            [
              20.7661619,
              41.9544045
            ],
            [
              20.7661879,
              41.9545521
            ],
            [
              20.7662719,
              41.9547625
            ],
            [
              20.7664044,
              41.9549022
            ],
            [
              20.7664413,
              41.9553346
            ],
            [
              20.76638,
              41.9556294
            ],
            [
              20.7664724,
              41.9558958
            ],
            [
              20.7665412,
              41.9562404
            ],
            [
              20.7665581,
              41.9566878
            ],
            [
              20.7665674,
              41.9571298
            ],
            [
              20.7665608,
              41.957578
            ],
            [
              20.7666352,
              41.9580319
            ],
            [
              20.7667184,
              41.9582894
            ],
            [
              20.766821,
              41.958444
            ],
            [
              20.7669335,
              41.9587185
            ],
            [
              20.7670763,
              41.9591597
            ],
            [
              20.7671975,
              41.959589
            ],
            [
              20.7672167,
              41.9598407
            ],
            [
              20.7671196,
              41.9601022
            ],
            [
              20.7672086,
              41.9602742
            ],
            [
              20.7671991,
              41.9604897
            ],
            [
              20.7671613,
              41.9609042
            ],
            [
              20.7670602,
              41.9612358
            ],
            [
              20.7670087,
              41.9616547
            ],
            [
              20.7671322,
              41.9621878
            ],
            [
              20.7670558,
              41.9626046
            ],
            [
              20.7670792,
              41.9627326
            ],
            [
              20.7671184,
              41.9627601
            ],
            [
              20.7669808,
              41.9627713
            ],
            [
              20.7664544,
              41.9630227
            ],
            [
              20.7660822,
              41.9632538
            ],
            [
              20.7657827,
              41.9634926
            ],
            [
              20.7656057,
              41.9636495
            ],
            [
              20.7654346,
              41.9638108
            ],
            [
              20.7651344,
              41.9641166
            ],
            [
              20.7647846,
              41.9644611
            ],
            [
              20.7643518,
              41.9652321
            ],
            [
              20.7641746,
              41.9655689
            ],
            [
              20.7639682,
              41.965891
            ],
            [
              20.7639353,
              41.9659607
            ],
            [
              20.7637702,
              41.9663099
            ],
            [
              20.7637141,
              41.9667819
            ],
            [
              20.7637679,
              41.9669214
            ],
            [
              20.763758,
              41.9671252
            ],
            [
              20.7636489,
              41.9672574
            ],
            [
              20.7635369,
              41.9675866
            ],
            [
              20.7633862,
              41.9678124
            ],
            [
              20.7633336,
              41.9679067
            ],
            [
              20.763202,
              41.9681042
            ],
            [
              20.7626223,
              41.9690232
            ],
            [
              20.762374,
              41.9693635
            ],
            [
              20.7617069,
              41.9699718
            ],
            [
              20.7613646,
              41.9702139
            ],
            [
              20.760958,
              41.9705474
            ],
            [
              20.7604776,
              41.9708169
            ],
            [
              20.7601891,
              41.9711707
            ],
            [
              20.7600152,
              41.9716036
            ],
            [
              20.7595336,
              41.9722737
            ],
            [
              20.7592423,
              41.9726664
            ],
            [
              20.7591023,
              41.9728766
            ],
            [
              20.7587625,
              41.9732591
            ],
            [
              20.7585084,
              41.9736554
            ],
            [
              20.7582871,
              41.9740706
            ],
            [
              20.7580603,
              41.9744742
            ],
            [
              20.7578896,
              41.9748928
            ],
            [
              20.7577751,
              41.9753513
            ],
            [
              20.7577194,
              41.9756024
            ],
            [
              20.7571315,
              41.9763391
            ],
            [
              20.7567791,
              41.9766557
            ],
            [
              20.7564326,
              41.9769968
            ],
            [
              20.7559852,
              41.9773003
            ],
            [
              20.7557456,
              41.9777033
            ],
            [
              20.7555216,
              41.9781202
            ],
            [
              20.7552622,
              41.9785088
            ],
            [
              20.7546884,
              41.9792668
            ],
            [
              20.7543754,
              41.9796523
            ],
            [
              20.754018,
              41.9797086
            ],
            [
              20.753577,
              41.980129
            ],
            [
              20.753334,
              41.9802472
            ],
            [
              20.7532661,
              41.9802727
            ],
            [
              20.7530682,
              41.9803664
            ],
            [
              20.752628,
              41.9806264
            ],
            [
              20.7520842,
              41.9808111
            ],
            [
              20.7515351,
              41.9809681
            ],
            [
              20.7509821,
              41.9811861
            ],
            [
              20.7504043,
              41.9815666
            ],
            [
              20.7498944,
              41.9817548
            ],
            [
              20.7496002,
              41.982244
            ],
            [
              20.7487608,
              41.9823769
            ],
            [
              20.7492423,
              41.9826758
            ],
            [
              20.7493819,
              41.9830991
            ],
            [
              20.7493132,
              41.9835453
            ],
            [
              20.7491358,
              41.9838354
            ],
            [
              20.7488834,
              41.9841387
            ],
            [
              20.7485025,
              41.9851126
            ],
            [
              20.7483436,
              41.9855398
            ],
            [
              20.7481706,
              41.9859541
            ],
            [
              20.7481087,
              41.9863999
            ],
            [
              20.7481169,
              41.9866721
            ],
            [
              20.7482445,
              41.9867108
            ],
            [
              20.7482243,
              41.9871567
            ],
            [
              20.748225,
              41.9876026
            ],
            [
              20.7482394,
              41.9878647
            ],
            [
              20.7482065,
              41.9882729
            ],
            [
              20.7482473,
              41.9885237
            ],
            [
              20.7483015,
              41.988796
            ],
            [
              20.748328,
              41.9892346
            ],
            [
              20.748319,
              41.9896948
            ],
            [
              20.7483289,
              41.9901352
            ],
            [
              20.748247,
              41.9905626
            ],
            [
              20.7481341,
              41.9910172
            ],
            [
              20.7480715,
              41.9914577
            ],
            [
              20.7481403,
              41.9919149
            ],
            [
              20.7482322,
              41.9927891
            ],
            [
              20.7483107,
              41.9932148
            ],
            [
              20.7483086,
              41.9941131
            ],
            [
              20.7482614,
              41.995418
            ],
            [
              20.7485535,
              41.9962924
            ],
            [
              20.7486844,
              41.9967553
            ],
            [
              20.748936,
              41.9971382
            ],
            [
              20.7491287,
              41.9975686
            ],
            [
              20.7492525,
              41.9977117
            ],
            [
              20.7492109,
              41.9981687
            ],
            [
              20.7493433,
              41.9983729
            ],
            [
              20.7493096,
              41.9988098
            ],
            [
              20.749428,
              41.9994526
            ],
            [
              20.7496084,
              41.9998845
            ],
            [
              20.7497792,
              42.0004724
            ],
            [
              20.7495039,
              42.0009983
            ],
            [
              20.7491048,
              42.0013301
            ],
            [
              20.7494209,
              42.0016999
            ],
            [
              20.749495,
              42.0021286
            ],
            [
              20.7495688,
              42.0030115
            ],
            [
              20.7496366,
              42.003304
            ],
            [
              20.7496763,
              42.0034523
            ],
            [
              20.7498227,
              42.0038959
            ],
            [
              20.7500469,
              42.0042951
            ],
            [
              20.7501144,
              42.004533
            ],
            [
              20.7500608,
              42.0050066
            ],
            [
              20.7500739,
              42.005212
            ],
            [
              20.7500205,
              42.0056573
            ],
            [
              20.7500077,
              42.0060366
            ],
            [
              20.7499807,
              42.0064159
            ],
            [
              20.7500716,
              42.0068109
            ],
            [
              20.7500984,
              42.007271
            ],
            [
              20.7502084,
              42.0076983
            ],
            [
              20.7503599,
              42.0080765
            ],
            [
              20.7503917,
              42.0081393
            ],
            [
              20.7506041,
              42.008682
            ],
            [
              20.7507081,
              42.0090128
            ],
            [
              20.7507375,
              42.0091673
            ],
            [
              20.7508153,
              42.0096477
            ],
            [
              20.7509288,
              42.0100824
            ],
            [
              20.7510348,
              42.0105181
            ],
            [
              20.7510626,
              42.0107067
            ],
            [
              20.7511081,
              42.0111573
            ],
            [
              20.7511797,
              42.0115959
            ],
            [
              20.7512188,
              42.0120564
            ],
            [
              20.7512667,
              42.0125195
            ],
            [
              20.7513763,
              42.0129358
            ],
            [
              20.7515413,
              42.0133911
            ],
            [
              20.751662,
              42.0138646
            ],
            [
              20.751665,
              42.014248
            ],
            [
              20.751832,
              42.0147059
            ],
            [
              20.7520805,
              42.0151651
            ],
            [
              20.751444,
              42.0152825
            ],
            [
              20.7508971,
              42.0154938
            ],
            [
              20.7506526,
              42.0158873
            ],
            [
              20.7507054,
              42.0160903
            ],
            [
              20.7507559,
              42.016399
            ],
            [
              20.7505582,
              42.0166234
            ],
            [
              20.7505265,
              42.0166656
            ],
            [
              20.7504947,
              42.0168981
            ],
            [
              20.7505806,
              42.0171855
            ],
            [
              20.7505573,
              42.0177406
            ],
            [
              20.7505433,
              42.0178161
            ],
            [
              20.7505249,
              42.0179742
            ],
            [
              20.7505995,
              42.0184216
            ],
            [
              20.7506791,
              42.018701
            ],
            [
              20.7504424,
              42.0187104
            ],
            [
              20.750362,
              42.0187612
            ],
            [
              20.7503273,
              42.0188202
            ],
            [
              20.7498602,
              42.0190962
            ],
            [
              20.7495116,
              42.0193827
            ],
            [
              20.7494214,
              42.0195517
            ],
            [
              20.7493947,
              42.0198896
            ],
            [
              20.749378,
              42.0203584
            ],
            [
              20.749511,
              42.0210551
            ],
            [
              20.7498103,
              42.0214334
            ],
            [
              20.7499009,
              42.0215253
            ],
            [
              20.7496471,
              42.0219001
            ],
            [
              20.7496619,
              42.0223585
            ],
            [
              20.7495046,
              42.022794
            ],
            [
              20.7496019,
              42.0231862
            ],
            [
              20.7494319,
              42.0236106
            ],
            [
              20.7490784,
              42.0239004
            ],
            [
              20.7487978,
              42.0240392
            ],
            [
              20.7484213,
              42.0242026
            ],
            [
              20.7482412,
              42.024446
            ],
            [
              20.7481418,
              42.0248283
            ],
            [
              20.7481685,
              42.0252634
            ],
            [
              20.748154,
              42.025705
            ],
            [
              20.7482026,
              42.0260452
            ],
            [
              20.7482566,
              42.0262672
            ],
            [
              20.7483716,
              42.0266616
            ],
            [
              20.7487512,
              42.0270075
            ],
            [
              20.7491793,
              42.0272827
            ],
            [
              20.7496517,
              42.0275964
            ],
            [
              20.7498787,
              42.0277263
            ],
            [
              20.7499356,
              42.027804
            ],
            [
              20.7504293,
              42.0280767
            ],
            [
              20.7508289,
              42.0282552
            ],
            [
              20.7511278,
              42.0284176
            ],
            [
              20.7513299,
              42.0288326
            ],
            [
              20.7516767,
              42.0291891
            ],
            [
              20.7522186,
              42.0294109
            ],
            [
              20.7527152,
              42.0296495
            ],
            [
              20.7529857,
              42.0298771
            ],
            [
              20.7532543,
              42.0302323
            ],
            [
              20.7533429,
              42.0304616
            ],
            [
              20.7535667,
              42.0308401
            ],
            [
              20.7535467,
              42.0312683
            ],
            [
              20.7537135,
              42.0317069
            ],
            [
              20.7539354,
              42.0320941
            ],
            [
              20.7541036,
              42.0325416
            ],
            [
              20.7542825,
              42.0329586
            ],
            [
              20.7546306,
              42.0333388
            ],
            [
              20.7550015,
              42.0336763
            ],
            [
              20.7553357,
              42.0340249
            ],
            [
              20.7557241,
              42.0343777
            ],
            [
              20.7561212,
              42.0346823
            ],
            [
              20.7565231,
              42.0350336
            ],
            [
              20.7567064,
              42.0352311
            ],
            [
              20.7569227,
              42.0353833
            ],
            [
              20.7571971,
              42.0356397
            ],
            [
              20.7572612,
              42.035688
            ],
            [
              20.7573201,
              42.0357841
            ],
            [
              20.7576648,
              42.036135
            ],
            [
              20.7580233,
              42.0364807
            ],
            [
              20.7583464,
              42.0368641
            ],
            [
              20.7585949,
              42.0372263
            ],
            [
              20.7589578,
              42.0375381
            ],
            [
              20.7593817,
              42.0378577
            ],
            [
              20.7596619,
              42.0382283
            ],
            [
              20.7602467,
              42.0384618
            ],
            [
              20.7607378,
              42.0387092
            ],
            [
              20.7611132,
              42.0388866
            ],
            [
              20.761375,
              42.0392843
            ],
            [
              20.7617253,
              42.0396537
            ],
            [
              20.76215,
              42.0399569
            ],
            [
              20.7626349,
              42.0402473
            ],
            [
              20.7628339,
              42.0403871
            ],
            [
              20.763069,
              42.0405522
            ],
            [
              20.7635509,
              42.0408328
            ],
            [
              20.763604,
              42.0414712
            ],
            [
              20.7636962,
              42.0419117
            ],
            [
              20.7638352,
              42.0423453
            ],
            [
              20.7639125,
              42.0427881
            ],
            [
              20.7639218,
              42.0432389
            ],
            [
              20.7638436,
              42.0436919
            ],
            [
              20.764086,
              42.0440791
            ],
            [
              20.7643468,
              42.0443418
            ],
            [
              20.7646056,
              42.0447424
            ],
            [
              20.7649338,
              42.0451595
            ],
            [
              20.7650717,
              42.0453048
            ],
            [
              20.7645362,
              42.045115
            ],
            [
              20.7639803,
              42.0449957
            ],
            [
              20.7634044,
              42.044918
            ],
            [
              20.7629949,
              42.0449793
            ],
            [
              20.762587,
              42.0452295
            ],
            [
              20.7624098,
              42.0453625
            ],
            [
              20.7618985,
              42.0456713
            ],
            [
              20.7615584,
              42.0459691
            ],
            [
              20.7611007,
              42.0463239
            ],
            [
              20.760699,
              42.0466723
            ],
            [
              20.7604212,
              42.0470143
            ],
            [
              20.7601168,
              42.0474553
            ],
            [
              20.7593978,
              42.0481464
            ],
            [
              20.7591099,
              42.0485563
            ],
            [
              20.7589207,
              42.0489746
            ],
            [
              20.7589422,
              42.0493745
            ],
            [
              20.7589889,
              42.0498023
            ],
            [
              20.7589694,
              42.0503371
            ],
            [
              20.758928,
              42.0505332
            ],
            [
              20.7589058,
              42.0509688
            ],
            [
              20.7588069,
              42.0514214
            ],
            [
              20.7587311,
              42.0518578
            ],
            [
              20.7586429,
              42.0522916
            ],
            [
              20.7584744,
              42.0527017
            ],
            [
              20.7583481,
              42.0529746
            ],
            [
              20.7582122,
              42.0534054
            ],
            [
              20.758836,
              42.0533852
            ],
            [
              20.7596602,
              42.0535915
            ],
            [
              20.7601286,
              42.0538492
            ],
            [
              20.7608857,
              42.0543904
            ],
            [
              20.7609931,
              42.0544928
            ],
            [
              20.7610299,
              42.0545469
            ],
            [
              20.7615191,
              42.054761
            ],
            [
              20.7620243,
              42.0549902
            ],
            [
              20.7633871,
              42.055559
            ],
            [
              20.7636893,
              42.0558535
            ],
            [
              20.7639465,
              42.0560241
            ],
            [
              20.7644277,
              42.0563125
            ],
            [
              20.7646304,
              42.0564903
            ],
            [
              20.7651308,
              42.056825
            ],
            [
              20.7656224,
              42.0569823
            ],
            [
              20.7659303,
              42.0571473
            ],
            [
              20.7663279,
              42.0572925
            ],
            [
              20.7665215,
              42.0574147
            ],
            [
              20.766896,
              42.0576082
            ],
            [
              20.7671266,
              42.0576904
            ],
            [
              20.7677267,
              42.0578424
            ],
            [
              20.7682673,
              42.0579626
            ],
            [
              20.7687943,
              42.0581093
            ],
            [
              20.7692912,
              42.0583468
            ],
            [
              20.7697357,
              42.0586256
            ],
            [
              20.7701983,
              42.0589089
            ],
            [
              20.7712873,
              42.0596019
            ],
            [
              20.7716569,
              42.0599646
            ],
            [
              20.7720354,
              42.0603611
            ],
            [
              20.7726552,
              42.061084
            ],
            [
              20.7731314,
              42.0615262
            ],
            [
              20.7735315,
              42.0618262
            ],
            [
              20.7739249,
              42.0621488
            ],
            [
              20.7741399,
              42.0623539
            ],
            [
              20.775566,
              42.063524
            ],
            [
              20.7759348,
              42.0638432
            ],
            [
              20.7763127,
              42.0641398
            ],
            [
              20.7774976,
              42.0644219
            ],
            [
              20.7780857,
              42.0645956
            ],
            [
              20.7786245,
              42.0647779
            ],
            [
              20.7786755,
              42.0650817
            ],
            [
              20.7786804,
              42.065425
            ],
            [
              20.7786353,
              42.065628
            ],
            [
              20.778499,
              42.0660001
            ],
            [
              20.7784612,
              42.0664227
            ],
            [
              20.7785748,
              42.0668278
            ],
            [
              20.7788567,
              42.0671428
            ],
            [
              20.7793222,
              42.0675043
            ],
            [
              20.7797463,
              42.0678223
            ],
            [
              20.7801932,
              42.0681226
            ],
            [
              20.780556,
              42.0684609
            ],
            [
              20.7806911,
              42.06857
            ],
            [
              20.780791,
              42.0687452
            ],
            [
              20.7812858,
              42.0691135
            ],
            [
              20.7817788,
              42.0696082
            ],
            [
              20.7820907,
              42.0699053
            ],
            [
              20.7824393,
              42.070272
            ],
            [
              20.7828183,
              42.0706117
            ],
            [
              20.7832599,
              42.0709125
            ],
            [
              20.783776,
              42.0710454
            ],
            [
              20.7842881,
              42.0712878
            ],
            [
              20.7850784,
              42.0715404
            ],
            [
              20.785949,
              42.0717218
            ],
            [
              20.7859786,
              42.0717481
            ],
            [
              20.7859855,
              42.0717542
            ],
            [
              20.7855216,
              42.0723324
            ],
            [
              20.785447,
              42.0723619
            ],
            [
              20.7850002,
              42.0726188
            ],
            [
              20.784608,
              42.07294
            ],
            [
              20.7843558,
              42.0733291
            ],
            [
              20.7843413,
              42.0737586
            ],
            [
              20.7841164,
              42.0741657
            ],
            [
              20.7839242,
              42.074582
            ],
            [
              20.7838698,
              42.0750143
            ],
            [
              20.7838198,
              42.0752727
            ],
            [
              20.7839394,
              42.0756849
            ],
            [
              20.7838941,
              42.0760909
            ],
            [
              20.7840558,
              42.0762388
            ],
            [
              20.7841554,
              42.0766658
            ],
            [
              20.7841261,
              42.0770986
            ],
            [
              20.7842009,
              42.0773928
            ],
            [
              20.7843528,
              42.0776893
            ],
            [
              20.7844248,
              42.078031
            ],
            [
              20.7844283,
              42.0781006
            ],
            [
              20.784447,
              42.0784737
            ],
            [
              20.7846475,
              42.0788915
            ],
            [
              20.7854467,
              42.0794608
            ],
            [
              20.7858555,
              42.0797335
            ],
            [
              20.7865561,
              42.080228
            ],
            [
              20.7869641,
              42.0805285
            ],
            [
              20.7881196,
              42.0813
            ],
            [
              20.789487,
              42.0821788
            ],
            [
              20.7899294,
              42.0824739
            ],
            [
              20.7903608,
              42.08277
            ],
            [
              20.7908432,
              42.0831377
            ],
            [
              20.7913628,
              42.0833053
            ],
            [
              20.7921223,
              42.0835143
            ],
            [
              20.7928066,
              42.0836518
            ],
            [
              20.7934322,
              42.0836441
            ],
            [
              20.7939061,
              42.0836902
            ],
            [
              20.7942347,
              42.0836407
            ],
            [
              20.7945507,
              42.0835857
            ],
            [
              20.7951978,
              42.0834808
            ],
            [
              20.7957534,
              42.0834412
            ],
            [
              20.7963044,
              42.0833055
            ],
            [
              20.7967602,
              42.0831848
            ],
            [
              20.7969445,
              42.0830522
            ],
            [
              20.7974862,
              42.08307
            ],
            [
              20.7979291,
              42.0828754
            ],
            [
              20.7985344,
              42.0829546
            ],
            [
              20.7990642,
              42.0831061
            ],
            [
              20.7996323,
              42.0832386
            ],
            [
              20.8001501,
              42.0830216
            ],
            [
              20.8004169,
              42.0826524
            ],
            [
              20.8008416,
              42.0823529
            ],
            [
              20.8010205,
              42.0821531
            ],
            [
              20.8014842,
              42.0819263
            ],
            [
              20.8020247,
              42.0817443
            ],
            [
              20.8025931,
              42.0816364
            ],
            [
              20.8031827,
              42.0817454
            ],
            [
              20.8037158,
              42.0819129
            ],
            [
              20.8042241,
              42.082134
            ],
            [
              20.804348,
              42.0821526
            ],
            [
              20.804815,
              42.0822398
            ],
            [
              20.8054298,
              42.0822989
            ],
            [
              20.8060117,
              42.0823383
            ],
            [
              20.8066055,
              42.0824037
            ],
            [
              20.8071903,
              42.0824826
            ],
            [
              20.8077783,
              42.082541
            ],
            [
              20.8083673,
              42.0825674
            ],
            [
              20.808963,
              42.0824857
            ],
            [
              20.8095433,
              42.0823818
            ],
            [
              20.8098937,
              42.0823
            ],
            [
              20.809938,
              42.0822939
            ],
            [
              20.8105578,
              42.0823188
            ],
            [
              20.8113071,
              42.0823874
            ],
            [
              20.8119045,
              42.082465
            ],
            [
              20.8125027,
              42.0825105
            ],
            [
              20.8127969,
              42.0825548
            ],
            [
              20.8135354,
              42.0827024
            ],
            [
              20.8140295,
              42.0828089
            ],
            [
              20.8145622,
              42.0829859
            ],
            [
              20.8149403,
              42.0830537
            ],
            [
              20.8155075,
              42.0831827
            ],
            [
              20.8161004,
              42.083347
            ],
            [
              20.8166287,
              42.0835208
            ],
            [
              20.8177677,
              42.0836737
            ],
            [
              20.8178048,
              42.0836852
            ],
            [
              20.8182249,
              42.0837354
            ],
            [
              20.818812,
              42.0838207
            ],
            [
              20.8193751,
              42.0839555
            ],
            [
              20.8199536,
              42.0840805
            ],
            [
              20.8205475,
              42.0841771
            ],
            [
              20.8206792,
              42.0841826
            ],
            [
              20.8207543,
              42.0842073
            ],
            [
              20.8213483,
              42.0841907
            ],
            [
              20.8219245,
              42.0841372
            ],
            [
              20.8225259,
              42.0841303
            ],
            [
              20.8231059,
              42.0840982
            ],
            [
              20.8236991,
              42.0841375
            ],
            [
              20.8242729,
              42.084084
            ],
            [
              20.8248322,
              42.0840702
            ],
            [
              20.8252731,
              42.0840276
            ],
            [
              20.8256209,
              42.084027
            ],
            [
              20.8259985,
              42.0840797
            ],
            [
              20.8264508,
              42.0843063
            ],
            [
              20.8269375,
              42.0845428
            ],
            [
              20.8271553,
              42.0846363
            ],
            [
              20.8276186,
              42.0849267
            ],
            [
              20.8280842,
              42.0851974
            ],
            [
              20.8285206,
              42.0854731
            ],
            [
              20.8290097,
              42.0856125
            ],
            [
              20.8294355,
              42.0855955
            ],
            [
              20.8295857,
              42.0855942
            ],
            [
              20.8301299,
              42.0854372
            ],
            [
              20.8307267,
              42.085402
            ],
            [
              20.8313094,
              42.0854358
            ],
            [
              20.8318777,
              42.0855024
            ],
            [
              20.8324613,
              42.0856001
            ],
            [
              20.8330224,
              42.08574
            ],
            [
              20.8335949,
              42.0858312
            ],
            [
              20.8341449,
              42.0859691
            ],
            [
              20.8345012,
              42.0862995
            ],
            [
              20.8349329,
              42.0868956
            ],
            [
              20.8350692,
              42.0872638
            ],
            [
              20.8355892,
              42.0879811
            ],
            [
              20.8358831,
              42.0883648
            ],
            [
              20.835863,
              42.0884611
            ],
            [
              20.8358079,
              42.0886363
            ],
            [
              20.8357105,
              42.0890684
            ],
            [
              20.83593,
              42.0894522
            ],
            [
              20.8366801,
              42.0897512
            ],
            [
              20.8370652,
              42.0901205
            ],
            [
              20.8374227,
              42.09059
            ],
            [
              20.8375293,
              42.0907086
            ],
            [
              20.8377155,
              42.090937
            ],
            [
              20.8377965,
              42.0913294
            ],
            [
              20.8379761,
              42.0915652
            ],
            [
              20.8382949,
              42.0917675
            ],
            [
              20.8386402,
              42.0920115
            ],
            [
              20.8388598,
              42.0922538
            ],
            [
              20.8389911,
              42.0925178
            ],
            [
              20.8393657,
              42.0930157
            ],
            [
              20.8395853,
              42.0933553
            ],
            [
              20.8398822,
              42.0937413
            ],
            [
              20.8400429,
              42.0939724
            ],
            [
              20.8404409,
              42.0942778
            ],
            [
              20.8404467,
              42.0944406
            ],
            [
              20.8404773,
              42.0947888
            ],
            [
              20.8407133,
              42.0951952
            ],
            [
              20.840985,
              42.0955878
            ],
            [
              20.8412738,
              42.0959836
            ],
            [
              20.8415961,
              42.096301
            ],
            [
              20.8417737,
              42.0966528
            ],
            [
              20.8419888,
              42.0970341
            ],
            [
              20.8415873,
              42.0971744
            ],
            [
              20.8417397,
              42.0974572
            ],
            [
              20.8420958,
              42.0977001
            ],
            [
              20.8424643,
              42.097916
            ],
            [
              20.8428831,
              42.0982507
            ],
            [
              20.8432237,
              42.0986164
            ],
            [
              20.8433048,
              42.098626
            ],
            [
              20.8436251,
              42.0986639
            ],
            [
              20.8441879,
              42.0985412
            ],
            [
              20.8447703,
              42.0985241
            ],
            [
              20.8450912,
              42.098584
            ],
            [
              20.8456982,
              42.098597
            ],
            [
              20.8460511,
              42.0986614
            ],
            [
              20.8466013,
              42.0987926
            ],
            [
              20.8471224,
              42.098978
            ],
            [
              20.8476394,
              42.0992178
            ],
            [
              20.8481671,
              42.0994009
            ],
            [
              20.8484998,
              42.0993324
            ],
            [
              20.8490185,
              42.0991862
            ],
            [
              20.8495585,
              42.09904
            ],
            [
              20.8500516,
              42.0989498
            ],
            [
              20.8506445,
              42.0988747
            ],
            [
              20.8511949,
              42.0987817
            ],
            [
              20.8517468,
              42.0986611
            ],
            [
              20.8522696,
              42.0985121
            ],
            [
              20.8528474,
              42.0983618
            ],
            [
              20.8533196,
              42.0982083
            ],
            [
              20.8538909,
              42.0980642
            ],
            [
              20.8550646,
              42.0981564
            ],
            [
              20.8557432,
              42.0981852
            ],
            [
              20.8567167,
              42.0984886
            ],
            [
              20.8574883,
              42.0986583
            ],
            [
              20.8580323,
              42.0987954
            ],
            [
              20.8585558,
              42.0989321
            ],
            [
              20.8586671,
              42.0989656
            ],
            [
              20.8591236,
              42.0990822
            ],
            [
              20.8596457,
              42.0992583
            ],
            [
              20.8601585,
              42.0994477
            ],
            [
              20.8606314,
              42.0996505
            ],
            [
              20.860856,
              42.0993121
            ],
            [
              20.8608917,
              42.0992932
            ],
            [
              20.8610066,
              42.0991698
            ],
            [
              20.8611227,
              42.0990301
            ],
            [
              20.8614125,
              42.0987143
            ],
            [
              20.861629,
              42.0986921
            ],
            [
              20.8620369,
              42.0986239
            ],
            [
              20.8622411,
              42.0985977
            ],
            [
              20.8626152,
              42.0985956
            ],
            [
              20.8634526,
              42.0984655
            ],
            [
              20.8636791,
              42.0984235
            ],
            [
              20.8638736,
              42.0983943
            ],
            [
              20.8645023,
              42.0983213
            ],
            [
              20.8649453,
              42.0982798
            ],
            [
              20.8663635,
              42.0981176
            ],
            [
              20.8667056,
              42.0980958
            ],
            [
              20.8673152,
              42.098037
            ],
            [
              20.8676813,
              42.0980339
            ],
            [
              20.8680401,
              42.0980493
            ],
            [
              20.8685014,
              42.0980625
            ],
            [
              20.8691252,
              42.0980657
            ],
            [
              20.8696122,
              42.0979508
            ],
            [
              20.8699204,
              42.0977779
            ],
            [
              20.8702438,
              42.0976241
            ],
            [
              20.8704607,
              42.0975062
            ],
            [
              20.8707344,
              42.0974453
            ],
            [
              20.8711137,
              42.0973312
            ],
            [
              20.8711729,
              42.0972613
            ],
            [
              20.8717813,
              42.0972544
            ],
            [
              20.872778,
              42.0972512
            ],
            [
              20.8733334,
              42.0971552
            ],
            [
              20.8738348,
              42.09705
            ],
            [
              20.874241,
              42.0969808
            ],
            [
              20.8748855,
              42.0969154
            ],
            [
              20.8754963,
              42.0966257
            ],
            [
              20.8758125,
              42.0964798
            ],
            [
              20.8760826,
              42.096433
            ],
            [
              20.876269,
              42.0964561
            ],
            [
              20.8766804,
              42.0964324
            ],
            [
              20.8771507,
              42.0962076
            ],
            [
              20.8776854,
              42.0962641
            ],
            [
              20.8781522,
              42.0963068
            ],
            [
              20.878258,
              42.096303
            ],
            [
              20.8786172,
              42.0962676
            ],
            [
              20.8790765,
              42.0961915
            ],
            [
              20.8794904,
              42.0962187
            ],
            [
              20.8796968,
              42.0961719
            ],
            [
              20.8803872,
              42.0961918
            ],
            [
              20.8808111,
              42.096349
            ],
            [
              20.8811628,
              42.0964649
            ],
            [
              20.8815055,
              42.0965682
            ],
            [
              20.8818422,
              42.0966476
            ],
            [
              20.8821065,
              42.0967384
            ],
            [
              20.8832045,
              42.0963474
            ],
            [
              20.8835862,
              42.0961566
            ],
            [
              20.8836989,
              42.0960859
            ],
            [
              20.8842353,
              42.0961678
            ],
            [
              20.8846177,
              42.0964613
            ],
            [
              20.8853218,
              42.0970152
            ],
            [
              20.8863571,
              42.096743
            ],
            [
              20.8868749,
              42.0966161
            ],
            [
              20.8875305,
              42.0964389
            ],
            [
              20.8880564,
              42.0965427
            ],
            [
              20.888559,
              42.0966492
            ],
            [
              20.8892701,
              42.0967876
            ],
            [
              20.8897215,
              42.0970516
            ],
            [
              20.8899881,
              42.0971788
            ],
            [
              20.8911023,
              42.0973579
            ],
            [
              20.8915417,
              42.097442
            ],
            [
              20.8917028,
              42.0978617
            ],
            [
              20.8920032,
              42.0982416
            ],
            [
              20.8921973,
              42.0984711
            ],
            [
              20.8925218,
              42.0988426
            ],
            [
              20.8928578,
              42.0992171
            ],
            [
              20.8929165,
              42.099266
            ],
            [
              20.8933982,
              42.0995496
            ],
            [
              20.8939148,
              42.0998415
            ],
            [
              20.893988,
              42.0999071
            ],
            [
              20.8943674,
              42.1001332
            ],
            [
              20.8951992,
              42.1006745
            ],
            [
              20.8960853,
              42.1014772
            ],
            [
              20.8963101,
              42.1018947
            ],
            [
              20.8965176,
              42.102336
            ],
            [
              20.8968605,
              42.1029882
            ],
            [
              20.8971507,
              42.1035776
            ],
            [
              20.8974808,
              42.1039547
            ],
            [
              20.8978151,
              42.1043125
            ],
            [
              20.8984207,
              42.1049458
            ],
            [
              20.8998903,
              42.1057173
            ],
            [
              20.9008637,
              42.1062373
            ],
            [
              20.9013576,
              42.1064712
            ],
            [
              20.9018774,
              42.1067107
            ],
            [
              20.9023243,
              42.1069864
            ],
            [
              20.9028122,
              42.1072673
            ],
            [
              20.9029932,
              42.1073662
            ],
            [
              20.9039446,
              42.1079257
            ],
            [
              20.9043222,
              42.1081613
            ],
            [
              20.9047802,
              42.1084546
            ],
            [
              20.9049873,
              42.1087785
            ],
            [
              20.9050996,
              42.1089864
            ],
            [
              20.9051102,
              42.1091249
            ],
            [
              20.9055886,
              42.1093835
            ],
            [
              20.9058735,
              42.1095477
            ],
            [
              20.9061693,
              42.109954
            ],
            [
              20.9064113,
              42.1102569
            ],
            [
              20.9067769,
              42.1106074
            ],
            [
              20.9071271,
              42.1109581
            ],
            [
              20.9074424,
              42.1113478
            ],
            [
              20.9077519,
              42.1117421
            ],
            [
              20.9083965,
              42.1123519
            ],
            [
              20.9084544,
              42.1125424
            ],
            [
              20.9090007,
              42.1127287
            ],
            [
              20.9092998,
              42.1128656
            ],
            [
              20.9094653,
              42.1130688
            ],
            [
              20.9095916,
              42.1131748
            ],
            [
              20.9098018,
              42.1133417
            ],
            [
              20.9098732,
              42.1133934
            ],
            [
              20.9099555,
              42.1134048
            ],
            [
              20.910146,
              42.1134824
            ],
            [
              20.9106274,
              42.1137063
            ],
            [
              20.9111149,
              42.1139812
            ],
            [
              20.9123392,
              42.1145766
            ],
            [
              20.9125812,
              42.1146135
            ],
            [
              20.9130468,
              42.1147269
            ],
            [
              20.9138747,
              42.1149015
            ],
            [
              20.9144863,
              42.1152113
            ],
            [
              20.914568,
              42.115554
            ],
            [
              20.9146646,
              42.1158098
            ],
            [
              20.9148095,
              42.1162529
            ],
            [
              20.9148487,
              42.1163855
            ],
            [
              20.914951,
              42.1166605
            ],
            [
              20.9150206,
              42.1166988
            ],
            [
              20.9153114,
              42.1168589
            ],
            [
              20.9153725,
              42.116923
            ],
            [
              20.9156144,
              42.1172549
            ],
            [
              20.9159578,
              42.1176207
            ],
            [
              20.9162498,
              42.1180114
            ],
            [
              20.9165321,
              42.1184236
            ],
            [
              20.9166894,
              42.1187495
            ],
            [
              20.9168089,
              42.1192003
            ],
            [
              20.9168237,
              42.1196392
            ],
            [
              20.9166783,
              42.1200533
            ],
            [
              20.9165472,
              42.1204622
            ],
            [
              20.9163439,
              42.1206248
            ],
            [
              20.9163339,
              42.1210762
            ],
            [
              20.9164059,
              42.1215151
            ],
            [
              20.916584,
              42.1223926
            ],
            [
              20.9166041,
              42.1228356
            ],
            [
              20.9165999,
              42.1229321
            ],
            [
              20.9167934,
              42.1231854
            ],
            [
              20.9172512,
              42.1234626
            ],
            [
              20.9177221,
              42.1238062
            ],
            [
              20.9180152,
              42.1240031
            ],
            [
              20.9180793,
              42.1240773
            ],
            [
              20.9184644,
              42.1243776
            ],
            [
              20.9186841,
              42.1244991
            ],
            [
              20.9189499,
              42.1248587
            ],
            [
              20.9192099,
              42.1249891
            ],
            [
              20.9193824,
              42.1254006
            ],
            [
              20.9193406,
              42.1256529
            ],
            [
              20.9193794,
              42.1261004
            ],
            [
              20.9193768,
              42.1265302
            ],
            [
              20.9193835,
              42.1269691
            ],
            [
              20.9194079,
              42.1273912
            ],
            [
              20.9196249,
              42.1278088
            ],
            [
              20.9198091,
              42.1281908
            ],
            [
              20.9200076,
              42.1285847
            ],
            [
              20.9201592,
              42.1284574
            ],
            [
              20.9205681,
              42.1281799
            ],
            [
              20.920842,
              42.127977
            ],
            [
              20.9213511,
              42.1277472
            ],
            [
              20.9218763,
              42.1275489
            ],
            [
              20.9224304,
              42.1273499
            ],
            [
              20.9229825,
              42.1271961
            ],
            [
              20.9235424,
              42.1270201
            ],
            [
              20.9241111,
              42.1269048
            ],
            [
              20.9244392,
              42.1268495
            ],
            [
              20.9250297,
              42.1268687
            ],
            [
              20.9256126,
              42.1269533
            ],
            [
              20.926221,
              42.1269846
            ],
            [
              20.9267735,
              42.1271324
            ],
            [
              20.9269445,
              42.1271643
            ],
            [
              20.9275239,
              42.1272084
            ],
            [
              20.9277953,
              42.1272785
            ],
            [
              20.927939,
              42.1273263
            ],
            [
              20.9284519,
              42.1276458
            ],
            [
              20.9286643,
              42.1278307
            ],
            [
              20.9288718,
              42.1280747
            ],
            [
              20.9289585,
              42.1282534
            ],
            [
              20.9292248,
              42.1283899
            ],
            [
              20.9294984,
              42.1286763
            ],
            [
              20.929622,
              42.1288381
            ],
            [
              20.9297112,
              42.1289668
            ],
            [
              20.9297717,
              42.129127
            ],
            [
              20.9297657,
              42.1292161
            ],
            [
              20.9298568,
              42.1292813
            ],
            [
              20.9300079,
              42.1295209
            ],
            [
              20.9304031,
              42.1298638
            ],
            [
              20.9308707,
              42.1301427
            ],
            [
              20.9313185,
              42.1304181
            ],
            [
              20.9316577,
              42.1306726
            ],
            [
              20.932253,
              42.1306939
            ],
            [
              20.9324707,
              42.1307856
            ],
            [
              20.932885,
              42.1309516
            ],
            [
              20.9331412,
              42.131083
            ],
            [
              20.9334076,
              42.1311707
            ],
            [
              20.9335638,
              42.1311575
            ],
            [
              20.933754,
              42.1311951
            ],
            [
              20.9341618,
              42.1314318
            ],
            [
              20.934448,
              42.1317581
            ],
            [
              20.9346207,
              42.1318793
            ],
            [
              20.934987,
              42.132249
            ],
            [
              20.9352086,
              42.1324458
            ],
            [
              20.9357277,
              42.1326717
            ],
            [
              20.9359054,
              42.13283
            ],
            [
              20.9359648,
              42.1330562
            ],
            [
              20.9363273,
              42.133241
            ],
            [
              20.936516,
              42.1333455
            ],
            [
              20.9370587,
              42.1335775
            ],
            [
              20.9373446,
              42.1336806
            ],
            [
              20.9377525,
              42.1339098
            ],
            [
              20.9380813,
              42.1341568
            ],
            [
              20.938133,
              42.1342259
            ],
            [
              20.9384945,
              42.1344772
            ],
            [
              20.9388198,
              42.1346428
            ],
            [
              20.9393607,
              42.1350154
            ],
            [
              20.9401627,
              42.1355163
            ],
            [
              20.9403503,
              42.1356485
            ],
            [
              20.9405284,
              42.1358397
            ],
            [
              20.9407851,
              42.1360707
            ],
            [
              20.941025,
              42.1363853
            ],
            [
              20.9410412,
              42.1365225
            ],
            [
              20.9412483,
              42.1369181
            ],
            [
              20.9415289,
              42.1371375
            ],
            [
              20.9419185,
              42.1372961
            ],
            [
              20.9424276,
              42.1373696
            ],
            [
              20.9425277,
              42.1373952
            ],
            [
              20.9428,
              42.1374336
            ],
            [
              20.9433846,
              42.1376141
            ],
            [
              20.9435692,
              42.1376763
            ],
            [
              20.9436349,
              42.1377114
            ],
            [
              20.9437148,
              42.137739
            ],
            [
              20.9441306,
              42.1378505
            ],
            [
              20.9448235,
              42.1380905
            ],
            [
              20.9453259,
              42.1378542
            ],
            [
              20.9455045,
              42.1377748
            ],
            [
              20.9460661,
              42.1376149
            ],
            [
              20.9468997,
              42.1375272
            ],
            [
              20.9471207,
              42.1374696
            ],
            [
              20.9473729,
              42.1374311
            ],
            [
              20.947825,
              42.1374111
            ],
            [
              20.9479497,
              42.137386
            ],
            [
              20.9481395,
              42.1373306
            ],
            [
              20.9486291,
              42.1371981
            ],
            [
              20.9494759,
              42.1374252
            ],
            [
              20.9509224,
              42.1377984
            ],
            [
              20.9514807,
              42.1379608
            ],
            [
              20.9517242,
              42.1380581
            ],
            [
              20.95192,
              42.138043
            ],
            [
              20.9529654,
              42.1379779
            ],
            [
              20.9542551,
              42.1378886
            ],
            [
              20.9549707,
              42.1373471
            ],
            [
              20.9552979,
              42.1371369
            ],
            [
              20.9555373,
              42.1370036
            ],
            [
              20.9563212,
              42.136551
            ],
            [
              20.9565257,
              42.1364421
            ],
            [
              20.9571111,
              42.1363963
            ],
            [
              20.9572803,
              42.1364021
            ],
            [
              20.9579366,
              42.1364261
            ],
            [
              20.9590059,
              42.1365078
            ],
            [
              20.9599705,
              42.1365635
            ],
            [
              20.9599909,
              42.1364209
            ],
            [
              20.9604663,
              42.1363901
            ],
            [
              20.9607778,
              42.136293
            ],
            [
              20.9617096,
              42.1362702
            ],
            [
              20.9619158,
              42.1363438
            ],
            [
              20.9622206,
              42.1364123
            ],
            [
              20.9626221,
              42.1365919
            ],
            [
              20.9627421,
              42.1366582
            ],
            [
              20.9628717,
              42.136697
            ],
            [
              20.9630382,
              42.1367555
            ],
            [
              20.9632374,
              42.1367397
            ],
            [
              20.9636894,
              42.1365432
            ],
            [
              20.9639653,
              42.1363666
            ],
            [
              20.9642055,
              42.1362838
            ],
            [
              20.9645868,
              42.1363171
            ],
            [
              20.9652002,
              42.1362354
            ],
            [
              20.9655247,
              42.1362052
            ],
            [
              20.9663922,
              42.1363848
            ],
            [
              20.9665167,
              42.1364908
            ],
            [
              20.966639,
              42.1364377
            ],
            [
              20.9671118,
              42.1365318
            ],
            [
              20.9675231,
              42.1365796
            ],
            [
              20.9679208,
              42.1365027
            ],
            [
              20.9682519,
              42.1364847
            ],
            [
              20.9692695,
              42.1366099
            ],
            [
              20.9693941,
              42.1365665
            ],
            [
              20.9695703,
              42.1366534
            ],
            [
              20.9697589,
              42.1366568
            ],
            [
              20.9703084,
              42.1368555
            ],
            [
              20.9704893,
              42.1369673
            ],
            [
              20.9706377,
              42.1372535
            ],
            [
              20.9708479,
              42.1373896
            ],
            [
              20.9716363,
              42.1378565
            ],
            [
              20.9717894,
              42.1379814
            ],
            [
              20.9719681,
              42.1381802
            ],
            [
              20.9719831,
              42.1382615
            ],
            [
              20.972303,
              42.1386396
            ],
            [
              20.9724936,
              42.1387719
            ],
            [
              20.9726583,
              42.1388993
            ],
            [
              20.9727537,
              42.1389823
            ],
            [
              20.9727925,
              42.1389895
            ],
            [
              20.9730524,
              42.1390377
            ],
            [
              20.9732913,
              42.1389474
            ],
            [
              20.9738845,
              42.139064
            ],
            [
              20.9743081,
              42.1390845
            ],
            [
              20.9743936,
              42.1390594
            ],
            [
              20.9745746,
              42.1391206
            ],
            [
              20.9748281,
              42.1390187
            ],
            [
              20.9753666,
              42.1391754
            ],
            [
              20.9754612,
              42.1392086
            ],
            [
              20.9755292,
              42.1391785
            ],
            [
              20.976014,
              42.1393446
            ],
            [
              20.9764535,
              42.1392785
            ],
            [
              20.9768187,
              42.1393605
            ],
            [
              20.9770901,
              42.1392942
            ],
            [
              20.9776393,
              42.1394748
            ],
            [
              20.9783086,
              42.1396758
            ],
            [
              20.9785362,
              42.139659
            ],
            [
              20.9787692,
              42.1397048
            ],
            [
              20.9790345,
              42.1397469
            ],
            [
              20.9792695,
              42.1397891
            ],
            [
              20.9795993,
              42.1398794
            ],
            [
              20.9799465,
              42.1397185
            ],
            [
              20.9803783,
              42.1394608
            ],
            [
              20.9807612,
              42.139378
            ],
            [
              20.9810343,
              42.1392133
            ],
            [
              20.981632,
              42.139158
            ],
            [
              20.9821117,
              42.1391267
            ],
            [
              20.9823414,
              42.1391917
            ],
            [
              20.9826402,
              42.1391785
            ],
            [
              20.9831816,
              42.1393806
            ],
            [
              20.9834218,
              42.1394764
            ],
            [
              20.9835583,
              42.1395309
            ],
            [
              20.9836281,
              42.139982
            ],
            [
              20.9841669,
              42.1402613
            ],
            [
              20.9846319,
              42.1405706
            ],
            [
              20.9849714,
              42.1408782
            ],
            [
              20.9851026,
              42.1411644
            ],
            [
              20.9855073,
              42.1415268
            ],
            [
              20.9859568,
              42.1419758
            ],
            [
              20.986189,
              42.142216
            ],
            [
              20.9864267,
              42.1422367
            ],
            [
              20.9867066,
              42.14236
            ],
            [
              20.9872029,
              42.1425432
            ],
            [
              20.9875032,
              42.1426284
            ],
            [
              20.9880642,
              42.1425604
            ],
            [
              20.9884829,
              42.1426899
            ],
            [
              20.9889771,
              42.1428713
            ],
            [
              20.9895649,
              42.1430138
            ],
            [
              20.9899856,
              42.143143
            ],
            [
              20.9903068,
              42.1432811
            ],
            [
              20.9909423,
              42.143618
            ],
            [
              20.991193,
              42.1437553
            ],
            [
              20.9917261,
              42.1437605
            ],
            [
              20.9920692,
              42.1436421
            ],
            [
              20.9925451,
              42.1435451
            ],
            [
              20.9928967,
              42.1435896
            ],
            [
              20.9932199,
              42.1436362
            ],
            [
              20.9938192,
              42.1437857
            ],
            [
              20.9944512,
              42.1438298
            ],
            [
              20.9948118,
              42.1438853
            ],
            [
              20.9951251,
              42.1442454
            ],
            [
              20.9953891,
              42.1444823
            ],
            [
              20.9956447,
              42.1447643
            ],
            [
              20.9958322,
              42.1450567
            ],
            [
              20.9961803,
              42.1450719
            ],
            [
              20.9964036,
              42.14506
            ],
            [
              20.9966617,
              42.1450522
            ],
            [
              20.9969521,
              42.1451573
            ],
            [
              20.9973908,
              42.1451929
            ],
            [
              20.9979433,
              42.1451325
            ],
            [
              20.9985008,
              42.1451396
            ],
            [
              20.9990528,
              42.1450848
            ],
            [
              20.9992467,
              42.1450359
            ],
            [
              20.9994477,
              42.1449745
            ],
            [
              20.9999658,
              42.1450196
            ],
            [
              21.0004701,
              42.1451147
            ],
            [
              21.0007417,
              42.1452568
            ],
            [
              21.0011435,
              42.1453068
            ],
            [
              21.0014981,
              42.14551
            ],
            [
              21.0015493,
              42.1455151
            ],
            [
              21.0019352,
              42.145662
            ],
            [
              21.002785,
              42.1461496
            ],
            [
              21.0030665,
              42.1464193
            ],
            [
              21.0034022,
              42.1465938
            ],
            [
              21.0038274,
              42.1467603
            ],
            [
              21.0040816,
              42.1469784
            ],
            [
              21.0044672,
              42.1472078
            ],
            [
              21.0049279,
              42.1473223
            ],
            [
              21.0053472,
              42.1474806
            ],
            [
              21.005664,
              42.1475857
            ],
            [
              21.0060031,
              42.147732
            ],
            [
              21.006374,
              42.1479295
            ],
            [
              21.0066856,
              42.1481221
            ],
            [
              21.0070054,
              42.1484287
            ],
            [
              21.0072144,
              42.14865
            ],
            [
              21.0075772,
              42.1489716
            ],
            [
              21.0078128,
              42.1491866
            ],
            [
              21.0080658,
              42.1494081
            ],
            [
              21.0083893,
              42.149658
            ],
            [
              21.0087089,
              42.149941
            ],
            [
              21.0088862,
              42.1502181
            ],
            [
              21.0091529,
              42.1504369
            ],
            [
              21.0092633,
              42.150622
            ],
            [
              21.0092746,
              42.1505014
            ],
            [
              21.0097604,
              42.1503522
            ],
            [
              21.0103333,
              42.1502367
            ],
            [
              21.0107486,
              42.1501354
            ],
            [
              21.0111651,
              42.1501691
            ],
            [
              21.0122465,
              42.150198
            ],
            [
              21.0128377,
              42.150265
            ],
            [
              21.0131887,
              42.1502411
            ],
            [
              21.0137647,
              42.1503127
            ],
            [
              21.0143433,
              42.1503427
            ],
            [
              21.0146344,
              42.1503712
            ],
            [
              21.014717,
              42.1503646
            ],
            [
              21.0152691,
              42.1504382
            ],
            [
              21.0155262,
              42.1504466
            ],
            [
              21.0160713,
              42.1504319
            ],
            [
              21.0166473,
              42.1504647
            ],
            [
              21.0171692,
              42.1506747
            ],
            [
              21.0175039,
              42.1507112
            ],
            [
              21.0178952,
              42.1507116
            ],
            [
              21.018976,
              42.1507634
            ],
            [
              21.0192395,
              42.1508037
            ],
            [
              21.0195931,
              42.15098
            ],
            [
              21.0198099,
              42.1510925
            ],
            [
              21.0200507,
              42.1512819
            ],
            [
              21.0204277,
              42.1515163
            ],
            [
              21.0210113,
              42.1517103
            ],
            [
              21.0215137,
              42.1518725
            ],
            [
              21.0217652,
              42.1519709
            ],
            [
              21.0221673,
              42.1520313
            ],
            [
              21.0227004,
              42.1520335
            ],
            [
              21.0232884,
              42.1519692
            ],
            [
              21.0238556,
              42.1519521
            ],
            [
              21.0243062,
              42.1518981
            ],
            [
              21.0246553,
              42.1518919
            ],
            [
              21.0252263,
              42.1519677
            ],
            [
              21.0255793,
              42.1520385
            ],
            [
              21.0258333,
              42.1521636
            ],
            [
              21.0264377,
              42.1522535
            ],
            [
              21.0267807,
              42.1524949
            ],
            [
              21.0269598,
              42.152833
            ],
            [
              21.0269454,
              42.1530562
            ],
            [
              21.0270514,
              42.1531941
            ],
            [
              21.0271831,
              42.1532445
            ],
            [
              21.0274491,
              42.1533464
            ],
            [
              21.0275299,
              42.1536507
            ],
            [
              21.0274852,
              42.153722
            ],
            [
              21.0275351,
              42.1538505
            ],
            [
              21.0276227,
              42.1540235
            ],
            [
              21.0276934,
              42.1542458
            ],
            [
              21.0277478,
              42.1545323
            ],
            [
              21.0279496,
              42.1548342
            ],
            [
              21.0283197,
              42.1550541
            ],
            [
              21.0283564,
              42.1553861
            ],
            [
              21.0281687,
              42.1556417
            ],
            [
              21.0280598,
              42.1558504
            ],
            [
              21.0282366,
              42.1561263
            ],
            [
              21.0285788,
              42.1563418
            ],
            [
              21.0290251,
              42.1564078
            ],
            [
              21.0298777,
              42.1565516
            ],
            [
              21.0303046,
              42.1566339
            ],
            [
              21.0307253,
              42.1567812
            ],
            [
              21.031177,
              42.1569079
            ],
            [
              21.0316212,
              42.1570527
            ],
            [
              21.0320066,
              42.1572512
            ],
            [
              21.0323593,
              42.1574897
            ],
            [
              21.0327188,
              42.1577438
            ],
            [
              21.0332379,
              42.1582146
            ],
            [
              21.0335881,
              42.1584837
            ],
            [
              21.0335605,
              42.1586861
            ],
            [
              21.0338639,
              42.159212
            ],
            [
              21.0345924,
              42.1595052
            ],
            [
              21.0349612,
              42.1596439
            ],
            [
              21.0352027,
              42.1597997
            ],
            [
              21.0368453,
              42.1607946
            ],
            [
              21.0371644,
              42.1609176
            ],
            [
              21.0375912,
              42.1610741
            ],
            [
              21.0378113,
              42.1612101
            ],
            [
              21.0411757,
              42.1633801
            ],
            [
              21.0415983,
              42.1636629
            ],
            [
              21.0416987,
              42.1639474
            ],
            [
              21.0418373,
              42.1641057
            ],
            [
              21.0422051,
              42.1644163
            ],
            [
              21.042371,
              42.1647257
            ],
            [
              21.0428568,
              42.1649114
            ],
            [
              21.0429055,
              42.1651149
            ],
            [
              21.0431507,
              42.1657238
            ],
            [
              21.0432517,
              42.1660943
            ],
            [
              21.0434442,
              42.1659218
            ],
            [
              21.0435517,
              42.1658513
            ],
            [
              21.0438962,
              42.1656491
            ],
            [
              21.0447385,
              42.1653432
            ],
            [
              21.0451905,
              42.1652776
            ],
            [
              21.0457843,
              42.1652602
            ],
            [
              21.0462772,
              42.1653037
            ],
            [
              21.0467367,
              42.1652802
            ],
            [
              21.0469735,
              42.1653475
            ],
            [
              21.0472033,
              42.1653603
            ],
            [
              21.0480424,
              42.1655646
            ],
            [
              21.0484531,
              42.165751
            ],
            [
              21.0488164,
              42.1661508
            ],
            [
              21.0490907,
              42.1663334
            ],
            [
              21.0492262,
              42.1664021
            ],
            [
              21.0493375,
              42.1664374
            ],
            [
              21.0495344,
              42.1665452
            ],
            [
              21.0500127,
              42.1674809
            ],
            [
              21.0504063,
              42.168275
            ],
            [
              21.0505009,
              42.1683728
            ],
            [
              21.0507793,
              42.1688746
            ],
            [
              21.0509279,
              42.1692606
            ],
            [
              21.0514736,
              42.1701705
            ],
            [
              21.0519224,
              42.1704571
            ],
            [
              21.0522971,
              42.1708099
            ],
            [
              21.0525903,
              42.1712069
            ],
            [
              21.0523467,
              42.1714713
            ],
            [
              21.0530062,
              42.1720257
            ],
            [
              21.0533364,
              42.1723482
            ],
            [
              21.0535331,
              42.1725826
            ],
            [
              21.0541977,
              42.1736799
            ],
            [
              21.0544426,
              42.1740438
            ],
            [
              21.0544637,
              42.17406
            ],
            [
              21.0546193,
              42.1744425
            ],
            [
              21.0547353,
              42.1745929
            ],
            [
              21.0554159,
              42.1753215
            ],
            [
              21.0558381,
              42.1754502
            ],
            [
              21.0562431,
              42.1754326
            ],
            [
              21.056542,
              42.17556
            ],
            [
              21.0570908,
              42.175749
            ],
            [
              21.0572861,
              42.1758954
            ],
            [
              21.0573686,
              42.1759716
            ],
            [
              21.0576884,
              42.1762671
            ],
            [
              21.0579846,
              42.176562
            ],
            [
              21.0581773,
              42.1768261
            ],
            [
              21.0585153,
              42.1775738
            ],
            [
              21.0585409,
              42.1776388
            ],
            [
              21.0588113,
              42.17807
            ],
            [
              21.0588618,
              42.1781654
            ],
            [
              21.0594588,
              42.1787675
            ],
            [
              21.0596012,
              42.1789292
            ],
            [
              21.0597363,
              42.179103
            ],
            [
              21.0602369,
              42.1796138
            ],
            [
              21.0603119,
              42.179975
            ],
            [
              21.0604361,
              42.1802715
            ],
            [
              21.0605339,
              42.1804627
            ],
            [
              21.0607317,
              42.1807399
            ],
            [
              21.0609266,
              42.1810228
            ],
            [
              21.0613425,
              42.1813141
            ],
            [
              21.0614746,
              42.1814167
            ],
            [
              21.0618785,
              42.181499
            ],
            [
              21.0624612,
              42.1815748
            ],
            [
              21.0626617,
              42.1816672
            ],
            [
              21.063044,
              42.1817957
            ],
            [
              21.0637093,
              42.1819757
            ],
            [
              21.0642588,
              42.1821727
            ],
            [
              21.0647762,
              42.1824097
            ],
            [
              21.0651752,
              42.1827337
            ],
            [
              21.0654795,
              42.1829548
            ],
            [
              21.0655987,
              42.1830469
            ],
            [
              21.0658065,
              42.1832412
            ],
            [
              21.0662012,
              42.1835853
            ],
            [
              21.0664087,
              42.1839946
            ],
            [
              21.0665324,
              42.1842973
            ],
            [
              21.0666274,
              42.1846231
            ],
            [
              21.0667969,
              42.1848805
            ],
            [
              21.0669743,
              42.1850901
            ],
            [
              21.0670381,
              42.1851396
            ],
            [
              21.0670879,
              42.185204
            ],
            [
              21.0673002,
              42.1854252
            ],
            [
              21.0677506,
              42.1856914
            ],
            [
              21.06797,
              42.1858366
            ],
            [
              21.0688035,
              42.1862665
            ],
            [
              21.0693443,
              42.1864674
            ],
            [
              21.0699244,
              42.1865793
            ],
            [
              21.0705108,
              42.1866711
            ],
            [
              21.0710984,
              42.1867872
            ],
            [
              21.0716798,
              42.1868618
            ],
            [
              21.0722637,
              42.18699
            ],
            [
              21.072545,
              42.1870751
            ],
            [
              21.0729797,
              42.1870832
            ],
            [
              21.0735422,
              42.1870646
            ],
            [
              21.0739005,
              42.1870881
            ],
            [
              21.0742344,
              42.1871522
            ],
            [
              21.0745985,
              42.1872661
            ],
            [
              21.0748998,
              42.1873064
            ],
            [
              21.0751925,
              42.187486
            ],
            [
              21.0756036,
              42.1876674
            ],
            [
              21.0760366,
              42.1878134
            ],
            [
              21.0766263,
              42.1879997
            ],
            [
              21.0770831,
              42.1881643
            ],
            [
              21.0780906,
              42.1884571
            ],
            [
              21.0787648,
              42.1886224
            ],
            [
              21.0790949,
              42.1886404
            ],
            [
              21.0792709,
              42.1886444
            ],
            [
              21.0797427,
              42.1886734
            ],
            [
              21.0801869,
              42.1887621
            ],
            [
              21.0807087,
              42.1888046
            ],
            [
              21.0810327,
              42.1889203
            ],
            [
              21.0812157,
              42.1890254
            ],
            [
              21.0814414,
              42.1891436
            ],
            [
              21.0817158,
              42.1892058
            ],
            [
              21.0820473,
              42.1893388
            ],
            [
              21.0825054,
              42.1894726
            ],
            [
              21.0826495,
              42.1895165
            ],
            [
              21.0829559,
              42.1896097
            ],
            [
              21.0832423,
              42.1897325
            ],
            [
              21.0833724,
              42.1898104
            ],
            [
              21.0836624,
              42.1899841
            ],
            [
              21.0839715,
              42.1902168
            ],
            [
              21.0842825,
              42.1904849
            ],
            [
              21.0846362,
              42.1907366
            ],
            [
              21.0849415,
              42.1909768
            ],
            [
              21.0852689,
              42.1912826
            ],
            [
              21.0857387,
              42.1917038
            ],
            [
              21.0862745,
              42.1919816
            ],
            [
              21.0865699,
              42.1921098
            ],
            [
              21.0869397,
              42.1922497
            ],
            [
              21.0871427,
              42.1923176
            ],
            [
              21.0875207,
              42.1925488
            ],
            [
              21.0879287,
              42.1930284
            ],
            [
              21.08812,
              42.1932684
            ],
            [
              21.0881898,
              42.1934827
            ],
            [
              21.0884757,
              42.1936711
            ],
            [
              21.0885973,
              42.1937073
            ],
            [
              21.0889365,
              42.1936568
            ],
            [
              21.0889575,
              42.1936537
            ],
            [
              21.0894828,
              42.1938045
            ],
            [
              21.0902978,
              42.1939615
            ],
            [
              21.0904608,
              42.1939864
            ],
            [
              21.090829,
              42.1940271
            ],
            [
              21.0909552,
              42.1940297
            ],
            [
              21.0913028,
              42.1942049
            ],
            [
              21.0917428,
              42.1946774
            ],
            [
              21.0923741,
              42.1953224
            ],
            [
              21.0925438,
              42.1956707
            ],
            [
              21.0926514,
              42.1959781
            ],
            [
              21.0929692,
              42.1962744
            ],
            [
              21.0931445,
              42.1963376
            ],
            [
              21.093516,
              42.1964362
            ],
            [
              21.0937261,
              42.1964693
            ],
            [
              21.0940188,
              42.1967838
            ],
            [
              21.094287,
              42.1970596
            ],
            [
              21.0943742,
              42.1971634
            ],
            [
              21.0944056,
              42.1973001
            ],
            [
              21.0944254,
              42.1974404
            ],
            [
              21.094318,
              42.1977252
            ],
            [
              21.0943072,
              42.1978409
            ],
            [
              21.0942404,
              42.1982432
            ],
            [
              21.0943303,
              42.1985402
            ],
            [
              21.0944532,
              42.198746
            ],
            [
              21.0944914,
              42.198925
            ],
            [
              21.0945089,
              42.1991168
            ],
            [
              21.0946679,
              42.1993626
            ],
            [
              21.0947619,
              42.1995206
            ],
            [
              21.0948773,
              42.1996932
            ],
            [
              21.0951405,
              42.1998993
            ],
            [
              21.0953956,
              42.2000449
            ],
            [
              21.0956937,
              42.2002396
            ],
            [
              21.0959323,
              42.2004166
            ],
            [
              21.0962396,
              42.200676
            ],
            [
              21.096612,
              42.2009627
            ],
            [
              21.0966637,
              42.2011276
            ],
            [
              21.0967872,
              42.2013657
            ],
            [
              21.0970044,
              42.2015464
            ],
            [
              21.0970193,
              42.2016507
            ],
            [
              21.0970073,
              42.201848
            ],
            [
              21.0970707,
              42.2020055
            ],
            [
              21.0972315,
              42.202199
            ],
            [
              21.0974721,
              42.2024475
            ],
            [
              21.0975819,
              42.2025454
            ],
            [
              21.0977732,
              42.2026605
            ],
            [
              21.0980191,
              42.2027445
            ],
            [
              21.0982508,
              42.202804
            ],
            [
              21.0991614,
              42.2029084
            ],
            [
              21.0993967,
              42.2029255
            ],
            [
              21.0997444,
              42.2030692
            ],
            [
              21.0999909,
              42.2032211
            ],
            [
              21.1002687,
              42.2033785
            ],
            [
              21.1007671,
              42.2035316
            ],
            [
              21.1009026,
              42.2035565
            ],
            [
              21.1010302,
              42.2036525
            ],
            [
              21.1012077,
              42.2038997
            ],
            [
              21.1014598,
              42.204089
            ],
            [
              21.101816,
              42.2041916
            ],
            [
              21.1022219,
              42.2043657
            ],
            [
              21.1023592,
              42.204398
            ],
            [
              21.1024502,
              42.2045881
            ],
            [
              21.1026158,
              42.2047111
            ],
            [
              21.1028708,
              42.2049451
            ],
            [
              21.1030002,
              42.2050306
            ],
            [
              21.103031,
              42.2050916
            ],
            [
              21.1032828,
              42.2054485
            ],
            [
              21.1038827,
              42.2059531
            ],
            [
              21.1043888,
              42.2058654
            ],
            [
              21.1053857,
              42.2057435
            ],
            [
              21.1063056,
              42.2056617
            ],
            [
              21.1072288,
              42.2058226
            ],
            [
              21.1077016,
              42.2059184
            ],
            [
              21.1087604,
              42.2061143
            ],
            [
              21.1089401,
              42.2061712
            ],
            [
              21.1091029,
              42.2061554
            ],
            [
              21.1095251,
              42.2061653
            ],
            [
              21.1100713,
              42.2059953
            ],
            [
              21.1106418,
              42.2058453
            ],
            [
              21.1110134,
              42.2058482
            ],
            [
              21.1112949,
              42.2058822
            ],
            [
              21.1118358,
              42.2058269
            ],
            [
              21.1123788,
              42.2058679
            ],
            [
              21.112877,
              42.2059955
            ],
            [
              21.113043,
              42.2060215
            ],
            [
              21.1137226,
              42.2060898
            ],
            [
              21.1140713,
              42.2062243
            ],
            [
              21.1145837,
              42.206382
            ],
            [
              21.1150916,
              42.2063877
            ],
            [
              21.1155278,
              42.2064673
            ],
            [
              21.1157135,
              42.2064814
            ],
            [
              21.1162482,
              42.2065981
            ],
            [
              21.1167809,
              42.2066138
            ],
            [
              21.1170189,
              42.2065834
            ],
            [
              21.1175506,
              42.2066822
            ],
            [
              21.1180667,
              42.2066873
            ],
            [
              21.1185115,
              42.206763
            ],
            [
              21.1186144,
              42.2067757
            ],
            [
              21.1191045,
              42.2068363
            ],
            [
              21.1192102,
              42.2065222
            ],
            [
              21.1195629,
              42.2061591
            ],
            [
              21.1197333,
              42.2057475
            ],
            [
              21.1199183,
              42.2055654
            ],
            [
              21.1199418,
              42.2055331
            ],
            [
              21.1200388,
              42.2054844
            ],
            [
              21.1201532,
              42.2052585
            ],
            [
              21.1204464,
              42.2048755
            ],
            [
              21.1207202,
              42.2046439
            ],
            [
              21.1210363,
              42.2042758
            ],
            [
              21.1212735,
              42.2040157
            ],
            [
              21.1212704,
              42.2039877
            ],
            [
              21.1213433,
              42.2039386
            ],
            [
              21.1216548,
              42.2037605
            ],
            [
              21.1221226,
              42.203558
            ],
            [
              21.1230734,
              42.2031372
            ],
            [
              21.1235586,
              42.2029363
            ],
            [
              21.1240313,
              42.2027116
            ],
            [
              21.1245111,
              42.2025459
            ],
            [
              21.1250343,
              42.2023588
            ],
            [
              21.1251611,
              42.2023726
            ],
            [
              21.1253602,
              42.202196
            ],
            [
              21.1254496,
              42.2021986
            ],
            [
              21.1265833,
              42.2021045
            ],
            [
              21.1268014,
              42.2020667
            ],
            [
              21.1271532,
              42.2020587
            ],
            [
              21.1277247,
              42.2020201
            ],
            [
              21.1283027,
              42.2019731
            ],
            [
              21.1288683,
              42.201937
            ],
            [
              21.1292405,
              42.2018976
            ],
            [
              21.1302216,
              42.2018856
            ],
            [
              21.1305864,
              42.2018754
            ],
            [
              21.1309,
              42.2018576
            ],
            [
              21.1309716,
              42.2018674
            ],
            [
              21.1315546,
              42.201792
            ],
            [
              21.1327207,
              42.201663
            ],
            [
              21.1332859,
              42.2015942
            ],
            [
              21.1348465,
              42.201381
            ],
            [
              21.1352155,
              42.201285
            ],
            [
              21.1359965,
              42.2010614
            ],
            [
              21.1365454,
              42.200978
            ],
            [
              21.1370792,
              42.2008627
            ],
            [
              21.1376102,
              42.200761
            ],
            [
              21.1381431,
              42.2006538
            ],
            [
              21.138222,
              42.200633
            ],
            [
              21.138533,
              42.2005762
            ],
            [
              21.1388311,
              42.2004932
            ],
            [
              21.1393143,
              42.2003404
            ],
            [
              21.1396269,
              42.2002385
            ],
            [
              21.140044,
              42.200085
            ],
            [
              21.1402143,
              42.2000395
            ],
            [
              21.1405636,
              42.1999852
            ],
            [
              21.1410635,
              42.1999996
            ],
            [
              21.1416378,
              42.1999634
            ],
            [
              21.1421583,
              42.1999388
            ],
            [
              21.1429755,
              42.2002881
            ],
            [
              21.1431579,
              42.2003198
            ],
            [
              21.1438499,
              42.200296
            ],
            [
              21.1444936,
              42.2002563
            ],
            [
              21.1450676,
              42.2001887
            ],
            [
              21.1454914,
              42.2002046
            ],
            [
              21.1456094,
              42.2000138
            ],
            [
              21.1465911,
              42.1997237
            ],
            [
              21.1472831,
              42.1995131
            ],
            [
              21.1479483,
              42.199382
            ],
            [
              21.1492822,
              42.1990879
            ],
            [
              21.1501996,
              42.1988294
            ],
            [
              21.1510058,
              42.1986811
            ],
            [
              21.1514063,
              42.1986153
            ],
            [
              21.1524999,
              42.1983699
            ],
            [
              21.1527071,
              42.1983048
            ],
            [
              21.1532646,
              42.198168
            ],
            [
              21.1534612,
              42.1981462
            ],
            [
              21.1540299,
              42.1980459
            ],
            [
              21.154864,
              42.1976842
            ],
            [
              21.1556837,
              42.1976456
            ],
            [
              21.1562902,
              42.1976627
            ],
            [
              21.1573064,
              42.1979266
            ],
            [
              21.157872,
              42.1980804
            ],
            [
              21.158097,
              42.1981203
            ],
            [
              21.1583961,
              42.1980552
            ],
            [
              21.1587974,
              42.1979466
            ],
            [
              21.1600412,
              42.1975777
            ],
            [
              21.1606063,
              42.1975195
            ],
            [
              21.1610279,
              42.1973463
            ],
            [
              21.1611359,
              42.1973392
            ],
            [
              21.1616448,
              42.1971445
            ],
            [
              21.1617526,
              42.1970846
            ],
            [
              21.1622585,
              42.1967021
            ],
            [
              21.1623685,
              42.1966324
            ],
            [
              21.1626938,
              42.1963434
            ],
            [
              21.1628373,
              42.1961911
            ],
            [
              21.1629379,
              42.1960622
            ],
            [
              21.1630106,
              42.1958755
            ],
            [
              21.1631699,
              42.1955488
            ],
            [
              21.1633328,
              42.1953581
            ],
            [
              21.1634982,
              42.19519
            ],
            [
              21.1636534,
              42.1949605
            ],
            [
              21.1636945,
              42.194934
            ],
            [
              21.1637661,
              42.1947938
            ],
            [
              21.1638828,
              42.1946004
            ],
            [
              21.1644602,
              42.193837
            ],
            [
              21.1646331,
              42.1935595
            ],
            [
              21.1648304,
              42.1932217
            ],
            [
              21.1651475,
              42.1930287
            ],
            [
              21.1654561,
              42.1927931
            ],
            [
              21.165819,
              42.1924521
            ],
            [
              21.1659337,
              42.1923039
            ],
            [
              21.1663773,
              42.1920219
            ],
            [
              21.1666764,
              42.1919259
            ],
            [
              21.1677502,
              42.1927087
            ],
            [
              21.1693567,
              42.1930685
            ],
            [
              21.1707577,
              42.201953
            ],
            [
              21.1724016,
              42.202548
            ],
            [
              21.1737984,
              42.202343
            ],
            [
              21.1743992,
              42.2019019
            ],
            [
              21.1747693,
              42.2017866
            ],
            [
              21.1755794,
              42.2020092
            ],
            [
              21.1777573,
              42.2030781
            ],
            [
              21.1786639,
              42.2039205
            ],
            [
              21.1792272,
              42.2047749
            ],
            [
              21.1794793,
              42.2051723
            ],
            [
              21.1792057,
              42.2064836
            ],
            [
              21.1790019,
              42.2080849
            ],
            [
              21.1783742,
              42.2096147
            ],
            [
              21.1782401,
              42.2098888
            ],
            [
              21.1777037,
              42.2112199
            ],
            [
              21.1777895,
              42.2116371
            ],
            [
              21.1785298,
              42.2118675
            ],
            [
              21.1795651,
              42.2119589
            ],
            [
              21.1800104,
              42.2123125
            ],
            [
              21.1804288,
              42.2132423
            ],
            [
              21.1801552,
              42.214458
            ],
            [
              21.1800683,
              42.2161539
            ],
            [
              21.1801461,
              42.2171447
            ],
            [
              21.1803828,
              42.2180089
            ],
            [
              21.18085,
              42.2186956
            ],
            [
              21.1808712,
              42.2190678
            ],
            [
              21.1799652,
              42.2201215
            ],
            [
              21.1792361,
              42.2211804
            ],
            [
              21.1794838,
              42.2216574
            ],
            [
              21.1801775,
              42.2217517
            ],
            [
              21.1805739,
              42.2214425
            ],
            [
              21.1814446,
              42.2206614
            ],
            [
              21.1821028,
              42.2203312
            ],
            [
              21.1830089,
              42.219309
            ],
            [
              21.1835681,
              42.2187218
            ],
            [
              21.1850758,
              42.2186275
            ],
            [
              21.1863145,
              42.218617
            ],
            [
              21.1863286,
              42.2193876
            ],
            [
              21.1869161,
              42.2196707
            ],
            [
              21.187893,
              42.2198279
            ],
            [
              21.1883743,
              42.219938
            ],
            [
              21.1888174,
              42.2199945
            ],
            [
              21.1893404,
              42.2198492
            ],
            [
              21.1898168,
              42.2198976
            ],
            [
              21.1904519,
              42.2205202
            ],
            [
              21.1908442,
              42.2209144
            ],
            [
              21.1915914,
              42.2210458
            ],
            [
              21.1921144,
              42.221115
            ],
            [
              21.1922265,
              42.2213225
            ],
            [
              21.1922078,
              42.2219104
            ],
            [
              21.1919743,
              42.2225053
            ],
            [
              21.191582,
              42.2227612
            ],
            [
              21.1908629,
              42.222609
            ],
            [
              21.1897794,
              42.2222839
            ],
            [
              21.1889108,
              42.2221179
            ],
            [
              21.1884625,
              42.2221594
            ],
            [
              21.1881916,
              42.2224983
            ],
            [
              21.1878554,
              42.2230932
            ],
            [
              21.1873043,
              42.223356
            ],
            [
              21.1870241,
              42.2237503
            ],
            [
              21.1870802,
              42.2244557
            ],
            [
              21.1871082,
              42.2249468
            ],
            [
              21.1866692,
              42.2257629
            ],
            [
              21.1858193,
              42.2259981
            ],
            [
              21.1852402,
              42.2263508
            ],
            [
              21.184549,
              42.2272292
            ],
            [
              21.1830266,
              42.2280522
            ],
            [
              21.1817844,
              42.2287507
            ],
            [
              21.1811586,
              42.229387
            ],
            [
              21.1805608,
              42.2299402
            ],
            [
              21.1798977,
              42.2296982
            ],
            [
              21.1794307,
              42.2292694
            ],
            [
              21.1791785,
              42.2285155
            ],
            [
              21.1787395,
              42.2280591
            ],
            [
              21.1778896,
              42.2277963
            ],
            [
              21.1770159,
              42.2282623
            ],
            [
              21.1754612,
              42.2299955
            ],
            [
              21.1738174,
              42.2304036
            ],
            [
              21.1723043,
              42.2311781
            ],
            [
              21.1706418,
              42.2320564
            ],
            [
              21.1702868,
              42.2328725
            ],
            [
              21.169082,
              42.2331975
            ],
            [
              21.1684282,
              42.2337023
            ],
            [
              21.1676623,
              42.2340204
            ],
            [
              21.167214,
              42.2344284
            ],
            [
              21.1671953,
              42.2348572
            ],
            [
              21.167653,
              42.23512
            ],
            [
              21.1686524,
              42.2352237
            ],
            [
              21.1694025,
              42.2352179
            ],
            [
              21.1695613,
              42.2354382
            ],
            [
              21.1694541,
              42.2366052
            ],
            [
              21.1695116,
              42.2372775
            ],
            [
              21.170044,
              42.2375403
            ],
            [
              21.170016,
              42.237886
            ],
            [
              21.1694463,
              42.2386052
            ],
            [
              21.168872,
              42.2389662
            ],
            [
              21.1680968,
              42.239146
            ],
            [
              21.167938,
              42.2395816
            ],
            [
              21.1674897,
              42.240038
            ],
            [
              21.1664903,
              42.2402939
            ],
            [
              21.1647437,
              42.2405635
            ],
            [
              21.1642394,
              42.2407364
            ],
            [
              21.1631373,
              42.2415039
            ],
            [
              21.1609797,
              42.2426863
            ],
            [
              21.1567767,
              42.2459844
            ],
            [
              21.157813,
              42.2469815
            ],
            [
              21.1584996,
              42.2480378
            ],
            [
              21.1585962,
              42.2493482
            ],
            [
              21.1580812,
              42.2499915
            ],
            [
              21.1581456,
              42.2509683
            ],
            [
              21.1583923,
              42.2520801
            ],
            [
              21.158328,
              42.2541528
            ],
            [
              21.1582564,
              42.2553497
            ],
            [
              21.1573037,
              42.2555364
            ],
            [
              21.1564351,
              42.2555364
            ],
            [
              21.155772,
              42.2555156
            ],
            [
              21.1549781,
              42.2556539
            ],
            [
              21.1541375,
              42.2559995
            ],
            [
              21.1530447,
              42.2562761
            ],
            [
              21.1523722,
              42.2563728
            ],
            [
              21.1513541,
              42.2567323
            ],
            [
              21.149729,
              42.2570296
            ],
            [
              21.1487296,
              42.2574236
            ],
            [
              21.1480758,
              42.257949
            ],
            [
              21.1470671,
              42.2587439
            ],
            [
              21.1466188,
              42.2593177
            ],
            [
              21.1458902,
              42.2596495
            ],
            [
              21.1441717,
              42.2598499
            ],
            [
              21.1428641,
              42.2598776
            ],
            [
              21.1420422,
              42.2597324
            ],
            [
              21.1414818,
              42.2594006
            ],
            [
              21.1410148,
              42.258737
            ],
            [
              21.1407346,
              42.2584812
            ],
            [
              21.1402302,
              42.2583084
            ],
            [
              21.1388666,
              42.2581149
            ],
            [
              21.1379513,
              42.2578384
            ],
            [
              21.1374749,
              42.2573821
            ],
            [
              21.1345141,
              42.2573199
            ],
            [
              21.1340378,
              42.2571402
            ],
            [
              21.1332626,
              42.2563314
            ],
            [
              21.1329263,
              42.2562138
            ],
            [
              21.1305073,
              42.2567807
            ],
            [
              21.1284525,
              42.257313
            ],
            [
              21.1271542,
              42.2576655
            ],
            [
              21.1266966,
              42.2572715
            ],
            [
              21.1262389,
              42.2564143
            ],
            [
              21.1261268,
              42.255965
            ],
            [
              21.1253236,
              42.2555156
            ],
            [
              21.1241467,
              42.2553912
            ],
            [
              21.1227084,
              42.255488
            ],
            [
              21.120831,
              42.2555087
            ],
            [
              21.1195982,
              42.255806
            ],
            [
              21.1190471,
              42.2560272
            ],
            [
              21.1185427,
              42.2562484
            ],
            [
              21.1176368,
              42.2565387
            ],
            [
              21.1149001,
              42.2555709
            ],
            [
              21.110501,
              42.2507455
            ],
            [
              21.1083435,
              42.2506901
            ],
            [
              21.1079045,
              42.2499227
            ],
            [
              21.10726,
              42.2490516
            ],
            [
              21.1064568,
              42.2480629
            ],
            [
              21.1058217,
              42.2476343
            ],
            [
              21.1045826,
              42.2470787
            ],
            [
              21.1025245,
              42.2465678
            ],
            [
              21.0998625,
              42.2463671
            ],
            [
              21.0979769,
              42.2463488
            ],
            [
              21.0946986,
              42.2463671
            ],
            [
              21.0916792,
              42.2460113
            ],
            [
              21.0899908,
              42.2458744
            ],
            [
              21.0882038,
              42.2463215
            ],
            [
              21.0875259,
              42.2464583
            ],
            [
              21.0864784,
              42.2465313
            ],
            [
              21.0849009,
              42.2463032
            ],
            [
              21.083348,
              42.2453453
            ],
            [
              21.0832125,
              42.2447431
            ],
            [
              21.0826086,
              42.2437943
            ],
            [
              21.0817213,
              42.2432286
            ],
            [
              21.0811297,
              42.2431648
            ],
            [
              21.0795645,
              42.2424805
            ],
            [
              21.0775187,
              42.240236
            ],
            [
              21.0744746,
              42.2365498
            ],
            [
              21.0742405,
              42.2360662
            ],
            [
              21.0736243,
              42.2360206
            ],
            [
              21.0731313,
              42.2362305
            ],
            [
              21.0728109,
              42.2364495
            ],
            [
              21.0723549,
              42.2363947
            ],
            [
              21.0720714,
              42.2366502
            ],
            [
              21.071332,
              42.2370426
            ],
            [
              21.0707897,
              42.2371977
            ],
            [
              21.0705925,
              42.2376265
            ],
            [
              21.0704569,
              42.2380919
            ],
            [
              21.0699023,
              42.2386484
            ],
            [
              21.0695449,
              42.2386941
            ],
            [
              21.0684481,
              42.2371977
            ],
            [
              21.0677949,
              42.2365133
            ],
            [
              21.066772,
              42.2360662
            ],
            [
              21.0660572,
              42.2357742
            ],
            [
              21.0652808,
              42.2353819
            ],
            [
              21.0646522,
              42.2353636
            ],
            [
              21.0640237,
              42.2355096
            ],
            [
              21.0623846,
              42.235026
            ],
            [
              21.0604497,
              42.2333288
            ],
            [
              21.060006,
              42.2323615
            ],
            [
              21.0592296,
              42.2312209
            ],
            [
              21.0580958,
              42.2298521
            ],
            [
              21.0521062,
              42.2279539
            ],
            [
              21.0491607,
              42.2261105
            ],
            [
              21.0481871,
              42.2257455
            ],
            [
              21.0468191,
              42.2255264
            ],
            [
              21.0458455,
              42.225426
            ],
            [
              21.044761,
              42.2250975
            ],
            [
              21.0443173,
              42.2247142
            ],
            [
              21.0441078,
              42.2240662
            ],
            [
              21.0438243,
              42.2230623
            ],
            [
              21.0440215,
              42.2215656
            ],
            [
              21.0439106,
              42.2201783
            ],
            [
              21.0437134,
              42.2192747
            ],
            [
              21.0425919,
              42.2183711
            ],
            [
              21.0414211,
              42.2173306
            ],
            [
              21.0402257,
              42.2174675
            ],
            [
              21.0387714,
              42.2175862
            ],
            [
              21.0359245,
              42.2179239
            ],
            [
              21.0346059,
              42.2179787
            ],
            [
              21.0335829,
              42.2178235
            ],
            [
              21.0304649,
              42.2173489
            ],
            [
              21.0301815,
              42.2167556
            ],
            [
              21.0298857,
              42.2161532
            ],
            [
              21.0287026,
              42.2150031
            ],
            [
              21.0270758,
              42.2143277
            ],
            [
              21.0266937,
              42.2142181
            ],
            [
              21.0257817,
              42.2143916
            ],
            [
              21.0243521,
              42.2143824
            ],
            [
              21.0234155,
              42.2141725
            ],
            [
              21.021382,
              42.2143185
            ],
            [
              21.0195703,
              42.2140173
            ],
            [
              21.0186707,
              42.2136431
            ],
            [
              21.016896,
              42.2125751
            ],
            [
              21.0152815,
              42.2113885
            ],
            [
              21.0126688,
              42.2095172
            ],
            [
              21.0118554,
              42.2085678
            ],
            [
              21.0094645,
              42.2061578
            ],
            [
              21.0088976,
              42.2058292
            ],
            [
              21.0082567,
              42.2053818
            ],
            [
              21.007887,
              42.2055005
            ],
            [
              21.007813,
              42.2058383
            ],
            [
              21.0075173,
              42.2060939
            ],
            [
              21.0069134,
              42.2063586
            ],
            [
              21.0060507,
              42.2062308
            ],
            [
              21.0049908,
              42.2063952
            ],
            [
              21.0039556,
              42.206523
            ],
            [
              21.0030313,
              42.2062582
            ],
            [
              21.0015647,
              42.206806
            ],
            [
              21.0001227,
              42.2073902
            ],
            [
              20.9981262,
              42.2067055
            ],
            [
              20.9964748,
              42.2060483
            ],
            [
              20.9937142,
              42.2054275
            ],
            [
              20.990362,
              42.2049802
            ],
            [
              20.9897211,
              42.2049893
            ],
            [
              20.98945,
              42.2048615
            ],
            [
              20.9893974,
              42.2046181
            ],
            [
              20.9895469,
              42.2039954
            ],
            [
              20.9894721,
              42.2034904
            ],
            [
              20.988865,
              42.2029161
            ],
            [
              20.9880898,
              42.2024595
            ],
            [
              20.9880618,
              42.2019821
            ],
            [
              20.9880244,
              42.2016223
            ],
            [
              20.9876508,
              42.2010757
            ],
            [
              20.9873239,
              42.2008474
            ],
            [
              20.9864927,
              42.2006882
            ],
            [
              20.9858949,
              42.2004876
            ],
            [
              20.9852785,
              42.2000378
            ],
            [
              20.9846527,
              42.1998925
            ],
            [
              20.9840736,
              42.1998095
            ],
            [
              20.9834852,
              42.1995673
            ],
            [
              20.9826539,
              42.1988754
            ],
            [
              20.9823644,
              42.1982042
            ],
            [
              20.981748,
              42.1978098
            ],
            [
              20.9812716,
              42.1978444
            ],
            [
              20.9810568,
              42.1980797
            ],
            [
              20.9794223,
              42.1982596
            ],
            [
              20.9778788,
              42.1987235
            ],
            [
              20.9586782,
              42.2044936
            ],
            [
              20.9579403,
              42.2043414
            ],
            [
              20.9546807,
              42.2038225
            ],
            [
              20.9518973,
              42.2046665
            ],
            [
              20.9511408,
              42.2048741
            ],
            [
              20.9506084,
              42.2045005
            ],
            [
              20.949992,
              42.2045558
            ],
            [
              20.948675,
              42.2050125
            ],
            [
              20.9483108,
              42.2051647
            ],
            [
              20.9477317,
              42.204798
            ],
            [
              20.9466172,
              42.2041452
            ],
            [
              20.9459291,
              42.2040577
            ],
            [
              20.9455742,
              42.204369
            ],
            [
              20.9445561,
              42.2048741
            ],
            [
              20.9433232,
              42.2049502
            ],
            [
              20.9423986,
              42.2050471
            ],
            [
              20.9413992,
              42.2050401
            ],
            [
              20.9403158,
              42.2054207
            ],
            [
              20.9392977,
              42.2061402
            ],
            [
              20.9391669,
              42.2067213
            ],
            [
              20.9386556,
              42.2073815
            ],
            [
              20.9380783,
              42.2078272
            ],
            [
              20.9368749,
              42.2079476
            ],
            [
              20.9358586,
              42.2078694
            ],
            [
              20.935452,
              42.2075501
            ],
            [
              20.934804,
              42.2076189
            ],
            [
              20.9338277,
              42.2076586
            ],
            [
              20.9334629,
              42.2075235
            ],
            [
              20.9329241,
              42.2073036
            ],
            [
              20.9323436,
              42.207335
            ],
            [
              20.9310978,
              42.207744
            ],
            [
              20.929484,
              42.2089079
            ],
            [
              20.9291159,
              42.209621
            ],
            [
              20.9284364,
              42.2105542
            ],
            [
              20.9275869,
              42.2111519
            ],
            [
              20.9263128,
              42.2113826
            ],
            [
              20.9247533,
              42.2115143
            ],
            [
              20.923255,
              42.2117495
            ],
            [
              20.9226462,
              42.2120327
            ],
            [
              20.921358,
              42.2130078
            ],
            [
              20.920098,
              42.2136159
            ],
            [
              20.9197866,
              42.2138885
            ],
            [
              20.9190079,
              42.2147273
            ],
            [
              20.9184134,
              42.2157444
            ],
            [
              20.9181585,
              42.2168872
            ],
            [
              20.9188522,
              42.2200745
            ],
            [
              20.9200131,
              42.2258719
            ],
            [
              20.9204944,
              42.2260082
            ],
            [
              20.9215278,
              42.226092
            ],
            [
              20.9225047,
              42.2256727
            ],
            [
              20.9235664,
              42.2256308
            ],
            [
              20.924883,
              42.2258299
            ],
            [
              20.9257324,
              42.2262493
            ],
            [
              20.9262259,
              42.2264767
            ],
            [
              20.9268083,
              42.226438
            ],
            [
              20.9277993,
              42.2267105
            ],
            [
              20.9281107,
              42.227004
            ],
            [
              20.9283939,
              42.2268992
            ],
            [
              20.9287478,
              42.2269516
            ],
            [
              20.9295264,
              42.226721
            ],
            [
              20.930206,
              42.2265533
            ],
            [
              20.9310412,
              42.2264589
            ],
            [
              20.9323861,
              42.2265638
            ],
            [
              20.9331647,
              42.2267629
            ],
            [
              20.9336744,
              42.2262912
            ],
            [
              20.9351891,
              42.2257356
            ],
            [
              20.9361235,
              42.2255574
            ],
            [
              20.937525,
              42.2257146
            ],
            [
              20.9382612,
              42.2260815
            ],
            [
              20.9389832,
              42.2264799
            ],
            [
              20.9394786,
              42.2259138
            ],
            [
              20.9400591,
              42.2255259
            ],
            [
              20.9412766,
              42.2252534
            ],
            [
              20.9424799,
              42.2254316
            ],
            [
              20.9436124,
              42.2257461
            ],
            [
              20.9448299,
              42.226113
            ],
            [
              20.9464296,
              42.2258404
            ],
            [
              20.9477745,
              42.2259453
            ],
            [
              20.9491336,
              42.2265323
            ],
            [
              20.9519649,
              42.2267525
            ],
            [
              20.9534939,
              42.2269936
            ],
            [
              20.9563535,
              42.2281257
            ],
            [
              20.9575993,
              42.2293836
            ],
            [
              20.9589442,
              42.2315535
            ],
            [
              20.9593972,
              42.2331467
            ],
            [
              20.9590716,
              42.2339224
            ],
            [
              20.9590009,
              42.2350335
            ],
            [
              20.959737,
              42.2361759
            ],
            [
              20.9618322,
              42.2375909
            ],
            [
              20.9627949,
              42.2385237
            ],
            [
              20.9633611,
              42.2394146
            ],
            [
              20.9632157,
              42.2401178
            ],
            [
              20.9626858,
              42.2411214
            ],
            [
              20.9619833,
              42.2418057
            ],
            [
              20.9611206,
              42.2425265
            ],
            [
              20.9610343,
              42.2429553
            ],
            [
              20.9600114,
              42.2430374
            ],
            [
              20.9594445,
              42.2434389
            ],
            [
              20.9590994,
              42.2442052
            ],
            [
              20.9585325,
              42.2449442
            ],
            [
              20.9586681,
              42.2453639
            ],
            [
              20.9588122,
              42.2455827
            ],
            [
              20.960062,
              42.2466198
            ],
            [
              20.9629451,
              42.2472007
            ],
            [
              20.9644737,
              42.2477424
            ],
            [
              20.9646688,
              42.2484767
            ],
            [
              20.9654006,
              42.2489582
            ],
            [
              20.9670105,
              42.2500054
            ],
            [
              20.9678236,
              42.2505351
            ],
            [
              20.9716126,
              42.2512091
            ],
            [
              20.9736779,
              42.2508962
            ],
            [
              20.9746048,
              42.2505351
            ],
            [
              20.9753691,
              42.2504267
            ],
            [
              20.9756131,
              42.2507999
            ],
            [
              20.9756944,
              42.2511851
            ],
            [
              20.9761985,
              42.2512693
            ],
            [
              20.9768002,
              42.2509564
            ],
            [
              20.9777596,
              42.2509443
            ],
            [
              20.9781174,
              42.2509684
            ],
            [
              20.9791094,
              42.2500897
            ],
            [
              20.9798086,
              42.2491387
            ],
            [
              20.979955,
              42.2485368
            ],
            [
              20.9839229,
              42.2475016
            ],
            [
              20.9855165,
              42.2478868
            ],
            [
              20.99194,
              42.2475257
            ],
            [
              20.9927043,
              42.2477664
            ],
            [
              20.9931596,
              42.2482118
            ],
            [
              20.9946557,
              42.24891
            ],
            [
              20.9961518,
              42.2493554
            ],
            [
              20.9978918,
              42.2494637
            ],
            [
              21.0040388,
              42.2499573
            ],
            [
              21.0050145,
              42.2495119
            ],
            [
              21.0064293,
              42.2491628
            ],
            [
              21.0073888,
              42.2492832
            ],
            [
              21.0079091,
              42.2495721
            ],
            [
              21.0079905,
              42.2501258
            ],
            [
              21.0074863,
              42.2506073
            ],
            [
              21.0077953,
              42.252786
            ],
            [
              21.0077628,
              42.2537971
            ],
            [
              21.0078441,
              42.254447
            ],
            [
              21.0073888,
              42.2549887
            ],
            [
              21.0062992,
              42.2551331
            ],
            [
              21.0051772,
              42.2556507
            ],
            [
              21.0058927,
              42.2574561
            ],
            [
              21.007405,
              42.2594781
            ],
            [
              21.0076652,
              42.260128
            ],
            [
              21.0072749,
              42.2606455
            ],
            [
              21.0069497,
              42.2613075
            ],
            [
              21.0069497,
              42.2625471
            ],
            [
              21.0067058,
              42.2643643
            ],
            [
              21.006039,
              42.2661936
            ],
            [
              21.0055349,
              42.2669517
            ],
            [
              21.0047706,
              42.2679866
            ],
            [
              21.0030956,
              42.2689253
            ],
            [
              21.0024614,
              42.2694186
            ],
            [
              21.0014857,
              42.2716087
            ],
            [
              21.0002335,
              42.2752427
            ],
            [
              20.9980382,
              42.2761691
            ],
            [
              20.9963795,
              42.2764218
            ],
            [
              20.9935824,
              42.2771438
            ],
            [
              20.9918099,
              42.2777333
            ],
            [
              20.9890779,
              42.2780702
            ],
            [
              20.983435,
              42.2798148
            ],
            [
              20.9805567,
              42.2805969
            ],
            [
              20.978654,
              42.2807653
            ],
            [
              20.975857,
              42.2808135
            ],
            [
              20.9731738,
              42.2805488
            ],
            [
              20.9721493,
              42.2798389
            ],
            [
              20.9709459,
              42.2795261
            ],
            [
              20.9697425,
              42.2796705
            ],
            [
              20.9657096,
              42.2809338
            ],
            [
              20.9628475,
              42.2821249
            ],
            [
              20.9593837,
              42.2844469
            ],
            [
              20.9585056,
              42.2849281
            ],
            [
              20.9573185,
              42.2848198
            ],
            [
              20.9552369,
              42.2838333
            ],
            [
              20.9531404,
              42.2807523
            ],
            [
              20.9514667,
              42.2794664
            ],
            [
              20.9492136,
              42.2786408
            ],
            [
              20.9469605,
              42.2787996
            ],
            [
              20.9448362,
              42.2787202
            ],
            [
              20.9443856,
              42.2782281
            ],
            [
              20.9421326,
              42.277339
            ],
            [
              20.9395599,
              42.2772473
            ],
            [
              20.9361228,
              42.2762107
            ],
            [
              20.9333021,
              42.2752431
            ],
            [
              20.9326516,
              42.2744214
            ],
            [
              20.9325923,
              42.2728243
            ],
            [
              20.9333208,
              42.2715941
            ],
            [
              20.9326483,
              42.2707233
            ],
            [
              20.931733,
              42.2690092
            ],
            [
              20.9299211,
              42.2682766
            ],
            [
              20.9281838,
              42.2692166
            ],
            [
              20.9254379,
              42.2710965
            ],
            [
              20.9236633,
              42.271138
            ],
            [
              20.9224864,
              42.272921
            ],
            [
              20.921926,
              42.2737227
            ],
            [
              20.9211228,
              42.2742341
            ],
            [
              20.9197556,
              42.2751289
            ],
            [
              20.9196844,
              42.2756163
            ],
            [
              20.9191614,
              42.2762521
            ],
            [
              20.9192174,
              42.2769155
            ],
            [
              20.9183768,
              42.2775099
            ],
            [
              20.9176483,
              42.2777586
            ],
            [
              20.9161999,
              42.2773683
            ],
            [
              20.9151074,
              42.2767467
            ],
            [
              20.9138936,
              42.2762521
            ],
            [
              20.9119136,
              42.2767497
            ],
            [
              20.9111477,
              42.2773578
            ],
            [
              20.9105686,
              42.2782009
            ],
            [
              20.9096346,
              42.2787676
            ],
            [
              20.909317,
              42.2784635
            ],
            [
              20.9092236,
              42.2767773
            ],
            [
              20.9092797,
              42.2756301
            ],
            [
              20.9079534,
              42.2763212
            ],
            [
              20.9065898,
              42.2764042
            ],
            [
              20.9058052,
              42.2772611
            ],
            [
              20.9048525,
              42.2782977
            ],
            [
              20.9037317,
              42.2786294
            ],
            [
              20.9018264,
              42.2789611
            ],
            [
              20.9003506,
              42.2798871
            ],
            [
              20.89951,
              42.2809789
            ],
            [
              20.8981464,
              42.2812138
            ],
            [
              20.8981838,
              42.2817252
            ],
            [
              20.8976794,
              42.2823195
            ],
            [
              20.8968201,
              42.2822504
            ],
            [
              20.895774,
              42.2829967
            ],
            [
              20.8954378,
              42.284199
            ],
            [
              20.8946532,
              42.2845168
            ],
            [
              20.8937753,
              42.284503
            ],
            [
              20.8931589,
              42.2850282
            ],
            [
              20.8929721,
              42.2860232
            ],
            [
              20.8926545,
              42.2864239
            ],
            [
              20.8919447,
              42.286341
            ],
            [
              20.8916831,
              42.2860923
            ],
            [
              20.8902261,
              42.2857744
            ],
            [
              20.8894602,
              42.2855533
            ],
            [
              20.8886383,
              42.2845445
            ],
            [
              20.8884702,
              42.2834113
            ],
            [
              20.8879285,
              42.2833836
            ],
            [
              20.8872747,
              42.2837568
            ],
            [
              20.8865461,
              42.2837291
            ],
            [
              20.8860978,
              42.2828308
            ],
            [
              20.8851638,
              42.2818634
            ],
            [
              20.8847174,
              42.2824762
            ],
            [
              20.8833227,
              42.2824603
            ],
            [
              20.8807692,
              42.2813649
            ],
            [
              20.8790955,
              42.2806664
            ],
            [
              20.8751688,
              42.2793646
            ],
            [
              20.873302,
              42.2781103
            ],
            [
              20.8707456,
              42.277942
            ],
            [
              20.8680213,
              42.2774248
            ],
            [
              20.8666228,
              42.2767991
            ],
            [
              20.865582,
              42.2770638
            ],
            [
              20.8642811,
              42.277136
            ],
            [
              20.8623459,
              42.276378
            ],
            [
              20.858004,
              42.2744769
            ],
            [
              20.856947,
              42.2734661
            ],
            [
              20.8562802,
              42.2705661
            ],
            [
              20.8556293,
              42.2690234
            ],
            [
              20.8533368,
              42.2665228
            ],
            [
              20.8547191,
              42.2643446
            ],
            [
              20.8561989,
              42.2632975
            ],
            [
              20.8575324,
              42.2620579
            ],
            [
              20.8593212,
              42.2588927
            ],
            [
              20.8596627,
              42.2578576
            ],
            [
              20.8599717,
              42.2574604
            ],
            [
              20.8603945,
              42.2568225
            ],
            [
              20.8602644,
              42.2560522
            ],
            [
              20.8602807,
              42.2554022
            ],
            [
              20.861045,
              42.2552698
            ],
            [
              20.8621996,
              42.2550171
            ],
            [
              20.8631427,
              42.2545717
            ],
            [
              20.8633379,
              42.253681
            ],
            [
              20.863468,
              42.2531514
            ],
            [
              20.8639396,
              42.2528023
            ],
            [
              20.86446,
              42.2529107
            ],
            [
              20.8666716,
              42.2534523
            ],
            [
              20.8677611,
              42.2537532
            ],
            [
              20.8684441,
              42.2537653
            ],
            [
              20.8689482,
              42.2532718
            ],
            [
              20.8689808,
              42.2527542
            ],
            [
              20.8684116,
              42.2520681
            ],
            [
              20.8680376,
              42.2515264
            ],
            [
              20.8681026,
              42.2509968
            ],
            [
              20.8677611,
              42.250407
            ],
            [
              20.8657284,
              42.2495162
            ],
            [
              20.8636469,
              42.2487097
            ],
            [
              20.8606384,
              42.2476504
            ],
            [
              20.8592399,
              42.2467355
            ],
            [
              20.8583671,
              42.2454782
            ],
            [
              20.8577601,
              42.2447853
            ],
            [
              20.8568982,
              42.2433888
            ],
            [
              20.8569632,
              42.2429314
            ],
            [
              20.8572722,
              42.2417757
            ],
            [
              20.8586219,
              42.2403791
            ],
            [
              20.8591261,
              42.2396688
            ],
            [
              20.8595489,
              42.2388261
            ],
            [
              20.8597115,
              42.2379953
            ],
            [
              20.8594838,
              42.2369118
            ],
            [
              20.8592236,
              42.2358402
            ],
            [
              20.8586057,
              42.235178
            ],
            [
              20.8574186,
              42.2347686
            ],
            [
              20.8554671,
              42.2347325
            ],
            [
              20.8545565,
              42.2348288
            ],
            [
              20.8534832,
              42.2345639
            ],
            [
              20.8477753,
              42.2332756
            ],
            [
              20.8394817,
              42.2308434
            ],
            [
              20.8380995,
              42.2305424
            ],
            [
              20.8355626,
              42.229844
            ],
            [
              20.835091,
              42.2294948
            ],
            [
              20.8348146,
              42.2286278
            ],
            [
              20.8354,
              42.2281823
            ],
            [
              20.8362131,
              42.226942
            ],
            [
              20.8369936,
              42.2252802
            ],
            [
              20.8368798,
              42.224076
            ],
            [
              20.8367009,
              42.2231367
            ],
            [
              20.8366521,
              42.2220769
            ],
            [
              20.8369449,
              42.2212219
            ],
            [
              20.8373514,
              42.220981
            ],
            [
              20.8379694,
              42.2207884
            ],
            [
              20.8387337,
              42.2205355
            ],
            [
              20.8387825,
              42.2199935
            ],
            [
              20.8389939,
              42.2189699
            ],
            [
              20.8392703,
              42.2181991
            ],
            [
              20.8393028,
              42.2171754
            ],
            [
              20.8392378,
              42.2159951
            ],
            [
              20.8384572,
              42.2153206
            ],
            [
              20.8373839,
              42.2150918
            ],
            [
              20.8362619,
              42.2148509
            ],
            [
              20.8342454,
              42.2152484
            ],
            [
              20.8333998,
              42.2152484
            ],
            [
              20.8332534,
              42.2148268
            ],
            [
              20.8329444,
              42.213767
            ],
            [
              20.832668,
              42.2116592
            ],
            [
              20.8325542,
              42.2106956
            ],
            [
              20.832294,
              42.2103463
            ],
            [
              20.8325054,
              42.2100813
            ],
            [
              20.832359,
              42.2094429
            ],
            [
              20.8315459,
              42.2094791
            ],
            [
              20.8310093,
              42.2090575
            ],
            [
              20.8310581,
              42.2080939
            ],
            [
              20.8307654,
              42.2069014
            ],
            [
              20.8300661,
              42.2054679
            ],
            [
              20.8288627,
              42.2042272
            ],
            [
              20.8271715,
              42.2026491
            ],
            [
              20.8255128,
              42.2020709
            ],
            [
              20.8253989,
              42.2012276
            ],
            [
              20.8245533,
              42.1998664
            ],
            [
              20.823509,
              42.1989335
            ],
            [
              20.8219839,
              42.1978425
            ],
            [
              20.8196422,
              42.1967461
            ],
            [
              20.8178209,
              42.1960112
            ],
            [
              20.8151534,
              42.1956491
            ],
            [
              20.8128177,
              42.1950218
            ],
            [
              20.8105518,
              42.1947342
            ],
            [
              20.808852,
              42.1948553
            ],
            [
              20.8049467,
              42.1950143
            ],
            [
              20.8026721,
              42.1945215
            ],
            [
              20.7983271,
              42.1942147
            ],
            [
              20.7969633,
              42.1939224
            ],
            [
              20.7951712,
              42.1938385
            ],
            [
              20.7935964,
              42.1937549
            ],
            [
              20.7929565,
              42.193927
            ],
            [
              20.7900944,
              42.1941318
            ],
            [
              20.7892163,
              42.1946257
            ],
            [
              20.7889398,
              42.1949872
            ],
            [
              20.7890049,
              42.1978184
            ],
            [
              20.7877852,
              42.1994568
            ],
            [
              20.7870534,
              42.200035
            ],
            [
              20.7861753,
              42.2000953
            ],
            [
              20.7853297,
              42.2001434
            ],
            [
              20.7852158,
              42.1996495
            ],
            [
              20.7852646,
              42.1989267
            ],
            [
              20.7854923,
              42.1975895
            ],
            [
              20.785476,
              42.196445
            ],
            [
              20.7848256,
              42.1959149
            ],
            [
              20.7838661,
              42.1955052
            ],
            [
              20.7824513,
              42.1955173
            ],
            [
              20.7804186,
              42.1958426
            ],
            [
              20.7794917,
              42.196469
            ],
            [
              20.7786135,
              42.1975292
            ],
            [
              20.7783208,
              42.1989147
            ],
            [
              20.7779793,
              42.2000471
            ],
            [
              20.77715,
              42.2003121
            ],
            [
              20.7758002,
              42.2001675
            ],
            [
              20.7753124,
              42.2004085
            ],
            [
              20.7749871,
              42.2012758
            ],
            [
              20.7743041,
              42.2021191
            ],
            [
              20.7735659,
              42.2026477
            ],
            [
              20.7729056,
              42.2031792
            ],
            [
              20.771982,
              42.2033442
            ],
            [
              20.7716463,
              42.2032784
            ],
            [
              20.7712632,
              42.2032033
            ],
            [
              20.7704501,
              42.2022396
            ],
            [
              20.769393,
              42.2003482
            ],
            [
              20.768954,
              42.1994809
            ],
            [
              20.7676855,
              42.1988183
            ],
            [
              20.7671326,
              42.1982521
            ],
            [
              20.7667261,
              42.197228
            ],
            [
              20.7664665,
              42.1968088
            ],
            [
              20.7664936,
              42.1963412
            ],
            [
              20.7655495,
              42.1961186
            ],
            [
              20.7653456,
              42.1955861
            ],
            [
              20.7654207,
              42.1951648
            ],
            [
              20.7660108,
              42.1945607
            ],
            [
              20.7673304,
              42.1939089
            ],
            [
              20.7682853,
              42.1936545
            ],
            [
              20.7691956,
              42.1937079
            ],
            [
              20.7704203,
              42.1939486
            ],
            [
              20.7714074,
              42.1938532
            ],
            [
              20.7717614,
              42.1937261
            ],
            [
              20.7722013,
              42.193273
            ],
            [
              20.7729773,
              42.1924989
            ],
            [
              20.7733878,
              42.1917647
            ],
            [
              20.7739683,
              42.1902438
            ],
            [
              20.7759361,
              42.1883977
            ],
            [
              20.7765023,
              42.1880515
            ],
            [
              20.778456,
              42.1881459
            ],
            [
              20.7793337,
              42.188104
            ],
            [
              20.7805228,
              42.1879362
            ],
            [
              20.7813156,
              42.1875376
            ],
            [
              20.7831419,
              42.1859851
            ],
            [
              20.7832551,
              42.1858173
            ],
            [
              20.7841328,
              42.1856704
            ],
            [
              20.7855344,
              42.1856075
            ],
            [
              20.7877287,
              42.1854816
            ],
            [
              20.7887479,
              42.1857333
            ],
            [
              20.7894699,
              42.1863627
            ],
            [
              20.7904892,
              42.1866145
            ],
            [
              20.7912962,
              42.1864257
            ],
            [
              20.7927968,
              42.1858907
            ],
            [
              20.7935046,
              42.1854711
            ],
            [
              20.7936037,
              42.1848732
            ],
            [
              20.7938869,
              42.1844011
            ],
            [
              20.7942452,
              42.1841529
            ],
            [
              20.7949345,
              42.1844326
            ],
            [
              20.7956706,
              42.1844746
            ],
            [
              20.7968456,
              42.1844326
            ],
            [
              20.7979074,
              42.1842123
            ],
            [
              20.7994929,
              42.1854816
            ],
            [
              20.8039382,
              42.1851774
            ],
            [
              20.8045328,
              42.1847368
            ],
            [
              20.8059201,
              42.1840025
            ],
            [
              20.80609,
              42.1836039
            ],
            [
              20.8070527,
              42.1835514
            ],
            [
              20.8077888,
              42.1837088
            ],
            [
              20.8085391,
              42.1837927
            ],
            [
              20.8096292,
              42.1835095
            ],
            [
              20.8105069,
              42.1828591
            ],
            [
              20.8108608,
              42.1829325
            ],
            [
              20.8114271,
              42.1827542
            ],
            [
              20.814754,
              42.1813275
            ],
            [
              20.8156883,
              42.1814009
            ],
            [
              20.815844,
              42.1817051
            ],
            [
              20.8165802,
              42.181852
            ],
            [
              20.817104,
              42.1817995
            ],
            [
              20.8177552,
              42.1815583
            ],
            [
              20.818095,
              42.181852
            ],
            [
              20.8193974,
              42.1821667
            ],
            [
              20.8209688,
              42.1822716
            ],
            [
              20.820898,
              42.1827437
            ],
            [
              20.8211245,
              42.1836458
            ],
            [
              20.8207423,
              42.1846634
            ],
            [
              20.8208555,
              42.1849571
            ],
            [
              20.8215775,
              42.1852403
            ],
            [
              20.8223278,
              42.1856075
            ],
            [
              20.8234887,
              42.1856284
            ],
            [
              20.8243098,
              42.1855131
            ],
            [
              20.8257679,
              42.1849886
            ],
            [
              20.8268014,
              42.184527
            ],
            [
              20.8279056,
              42.1842123
            ],
            [
              20.8287409,
              42.1842018
            ],
            [
              20.8298026,
              42.1841808
            ],
            [
              20.8302713,
              42.1846872
            ],
            [
              20.8305824,
              42.1852039
            ],
            [
              20.8310116,
              42.1857683
            ],
            [
              20.8320845,
              42.1858001
            ],
            [
              20.832975,
              42.1858319
            ],
            [
              20.8344234,
              42.185975
            ],
            [
              20.8356572,
              42.1864282
            ],
            [
              20.8369768,
              42.1863169
            ],
            [
              20.8380926,
              42.1860943
            ],
            [
              20.8391226,
              42.1858955
            ],
            [
              20.8395196,
              42.1859909
            ],
            [
              20.8397556,
              42.1862771
            ],
            [
              20.8402813,
              42.1863487
            ],
            [
              20.8414722,
              42.1865792
            ],
            [
              20.8423627,
              42.1868416
            ],
            [
              20.8434356,
              42.1870085
            ],
            [
              20.8442295,
              42.1871277
            ],
            [
              20.8454955,
              42.1869449
            ],
            [
              20.8465148,
              42.1868813
            ],
            [
              20.8474696,
              42.1868892
            ],
            [
              20.8483601,
              42.1870959
            ],
            [
              20.8498085,
              42.1871675
            ],
            [
              20.8540679,
              42.1871277
            ],
            [
              20.8552051,
              42.1869608
            ],
            [
              20.8565355,
              42.1870323
            ],
            [
              20.8580161,
              42.1873503
            ],
            [
              20.8587134,
              42.1876127
            ],
            [
              20.8597756,
              42.1877876
            ],
            [
              20.8604193,
              42.1881294
            ],
            [
              20.8606017,
              42.1877717
            ],
            [
              20.8608163,
              42.1873424
            ],
            [
              20.8615029,
              42.1868575
            ],
            [
              20.8615673,
              42.1865951
            ],
            [
              20.8618463,
              42.1861022
            ],
            [
              20.8620394,
              42.1859114
            ],
            [
              20.8623934,
              42.1856014
            ],
            [
              20.8633483,
              42.1855537
            ],
            [
              20.8644534,
              42.1856332
            ],
            [
              20.8652366,
              42.1857763
            ],
            [
              20.8660305,
              42.185816
            ],
            [
              20.8670712,
              42.1855696
            ],
            [
              20.8673609,
              42.1852914
            ],
            [
              20.8682621,
              42.1850926
            ],
            [
              20.8688522,
              42.1848382
            ],
            [
              20.8694959,
              42.1843612
            ],
            [
              20.870483,
              42.1835742
            ],
            [
              20.8713627,
              42.1831687
            ],
            [
              20.8727253,
              42.1830892
            ],
            [
              20.8743561,
              42.1828984
            ],
            [
              20.8756543,
              42.1828905
            ],
            [
              20.8770812,
              42.1829541
            ],
            [
              20.8796669,
              42.1832085
            ],
            [
              20.8805099,
              42.183534
            ],
            [
              20.8828426,
              42.1831449
            ],
            [
              20.8836687,
              42.1825725
            ],
            [
              20.8842481,
              42.1823976
            ],
            [
              20.8844948,
              42.1824453
            ],
            [
              20.8868981,
              42.1826281
            ],
            [
              20.8898056,
              42.182962
            ],
            [
              20.890739,
              42.1832482
            ],
            [
              20.8916188,
              42.1832164
            ],
            [
              20.8923376,
              42.1829143
            ],
            [
              20.8928097,
              42.182493
            ],
            [
              20.8931745,
              42.1819523
            ],
            [
              20.8938396,
              42.181523
            ],
            [
              20.894655,
              42.1810381
            ],
            [
              20.8961259,
              42.1806828
            ],
            [
              20.8973694,
              42.1804179
            ],
            [
              20.8985818,
              42.1803225
            ],
            [
              20.8990646,
              42.1806644
            ],
            [
              20.8998585,
              42.1810142
            ],
            [
              20.9010494,
              42.1810381
            ],
            [
              20.9023798,
              42.1807518
            ],
            [
              20.9044612,
              42.180092
            ],
            [
              20.9047616,
              42.1801238
            ],
            [
              20.905695,
              42.1809109
            ],
            [
              20.9068323,
              42.1814753
            ],
            [
              20.9079052,
              42.1815469
            ],
            [
              20.9089673,
              42.1814594
            ],
            [
              20.9098871,
              42.1816284
            ],
            [
              20.9112937,
              42.1818031
            ],
            [
              20.9120011,
              42.18202
            ],
            [
              20.9133834,
              42.1827189
            ],
            [
              20.9146356,
              42.1830624
            ],
            [
              20.9162861,
              42.1832431
            ],
            [
              20.9183433,
              42.1836347
            ],
            [
              20.9194979,
              42.1837613
            ],
            [
              20.9216688,
              42.1835926
            ],
            [
              20.9226527,
              42.1836709
            ],
            [
              20.9232869,
              42.1837673
            ],
            [
              20.9238073,
              42.1836528
            ],
            [
              20.9246854,
              42.1829901
            ],
            [
              20.9254172,
              42.1826828
            ],
            [
              20.9260351,
              42.182502
            ],
            [
              20.9272548,
              42.1825502
            ],
            [
              20.927702,
              42.1826165
            ],
            [
              20.9281329,
              42.1828575
            ],
            [
              20.9288078,
              42.1830925
            ],
            [
              20.9294095,
              42.182984
            ],
            [
              20.9306454,
              42.1827912
            ],
            [
              20.9316861,
              42.1826406
            ],
            [
              20.9325399,
              42.1828635
            ],
            [
              20.9344669,
              42.1833636
            ],
            [
              20.9355808,
              42.1835805
            ],
            [
              20.9367273,
              42.183466
            ],
            [
              20.9372883,
              42.1832552
            ],
            [
              20.9370282,
              42.1829057
            ],
            [
              20.9366135,
              42.1823153
            ],
            [
              20.936524,
              42.1819236
            ],
            [
              20.9364021,
              42.1813091
            ],
            [
              20.9364427,
              42.1805198
            ],
            [
              20.9368818,
              42.179622
            ],
            [
              20.9373371,
              42.1792605
            ],
            [
              20.9389235,
              42.1780215
            ],
            [
              20.9416601,
              42.176388
            ],
            [
              20.941987,
              42.1734324
            ],
            [
              20.9423139,
              42.1725879
            ],
            [
              20.9415761,
              42.1699367
            ],
            [
              20.9398855,
              42.1679845
            ],
            [
              20.9392504,
              42.1678253
            ],
            [
              20.9380736,
              42.1679707
            ],
            [
              20.9352339,
              42.1688385
            ],
            [
              20.9335948,
              42.1700899
            ],
            [
              20.9329662,
              42.1704826
            ],
            [
              20.9319803,
              42.1708115
            ],
            [
              20.9302919,
              42.1707293
            ],
            [
              20.9294662,
              42.1697611
            ],
            [
              20.9279996,
              42.1696058
            ],
            [
              20.924327,
              42.170437
            ],
            [
              20.9230946,
              42.1708845
            ],
            [
              20.9207526,
              42.1712663
            ],
            [
              20.9188057,
              42.171323
            ],
            [
              20.9162053,
              42.1695053
            ],
            [
              20.9152441,
              42.169551
            ],
            [
              20.914443,
              42.1695236
            ],
            [
              20.913494,
              42.1695053
            ],
            [
              20.9125204,
              42.1697702
            ],
            [
              20.9122,
              42.1701356
            ],
            [
              20.9060912,
              42.1673043
            ],
            [
              20.9032291,
              42.165882
            ],
            [
              20.9030014,
              42.1651226
            ],
            [
              20.9032662,
              42.1647571
            ],
            [
              20.9041235,
              42.1626275
            ],
            [
              20.9047089,
              42.1615909
            ],
            [
              20.9056684,
              42.1597707
            ],
            [
              20.903408,
              42.159409
            ],
            [
              20.9010988,
              42.1579383
            ],
            [
              20.9005459,
              42.1570704
            ],
            [
              20.8997003,
              42.1555876
            ],
            [
              20.8992287,
              42.1542253
            ],
            [
              20.8983343,
              42.1538878
            ],
            [
              20.8966431,
              42.1531885
            ],
            [
              20.8956023,
              42.1527304
            ],
            [
              20.8942038,
              42.1526581
            ],
            [
              20.8925288,
              42.1523205
            ],
            [
              20.8903009,
              42.1518865
            ],
            [
              20.8888536,
              42.1513681
            ],
            [
              20.8878779,
              42.1510787
            ],
            [
              20.886577,
              42.1508376
            ],
            [
              20.8857801,
              42.1508497
            ],
            [
              20.8848532,
              42.1513078
            ],
            [
              20.8837962,
              42.1514766
            ],
            [
              20.8831879,
              42.151394
            ],
            [
              20.8825928,
              42.1510908
            ],
            [
              20.8821693,
              42.1500968
            ],
            [
              20.882235,
              42.1496079
            ],
            [
              20.8820236,
              42.1488965
            ],
            [
              20.8809829,
              42.1478355
            ],
            [
              20.8796982,
              42.1465937
            ],
            [
              20.8782184,
              42.1453156
            ],
            [
              20.8771451,
              42.1445078
            ],
            [
              20.8768686,
              42.143302
            ],
            [
              20.876332,
              42.1424218
            ],
            [
              20.8758604,
              42.1419757
            ],
            [
              20.8750148,
              42.140589
            ],
            [
              20.8740716,
              42.1399137
            ],
            [
              20.8736488,
              42.1390214
            ],
            [
              20.8730471,
              42.1378396
            ],
            [
              20.8731284,
              42.1372005
            ],
            [
              20.8734374,
              42.1364649
            ],
            [
              20.8734699,
              42.1345475
            ],
            [
              20.8720714,
              42.1333657
            ],
            [
              20.8715512,
              42.1304236
            ],
            [
              20.87126,
              42.1302325
            ],
            [
              20.8704231,
              42.1299461
            ],
            [
              20.8698116,
              42.1294846
            ],
            [
              20.869082,
              42.1289037
            ],
            [
              20.8689318,
              42.12849
            ],
            [
              20.8681808,
              42.1283945
            ],
            [
              20.867065,
              42.1282911
            ],
            [
              20.8650694,
              42.128124
            ],
            [
              20.8628808,
              42.128124
            ],
            [
              20.8616148,
              42.1283706
            ],
            [
              20.8609774,
              42.1286929
            ],
            [
              20.860398,
              42.1287566
            ],
            [
              20.8573832,
              42.1287168
            ],
            [
              20.8565142,
              42.12812
            ],
            [
              20.855216,
              42.1274676
            ],
            [
              20.8534028,
              42.1272368
            ],
            [
              20.8519544,
              42.126823
            ],
            [
              20.8513429,
              42.1258125
            ],
            [
              20.8510103,
              42.1250247
            ],
            [
              20.8495941,
              42.1242846
            ],
            [
              20.8486929,
              42.1237913
            ],
            [
              20.8468904,
              42.122144
            ],
            [
              20.8458175,
              42.121014
            ],
            [
              20.8451416,
              42.1200432
            ],
            [
              20.8446588,
              42.1195975
            ],
            [
              20.8416547,
              42.119319
            ],
            [
              20.8399596,
              42.1194304
            ],
            [
              20.8366766,
              42.1196293
            ],
            [
              20.8342197,
              42.1200909
            ],
            [
              20.8322348,
              42.1205047
            ],
            [
              20.8299067,
              42.1216586
            ],
            [
              20.829102,
              42.1224146
            ],
            [
              20.8267953,
              42.1238709
            ],
            [
              20.8251001,
              42.1251918
            ],
            [
              20.8241882,
              42.1256454
            ],
            [
              20.8229437,
              42.1260273
            ],
            [
              20.8213665,
              42.1266321
            ],
            [
              20.819725,
              42.1269106
            ],
            [
              20.8188881,
              42.1269901
            ],
            [
              20.8178367,
              42.127022
            ],
            [
              20.8167638,
              42.1272448
            ],
            [
              20.8157231,
              42.1276983
            ],
            [
              20.8149292,
              42.1279848
            ],
            [
              20.8143069,
              42.128128
            ],
            [
              20.8130302,
              42.1280962
            ],
            [
              20.8118822,
              42.1282553
            ],
            [
              20.8113243,
              42.1286532
            ],
            [
              20.8104338,
              42.1289237
            ],
            [
              20.8091571,
              42.1292261
            ],
            [
              20.8084275,
              42.1292261
            ],
            [
              20.8074405,
              42.1289873
            ],
            [
              20.8066296,
              42.1287491
            ],
            [
              20.8061661,
              42.1290506
            ],
            [
              20.8058246,
              42.1295692
            ],
            [
              20.8056458,
              42.1303833
            ],
            [
              20.8041985,
              42.1307089
            ],
            [
              20.8021606,
              42.1309018
            ],
            [
              20.8011892,
              42.1308879
            ],
            [
              20.8005074,
              42.1306524
            ],
            [
              20.7997602,
              42.1301952
            ],
            [
              20.7977148,
              42.1290592
            ],
            [
              20.7970423,
              42.1288237
            ],
            [
              20.7950435,
              42.1277016
            ],
            [
              20.7932035,
              42.1266486
            ],
            [
              20.7894769,
              42.125949
            ],
            [
              20.788655,
              42.1258243
            ],
            [
              20.7858997,
              42.1253463
            ],
            [
              20.7855914,
              42.1249515
            ],
            [
              20.7851338,
              42.1241964
            ],
            [
              20.7846014,
              42.1241687
            ],
            [
              20.7846761,
              42.1239678
            ],
            [
              20.7850591,
              42.1237669
            ],
            [
              20.7857596,
              42.1235729
            ],
            [
              20.7864787,
              42.1235106
            ],
            [
              20.7866282,
              42.1230811
            ],
            [
              20.7875622,
              42.123178
            ],
            [
              20.7877957,
              42.1223537
            ],
            [
              20.7883,
              42.122132
            ],
            [
              20.7857689,
              42.1218757
            ],
            [
              20.7857969,
              42.1217094
            ],
            [
              20.785386,
              42.121647
            ],
            [
              20.7847322,
              42.1213769
            ],
            [
              20.7840877,
              42.1211967
            ],
            [
              20.7834619,
              42.1211483
            ],
            [
              20.7845267,
              42.1194509
            ],
            [
              20.7846761,
              42.1188343
            ],
            [
              20.784564,
              42.1180723
            ],
            [
              20.7846668,
              42.1171439
            ],
            [
              20.7840877,
              42.1165966
            ],
            [
              20.7836954,
              42.1165273
            ],
            [
              20.783574,
              42.1163679
            ],
            [
              20.7836207,
              42.1161254
            ],
            [
              20.783574,
              42.1156474
            ],
            [
              20.7833031,
              42.1152802
            ],
            [
              20.7828268,
              42.1148714
            ],
            [
              20.7833685,
              42.1143171
            ],
            [
              20.7838635,
              42.1138668
            ],
            [
              20.783163,
              42.1137975
            ],
            [
              20.7828081,
              42.1136728
            ],
            [
              20.7831537,
              42.1132917
            ],
            [
              20.7821823,
              42.11307
            ],
            [
              20.7825279,
              42.1128136
            ],
            [
              20.7816313,
              42.1126335
            ],
            [
              20.7809962,
              42.1123009
            ],
            [
              20.7806599,
              42.1118367
            ],
            [
              20.7809495,
              42.1117535
            ],
            [
              20.7809775,
              42.1115526
            ],
            [
              20.7805292,
              42.1114487
            ],
            [
              20.7799242,
              42.1114918
            ],
            [
              20.779343,
              42.1120238
            ],
            [
              20.7785584,
              42.112973
            ],
            [
              20.7780447,
              42.1134164
            ],
            [
              20.777531,
              42.1134719
            ],
            [
              20.77698,
              42.1135896
            ],
            [
              20.776625,
              42.1137005
            ],
            [
              20.7767184,
              42.1141231
            ],
            [
              20.7770267,
              42.1142963
            ],
            [
              20.7769426,
              42.1147328
            ],
            [
              20.7772228,
              42.1150308
            ],
            [
              20.7772415,
              42.115294
            ],
            [
              20.7765877,
              42.1157028
            ],
            [
              20.775663,
              42.1163333
            ],
            [
              20.7750653,
              42.1165065
            ],
            [
              20.7749532,
              42.1166728
            ],
            [
              20.7747477,
              42.1165619
            ],
            [
              20.7740565,
              42.1167005
            ],
            [
              20.773823,
              42.1168252
            ],
            [
              20.7733747,
              42.1167836
            ],
            [
              20.7731786,
              42.1167906
            ],
            [
              20.7727303,
              42.1172062
            ],
            [
              20.7724501,
              42.1172132
            ],
            [
              20.7722446,
              42.1164996
            ],
            [
              20.7716655,
              42.1161185
            ],
            [
              20.7711705,
              42.1160284
            ],
            [
              20.7708996,
              42.1163541
            ],
            [
              20.7690129,
              42.1171785
            ],
            [
              20.7683218,
              42.1174141
            ],
            [
              20.7679295,
              42.1176566
            ],
            [
              20.7678548,
              42.1183009
            ],
            [
              20.7687141,
              42.1184048
            ],
            [
              20.76863,
              42.1186542
            ],
            [
              20.7682377,
              42.1187581
            ],
            [
              20.7682844,
              42.1189868
            ],
            [
              20.7670983,
              42.1192985
            ],
            [
              20.766267,
              42.1192777
            ],
            [
              20.7660615,
              42.1189313
            ],
            [
              20.7656599,
              42.118675
            ],
            [
              20.765305,
              42.1187789
            ],
            [
              20.7648193,
              42.1188482
            ],
            [
              20.7644644,
              42.1184048
            ],
            [
              20.7640254,
              42.1181485
            ],
            [
              20.7638573,
              42.1179683
            ],
            [
              20.7637359,
              42.1175527
            ],
            [
              20.7641748,
              42.116749
            ],
            [
              20.7644083,
              42.1164719
            ],
            [
              20.7647819,
              42.116749
            ],
            [
              20.765389,
              42.1166381
            ],
            [
              20.7658093,
              42.1164234
            ],
            [
              20.7659214,
              42.11607
            ],
            [
              20.7655385,
              42.1157929
            ],
            [
              20.7652863,
              42.1155088
            ],
            [
              20.7652116,
              42.1153633
            ],
            [
              20.7647352,
              42.1153772
            ],
            [
              20.7648847,
              42.1149892
            ],
            [
              20.7646138,
              42.1148437
            ],
            [
              20.7639974,
              42.1149961
            ],
            [
              20.7632315,
              42.1156266
            ],
            [
              20.7632689,
              42.1163333
            ],
            [
              20.7630354,
              42.116361
            ],
            [
              20.7628486,
              42.1166866
            ],
            [
              20.7627085,
              42.1170954
            ],
            [
              20.7623442,
              42.1170469
            ],
            [
              20.762008,
              42.1171924
            ],
            [
              20.7613355,
              42.1174972
            ],
            [
              20.761074,
              42.1167005
            ],
            [
              20.760607,
              42.1168321
            ],
            [
              20.7598504,
              42.1171162
            ],
            [
              20.7598411,
              42.1169499
            ],
            [
              20.7599718,
              42.1168321
            ],
            [
              20.7596636,
              42.1168044
            ],
            [
              20.7598504,
              42.1163818
            ],
            [
              20.7605509,
              42.1161462
            ],
            [
              20.7607471,
              42.1158899
            ],
            [
              20.7604108,
              42.1157236
            ],
            [
              20.7608218,
              42.1154049
            ],
            [
              20.7613728,
              42.1150931
            ],
            [
              20.7618025,
              42.1150238
            ],
            [
              20.7622041,
              42.1148229
            ],
            [
              20.7627365,
              42.1141439
            ],
            [
              20.7629326,
              42.1139153
            ],
            [
              20.7631288,
              42.1140331
            ],
            [
              20.7629887,
              42.114525
            ],
            [
              20.7631101,
              42.1145804
            ],
            [
              20.7635771,
              42.114428
            ],
            [
              20.7638853,
              42.1146428
            ],
            [
              20.7641188,
              42.1144973
            ],
            [
              20.7642029,
              42.1141578
            ],
            [
              20.763932,
              42.1135342
            ],
            [
              20.7636518,
              42.1127236
            ],
            [
              20.7642869,
              42.1126127
            ],
            [
              20.7643336,
              42.1121416
            ],
            [
              20.7644364,
              42.111615
            ],
            [
              20.7642402,
              42.1113517
            ],
            [
              20.7641188,
              42.1108597
            ],
            [
              20.7641748,
              42.1105895
            ],
            [
              20.7644457,
              42.1106588
            ],
            [
              20.7646699,
              42.1106519
            ],
            [
              20.7649034,
              42.110638
            ],
            [
              20.7650061,
              42.1110607
            ],
            [
              20.7653517,
              42.1109706
            ],
            [
              20.7660802,
              42.1111438
            ],
            [
              20.7664071,
              42.1107281
            ],
            [
              20.7663044,
              42.1102292
            ],
            [
              20.7666686,
              42.1097788
            ],
            [
              20.7667994,
              42.1095502
            ],
            [
              20.7671263,
              42.1098481
            ],
            [
              20.7672103,
              42.1102361
            ],
            [
              20.7672276,
              42.1106487
            ],
            [
              20.7675653,
              42.1107697
            ],
            [
              20.7682564,
              42.110832
            ],
            [
              20.7683405,
              42.1106034
            ],
            [
              20.768954,
              42.1104
            ],
            [
              20.7692091,
              42.110153
            ],
            [
              20.7694893,
              42.1098897
            ],
            [
              20.7697415,
              42.1095848
            ],
            [
              20.7703392,
              42.1097165
            ],
            [
              20.7708436,
              42.1096808
            ],
            [
              20.7712545,
              42.1094739
            ],
            [
              20.7713573,
              42.1090097
            ],
            [
              20.7707689,
              42.1088226
            ],
            [
              20.7700497,
              42.1090166
            ],
            [
              20.7698068,
              42.1089335
            ],
            [
              20.7699469,
              42.1087395
            ],
            [
              20.7697134,
              42.1085801
            ],
            [
              20.7689662,
              42.1084692
            ],
            [
              20.7683685,
              42.108691
            ],
            [
              20.7682377,
              42.1084831
            ],
            [
              20.7682938,
              42.1080396
            ],
            [
              20.7678922,
              42.1078733
            ],
            [
              20.7666593,
              42.1080535
            ],
            [
              20.7669582,
              42.107707
            ],
            [
              20.7664258,
              42.1076447
            ],
            [
              20.7661269,
              42.1073813
            ],
            [
              20.7664725,
              42.1070626
            ],
            [
              20.7674252,
              42.1069517
            ],
            [
              20.7680509,
              42.1067092
            ],
            [
              20.7687608,
              42.1063419
            ],
            [
              20.7690129,
              42.1056906
            ],
            [
              20.7687888,
              42.1055659
            ],
            [
              20.7690783,
              42.1052263
            ],
            [
              20.7692184,
              42.1048452
            ],
            [
              20.7696014,
              42.1048175
            ],
            [
              20.7704513,
              42.105261
            ],
            [
              20.7708996,
              42.1053926
            ],
            [
              20.7711892,
              42.1053164
            ],
            [
              20.7710024,
              42.1051293
            ],
            [
              20.7710864,
              42.1047898
            ],
            [
              20.7713946,
              42.104568
            ],
            [
              20.7716188,
              42.1041869
            ],
            [
              20.7717402,
              42.103681
            ],
            [
              20.7720858,
              42.1031197
            ],
            [
              20.7716748,
              42.1033068
            ],
            [
              20.7712545,
              42.1034662
            ],
            [
              20.7712545,
              42.103286
            ],
            [
              20.7710491,
              42.1030989
            ],
            [
              20.7698255,
              42.102697
            ],
            [
              20.769564,
              42.1032652
            ],
            [
              20.7685273,
              42.1034385
            ],
            [
              20.7680416,
              42.1034523
            ],
            [
              20.7679949,
              42.102988
            ],
            [
              20.7673504,
              42.102898
            ],
            [
              20.7671543,
              42.1032237
            ],
            [
              20.7665659,
              42.1030643
            ],
            [
              20.7661643,
              42.1029811
            ],
            [
              20.7660709,
              42.1027178
            ],
            [
              20.766239,
              42.1024752
            ],
            [
              20.7659775,
              42.1021565
            ],
            [
              20.7661923,
              42.1017961
            ],
            [
              20.766239,
              42.1010685
            ],
            [
              20.7660709,
              42.1004864
            ],
            [
              20.7661736,
              42.1000567
            ],
            [
              20.767612,
              42.0991558
            ],
            [
              20.7676867,
              42.0987469
            ],
            [
              20.767201,
              42.0979985
            ],
            [
              20.7664164,
              42.0984004
            ],
            [
              20.7656599,
              42.0990311
            ],
            [
              20.7651836,
              42.0988924
            ],
            [
              20.7650715,
              42.0985321
            ],
            [
              20.7646792,
              42.0985113
            ],
            [
              20.7643336,
              42.0986568
            ],
            [
              20.7646232,
              42.0991489
            ],
            [
              20.763932,
              42.0992667
            ],
            [
              20.7633996,
              42.0986915
            ],
            [
              20.7626804,
              42.0983588
            ],
            [
              20.7624159,
              42.0981104
            ],
            [
              20.7609173,
              42.0981614
            ],
            [
              20.7608228,
              42.0986462
            ],
            [
              20.7605893,
              42.0986532
            ],
            [
              20.7603464,
              42.0982166
            ],
            [
              20.7599822,
              42.0981334
            ],
            [
              20.7597954,
              42.0978423
            ],
            [
              20.759918,
              42.0975241
            ],
            [
              20.7600967,
              42.0971812
            ],
            [
              20.7592833,
              42.0976521
            ],
            [
              20.7585254,
              42.0976842
            ],
            [
              20.7581741,
              42.0972498
            ],
            [
              20.7585932,
              42.0969343
            ],
            [
              20.75908,
              42.0968703
            ],
            [
              20.7593634,
              42.0966234
            ],
            [
              20.7595236,
              42.0966691
            ],
            [
              20.7594127,
              42.0968977
            ],
            [
              20.7596715,
              42.0969617
            ],
            [
              20.7601522,
              42.0969617
            ],
            [
              20.7604726,
              42.0968154
            ],
            [
              20.7607837,
              42.0965753
            ],
            [
              20.7609285,
              42.0963813
            ],
            [
              20.7610593,
              42.0961699
            ],
            [
              20.7612928,
              42.0962184
            ],
            [
              20.7618532,
              42.0963986
            ],
            [
              20.7621427,
              42.0964298
            ],
            [
              20.7622968,
              42.0963085
            ],
            [
              20.7623902,
              42.0962046
            ],
            [
              20.7626611,
              42.0962288
            ],
            [
              20.7628572,
              42.0962843
            ],
            [
              20.7629226,
              42.0964922
            ],
            [
              20.763016,
              42.096759
            ],
            [
              20.7632962,
              42.0967521
            ],
            [
              20.7633522,
              42.0964679
            ],
            [
              20.7633149,
              42.0959204
            ],
            [
              20.7634643,
              42.0955982
            ],
            [
              20.7635157,
              42.0954873
            ],
            [
              20.7634363,
              42.0953417
            ],
            [
              20.7631328,
              42.0954249
            ],
            [
              20.7629973,
              42.0953694
            ],
            [
              20.7627498,
              42.0951754
            ],
            [
              20.762535,
              42.0954491
            ],
            [
              20.7622361,
              42.09556
            ],
            [
              20.7621614,
              42.0953556
            ],
            [
              20.7618625,
              42.0952724
            ],
            [
              20.7614936,
              42.0949917
            ],
            [
              20.7616197,
              42.0948358
            ],
            [
              20.7617785,
              42.094316
            ],
            [
              20.7612834,
              42.0942086
            ],
            [
              20.7608538,
              42.0941704
            ],
            [
              20.7609986,
              42.0937269
            ],
            [
              20.760611,
              42.0935051
            ],
            [
              20.7603961,
              42.0933457
            ],
            [
              20.7603681,
              42.0932383
            ],
            [
              20.7608258,
              42.0930719
            ],
            [
              20.7608024,
              42.0929576
            ],
            [
              20.7609005,
              42.0927635
            ],
            [
              20.7610686,
              42.0925105
            ],
            [
              20.761162,
              42.0924516
            ],
            [
              20.7611714,
              42.0923234
            ],
            [
              20.7608491,
              42.0924031
            ],
            [
              20.7603074,
              42.0924516
            ],
            [
              20.7597096,
              42.0924066
            ],
            [
              20.7596303,
              42.0925244
            ],
            [
              20.7591119,
              42.0924655
            ],
            [
              20.7586169,
              42.0923269
            ],
            [
              20.7583086,
              42.0922991
            ],
            [
              20.7580238,
              42.0924447
            ],
            [
              20.7578603,
              42.0925521
            ],
            [
              20.7571972,
              42.0926665
            ],
            [
              20.7570898,
              42.0924239
            ],
            [
              20.7575288,
              42.0923338
            ],
            [
              20.7578276,
              42.0921848
            ],
            [
              20.7580985,
              42.0918902
            ],
            [
              20.7583694,
              42.0916338
            ],
            [
              20.7584954,
              42.0918244
            ],
            [
              20.7588644,
              42.0915956
            ],
            [
              20.7592193,
              42.0913496
            ],
            [
              20.759705,
              42.0913739
            ],
            [
              20.7603354,
              42.0913357
            ],
            [
              20.7604989,
              42.0911139
            ],
            [
              20.7605269,
              42.0907397
            ],
            [
              20.7604568,
              42.0905317
            ],
            [
              20.7605502,
              42.0904382
            ],
            [
              20.7605736,
              42.0903169
            ],
            [
              20.7603961,
              42.0902476
            ],
            [
              20.7599618,
              42.0900881
            ],
            [
              20.7594435,
              42.0899357
            ],
            [
              20.7594808,
              42.0898352
            ],
            [
              20.7596816,
              42.0898629
            ],
            [
              20.7599665,
              42.0897589
            ],
            [
              20.7601299,
              42.0897866
            ],
            [
              20.760172,
              42.0897277
            ],
            [
              20.760158,
              42.0895059
            ],
            [
              20.7599712,
              42.0892668
            ],
            [
              20.7595789,
              42.0892044
            ],
            [
              20.7587756,
              42.0889272
            ],
            [
              20.7587103,
              42.0887955
            ],
            [
              20.7582993,
              42.0888163
            ],
            [
              20.7580004,
              42.0889722
            ],
            [
              20.7577809,
              42.0888509
            ],
            [
              20.7578743,
              42.0886014
            ],
            [
              20.756875,
              42.0882929
            ],
            [
              20.7567302,
              42.0885529
            ],
            [
              20.7564313,
              42.0885182
            ],
            [
              20.7561044,
              42.0884073
            ],
            [
              20.7561791,
              42.0881613
            ],
            [
              20.756506,
              42.0878355
            ],
            [
              20.7566088,
              42.0876865
            ],
            [
              20.7564173,
              42.0875825
            ],
            [
              20.7561651,
              42.0875998
            ],
            [
              20.7560484,
              42.0877246
            ],
            [
              20.7558476,
              42.0876865
            ],
            [
              20.7545493,
              42.0868651
            ],
            [
              20.754073,
              42.0870869
            ],
            [
              20.7535873,
              42.0869621
            ],
            [
              20.7535172,
              42.0864388
            ],
            [
              20.7528075,
              42.0863324
            ],
            [
              20.7520555,
              42.0866121
            ],
            [
              20.7513971,
              42.0871146
            ],
            [
              20.7513205,
              42.0873444
            ],
            [
              20.7509814,
              42.0877419
            ],
            [
              20.7505238,
              42.0877246
            ],
            [
              20.7500194,
              42.0879083
            ],
            [
              20.7496178,
              42.0878078
            ],
            [
              20.7495244,
              42.0876761
            ],
            [
              20.7496318,
              42.0874404
            ],
            [
              20.7494917,
              42.0870557
            ],
            [
              20.7492489,
              42.0868374
            ],
            [
              20.7486744,
              42.0864319
            ],
            [
              20.7483802,
              42.0860402
            ],
            [
              20.7480954,
              42.0858288
            ],
            [
              20.7479319,
              42.0855897
            ],
            [
              20.7478572,
              42.0853852
            ],
            [
              20.7476003,
              42.0852847
            ],
            [
              20.7476797,
              42.0856001
            ],
            [
              20.7477311,
              42.0857075
            ],
            [
              20.7473155,
              42.0856763
            ],
            [
              20.7467504,
              42.0856902
            ],
            [
              20.7463208,
              42.0857248
            ],
            [
              20.7458865,
              42.0858357
            ],
            [
              20.7451439,
              42.0861338
            ],
            [
              20.7442193,
              42.0867022
            ],
            [
              20.7438643,
              42.086768
            ],
            [
              20.7433647,
              42.0870106
            ],
            [
              20.7430938,
              42.0870418
            ],
            [
              20.7422095,
              42.0873569
            ],
            [
              20.7422237,
              42.0871362
            ],
            [
              20.7418627,
              42.0871257
            ],
            [
              20.7409,
              42.0869681
            ],
            [
              20.7407655,
              42.087068
            ],
            [
              20.7406169,
              42.0869786
            ],
            [
              20.7400779,
              42.0869447
            ],
            [
              20.7397608,
              42.0869266
            ],
            [
              20.7394437,
              42.086812
            ],
            [
              20.7391266,
              42.0865706
            ],
            [
              20.7391835,
              42.086281
            ],
            [
              20.7391835,
              42.0859853
            ],
            [
              20.738842,
              42.0857258
            ],
            [
              20.7383623,
              42.0858646
            ],
            [
              20.7379802,
              42.0858827
            ],
            [
              20.7377688,
              42.0857982
            ],
            [
              20.7373541,
              42.0860155
            ],
            [
              20.7368988,
              42.0860275
            ],
            [
              20.7366711,
              42.0856232
            ],
            [
              20.7364272,
              42.0855388
            ],
            [
              20.7362076,
              42.0852913
            ],
            [
              20.7360531,
              42.0847965
            ],
            [
              20.7361914,
              42.0844646
            ],
            [
              20.7358986,
              42.0846819
            ],
            [
              20.7354189,
              42.0850439
            ],
            [
              20.7350368,
              42.0855689
            ],
            [
              20.7347847,
              42.085925
            ],
            [
              20.7330772,
              42.0854905
            ],
            [
              20.7328008,
              42.0851224
            ],
            [
              20.7322641,
              42.085231
            ],
            [
              20.7323617,
              42.0849595
            ],
            [
              20.7320039,
              42.0849474
            ],
            [
              20.731386,
              42.0849414
            ],
            [
              20.7309876,
              42.0850379
            ],
            [
              20.7304916,
              42.0853276
            ],
            [
              20.7301745,
              42.0853698
            ],
            [
              20.7300932,
              42.0850741
            ],
            [
              20.7300769,
              42.0847301
            ],
            [
              20.729589,
              42.0849051
            ],
            [
              20.7288898,
              42.0851465
            ],
            [
              20.7281743,
              42.0854603
            ],
            [
              20.7281092,
              42.08505
            ],
            [
              20.7281743,
              42.0847362
            ],
            [
              20.7287678,
              42.0841267
            ],
            [
              20.7288816,
              42.0839034
            ],
            [
              20.728467,
              42.0835715
            ],
            [
              20.7274425,
              42.0836681
            ],
            [
              20.7278978,
              42.0834026
            ],
            [
              20.7280279,
              42.0831189
            ],
            [
              20.728223,
              42.0827569
            ],
            [
              20.7285158,
              42.0828776
            ],
            [
              20.7288329,
              42.0830224
            ],
            [
              20.7291581,
              42.0828353
            ],
            [
              20.7294996,
              42.0821956
            ],
            [
              20.7293881,
              42.081836
            ],
            [
              20.7285971,
              42.0815077
            ],
            [
              20.7283287,
              42.0814111
            ],
            [
              20.7282474,
              42.0817551
            ],
            [
              20.7277027,
              42.0819422
            ],
            [
              20.7272555,
              42.0820387
            ],
            [
              20.7270115,
              42.0824129
            ],
            [
              20.7261822,
              42.0821655
            ],
            [
              20.7267513,
              42.0817491
            ],
            [
              20.7270766,
              42.0813206
            ],
            [
              20.726605,
              42.0813629
            ],
            [
              20.7264749,
              42.0809646
            ],
            [
              20.7259057,
              42.0806809
            ],
            [
              20.7251658,
              42.0804697
            ],
            [
              20.7250113,
              42.0806206
            ],
            [
              20.7248568,
              42.0810008
            ],
            [
              20.7245804,
              42.0811215
            ],
            [
              20.7241657,
              42.0809585
            ],
            [
              20.7240763,
              42.0803611
            ],
            [
              20.7234258,
              42.0796188
            ],
            [
              20.7227509,
              42.07913
            ],
            [
              20.7219947,
              42.0784058
            ],
            [
              20.7219378,
              42.0780919
            ],
            [
              20.721019,
              42.0772772
            ],
            [
              20.7204987,
              42.0769151
            ],
            [
              20.7193441,
              42.0767461
            ],
            [
              20.7194254,
              42.0753158
            ],
            [
              20.7196042,
              42.0744708
            ],
            [
              20.7200464,
              42.0740792
            ],
            [
              20.7206147,
              42.0737788
            ],
            [
              20.7208461,
              42.0733054
            ],
            [
              20.7209427,
              42.0725727
            ],
            [
              20.7206959,
              42.0713303
            ],
            [
              20.7206311,
              42.070049
            ],
            [
              20.7204033,
              42.0689549
            ],
            [
              20.721697,
              42.0684441
            ],
            [
              20.7217211,
              42.0671484
            ],
            [
              20.7223994,
              42.0657246
            ],
            [
              20.7221564,
              42.0649501
            ],
            [
              20.722441,
              42.0638817
            ],
            [
              20.7248722,
              42.0630608
            ],
            [
              20.7221727,
              42.0629642
            ],
            [
              20.7189935,
              42.0617086
            ],
            [
              20.719213,
              42.0614369
            ],
            [
              20.7186195,
              42.0612075
            ],
            [
              20.7189203,
              42.0608514
            ],
            [
              20.7180422,
              42.0606099
            ],
            [
              20.7168795,
              42.0602175
            ],
            [
              20.7154403,
              42.0596259
            ],
            [
              20.7150581,
              42.059143
            ],
            [
              20.7155866,
              42.0589558
            ],
            [
              20.7156598,
              42.0585393
            ],
            [
              20.7154809,
              42.0582133
            ],
            [
              20.7164485,
              42.0582616
            ],
            [
              20.7165624,
              42.0584789
            ],
            [
              20.7172291,
              42.0586661
            ],
            [
              20.7179853,
              42.0587868
            ],
            [
              20.7185544,
              42.0589317
            ],
            [
              20.7188065,
              42.0588109
            ],
            [
              20.7186683,
              42.0585212
            ],
            [
              20.7178633,
              42.058171
            ],
            [
              20.7179121,
              42.0578692
            ],
            [
              20.7179284,
              42.0569455
            ],
            [
              20.7168795,
              42.0569033
            ],
            [
              20.7166762,
              42.0562513
            ],
            [
              20.7156923,
              42.0563237
            ],
            [
              20.7150337,
              42.056046
            ],
            [
              20.7147248,
              42.0557381
            ],
            [
              20.7145378,
              42.0550016
            ],
            [
              20.71505,
              42.0551223
            ],
            [
              20.7169282,
              42.0551827
            ],
            [
              20.7178633,
              42.0546755
            ],
            [
              20.7187821,
              42.0537699
            ],
            [
              20.7192286,
              42.0533754
            ],
            [
              20.7193144,
              42.0528257
            ],
            [
              20.7196202,
              42.0528177
            ],
            [
              20.7200172,
              42.0525349
            ],
            [
              20.7203659,
              42.0520729
            ],
            [
              20.7206151,
              42.0523398
            ],
            [
              20.7212081,
              42.0523637
            ],
            [
              20.7214602,
              42.0521804
            ],
            [
              20.7216104,
              42.0519534
            ],
            [
              20.7217392,
              42.051571
            ],
            [
              20.7220235,
              42.0516467
            ],
            [
              20.7223614,
              42.0510372
            ],
            [
              20.722576,
              42.050607
            ],
            [
              20.7223829,
              42.0503919
            ],
            [
              20.7216855,
              42.0500932
            ],
            [
              20.7217928,
              42.0499378
            ],
            [
              20.7218786,
              42.0496072
            ],
            [
              20.7215299,
              42.0499139
            ],
            [
              20.7210954,
              42.0501449
            ],
            [
              20.7206609,
              42.0502485
            ],
            [
              20.7204678,
              42.0504118
            ],
            [
              20.7204356,
              42.0502525
            ],
            [
              20.7202532,
              42.0500772
            ],
            [
              20.7198992,
              42.0500573
            ],
            [
              20.7197114,
              42.0500374
            ],
            [
              20.7195129,
              42.0493164
            ],
            [
              20.7191213,
              42.0485755
            ],
            [
              20.7192232,
              42.0483404
            ],
            [
              20.7196417,
              42.0478385
            ],
            [
              20.7203283,
              42.0476911
            ],
            [
              20.7211276,
              42.0476393
            ],
            [
              20.7218679,
              42.0476871
            ],
            [
              20.7223936,
              42.0476513
            ],
            [
              20.7227101,
              42.0476473
            ],
            [
              20.7231178,
              42.0478505
            ],
            [
              20.723547,
              42.0478385
            ],
            [
              20.7236757,
              42.0475756
            ],
            [
              20.7240619,
              42.0476314
            ],
            [
              20.7246306,
              42.0478943
            ],
            [
              20.7246789,
              42.0480496
            ],
            [
              20.7250222,
              42.0482847
            ],
            [
              20.7255425,
              42.0484042
            ],
            [
              20.7261433,
              42.0483643
            ],
            [
              20.7273289,
              42.0482448
            ],
            [
              20.7278492,
              42.0481413
            ],
            [
              20.7279136,
              42.04797
            ],
            [
              20.7271197,
              42.0477349
            ],
            [
              20.7265832,
              42.0475318
            ],
            [
              20.7264759,
              42.0473047
            ],
            [
              20.7271894,
              42.0471812
            ],
            [
              20.726482,
              42.0464273
            ],
            [
              20.7268389,
              42.0462529
            ],
            [
              20.7271599,
              42.0458039
            ],
            [
              20.7264768,
              42.0457423
            ],
            [
              20.7261433,
              42.044054
            ],
            [
              20.7259127,
              42.0439983
            ],
            [
              20.7258429,
              42.0437114
            ],
            [
              20.7261433,
              42.0434644
            ],
            [
              20.7262238,
              42.0432692
            ],
            [
              20.7260307,
              42.0431178
            ],
            [
              20.726551,
              42.042333
            ],
            [
              20.7270231,
              42.041839
            ],
            [
              20.726889,
              42.0417115
            ],
            [
              20.7265618,
              42.0412733
            ],
            [
              20.7262614,
              42.0409745
            ],
            [
              20.7256713,
              42.0407992
            ],
            [
              20.7252689,
              42.0405602
            ],
            [
              20.7251509,
              42.0406916
            ],
            [
              20.7237079,
              42.0404805
            ],
            [
              20.7230749,
              42.0405084
            ],
            [
              20.7227208,
              42.0403649
            ],
            [
              20.7226779,
              42.0401657
            ],
            [
              20.7231071,
              42.0399865
            ],
            [
              20.7231715,
              42.0397833
            ],
            [
              20.72315,
              42.0397076
            ],
            [
              20.7231232,
              42.0394167
            ],
            [
              20.7233324,
              42.0392375
            ],
            [
              20.7236006,
              42.0391219
            ],
            [
              20.7236542,
              42.0388829
            ],
            [
              20.7234075,
              42.0386478
            ],
            [
              20.7229247,
              42.0383689
            ],
            [
              20.7228603,
              42.0382056
            ],
            [
              20.7221468,
              42.0376438
            ],
            [
              20.7227262,
              42.0373649
            ],
            [
              20.7227423,
              42.03709
            ],
            [
              20.7225063,
              42.0369067
            ],
            [
              20.7219966,
              42.0370063
            ],
            [
              20.7213583,
              42.0372255
            ],
            [
              20.7206394,
              42.0374685
            ],
            [
              20.7197114,
              42.0364207
            ],
            [
              20.7192501,
              42.0359625
            ],
            [
              20.7193198,
              42.0356517
            ],
            [
              20.7189336,
              42.0353329
            ],
            [
              20.7190891,
              42.0351656
            ],
            [
              20.7190248,
              42.0348827
            ],
            [
              20.7190194,
              42.034548
            ],
            [
              20.7187995,
              42.0345879
            ],
            [
              20.7184829,
              42.0345241
            ],
            [
              20.7183006,
              42.0341496
            ],
            [
              20.718145,
              42.0336754
            ],
            [
              20.7174691,
              42.0336834
            ],
            [
              20.7174798,
              42.033524
            ],
            [
              20.717233,
              42.0334603
            ],
            [
              20.7169112,
              42.0340739
            ],
            [
              20.7166322,
              42.0342173
            ],
            [
              20.7165518,
              42.03456
            ],
            [
              20.7162782,
              42.0352294
            ],
            [
              20.7160958,
              42.0354445
            ],
            [
              20.715908,
              42.0357075
            ],
            [
              20.7159349,
              42.0360501
            ],
            [
              20.7158973,
              42.0364406
            ],
            [
              20.7154038,
              42.0373171
            ],
            [
              20.7149317,
              42.0380183
            ],
            [
              20.7146635,
              42.0389227
            ],
            [
              20.7144865,
              42.0399665
            ],
            [
              20.7143792,
              42.0403211
            ],
            [
              20.7141163,
              42.040612
            ],
            [
              20.7136174,
              42.041102
            ],
            [
              20.7134082,
              42.0416478
            ],
            [
              20.7132687,
              42.0419705
            ],
            [
              20.7128825,
              42.0423888
            ],
            [
              20.7123353,
              42.0429386
            ],
            [
              20.7120886,
              42.0435322
            ],
            [
              20.7120778,
              42.0440102
            ],
            [
              20.7119759,
              42.0446715
            ],
            [
              20.7115253,
              42.0453607
            ],
            [
              20.7113107,
              42.0458268
            ],
            [
              20.7104149,
              42.0461096
            ],
            [
              20.7092562,
              42.0464761
            ],
            [
              20.7084515,
              42.0469263
            ],
            [
              20.7073679,
              42.0472011
            ],
            [
              20.7071587,
              42.0471015
            ],
            [
              20.7069816,
              42.04699
            ],
            [
              20.7067563,
              42.0465677
            ],
            [
              20.7062306,
              42.0466434
            ],
            [
              20.7057907,
              42.046508
            ],
            [
              20.7055547,
              42.0462769
            ],
            [
              20.7050826,
              42.0463327
            ],
            [
              20.7047447,
              42.0460977
            ],
            [
              20.7043423,
              42.0458029
            ],
            [
              20.7034358,
              42.0456794
            ],
            [
              20.7030817,
              42.0455479
            ],
            [
              20.7031944,
              42.0447512
            ],
            [
              20.7029476,
              42.04405
            ],
            [
              20.7027759,
              42.043576
            ],
            [
              20.7020786,
              42.0432134
            ],
            [
              20.7022288,
              42.0425681
            ],
            [
              20.701585,
              42.0423529
            ],
            [
              20.7016387,
              42.0417115
            ],
            [
              20.7017191,
              42.0414964
            ],
            [
              20.7014938,
              42.0411259
            ],
            [
              20.7010915,
              42.0402016
            ],
            [
              20.7008394,
              42.0400263
            ],
            [
              20.7007804,
              42.039851
            ],
            [
              20.7009735,
              42.0395602
            ],
            [
              20.7008072,
              42.0394367
            ],
            [
              20.7003351,
              42.0395163
            ],
            [
              20.700024,
              42.0397315
            ],
            [
              20.6998416,
              42.0397395
            ],
            [
              20.6996163,
              42.0399028
            ],
            [
              20.6995787,
              42.0400422
            ],
            [
              20.6987312,
              42.0400821
            ],
            [
              20.6980123,
              42.0396797
            ],
            [
              20.6973042,
              42.0390861
            ],
            [
              20.6971808,
              42.0382972
            ],
            [
              20.6968912,
              42.0378629
            ],
            [
              20.6966283,
              42.0377434
            ],
            [
              20.6962528,
              42.0376916
            ],
            [
              20.6962474,
              42.037584
            ],
            [
              20.6960221,
              42.0375323
            ],
            [
              20.6956681,
              42.0372175
            ],
            [
              20.6954803,
              42.037098
            ],
            [
              20.6957056,
              42.0369784
            ],
            [
              20.6954803,
              42.0367115
            ],
            [
              20.695078,
              42.0365482
            ],
            [
              20.6948795,
              42.0368031
            ],
            [
              20.6940051,
              42.0367075
            ],
            [
              20.6936135,
              42.036831
            ],
            [
              20.6931575,
              42.0367434
            ],
            [
              20.6924709,
              42.0364087
            ],
            [
              20.692428,
              42.0359625
            ],
            [
              20.6925192,
              42.0353011
            ],
            [
              20.6925835,
              42.0351616
            ],
            [
              20.6929912,
              42.0348269
            ],
            [
              20.693474,
              42.0346875
            ],
            [
              20.6937208,
              42.0347233
            ],
            [
              20.6942036,
              42.0347751
            ],
            [
              20.6948098,
              42.0345879
            ],
            [
              20.6950297,
              42.0344205
            ],
            [
              20.6949171,
              42.0342213
            ],
            [
              20.6947561,
              42.0342213
            ],
            [
              20.6944879,
              42.0343887
            ],
            [
              20.6938174,
              42.0344564
            ],
            [
              20.6934526,
              42.034301
            ],
            [
              20.6932434,
              42.0341018
            ],
            [
              20.6936242,
              42.033532
            ],
            [
              20.6941231,
              42.033281
            ],
            [
              20.6948205,
              42.0331654
            ],
            [
              20.6950673,
              42.033289
            ],
            [
              20.6955393,
              42.0330419
            ],
            [
              20.6959256,
              42.0326315
            ],
            [
              20.6960007,
              42.0321932
            ],
            [
              20.6961938,
              42.0316593
            ],
            [
              20.6963923,
              42.0311811
            ],
            [
              20.6965371,
              42.030946
            ],
            [
              20.6968322,
              42.0308624
            ],
            [
              20.6970789,
              42.0307628
            ],
            [
              20.6969019,
              42.0306034
            ],
            [
              20.6964888,
              42.0299539
            ],
            [
              20.6963172,
              42.0296152
            ],
            [
              20.696006,
              42.0290653
            ],
            [
              20.6952175,
              42.0287505
            ],
            [
              20.6951048,
              42.0288939
            ],
            [
              20.6943806,
              42.0295953
            ],
            [
              20.6941768,
              42.0297028
            ],
            [
              20.6934258,
              42.0295514
            ],
            [
              20.6925621,
              42.0294399
            ],
            [
              20.6916984,
              42.0293562
            ],
            [
              20.6906148,
              42.029149
            ],
            [
              20.6899282,
              42.0290254
            ],
            [
              20.6889938,
              42.0292044
            ],
            [
              20.6884801,
              42.0291003
            ],
            [
              20.6879944,
              42.029135
            ],
            [
              20.687392,
              42.0292599
            ],
            [
              20.6872099,
              42.0291628
            ],
            [
              20.6870838,
              42.0289893
            ],
            [
              20.6864767,
              42.0288193
            ],
            [
              20.6866028,
              42.0284655
            ],
            [
              20.6866822,
              42.0282227
            ],
            [
              20.686486,
              42.0279243
            ],
            [
              20.6862432,
              42.0277682
            ],
            [
              20.6858229,
              42.027744
            ],
            [
              20.68558,
              42.0278897
            ],
            [
              20.6851317,
              42.0281811
            ],
            [
              20.6846694,
              42.0285037
            ],
            [
              20.6843518,
              42.0279972
            ],
            [
              20.684137,
              42.0277058
            ],
            [
              20.6838241,
              42.0277058
            ],
            [
              20.6839642,
              42.0274977
            ],
            [
              20.6838568,
              42.0273485
            ],
            [
              20.683698,
              42.0268837
            ],
            [
              20.6834318,
              42.0264743
            ],
            [
              20.683175,
              42.0263529
            ],
            [
              20.6825445,
              42.0262696
            ],
            [
              20.682241,
              42.0262315
            ],
            [
              20.6819795,
              42.0264986
            ],
            [
              20.6817833,
              42.0265749
            ],
            [
              20.6803963,
              42.0262003
            ],
            [
              20.6799947,
              42.0261066
            ],
            [
              20.6796165,
              42.0257389
            ],
            [
              20.678561,
              42.0251699
            ],
            [
              20.6777765,
              42.0247155
            ],
            [
              20.6776224,
              42.0248022
            ],
            [
              20.6774216,
              42.0249444
            ],
            [
              20.6771087,
              42.0247606
            ],
            [
              20.6768471,
              42.0246322
            ],
            [
              20.6766837,
              42.0246392
            ],
            [
              20.6766417,
              42.0247953
            ],
            [
              20.6763755,
              42.0248473
            ],
            [
              20.6760813,
              42.0248334
            ],
            [
              20.6759038,
              42.0246981
            ],
            [
              20.6759692,
              42.0243928
            ],
            [
              20.6748297,
              42.0242818
            ],
            [
              20.6744888,
              42.0242471
            ],
            [
              20.674274,
              42.024098
            ],
            [
              20.6742319,
              42.0237962
            ],
            [
              20.6742413,
              42.0233903
            ],
            [
              20.6735034,
              42.0233105
            ],
            [
              20.6732139,
              42.0232688
            ],
            [
              20.6725974,
              42.0231648
            ],
            [
              20.6722005,
              42.0229497
            ],
            [
              20.6722472,
              42.0225958
            ],
            [
              20.672504,
              42.022516
            ],
            [
              20.6727189,
              42.022183
            ],
            [
              20.6723266,
              42.0220789
            ],
            [
              20.6721491,
              42.0218499
            ],
            [
              20.6720744,
              42.0214856
            ],
            [
              20.6724153,
              42.0208612
            ],
            [
              20.6725181,
              42.020986
            ],
            [
              20.6727095,
              42.0204795
            ],
            [
              20.6726675,
              42.0201673
            ],
            [
              20.67249,
              42.0200458
            ],
            [
              20.6725367,
              42.0198758
            ],
            [
              20.6725134,
              42.0197683
            ],
            [
              20.6712945,
              42.0198897
            ],
            [
              20.6707761,
              42.0199765
            ],
            [
              20.6703045,
              42.020195
            ],
            [
              20.6701037,
              42.0202228
            ],
            [
              20.6698748,
              42.0201777
            ],
            [
              20.6697394,
              42.0200112
            ],
            [
              20.6694639,
              42.0199001
            ],
            [
              20.6693471,
              42.0197197
            ],
            [
              20.6693471,
              42.0195358
            ],
            [
              20.6700243,
              42.0191195
            ],
            [
              20.6707995,
              42.018613
            ],
            [
              20.6712852,
              42.0186789
            ],
            [
              20.6716588,
              42.0185991
            ],
            [
              20.6718035,
              42.0183909
            ],
            [
              20.6720417,
              42.0183528
            ],
            [
              20.6732279,
              42.0181481
            ],
            [
              20.6734801,
              42.0179677
            ],
            [
              20.6734521,
              42.0175756
            ],
            [
              20.6730878,
              42.0174021
            ],
            [
              20.672887,
              42.0171939
            ],
            [
              20.6727889,
              42.0168713
            ],
            [
              20.672462,
              42.0163959
            ],
            [
              20.6720511,
              42.0161565
            ],
            [
              20.6716868,
              42.0162225
            ],
            [
              20.6714533,
              42.0160976
            ],
            [
              20.6711171,
              42.0159553
            ],
            [
              20.6706127,
              42.0159137
            ],
            [
              20.6711077,
              42.0154279
            ],
            [
              20.6714346,
              42.0152302
            ],
            [
              20.6722612,
              42.0150497
            ],
            [
              20.6728543,
              42.0148762
            ],
            [
              20.6735361,
              42.0144321
            ],
            [
              20.6739658,
              42.0142309
            ],
            [
              20.674741,
              42.0140505
            ],
            [
              20.6750819,
              42.0138215
            ],
            [
              20.6754228,
              42.0136931
            ],
            [
              20.6759598,
              42.0133912
            ],
            [
              20.6768004,
              42.0128603
            ],
            [
              20.6775196,
              42.0124093
            ],
            [
              20.6783462,
              42.0122392
            ],
            [
              20.6786404,
              42.0121525
            ],
            [
              20.6787105,
              42.0119408
            ],
            [
              20.6785425,
              42.0116887
            ],
            [
              20.6783145,
              42.0113408
            ],
            [
              20.6782405,
              42.0111416
            ],
            [
              20.6783083,
              42.0110019
            ],
            [
              20.6785764,
              42.0110683
            ],
            [
              20.6787828,
              42.0111095
            ],
            [
              20.6789831,
              42.0110935
            ],
            [
              20.6793374,
              42.0111645
            ],
            [
              20.6797903,
              42.0111599
            ],
            [
              20.6799751,
              42.0110546
            ],
            [
              20.6800244,
              42.0107776
            ],
            [
              20.6797441,
              42.0103381
            ],
            [
              20.6795561,
              42.0096696
            ],
            [
              20.6795808,
              42.0095208
            ],
            [
              20.6797687,
              42.0093147
            ],
            [
              20.6805205,
              42.0089439
            ],
            [
              20.6809765,
              42.0088088
            ],
            [
              20.6812815,
              42.0085844
            ],
            [
              20.6818577,
              42.007845
            ],
            [
              20.6824924,
              42.0072749
            ],
            [
              20.682745,
              42.0070757
            ],
            [
              20.682973,
              42.006872
            ],
            [
              20.6834321,
              42.006295
            ],
            [
              20.6836262,
              42.0060546
            ],
            [
              20.6838265,
              42.005899
            ],
            [
              20.6841685,
              42.0059012
            ],
            [
              20.6844026,
              42.0057295
            ],
            [
              20.684646,
              42.0055281
            ],
            [
              20.6848155,
              42.0052991
            ],
            [
              20.6850866,
              42.005203
            ],
            [
              20.6858014,
              42.0050152
            ],
            [
              20.6860263,
              42.0048733
            ],
            [
              20.6861265,
              42.0045769
            ],
            [
              20.6861301,
              42.0041771
            ],
            [
              20.6862716,
              42.0040272
            ],
            [
              20.6870007,
              42.0034986
            ],
            [
              20.6871777,
              42.0033566
            ],
            [
              20.6871954,
              42.0031146
            ],
            [
              20.687344,
              42.0029121
            ],
            [
              20.6875033,
              42.0025465
            ],
            [
              20.6876165,
              42.0024124
            ],
            [
              20.6878289,
              42.0023019
            ],
            [
              20.6881899,
              42.0019495
            ],
            [
              20.6885084,
              42.0017601
            ],
            [
              20.6886712,
              42.0014866
            ],
            [
              20.6888446,
              42.0012578
            ],
            [
              20.6894817,
              42.0008475
            ],
            [
              20.689861,
              42.0006707
            ],
            [
              20.690335,
              42.0005614
            ],
            [
              20.6908394,
              42.000518
            ],
            [
              20.6911546,
              42.0004278
            ],
            [
              20.6915586,
              42.0003236
            ],
            [
              20.6919228,
              42.0003288
            ],
            [
              20.6921773,
              42.0003445
            ],
            [
              20.6923758,
              42.000164
            ],
            [
              20.692649,
              41.999895
            ],
            [
              20.6928381,
              42.0000113
            ],
            [
              20.6930063,
              42.0000599
            ],
            [
              20.6932725,
              41.9998447
            ],
            [
              20.693604,
              41.9994734
            ],
            [
              20.6937675,
              41.9993276
            ],
            [
              20.6941831,
              41.9995567
            ],
            [
              20.6948416,
              41.9995428
            ],
            [
              20.6951171,
              41.9998482
            ],
            [
              20.6955934,
              42.000577
            ],
            [
              20.6956261,
              42.0007158
            ],
            [
              20.6955421,
              42.0008859
            ],
            [
              20.6953366,
              42.0010594
            ],
            [
              20.6950657,
              42.0012954
            ],
            [
              20.6948696,
              42.0015869
            ],
            [
              20.695388,
              42.0022636
            ],
            [
              20.6956355,
              42.0022532
            ],
            [
              20.6958083,
              42.0020901
            ],
            [
              20.6956868,
              42.0018992
            ],
            [
              20.6955888,
              42.0017639
            ],
            [
              20.6958083,
              42.0015938
            ],
            [
              20.6960885,
              42.0015522
            ],
            [
              20.6965041,
              42.0016112
            ],
            [
              20.696803,
              42.0014134
            ],
            [
              20.6972186,
              42.0012572
            ],
            [
              20.6974428,
              42.0010941
            ],
            [
              20.6975539,
              42.0010577
            ],
            [
              20.697708,
              42.001131
            ],
            [
              20.697862,
              42.0009615
            ],
            [
              20.6980715,
              42.0005998
            ],
            [
              20.6982626,
              42.0005998
            ],
            [
              20.6984906,
              42.0007875
            ],
            [
              20.6986077,
              42.000989
            ],
            [
              20.6988172,
              42.0010897
            ],
            [
              20.6987432,
              42.0012638
            ],
            [
              20.6994888,
              42.0016805
            ],
            [
              20.7000866,
              42.0019094
            ],
            [
              20.7009616,
              42.0019415
            ],
            [
              20.7014854,
              42.001914
            ],
            [
              20.7022433,
              42.002665
            ],
            [
              20.702422,
              42.0026238
            ],
            [
              20.7026397,
              42.0033304
            ],
            [
              20.703029,
              42.0039248
            ],
            [
              20.7029936,
              42.0041141
            ],
            [
              20.7033051,
              42.0044192
            ],
            [
              20.7035387,
              42.0043666
            ],
            [
              20.703751,
              42.0041878
            ],
            [
              20.7039138,
              42.0042035
            ],
            [
              20.704112,
              42.0041141
            ],
            [
              20.7042253,
              42.0038722
            ],
            [
              20.7045155,
              42.0037564
            ],
            [
              20.7046429,
              42.0035355
            ],
            [
              20.7046004,
              42.0031463
            ],
            [
              20.706724,
              42.0039405
            ],
            [
              20.7068726,
              42.0042772
            ],
            [
              20.7066461,
              42.0048084
            ],
            [
              20.7062497,
              42.0050241
            ],
            [
              20.706186,
              42.0052608
            ],
            [
              20.7066319,
              42.0054081
            ],
            [
              20.7066744,
              42.0058446
            ],
            [
              20.7068018,
              42.0059814
            ],
            [
              20.7074106,
              42.0060918
            ],
            [
              20.7076654,
              42.0064074
            ],
            [
              20.7080901,
              42.0066178
            ],
            [
              20.7079131,
              42.0068282
            ],
            [
              20.7086918,
              42.0071175
            ],
            [
              20.7092368,
              42.0073752
            ],
            [
              20.7096119,
              42.0073384
            ],
            [
              20.7099375,
              42.0068177
            ],
            [
              20.7101004,
              42.0064863
            ],
            [
              20.710249,
              42.0065547
            ],
            [
              20.7104401,
              42.0064442
            ],
            [
              20.7105251,
              42.0060971
            ],
            [
              20.7108365,
              42.0055501
            ],
            [
              20.7115019,
              42.0051661
            ],
            [
              20.7119053,
              42.0045244
            ],
            [
              20.712242,
              42.0043247
            ],
            [
              20.7123774,
              42.0039326
            ],
            [
              20.7125689,
              42.003766
            ],
            [
              20.7125408,
              42.003478
            ],
            [
              20.7124241,
              42.0030095
            ],
            [
              20.7123914,
              42.0028221
            ],
            [
              20.7121392,
              42.0025236
            ],
            [
              20.7120552,
              42.0022842
            ],
            [
              20.7123494,
              42.0017428
            ],
            [
              20.7124381,
              42.0016179
            ],
            [
              20.7125035,
              42.0013819
            ],
            [
              20.7124101,
              42.0009481
            ],
            [
              20.7123587,
              42.0005802
            ],
            [
              20.7123727,
              42.000372
            ],
            [
              20.7124474,
              42.0000631
            ],
            [
              20.7128729,
              42.0000722
            ],
            [
              20.7128516,
              42.0002247
            ],
            [
              20.7130498,
              42.0003825
            ],
            [
              20.7133754,
              42.0002458
            ],
            [
              20.7145505,
              41.9989254
            ],
            [
              20.714869,
              41.9990149
            ],
            [
              20.7153716,
              41.9980469
            ],
            [
              20.7157325,
              41.9981311
            ],
            [
              20.7162422,
              41.9973999
            ],
            [
              20.7164687,
              41.9977787
            ],
            [
              20.7166952,
              41.9984415
            ],
            [
              20.71695,
              41.9986098
            ],
            [
              20.7171695,
              41.9984625
            ],
            [
              20.7170208,
              41.9982468
            ],
            [
              20.7172969,
              41.9981679
            ],
            [
              20.7173535,
              41.9979417
            ],
            [
              20.7174809,
              41.9981416
            ],
            [
              20.7181817,
              41.9981574
            ],
            [
              20.7185639,
              41.9979891
            ],
            [
              20.7188754,
              41.9980364
            ],
            [
              20.7192222,
              41.9976051
            ],
            [
              20.7204326,
              41.998331
            ],
            [
              20.7208715,
              41.9992779
            ],
            [
              20.721013,
              41.9993778
            ],
            [
              20.7215651,
              41.9999722
            ],
            [
              20.7216359,
              42.0001721
            ],
            [
              20.723448,
              42.0015293
            ],
            [
              20.7237665,
              42.0016608
            ],
            [
              20.723717,
              42.0017975
            ],
            [
              20.7245735,
              42.0022131
            ],
            [
              20.7243611,
              42.0025445
            ],
            [
              20.7248566,
              42.0028916
            ],
            [
              20.7253025,
              42.0034807
            ],
            [
              20.7255432,
              42.0039384
            ],
            [
              20.7274544,
              42.0030494
            ],
            [
              20.7276172,
              42.0032651
            ],
            [
              20.7282684,
              42.0028548
            ],
            [
              20.7288134,
              42.0027075
            ],
            [
              20.7290682,
              42.0031073
            ],
            [
              20.7298752,
              42.0029547
            ],
            [
              20.7294505,
              42.0023761
            ],
            [
              20.7297265,
              42.0023235
            ],
            [
              20.729316,
              42.0015556
            ],
            [
              20.7293018,
              42.0009612
            ],
            [
              20.7296133,
              42.0004772
            ],
            [
              20.7299389,
              42.0000985
            ],
            [
              20.729861,
              41.9995672
            ],
            [
              20.7303565,
              41.9996514
            ],
            [
              20.7307883,
              41.9995672
            ],
            [
              20.7315881,
              41.9994041
            ],
            [
              20.7322394,
              41.9991148
            ],
            [
              20.7329826,
              41.9989938
            ],
            [
              20.7327136,
              41.9982784
            ],
            [
              20.7333224,
              41.9984047
            ],
            [
              20.7333011,
              41.9979733
            ],
            [
              20.7335843,
              41.9976735
            ],
            [
              20.7344124,
              41.9974946
            ],
            [
              20.7348725,
              41.9978523
            ],
            [
              20.735552,
              41.997705
            ],
            [
              20.7356724,
              41.9973368
            ],
            [
              20.7352264,
              41.9969002
            ],
            [
              20.7358635,
              41.996453
            ],
            [
              20.7363448,
              41.9958691
            ],
            [
              20.736451,
              41.9955166
            ],
            [
              20.7362387,
              41.9953115
            ],
            [
              20.7355804,
              41.9952589
            ],
            [
              20.7351486,
              41.99508
            ],
            [
              20.7351061,
              41.9949169
            ],
            [
              20.7344266,
              41.9948959
            ],
            [
              20.7337895,
              41.9946486
            ],
            [
              20.7332516,
              41.9947486
            ],
            [
              20.7327136,
              41.994738
            ],
            [
              20.7324659,
              41.9950169
            ],
            [
              20.7321757,
              41.9947486
            ],
            [
              20.7314112,
              41.9946381
            ],
            [
              20.7303494,
              41.9948696
            ],
            [
              20.7298893,
              41.9952168
            ],
            [
              20.729592,
              41.9949906
            ],
            [
              20.7293443,
              41.9947749
            ],
            [
              20.728955,
              41.994696
            ],
            [
              20.7282684,
              41.9947328
            ],
            [
              20.7276526,
              41.9949222
            ],
            [
              20.7273765,
              41.9948906
            ],
            [
              20.7268173,
              41.9949695
            ],
            [
              20.7258405,
              41.9949064
            ],
            [
              20.7252955,
              41.9949853
            ],
            [
              20.7250265,
              41.9952431
            ],
            [
              20.7246018,
              41.9953325
            ],
            [
              20.7242195,
              41.9955534
            ],
            [
              20.7242408,
              41.9960374
            ],
            [
              20.7246147,
              41.9962974
            ],
            [
              20.7240625,
              41.9965757
            ],
            [
              20.723225,
              41.9965757
            ],
            [
              20.7230055,
              41.9962554
            ],
            [
              20.7227128,
              41.9961406
            ],
            [
              20.7225502,
              41.9958807
            ],
            [
              20.7224445,
              41.9954034
            ],
            [
              20.7222005,
              41.9947205
            ],
            [
              20.7218672,
              41.9942129
            ],
            [
              20.721233,
              41.9938745
            ],
            [
              20.7205744,
              41.9936207
            ],
            [
              20.7201597,
              41.9933729
            ],
            [
              20.7196962,
              41.9932641
            ],
            [
              20.718997,
              41.9933125
            ],
            [
              20.7185985,
              41.9932883
            ],
            [
              20.7179318,
              41.9933487
            ],
            [
              20.7171756,
              41.9934213
            ],
            [
              20.7165414,
              41.9933971
            ],
            [
              20.7160048,
              41.9932641
            ],
            [
              20.7159411,
              41.992913
            ],
            [
              20.7160459,
              41.9926382
            ],
            [
              20.7162615,
              41.9922077
            ],
            [
              20.7166436,
              41.9918917
            ],
            [
              20.7170749,
              41.9916581
            ],
            [
              20.7175741,
              41.9917543
            ],
            [
              20.7181533,
              41.991823
            ],
            [
              20.7185477,
              41.9918734
            ],
            [
              20.7193734,
              41.9914978
            ],
            [
              20.7201128,
              41.9912917
            ],
            [
              20.7205442,
              41.9913375
            ],
            [
              20.7210433,
              41.9915024
            ],
            [
              20.7216349,
              41.9916627
            ],
            [
              20.7219368,
              41.9918001
            ],
            [
              20.7221463,
              41.991736
            ],
            [
              20.7226331,
              41.9914245
            ],
            [
              20.7232309,
              41.9911543
            ],
            [
              20.7235082,
              41.9908337
            ],
            [
              20.7238471,
              41.9906872
            ],
            [
              20.724112,
              41.9905085
            ],
            [
              20.7244078,
              41.990275
            ],
            [
              20.7245372,
              41.9899544
            ],
            [
              20.7245742,
              41.9896658
            ],
            [
              20.724377,
              41.9895605
            ],
            [
              20.7244571,
              41.989162
            ],
            [
              20.7250117,
              41.9876826
            ],
            [
              20.7248453,
              41.9876185
            ],
            [
              20.7231569,
              41.9872566
            ],
            [
              20.7231631,
              41.9871467
            ],
            [
              20.7232863,
              41.986936
            ],
            [
              20.7235451,
              41.9867345
            ],
            [
              20.7219984,
              41.9864093
            ],
            [
              20.7219738,
              41.9858826
            ],
            [
              20.721752,
              41.98591
            ],
            [
              20.7205319,
              41.9857543
            ],
            [
              20.7203716,
              41.9844443
            ],
            [
              20.7193857,
              41.984513
            ],
            [
              20.7190653,
              41.9855803
            ],
            [
              20.7174631,
              41.9856535
            ],
            [
              20.7174508,
              41.9854291
            ],
            [
              20.7170688,
              41.9854245
            ],
            [
              20.7156022,
              41.9854703
            ],
            [
              20.7152509,
              41.9852321
            ],
            [
              20.7146532,
              41.9843756
            ],
            [
              20.7145361,
              41.9839084
            ],
            [
              20.7143944,
              41.9840596
            ],
            [
              20.7143636,
              41.9842565
            ],
            [
              20.7142773,
              41.9844122
            ],
            [
              20.714074,
              41.9838626
            ],
            [
              20.7135564,
              41.9838763
            ],
            [
              20.713772,
              41.9841557
            ],
            [
              20.7140062,
              41.9844122
            ],
            [
              20.7135317,
              41.9843069
            ],
            [
              20.7131743,
              41.984426
            ],
            [
              20.7129771,
              41.9844352
            ],
            [
              20.7130079,
              41.9847146
            ],
            [
              20.7128539,
              41.9849253
            ],
            [
              20.7126752,
              41.9850306
            ],
            [
              20.7124102,
              41.9849848
            ],
            [
              20.7120528,
              41.9848932
            ],
            [
              20.7120651,
              41.985026
            ],
            [
              20.7117632,
              41.9850535
            ],
            [
              20.7117878,
              41.9849527
            ],
            [
              20.7114859,
              41.9850306
            ],
            [
              20.7114859,
              41.9852276
            ],
            [
              20.7105369,
              41.9847695
            ],
            [
              20.7105986,
              41.9837572
            ],
            [
              20.7110669,
              41.9837756
            ],
            [
              20.7111716,
              41.9833816
            ],
            [
              20.7113195,
              41.9829007
            ],
            [
              20.7110053,
              41.9828274
            ],
            [
              20.7111162,
              41.9821724
            ],
            [
              20.7113072,
              41.9821632
            ],
            [
              20.711301,
              41.9819754
            ],
            [
              20.7109929,
              41.9812654
            ],
            [
              20.7108266,
              41.9806837
            ],
            [
              20.7104507,
              41.980702
            ],
            [
              20.7096681,
              41.9806149
            ],
            [
              20.7090395,
              41.9805646
            ],
            [
              20.7089718,
              41.9807295
            ],
            [
              20.7087314,
              41.9810684
            ],
            [
              20.7086267,
              41.9813158
            ],
            [
              20.7084357,
              41.9815586
            ],
            [
              20.7080166,
              41.9811829
            ],
            [
              20.7079489,
              41.9809906
            ],
            [
              20.7079612,
              41.9805279
            ],
            [
              20.7078194,
              41.980221
            ],
            [
              20.7074929,
              41.9800103
            ],
            [
              20.7071724,
              41.9800607
            ],
            [
              20.7068828,
              41.9802989
            ],
            [
              20.7064145,
              41.9804775
            ],
            [
              20.7058476,
              41.9804913
            ],
            [
              20.7053608,
              41.9803859
            ],
            [
              20.7047446,
              41.9801019
            ],
            [
              20.7042578,
              41.9797858
            ],
            [
              20.7033396,
              41.9792957
            ],
            [
              20.7026987,
              41.9785169
            ],
            [
              20.7021072,
              41.9778115
            ],
            [
              20.7018237,
              41.9776008
            ],
            [
              20.7017991,
              41.9779077
            ],
            [
              20.7019593,
              41.9783245
            ],
            [
              20.7022243,
              41.978604
            ],
            [
              20.7015649,
              41.9794789
            ],
            [
              20.7016019,
              41.9797675
            ],
            [
              20.7016574,
              41.979992
            ],
            [
              20.7014047,
              41.980134
            ],
            [
              20.7015896,
              41.9803813
            ],
            [
              20.7018422,
              41.9806607
            ],
            [
              20.7022674,
              41.9808577
            ],
            [
              20.7017929,
              41.9815998
            ],
            [
              20.7021318,
              41.9817555
            ],
            [
              20.7022058,
              41.9819754
            ],
            [
              20.7024276,
              41.9821128
            ],
            [
              20.7026494,
              41.9822869
            ],
            [
              20.7028836,
              41.9824426
            ],
            [
              20.7033273,
              41.9825755
            ],
            [
              20.7036539,
              41.982548
            ],
            [
              20.7040236,
              41.9823877
            ],
            [
              20.7044858,
              41.9820945
            ],
            [
              20.7046645,
              41.9820212
            ],
            [
              20.704646,
              41.9821449
            ],
            [
              20.7042886,
              41.9824151
            ],
            [
              20.7039188,
              41.9827541
            ],
            [
              20.7036169,
              41.9832305
            ],
            [
              20.703506,
              41.9835511
            ],
            [
              20.7034567,
              41.9837114
            ],
            [
              20.7034937,
              41.9840733
            ],
            [
              20.7035491,
              41.9845176
            ],
            [
              20.7037771,
              41.9844077
            ],
            [
              20.704381,
              41.9846
            ],
            [
              20.7048123,
              41.9845451
            ],
            [
              20.7047446,
              41.9842015
            ],
            [
              20.7052868,
              41.9840825
            ],
            [
              20.7060571,
              41.9841924
            ],
            [
              20.7061803,
              41.984513
            ],
            [
              20.7063097,
              41.9849115
            ],
            [
              20.7065192,
              41.9851131
            ],
            [
              20.7062481,
              41.985823
            ],
            [
              20.7059092,
              41.9863498
            ],
            [
              20.7054286,
              41.9861803
            ],
            [
              20.7053053,
              41.9865146
            ],
            [
              20.7055271,
              41.9869956
            ],
            [
              20.7054347,
              41.9872612
            ],
            [
              20.7049726,
              41.9872337
            ],
            [
              20.7048432,
              41.9869589
            ],
            [
              20.7041715,
              41.9868444
            ],
            [
              20.7038264,
              41.9866108
            ],
            [
              20.7032903,
              41.9868078
            ],
            [
              20.7028405,
              41.9868215
            ],
            [
              20.7018977,
              41.986707
            ],
            [
              20.7017005,
              41.9863681
            ],
            [
              20.7016943,
              41.9861024
            ],
            [
              20.7015526,
              41.9860108
            ],
            [
              20.7013924,
              41.9860337
            ],
            [
              20.701263,
              41.9861711
            ],
            [
              20.7010042,
              41.9864276
            ],
            [
              20.7004249,
              41.9864414
            ],
            [
              20.7011952,
              41.9873528
            ],
            [
              20.7015403,
              41.987417
            ],
            [
              20.7012999,
              41.9877238
            ],
            [
              20.7010473,
              41.9880399
            ],
            [
              20.700998,
              41.9882826
            ],
            [
              20.7015526,
              41.9882048
            ],
            [
              20.7012014,
              41.9888277
            ],
            [
              20.7011705,
              41.9889651
            ],
            [
              20.7012137,
              41.989762
            ],
            [
              20.7013616,
              41.9898628
            ],
            [
              20.7020579,
              41.9901192
            ],
            [
              20.7024215,
              41.9906826
            ],
            [
              20.702403,
              41.9907696
            ],
            [
              20.7024584,
              41.9909803
            ],
            [
              20.702329,
              41.9912368
            ],
            [
              20.7022181,
              41.9915757
            ],
            [
              20.7022181,
              41.991878
            ],
            [
              20.7023352,
              41.9922214
            ],
            [
              20.702329,
              41.99251
            ],
            [
              20.7021811,
              41.9927069
            ],
            [
              20.7019162,
              41.9929084
            ],
            [
              20.7017436,
              41.9933252
            ],
            [
              20.7014355,
              41.9934488
            ],
            [
              20.7009179,
              41.993458
            ],
            [
              20.700807,
              41.9936183
            ],
            [
              20.7008131,
              41.9938977
            ],
            [
              20.7010103,
              41.994145
            ],
            [
              20.701417,
              41.9942091
            ],
            [
              20.7018361,
              41.9944564
            ],
            [
              20.7013246,
              41.9951113
            ],
            [
              20.7009117,
              41.9948869
            ],
            [
              20.7005112,
              41.9952212
            ],
            [
              20.7002894,
              41.9955235
            ],
            [
              20.7006837,
              41.9958715
            ],
            [
              20.7009241,
              41.9960364
            ],
            [
              20.7008624,
              41.9964348
            ],
            [
              20.6998642,
              41.9962562
            ],
            [
              20.6993404,
              41.9962287
            ],
            [
              20.698946,
              41.9963066
            ],
            [
              20.6983853,
              41.9966042
            ],
            [
              20.6979046,
              41.9969019
            ],
            [
              20.6973747,
              41.9971446
            ],
            [
              20.6971837,
              41.9974927
            ],
            [
              20.6966375,
              41.997673
            ],
            [
              20.696321,
              41.9977262
            ],
            [
              20.6960437,
              41.9975934
            ],
            [
              20.6956801,
              41.9972042
            ],
            [
              20.6951687,
              41.9970943
            ],
            [
              20.6946572,
              41.996934
            ],
            [
              20.6941704,
              41.9972683
            ],
            [
              20.6935172,
              41.9977171
            ],
            [
              20.6930735,
              41.9979918
            ],
            [
              20.6923896,
              41.9981933
            ],
            [
              20.6920198,
              41.9986101
            ],
            [
              20.6921246,
              41.9987795
            ],
            [
              20.6921554,
              41.9990589
            ],
            [
              20.6918288,
              41.9993657
            ],
            [
              20.6913605,
              41.9994298
            ],
            [
              20.6905902,
              41.9994298
            ],
            [
              20.6899309,
              41.9994481
            ],
            [
              20.6892592,
              41.9997641
            ],
            [
              20.6888217,
              42.0002815
            ],
            [
              20.6884212,
              42.0006708
            ],
            [
              20.6878419,
              42.0011012
            ],
            [
              20.6874784,
              42.0014264
            ],
            [
              20.6872565,
              42.0016416
            ],
            [
              20.686856,
              42.0018705
            ],
            [
              20.6864493,
              42.0019942
            ],
            [
              20.685981,
              42.0020949
            ],
            [
              20.6857591,
              42.0023788
            ],
            [
              20.6856359,
              42.0026398
            ],
            [
              20.6854264,
              42.0027497
            ],
            [
              20.6850631,
              42.0028088
            ],
            [
              20.6850936,
              42.0031023
            ],
            [
              20.6851553,
              42.003226
            ],
            [
              20.6850998,
              42.0033725
            ],
            [
              20.6848287,
              42.0035648
            ],
            [
              20.6846007,
              42.003693
            ],
            [
              20.6842926,
              42.0039449
            ],
            [
              20.6839598,
              42.0040868
            ],
            [
              20.6838422,
              42.0043319
            ],
            [
              20.683769,
              42.0045675
            ],
            [
              20.6836389,
              42.0048092
            ],
            [
              20.6832405,
              42.0050086
            ],
            [
              20.6826388,
              42.0051234
            ],
            [
              20.6818095,
              42.0053047
            ],
            [
              20.6812891,
              42.0054618
            ],
            [
              20.6806467,
              42.0055947
            ],
            [
              20.6803296,
              42.0057397
            ],
            [
              20.6799556,
              42.0059814
            ],
            [
              20.6798011,
              42.0061626
            ],
            [
              20.6797117,
              42.0063862
            ],
            [
              20.6794677,
              42.0066883
            ],
            [
              20.6791913,
              42.0069662
            ],
            [
              20.6788823,
              42.0073408
            ],
            [
              20.6787034,
              42.007232
            ],
            [
              20.6758251,
              42.004634
            ],
            [
              20.6754429,
              42.0040963
            ],
            [
              20.6753697,
              42.0037519
            ],
            [
              20.6753372,
              42.0033954
            ],
            [
              20.6741989,
              42.00377
            ],
            [
              20.673955,
              42.0036733
            ],
            [
              20.6737517,
              42.00348
            ],
            [
              20.6733289,
              42.0035766
            ],
            [
              20.6726459,
              42.0037881
            ],
            [
              20.672467,
              42.0041023
            ],
            [
              20.6726378,
              42.0041567
            ],
            [
              20.6726215,
              42.0043017
            ],
            [
              20.6724264,
              42.0043802
            ],
            [
              20.6723776,
              42.0045555
            ],
            [
              20.6726865,
              42.004918
            ],
            [
              20.6724589,
              42.0050146
            ],
            [
              20.6719954,
              42.004924
            ],
            [
              20.6716376,
              42.005063
            ],
            [
              20.6714262,
              42.0053772
            ],
            [
              20.6711417,
              42.0054618
            ],
            [
              20.6708164,
              42.0054013
            ],
            [
              20.6704017,
              42.0050992
            ],
            [
              20.6696049,
              42.004773
            ],
            [
              20.6688975,
              42.0044104
            ],
            [
              20.6691089,
              42.0036068
            ],
            [
              20.6694748,
              42.0031416
            ],
            [
              20.6691821,
              42.0026522
            ],
            [
              20.6690357,
              42.0023199
            ],
            [
              20.6686455,
              42.0020057
            ],
            [
              20.6680926,
              42.0019452
            ],
            [
              20.6676291,
              42.0019513
            ],
            [
              20.6672551,
              42.0020359
            ],
            [
              20.6670274,
              42.0019573
            ],
            [
              20.6668973,
              42.0016431
            ],
            [
              20.6671819,
              42.0012987
            ],
            [
              20.6670274,
              42.0009785
            ],
            [
              20.6671819,
              42.0007307
            ],
            [
              20.6674746,
              42.000767
            ],
            [
              20.6676454,
              42.0006884
            ],
            [
              20.6673039,
              42.0003621
            ],
            [
              20.666816,
              41.9998304
            ],
            [
              20.6672469,
              41.9994558
            ],
            [
              20.6674096,
              41.9991597
            ],
            [
              20.6668323,
              41.9992262
            ],
            [
              20.6663038,
              41.9993289
            ],
            [
              20.6662631,
              41.9984467
            ],
            [
              20.6664013,
              41.9976551
            ],
            [
              20.6666209,
              41.9971475
            ],
            [
              20.6667591,
              41.9966822
            ],
            [
              20.6665152,
              41.9966278
            ],
            [
              20.6661737,
              41.9968756
            ],
            [
              20.6659948,
              41.997081
            ],
            [
              20.6657021,
              41.9970689
            ],
            [
              20.6652793,
              41.9967789
            ],
            [
              20.664458,
              41.9965855
            ],
            [
              20.663092,
              41.9965311
            ],
            [
              20.6615634,
              41.9961988
            ],
            [
              20.6618155,
              41.9960235
            ],
            [
              20.6614658,
              41.995812
            ],
            [
              20.6607991,
              41.9951896
            ],
            [
              20.6602056,
              41.9951654
            ],
            [
              20.6604576,
              41.9947485
            ],
            [
              20.6598966,
              41.9943194
            ],
            [
              20.6596689,
              41.9941442
            ],
            [
              20.6594494,
              41.9942107
            ],
            [
              20.6594494,
              41.994398
            ],
            [
              20.6594656,
              41.9946397
            ],
            [
              20.6592461,
              41.9947908
            ],
            [
              20.6588396,
              41.9948331
            ],
            [
              20.6585143,
              41.9946458
            ],
            [
              20.6579208,
              41.9943134
            ],
            [
              20.6576768,
              41.9941261
            ],
            [
              20.6574817,
              41.9939206
            ],
            [
              20.6580752,
              41.9937695
            ],
            [
              20.6578476,
              41.9917934
            ],
            [
              20.6584737,
              41.9911105
            ],
            [
              20.6590022,
              41.9907177
            ],
            [
              20.6585306,
              41.9905908
            ],
            [
              20.6582704,
              41.9903068
            ],
            [
              20.6578476,
              41.9899441
            ],
            [
              20.6575711,
              41.9899441
            ],
            [
              20.6566767,
              41.9902886
            ],
            [
              20.6561807,
              41.9899441
            ],
            [
              20.6559775,
              41.9896057
            ],
            [
              20.6552457,
              41.9893519
            ],
            [
              20.6547741,
              41.9892552
            ],
            [
              20.6546277,
              41.9888019
            ],
            [
              20.6541887,
              41.9884091
            ],
            [
              20.6537333,
              41.9881613
            ],
            [
              20.6536032,
              41.9874542
            ],
            [
              20.6532943,
              41.9874179
            ],
            [
              20.6530991,
              41.9877685
            ],
            [
              20.6529284,
              41.9874844
            ],
            [
              20.6519039,
              41.9866987
            ],
            [
              20.6508468,
              41.9857015
            ],
            [
              20.6499362,
              41.9849521
            ],
            [
              20.6494727,
              41.9844867
            ],
            [
              20.6485295,
              41.9839246
            ],
            [
              20.6480579,
              41.9837977
            ],
            [
              20.6478628,
              41.9835741
            ],
            [
              20.6476026,
              41.9831087
            ],
            [
              20.652904,
              41.9820751
            ],
            [
              20.6549427,
              41.980492
            ],
            [
              20.655449,
              41.9805943
            ],
            [
              20.6561401,
              41.9805762
            ],
            [
              20.6571183,
              41.9804341
            ],
            [
              20.6577814,
              41.980198
            ],
            [
              20.6586862,
              41.9801638
            ],
            [
              20.6595063,
              41.9802498
            ],
            [
              20.6601405,
              41.9803223
            ],
            [
              20.6612219,
              41.980419
            ],
            [
              20.6617179,
              41.9805399
            ],
            [
              20.662653,
              41.9807514
            ],
            [
              20.6628075,
              41.9804432
            ],
            [
              20.6632221,
              41.9805338
            ],
            [
              20.6635148,
              41.9806547
            ],
            [
              20.6635962,
              41.9803888
            ],
            [
              20.6632826,
              41.9801633
            ],
            [
              20.6631571,
              41.9798387
            ],
            [
              20.6631815,
              41.9795184
            ],
            [
              20.6634417,
              41.9792706
            ],
            [
              20.6634498,
              41.9787991
            ],
            [
              20.663092,
              41.9786782
            ],
            [
              20.6626692,
              41.9791739
            ],
            [
              20.6622708,
              41.978914
            ],
            [
              20.6625229,
              41.9785755
            ],
            [
              20.6622708,
              41.9783035
            ],
            [
              20.6626494,
              41.9779775
            ],
            [
              20.6628969,
              41.9780133
            ],
            [
              20.663092,
              41.977832
            ],
            [
              20.6629538,
              41.9774814
            ],
            [
              20.66284,
              41.9771671
            ],
            [
              20.6629619,
              41.9768346
            ],
            [
              20.6629457,
              41.9762543
            ],
            [
              20.663092,
              41.9758252
            ],
            [
              20.6631815,
              41.9755229
            ],
            [
              20.6641247,
              41.9756559
            ],
            [
              20.6644174,
              41.9755834
            ],
            [
              20.664767,
              41.9754081
            ],
            [
              20.6653524,
              41.9754262
            ],
            [
              20.6654988,
              41.9755531
            ],
            [
              20.666011,
              41.9755531
            ],
            [
              20.6661981,
              41.9755955
            ],
            [
              20.6667103,
              41.975529
            ],
            [
              20.6668404,
              41.9753778
            ],
            [
              20.6670274,
              41.9755773
            ],
            [
              20.6685235,
              41.9755773
            ],
            [
              20.6692878,
              41.9754202
            ],
            [
              20.6702635,
              41.9753174
            ],
            [
              20.6707693,
              41.9746059
            ],
            [
              20.6712467,
              41.9747973
            ],
            [
              20.6718797,
              41.975216
            ],
            [
              20.6720675,
              41.9750206
            ],
            [
              20.6726093,
              41.9752878
            ],
            [
              20.6729687,
              41.9752918
            ],
            [
              20.6732637,
              41.9754473
            ],
            [
              20.6734407,
              41.9756348
            ],
            [
              20.6736929,
              41.9756627
            ],
            [
              20.6741864,
              41.9754992
            ],
            [
              20.6748194,
              41.9753516
            ],
            [
              20.6748838,
              41.9756747
            ],
            [
              20.6749911,
              41.9758621
            ],
            [
              20.6752915,
              41.9761572
            ],
            [
              20.6757635,
              41.9763686
            ],
            [
              20.6761551,
              41.976221
            ],
            [
              20.6764287,
              41.976237
            ],
            [
              20.676713,
              41.9762131
            ],
            [
              20.676815,
              41.9763088
            ],
            [
              20.676874,
              41.9764803
            ],
            [
              20.6771905,
              41.9765361
            ],
            [
              20.6777108,
              41.9767036
            ],
            [
              20.6779898,
              41.9768511
            ],
            [
              20.6782151,
              41.9771024
            ],
            [
              20.6784726,
              41.9771462
            ],
            [
              20.6788266,
              41.9770146
            ],
            [
              20.6793416,
              41.9769189
            ],
            [
              20.6799853,
              41.9767315
            ],
            [
              20.6801731,
              41.9765361
            ],
            [
              20.6800712,
              41.9761811
            ],
            [
              20.6798244,
              41.9760456
            ],
            [
              20.6795401,
              41.975898
            ],
            [
              20.679288,
              41.975894
            ],
            [
              20.6789929,
              41.9757265
            ],
            [
              20.678832,
              41.9754793
            ],
            [
              20.6788642,
              41.974905
            ],
            [
              20.6786979,
              41.974554
            ],
            [
              20.6787408,
              41.9743706
            ],
            [
              20.6789983,
              41.9743666
            ],
            [
              20.6795508,
              41.974231
            ],
            [
              20.6800282,
              41.9740994
            ],
            [
              20.6799263,
              41.9738282
            ],
            [
              20.6802643,
              41.9736686
            ],
            [
              20.6808866,
              41.9734852
            ],
            [
              20.6812352,
              41.9732499
            ],
            [
              20.6811977,
              41.9730106
            ],
            [
              20.6816054,
              41.9727115
            ],
            [
              20.6820667,
              41.972536
            ],
            [
              20.6825334,
              41.9723286
            ],
            [
              20.6828768,
              41.9720055
            ],
            [
              20.6828821,
              41.9717463
            ],
            [
              20.682925,
              41.971495
            ],
            [
              20.6832093,
              41.9715309
            ],
            [
              20.6833864,
              41.9715987
            ],
            [
              20.6832684,
              41.971846
            ],
            [
              20.683322,
              41.9720095
            ],
            [
              20.6834668,
              41.9721092
            ],
            [
              20.6837619,
              41.9720494
            ],
            [
              20.684014,
              41.971846
            ],
            [
              20.6841535,
              41.9717343
            ],
            [
              20.6842393,
              41.9715389
            ],
            [
              20.684293,
              41.9713594
            ],
            [
              20.6840569,
              41.9712677
            ],
            [
              20.6846792,
              41.9703025
            ],
            [
              20.684191,
              41.9701749
            ],
            [
              20.6838799,
              41.9701589
            ],
            [
              20.6837726,
              41.9700552
            ],
            [
              20.6833113,
              41.9697721
            ],
            [
              20.6828714,
              41.9695816
            ],
            [
              20.6828645,
              41.9693417
            ],
            [
              20.6828421,
              41.9692143
            ],
            [
              20.6820304,
              41.9680423
            ],
            [
              20.6818332,
              41.9675842
            ],
            [
              20.6818517,
              41.9674009
            ],
            [
              20.6816545,
              41.9673047
            ],
            [
              20.6813464,
              41.9673184
            ],
            [
              20.6815582,
              41.9669596
            ],
            [
              20.6809158,
              41.9668482
            ],
            [
              20.6799007,
              41.9663582
            ],
            [
              20.6793937,
              41.9659316
            ],
            [
              20.6790486,
              41.9658033
            ],
            [
              20.6777669,
              41.9642638
            ],
            [
              20.6781983,
              41.9642455
            ],
            [
              20.6790363,
              41.9636269
            ],
            [
              20.678722,
              41.9630037
            ],
            [
              20.6789192,
              41.9629029
            ],
            [
              20.6788699,
              41.9626922
            ],
            [
              20.6783708,
              41.9622752
            ],
            [
              20.6785803,
              41.9620965
            ],
            [
              20.6784756,
              41.9620094
            ],
            [
              20.6779887,
              41.9617254
            ],
            [
              20.6780689,
              41.9615237
            ],
            [
              20.6779456,
              41.9613634
            ],
            [
              20.67781,
              41.9608273
            ],
            [
              20.6777608,
              41.9606394
            ],
            [
              20.677693,
              41.9603828
            ],
            [
              20.6771199,
              41.9605248
            ],
            [
              20.6769289,
              41.9603324
            ],
            [
              20.677391,
              41.9600483
            ],
            [
              20.6763804,
              41.959338
            ],
            [
              20.6756595,
              41.9592785
            ],
            [
              20.6764071,
              41.9572084
            ],
            [
              20.6767719,
              41.9568813
            ],
            [
              20.6775122,
              41.9565861
            ],
            [
              20.6780847,
              41.9563824
            ],
            [
              20.6786229,
              41.9560629
            ],
            [
              20.6791402,
              41.9557558
            ],
            [
              20.6792288,
              41.9552616
            ],
            [
              20.6797008,
              41.9552616
            ],
            [
              20.6799798,
              41.9549904
            ],
            [
              20.6801836,
              41.9545356
            ],
            [
              20.6801836,
              41.9541925
            ],
            [
              20.680248,
              41.9539052
            ],
            [
              20.6805299,
              41.9536321
            ],
            [
              20.6809975,
              41.9537228
            ],
            [
              20.6817699,
              41.9537802
            ],
            [
              20.6825789,
              41.9538074
            ],
            [
              20.6831643,
              41.9536018
            ],
            [
              20.6835262,
              41.9535504
            ],
            [
              20.6838067,
              41.9533025
            ],
            [
              20.6842051,
              41.9528702
            ],
            [
              20.6846035,
              41.9525255
            ],
            [
              20.6848027,
              41.9520024
            ],
            [
              20.6850467,
              41.9517605
            ],
            [
              20.6852825,
              41.9514975
            ],
            [
              20.6849816,
              41.9507718
            ],
            [
              20.6849017,
              41.9505029
            ],
            [
              20.6844681,
              41.9504883
            ],
            [
              20.6843463,
              41.9499908
            ],
            [
              20.6841441,
              41.9498013
            ],
            [
              20.6839088,
              41.9496136
            ],
            [
              20.6839145,
              41.9493711
            ],
            [
              20.6840833,
              41.9491579
            ],
            [
              20.6845538,
              41.9491086
            ],
            [
              20.6850304,
              41.9491844
            ],
            [
              20.6860756,
              41.9492535
            ],
            [
              20.6867501,
              41.9498345
            ],
            [
              20.6875469,
              41.9500583
            ],
            [
              20.6875794,
              41.950149
            ],
            [
              20.6874941,
              41.9503516
            ],
            [
              20.6872786,
              41.9504544
            ],
            [
              20.6875022,
              41.951558
            ],
            [
              20.68786,
              41.9519208
            ],
            [
              20.6885023,
              41.9515277
            ],
            [
              20.6891406,
              41.951183
            ],
            [
              20.6895593,
              41.9507809
            ],
            [
              20.6901,
              41.9508293
            ],
            [
              20.690157,
              41.9506751
            ],
            [
              20.6903887,
              41.9504665
            ],
            [
              20.6905472,
              41.950282
            ],
            [
              20.6908278,
              41.9502427
            ],
            [
              20.6909619,
              41.9502971
            ],
            [
              20.6911083,
              41.9504846
            ],
            [
              20.6912993,
              41.9505813
            ],
            [
              20.691962,
              41.9505602
            ],
            [
              20.6926938,
              41.9500492
            ],
            [
              20.6931166,
              41.9501157
            ],
            [
              20.6932589,
              41.9504665
            ],
            [
              20.6949908,
              41.9499797
            ],
            [
              20.6956128,
              41.9496531
            ],
            [
              20.6956494,
              41.9491784
            ],
            [
              20.6954339,
              41.9487581
            ],
            [
              20.6951981,
              41.9481745
            ],
            [
              20.6947672,
              41.9477059
            ],
            [
              20.6949136,
              41.9474126
            ],
            [
              20.6951331,
              41.947337
            ],
            [
              20.6955234,
              41.9472251
            ],
            [
              20.6953282,
              41.9471525
            ],
            [
              20.6947794,
              41.9468441
            ],
            [
              20.6946127,
              41.9470225
            ],
            [
              20.6945314,
              41.9471011
            ],
            [
              20.6942631,
              41.9470709
            ],
            [
              20.6939582,
              41.9471283
            ],
            [
              20.693824,
              41.9472674
            ],
            [
              20.6937386,
              41.9474882
            ],
            [
              20.6934419,
              41.9474095
            ],
            [
              20.693019,
              41.9472251
            ],
            [
              20.6925109,
              41.9468048
            ],
            [
              20.692023,
              41.9466869
            ],
            [
              20.6916165,
              41.9463573
            ],
            [
              20.6910961,
              41.9461396
            ],
            [
              20.6906245,
              41.9460579
            ],
            [
              20.6902261,
              41.9459339
            ],
            [
              20.6899496,
              41.9454592
            ],
            [
              20.6899049,
              41.9450449
            ],
            [
              20.6899334,
              41.9445883
            ],
            [
              20.6899293,
              41.9441287
            ],
            [
              20.6897504,
              41.943787
            ],
            [
              20.6897341,
              41.9433032
            ],
            [
              20.6897911,
              41.9429373
            ],
            [
              20.6896732,
              41.9424988
            ],
            [
              20.6895756,
              41.9421057
            ],
            [
              20.6894455,
              41.9417428
            ],
            [
              20.6892463,
              41.9416793
            ],
            [
              20.6890105,
              41.9417307
            ],
            [
              20.6887503,
              41.9419122
            ],
            [
              20.68836,
              41.9419696
            ],
            [
              20.6880714,
              41.9419001
            ],
            [
              20.6877827,
              41.9417247
            ],
            [
              20.6875916,
              41.9417126
            ],
            [
              20.6871282,
              41.9417065
            ],
            [
              20.6868192,
              41.9415342
            ],
            [
              20.6865712,
              41.9413951
            ],
            [
              20.6861647,
              41.9412801
            ],
            [
              20.6859004,
              41.9411864
            ],
            [
              20.6857175,
              41.9410957
            ],
            [
              20.6854451,
              41.9410412
            ],
            [
              20.685132,
              41.9410261
            ],
            [
              20.6847987,
              41.9409747
            ],
            [
              20.684981,
              41.9404151
            ],
            [
              20.6842783,
              41.9402754
            ],
            [
              20.6840906,
              41.9401996
            ],
            [
              20.6837316,
              41.9400465
            ],
            [
              20.6834629,
              41.9400639
            ],
            [
              20.6831625,
              41.9401517
            ],
            [
              20.6832805,
              41.9398485
            ],
            [
              20.6832591,
              41.9397567
            ],
            [
              20.6830123,
              41.9396729
            ],
            [
              20.682787,
              41.9397487
            ],
            [
              20.6825134,
              41.9399482
            ],
            [
              20.6824061,
              41.9401318
            ],
            [
              20.6822023,
              41.9402156
            ],
            [
              20.6818268,
              41.9403313
            ],
            [
              20.681344,
              41.9403433
            ],
            [
              20.6807271,
              41.9402076
            ],
            [
              20.680373,
              41.9398285
            ],
            [
              20.6800243,
              41.9397806
            ],
            [
              20.6800833,
              41.939234
            ],
            [
              20.6797561,
              41.9392659
            ],
            [
              20.6795254,
              41.9394814
            ],
            [
              20.6794932,
              41.9397168
            ],
            [
              20.6794396,
              41.9401158
            ],
            [
              20.6791982,
              41.9403752
            ],
            [
              20.6790802,
              41.9405228
            ],
            [
              20.678871,
              41.9405308
            ],
            [
              20.6789353,
              41.9403273
            ],
            [
              20.6791124,
              41.9401996
            ],
            [
              20.6789675,
              41.9401158
            ],
            [
              20.678871,
              41.9398006
            ],
            [
              20.6787369,
              41.9394255
            ],
            [
              20.6787905,
              41.9389985
            ],
            [
              20.6787208,
              41.9387032
            ],
            [
              20.6783453,
              41.9388309
            ],
            [
              20.6781253,
              41.9390065
            ],
            [
              20.6779268,
              41.9394933
            ],
            [
              20.6776533,
              41.9396689
            ],
            [
              20.6773908,
              41.9397868
            ],
            [
              20.6773368,
              41.9399363
            ],
            [
              20.6768808,
              41.9400639
            ],
            [
              20.6763658,
              41.9400759
            ],
            [
              20.6758937,
              41.9402714
            ],
            [
              20.6758562,
              41.940459
            ],
            [
              20.675824,
              41.9405747
            ],
            [
              20.6756952,
              41.9406026
            ],
            [
              20.6755236,
              41.9405907
            ],
            [
              20.6751534,
              41.9404789
            ],
            [
              20.6749496,
              41.9403752
            ],
            [
              20.6746545,
              41.9405029
            ],
            [
              20.673807,
              41.9401916
            ],
            [
              20.672836,
              41.9401477
            ],
            [
              20.6720635,
              41.9401956
            ],
            [
              20.6716934,
              41.9402435
            ],
            [
              20.670996,
              41.9403712
            ],
            [
              20.6708136,
              41.9403632
            ],
            [
              20.6706205,
              41.9404191
            ],
            [
              20.6703201,
              41.9405228
            ],
            [
              20.6697622,
              41.9406146
            ],
            [
              20.6693652,
              41.9406585
            ],
            [
              20.6690755,
              41.9405747
            ],
            [
              20.6689575,
              41.9400639
            ],
            [
              20.6689844,
              41.9399402
            ],
            [
              20.6688127,
              41.9398844
            ],
            [
              20.6690165,
              41.9395811
            ],
            [
              20.6690058,
              41.9394095
            ],
            [
              20.6688717,
              41.9393178
            ],
            [
              20.6690809,
              41.9389826
            ],
            [
              20.669848,
              41.9388349
            ],
            [
              20.6702343,
              41.9384159
            ],
            [
              20.6693706,
              41.9383321
            ],
            [
              20.6690916,
              41.9383162
            ],
            [
              20.6691721,
              41.9380329
            ],
            [
              20.6695476,
              41.9379451
            ],
            [
              20.6697837,
              41.9376857
            ],
            [
              20.6699446,
              41.9373305
            ],
            [
              20.6702772,
              41.9370273
            ],
            [
              20.6701216,
              41.9369036
            ],
            [
              20.6699875,
              41.9369594
            ],
            [
              20.6696978,
              41.9366881
            ],
            [
              20.6699553,
              41.9364367
            ],
            [
              20.669671,
              41.936285
            ],
            [
              20.669392,
              41.9362691
            ],
            [
              20.6690755,
              41.9361414
            ],
            [
              20.6688771,
              41.93587
            ],
            [
              20.6686035,
              41.9358022
            ],
            [
              20.6684479,
              41.93587
            ],
            [
              20.6684372,
              41.9360496
            ],
            [
              20.6681153,
              41.9360137
            ],
            [
              20.6675145,
              41.9362491
            ],
            [
              20.667536,
              41.9364367
            ],
            [
              20.6670049,
              41.9369674
            ],
            [
              20.6666347,
              41.9369395
            ],
            [
              20.6660876,
              41.9369195
            ],
            [
              20.6657818,
              41.9368237
            ],
            [
              20.6655243,
              41.9371629
            ],
            [
              20.6651381,
              41.9370273
            ],
            [
              20.6652293,
              41.9368118
            ],
            [
              20.6653634,
              41.9363449
            ],
            [
              20.6649879,
              41.936305
            ],
            [
              20.6653498,
              41.9360573
            ],
            [
              20.6657438,
              41.9360209
            ],
            [
              20.6655297,
              41.93587
            ],
            [
              20.6651971,
              41.9356306
            ],
            [
              20.664843,
              41.9354989
            ],
            [
              20.6646457,
              41.9356655
            ],
            [
              20.6644192,
              41.9355947
            ],
            [
              20.6641617,
              41.9354071
            ],
            [
              20.6638989,
              41.9352076
            ],
            [
              20.6633517,
              41.9351198
            ],
            [
              20.6632069,
              41.9349083
            ],
            [
              20.6628582,
              41.9347646
            ],
            [
              20.6629118,
              41.9345651
            ],
            [
              20.6629065,
              41.9339904
            ],
            [
              20.6628314,
              41.9334198
            ],
            [
              20.6631264,
              41.9335115
            ],
            [
              20.6635341,
              41.9329568
            ],
            [
              20.6636521,
              41.93247
            ],
            [
              20.6635448,
              41.9321547
            ],
            [
              20.663738,
              41.9317277
            ],
            [
              20.6640062,
              41.9313086
            ],
            [
              20.6645587,
              41.9309175
            ],
            [
              20.6650576,
              41.9303428
            ],
            [
              20.6649235,
              41.930287
            ],
            [
              20.6653312,
              41.9301233
            ],
            [
              20.6656584,
              41.9297841
            ],
            [
              20.6656048,
              41.9295646
            ],
            [
              20.6652346,
              41.9294768
            ],
            [
              20.6647465,
              41.9295526
            ],
            [
              20.6642959,
              41.9297163
            ],
            [
              20.6636897,
              41.9299278
            ],
            [
              20.6634215,
              41.9299398
            ],
            [
              20.6631532,
              41.9300515
            ],
            [
              20.662767,
              41.9303508
            ],
            [
              20.6623486,
              41.9305184
            ],
            [
              20.6617317,
              41.9307499
            ],
            [
              20.6613132,
              41.9309175
            ],
            [
              20.6610826,
              41.9309455
            ],
            [
              20.6606856,
              41.9309535
            ],
            [
              20.6604013,
              41.9310812
            ],
            [
              20.6598219,
              41.9312488
            ],
            [
              20.6592211,
              41.9313286
            ],
            [
              20.6584272,
              41.9317237
            ],
            [
              20.6582716,
              41.9319751
            ],
            [
              20.6584164,
              41.9324301
            ],
            [
              20.6583628,
              41.9327453
            ],
            [
              20.6581321,
              41.9328172
            ],
            [
              20.6574938,
              41.9327254
            ],
            [
              20.6568715,
              41.9327014
            ],
            [
              20.6564423,
              41.932438
            ],
            [
              20.6558201,
              41.9317037
            ],
            [
              20.6553265,
              41.9313645
            ],
            [
              20.6540391,
              41.9309016
            ],
            [
              20.6532612,
              41.9306062
            ],
            [
              20.6522045,
              41.930263
            ],
            [
              20.6519255,
              41.9301194
            ],
            [
              20.6515124,
              41.9295247
            ],
            [
              20.6515822,
              41.9291775
            ],
            [
              20.6516895,
              41.9288542
            ],
            [
              20.6518665,
              41.9286068
            ],
            [
              20.6516626,
              41.9282117
            ],
            [
              20.6513408,
              41.9277088
            ],
            [
              20.6511745,
              41.9274973
            ],
            [
              20.6508258,
              41.9274095
            ],
            [
              20.6506434,
              41.9273496
            ],
            [
              20.6504878,
              41.9271381
            ],
            [
              20.6502894,
              41.926711
            ],
            [
              20.6501552,
              41.9265115
            ],
            [
              20.6498387,
              41.9262281
            ],
            [
              20.6497261,
              41.9260285
            ],
            [
              20.6497368,
              41.9256334
            ],
            [
              20.6496939,
              41.9252183
            ],
            [
              20.649415,
              41.9250148
            ],
            [
              20.649195,
              41.9249908
            ],
            [
              20.648798,
              41.9251904
            ],
            [
              20.6486264,
              41.9255536
            ],
            [
              20.6484118,
              41.9257492
            ],
            [
              20.6480363,
              41.9262042
            ],
            [
              20.6478164,
              41.9265195
            ],
            [
              20.6463465,
              41.9259767
            ],
            [
              20.6455365,
              41.9256773
            ],
            [
              20.6451768,
              41.9252135
            ],
            [
              20.6437579,
              41.9257247
            ],
            [
              20.6434449,
              41.9256582
            ],
            [
              20.6430749,
              41.9256128
            ],
            [
              20.6427212,
              41.9255795
            ],
            [
              20.6424773,
              41.9257519
            ],
            [
              20.6421642,
              41.926009
            ],
            [
              20.6418837,
              41.9262026
            ],
            [
              20.6414894,
              41.9262419
            ],
            [
              20.6413877,
              41.9262359
            ],
            [
              20.6411357,
              41.9263266
            ],
            [
              20.6407576,
              41.9266866
            ],
            [
              20.6405746,
              41.9268469
            ],
            [
              20.6403104,
              41.9268801
            ],
            [
              20.6400665,
              41.9268408
            ],
            [
              20.63942,
              41.9267501
            ],
            [
              20.6392005,
              41.9266926
            ],
            [
              20.6389525,
              41.9267319
            ],
            [
              20.6388346,
              41.9268197
            ],
            [
              20.6385907,
              41.9268832
            ],
            [
              20.6383183,
              41.9269346
            ],
            [
              20.6381638,
              41.9271372
            ],
            [
              20.6378223,
              41.9272008
            ],
            [
              20.6371515,
              41.9274246
            ],
            [
              20.6368019,
              41.9275607
            ],
            [
              20.6364766,
              41.9279781
            ],
            [
              20.6362937,
              41.9283017
            ],
            [
              20.6361026,
              41.9282927
            ],
            [
              20.6358546,
              41.9284076
            ],
            [
              20.6355375,
              41.9286798
            ],
            [
              20.6352367,
              41.9286859
            ],
            [
              20.6349562,
              41.929076
            ],
            [
              20.6341992,
              41.9293986
            ],
            [
              20.6337617,
              41.9294216
            ],
            [
              20.6334906,
              41.9296531
            ],
            [
              20.6332503,
              41.9298387
            ],
            [
              20.633278,
              41.9300382
            ],
            [
              20.6334166,
              41.9301207
            ],
            [
              20.6334197,
              41.9302743
            ],
            [
              20.6334567,
              41.9304003
            ],
            [
              20.6334345,
              41.9305455
            ],
            [
              20.6333085,
              41.9305909
            ],
            [
              20.6331825,
              41.9305939
            ],
            [
              20.6329182,
              41.9306211
            ],
            [
              20.6327637,
              41.9306574
            ],
            [
              20.6326784,
              41.9307421
            ],
            [
              20.6323043,
              41.9312442
            ],
            [
              20.6322759,
              41.9317674
            ],
            [
              20.6321905,
              41.9321092
            ],
            [
              20.6318206,
              41.932085
            ],
            [
              20.6315807,
              41.9322029
            ],
            [
              20.6312392,
              41.932333
            ],
            [
              20.6308489,
              41.9323299
            ],
            [
              20.6305603,
              41.9322937
            ],
            [
              20.6303976,
              41.9322513
            ],
            [
              20.6302432,
              41.932333
            ],
            [
              20.629983,
              41.9323541
            ],
            [
              20.6298407,
              41.9323088
            ],
            [
              20.6296577,
              41.932333
            ],
            [
              20.6294138,
              41.9324449
            ],
            [
              20.6289585,
              41.9325326
            ],
            [
              20.6286495,
              41.9326082
            ],
            [
              20.6284056,
              41.932835
            ],
            [
              20.6281404,
              41.9330146
            ],
            [
              20.6278998,
              41.9336887
            ],
            [
              20.627868,
              41.9338816
            ],
            [
              20.6280945,
              41.9339737
            ],
            [
              20.6283423,
              41.933979
            ],
            [
              20.6286395,
              41.9340501
            ],
            [
              20.6292164,
              41.9341317
            ],
            [
              20.6294111,
              41.934158
            ],
            [
              20.629542,
              41.9341554
            ],
            [
              20.6296128,
              41.9342344
            ],
            [
              20.6298181,
              41.9343028
            ],
            [
              20.6300198,
              41.934395
            ],
            [
              20.630172,
              41.9343634
            ],
            [
              20.6310851,
              41.9353007
            ],
            [
              20.6322955,
              41.9358746
            ],
            [
              20.632745,
              41.9359194
            ],
            [
              20.6331874,
              41.9360563
            ],
            [
              20.6336263,
              41.9362511
            ],
            [
              20.6337254,
              41.9363775
            ],
            [
              20.6336581,
              41.9364565
            ],
            [
              20.6336546,
              41.9366803
            ],
            [
              20.6332653,
              41.936625
            ],
            [
              20.6327733,
              41.9365855
            ],
            [
              20.6321646,
              41.9365565
            ],
            [
              20.6318248,
              41.936933
            ],
            [
              20.6313364,
              41.937299
            ],
            [
              20.631071,
              41.9372252
            ],
            [
              20.6305578,
              41.9370725
            ],
            [
              20.6301791,
              41.9371041
            ],
            [
              20.6297792,
              41.9372753
            ],
            [
              20.6296305,
              41.9374701
            ],
            [
              20.6295137,
              41.9378176
            ],
            [
              20.629496,
              41.9384073
            ],
            [
              20.629404,
              41.9384258
            ],
            [
              20.6290678,
              41.9385758
            ],
            [
              20.6288873,
              41.9387496
            ],
            [
              20.6288165,
              41.9388786
            ],
            [
              20.6286997,
              41.9393446
            ],
            [
              20.6288377,
              41.9393577
            ],
            [
              20.6289581,
              41.9393867
            ],
            [
              20.6289935,
              41.9395157
            ],
            [
              20.6291987,
              41.9396368
            ],
            [
              20.6293011,
              41.9399809
            ],
            [
              20.6294506,
              41.9400955
            ],
            [
              20.6293478,
              41.9402449
            ],
            [
              20.6290489,
              41.9403387
            ],
            [
              20.629105,
              41.9404915
            ],
            [
              20.6293198,
              41.9408458
            ],
            [
              20.6294552,
              41.9412592
            ],
            [
              20.6295253,
              41.9415892
            ],
            [
              20.6294786,
              41.9417907
            ],
            [
              20.6295346,
              41.9420165
            ],
            [
              20.629628,
              41.9422284
            ],
            [
              20.6289509,
              41.9423222
            ],
            [
              20.6288855,
              41.9425584
            ],
            [
              20.6289789,
              41.9428779
            ],
            [
              20.6288575,
              41.9434372
            ],
            [
              20.6293151,
              41.9436456
            ],
            [
              20.6296794,
              41.9432913
            ],
            [
              20.6298335,
              41.9432774
            ],
            [
              20.6302304,
              41.9426209
            ],
            [
              20.6304079,
              41.9431732
            ],
            [
              20.6306601,
              41.9432183
            ],
            [
              20.6308983,
              41.9433851
            ],
            [
              20.6307722,
              41.9435449
            ],
            [
              20.6307582,
              41.9437324
            ],
            [
              20.6303285,
              41.9435622
            ],
            [
              20.6299689,
              41.9436873
            ],
            [
              20.6297448,
              41.9437533
            ],
            [
              20.629572,
              41.9438748
            ],
            [
              20.6297027,
              41.9440416
            ],
            [
              20.6298615,
              41.9442361
            ],
            [
              20.6299876,
              41.9446182
            ],
            [
              20.631043,
              41.9459068
            ],
            [
              20.6313419,
              41.9459138
            ],
            [
              20.6317389,
              41.9456533
            ],
            [
              20.633359,
              41.946197
            ],
            [
              20.6334391,
              41.9459999
            ],
            [
              20.6336671,
              41.9460755
            ],
            [
              20.6338366,
              41.9461099
            ],
            [
              20.6343413,
              41.9461491
            ],
            [
              20.635179,
              41.9459786
            ],
            [
              20.6360356,
              41.9459491
            ],
            [
              20.6359702,
              41.9457477
            ],
            [
              20.6359609,
              41.9456226
            ],
            [
              20.6356246,
              41.945449
            ],
            [
              20.635188,
              41.9452336
            ],
            [
              20.6349895,
              41.9451068
            ],
            [
              20.6350923,
              41.9447786
            ],
            [
              20.6352113,
              41.9448237
            ],
            [
              20.6353491,
              41.9449314
            ],
            [
              20.6354799,
              41.9450929
            ],
            [
              20.6357437,
              41.9451589
            ],
            [
              20.6359796,
              41.9451711
            ],
            [
              20.6361594,
              41.945541
            ],
            [
              20.6365759,
              41.9457732
            ],
            [
              20.6366617,
              41.9456176
            ],
            [
              20.6370265,
              41.9457772
            ],
            [
              20.6373859,
              41.9457054
            ],
            [
              20.6373644,
              41.9456017
            ],
            [
              20.6382657,
              41.9453463
            ],
            [
              20.6375254,
              41.9449393
            ],
            [
              20.6382817,
              41.9448555
            ],
            [
              20.6380361,
              41.9437923
            ],
            [
              20.6382828,
              41.9436247
            ],
            [
              20.6382292,
              41.9434093
            ],
            [
              20.6378322,
              41.9431698
            ],
            [
              20.6373172,
              41.9429624
            ],
            [
              20.636533,
              41.9427798
            ],
            [
              20.6367012,
              41.9425923
            ],
            [
              20.6369673,
              41.9424498
            ],
            [
              20.6369673,
              41.9419219
            ],
            [
              20.6374063,
              41.9419149
            ],
            [
              20.6375558,
              41.9416822
            ],
            [
              20.63792,
              41.9415259
            ],
            [
              20.6382963,
              41.9418318
            ],
            [
              20.6382963,
              41.9420712
            ],
            [
              20.6381354,
              41.9421789
            ],
            [
              20.6379583,
              41.9421789
            ],
            [
              20.6378081,
              41.9422986
            ],
            [
              20.6384733,
              41.9424542
            ],
            [
              20.6390205,
              41.9427495
            ],
            [
              20.6393263,
              41.9429291
            ],
            [
              20.639514,
              41.9431326
            ],
            [
              20.6397286,
              41.9430927
            ],
            [
              20.6399164,
              41.9428852
            ],
            [
              20.6400505,
              41.9428054
            ],
            [
              20.6401739,
              41.9428533
            ],
            [
              20.6404153,
              41.9427774
            ],
            [
              20.641118,
              41.9422547
            ],
            [
              20.6417188,
              41.9426857
            ],
            [
              20.6420192,
              41.9427375
            ],
            [
              20.6420836,
              41.9429131
            ],
            [
              20.6420729,
              41.9431804
            ],
            [
              20.6420997,
              41.9432922
            ],
            [
              20.6422231,
              41.9433919
            ],
            [
              20.6424162,
              41.9435874
            ],
            [
              20.6428882,
              41.9439106
            ],
            [
              20.6432155,
              41.9442697
            ],
            [
              20.6448302,
              41.9439386
            ],
            [
              20.6452647,
              41.9439425
            ],
            [
              20.6453934,
              41.9438468
            ],
            [
              20.6453505,
              41.9436194
            ],
            [
              20.6462571,
              41.9435555
            ],
            [
              20.6464663,
              41.9434757
            ],
            [
              20.6467775,
              41.9434597
            ],
            [
              20.6468847,
              41.9432722
            ],
            [
              20.6468365,
              41.9429809
            ],
            [
              20.646638,
              41.9427216
            ],
            [
              20.6461069,
              41.9424183
            ],
            [
              20.6459299,
              41.9421749
            ],
            [
              20.645608,
              41.9416083
            ],
            [
              20.64549,
              41.9414886
            ],
            [
              20.6452432,
              41.9414607
            ],
            [
              20.6451949,
              41.9413889
            ],
            [
              20.6451413,
              41.9412412
            ],
            [
              20.6449375,
              41.9411135
            ],
            [
              20.644798,
              41.9410856
            ],
            [
              20.6446424,
              41.9411694
            ],
            [
              20.6445566,
              41.941317
            ],
            [
              20.6443205,
              41.9411614
            ],
            [
              20.6443796,
              41.940922
            ],
            [
              20.6447551,
              41.940918
            ],
            [
              20.6447926,
              41.9406187
            ],
            [
              20.6439129,
              41.9403833
            ],
            [
              20.6440577,
              41.9400003
            ],
            [
              20.6444922,
              41.9397249
            ],
            [
              20.6447282,
              41.9398367
            ],
            [
              20.6449965,
              41.9401
            ],
            [
              20.645785,
              41.9406227
            ],
            [
              20.6466433,
              41.9404871
            ],
            [
              20.6464127,
              41.9401798
            ],
            [
              20.6460854,
              41.9399364
            ],
            [
              20.6455812,
              41.9396092
            ],
            [
              20.6461069,
              41.9395893
            ],
            [
              20.6470403,
              41.9396172
            ],
            [
              20.6469008,
              41.9393179
            ],
            [
              20.6465843,
              41.9392421
            ],
            [
              20.6463912,
              41.9390905
            ],
            [
              20.646061,
              41.938822
            ],
            [
              20.6467258,
              41.9387311
            ],
            [
              20.647151,
              41.9388641
            ],
            [
              20.6477881,
              41.9391695
            ],
            [
              20.6481066,
              41.939496
            ],
            [
              20.6482765,
              41.9398382
            ],
            [
              20.6485242,
              41.9403173
            ],
            [
              20.6486092,
              41.9406385
            ],
            [
              20.6489843,
              41.9409755
            ],
            [
              20.6500036,
              41.9413125
            ],
            [
              20.6504637,
              41.9418179
            ],
            [
              20.6506619,
              41.9419443
            ],
            [
              20.6515826,
              41.9418934
            ],
            [
              20.6514547,
              41.9421865
            ],
            [
              20.651507,
              41.9427636
            ],
            [
              20.6515685,
              41.942922
            ],
            [
              20.6514618,
              41.9430394
            ],
            [
              20.6514689,
              41.9432553
            ],
            [
              20.6518298,
              41.9433237
            ],
            [
              20.6522262,
              41.9435554
            ],
            [
              20.6529058,
              41.9435606
            ],
            [
              20.6535357,
              41.9439186
            ],
            [
              20.6539038,
              41.9443504
            ],
            [
              20.6538755,
              41.9445504
            ],
            [
              20.6536915,
              41.9445925
            ],
            [
              20.6535924,
              41.9444293
            ],
            [
              20.6534757,
              41.9444531
            ],
            [
              20.6534154,
              41.9448821
            ],
            [
              20.6538613,
              41.9450085
            ],
            [
              20.6539109,
              41.9453875
            ],
            [
              20.6539958,
              41.9458877
            ],
            [
              20.6542719,
              41.9462194
            ],
            [
              20.6547532,
              41.9462773
            ],
            [
              20.6549585,
              41.9462036
            ],
            [
              20.6549656,
              41.945835
            ],
            [
              20.6547674,
              41.9455349
            ],
            [
              20.6552346,
              41.9454718
            ],
            [
              20.6556451,
              41.9453928
            ],
            [
              20.6553832,
              41.9457192
            ],
            [
              20.655454,
              41.9459193
            ],
            [
              20.655723,
              41.9460035
            ],
            [
              20.6563175,
              41.9456666
            ],
            [
              20.6566715,
              41.9453928
            ],
            [
              20.6570042,
              41.9455139
            ],
            [
              20.6573227,
              41.9451454
            ],
            [
              20.6571386,
              41.9449611
            ],
            [
              20.6568413,
              41.9450822
            ],
            [
              20.6562751,
              41.9449506
            ],
            [
              20.6570608,
              41.9444978
            ],
            [
              20.6579527,
              41.9443609
            ],
            [
              20.6581112,
              41.9446963
            ],
            [
              20.6582358,
              41.9449295
            ],
            [
              20.6586109,
              41.9447189
            ],
            [
              20.6590003,
              41.9447873
            ],
            [
              20.6592153,
              41.9449317
            ],
            [
              20.6594887,
              41.944761
            ],
            [
              20.6593329,
              41.9446294
            ],
            [
              20.659632,
              41.944413
            ],
            [
              20.6599317,
              41.9439148
            ],
            [
              20.6597081,
              41.9437238
            ],
            [
              20.65997,
              41.943429
            ],
            [
              20.6601894,
              41.9434869
            ],
            [
              20.6604372,
              41.9429762
            ],
            [
              20.6611309,
              41.9432553
            ],
            [
              20.6612795,
              41.9433132
            ],
            [
              20.6614281,
              41.9432131
            ],
            [
              20.661506,
              41.9430868
            ],
            [
              20.6617325,
              41.943071
            ],
            [
              20.661944,
              41.9432092
            ],
            [
              20.6620892,
              41.942969
            ],
            [
              20.6621359,
              41.9432642
            ],
            [
              20.6626962,
              41.9431426
            ],
            [
              20.6629811,
              41.9431287
            ],
            [
              20.6630792,
              41.943299
            ],
            [
              20.6632006,
              41.9434483
            ],
            [
              20.6631072,
              41.943549
            ],
            [
              20.6630325,
              41.9438096
            ],
            [
              20.6627289,
              41.943945
            ],
            [
              20.6628457,
              41.944407
            ],
            [
              20.6624441,
              41.9445321
            ],
            [
              20.6621032,
              41.9446015
            ],
            [
              20.6618883,
              41.9446884
            ],
            [
              20.6616128,
              41.944862
            ],
            [
              20.6613513,
              41.9450183
            ],
            [
              20.6613046,
              41.9451156
            ],
            [
              20.6615288,
              41.9453101
            ],
            [
              20.6610991,
              41.9454213
            ],
            [
              20.6607675,
              41.9455533
            ],
            [
              20.6606508,
              41.9458207
            ],
            [
              20.6604033,
              41.9460013
            ],
            [
              20.6599223,
              41.9461229
            ],
            [
              20.6595674,
              41.9462375
            ],
            [
              20.6588669,
              41.9468801
            ],
            [
              20.6584886,
              41.9471719
            ],
            [
              20.6580076,
              41.9476304
            ],
            [
              20.6577227,
              41.9479291
            ],
            [
              20.6572277,
              41.9481131
            ],
            [
              20.6564104,
              41.9484535
            ],
            [
              20.6561162,
              41.9487106
            ],
            [
              20.6559388,
              41.9489433
            ],
            [
              20.6554391,
              41.9490579
            ],
            [
              20.6547246,
              41.9496726
            ],
            [
              20.654421,
              41.949954
            ],
            [
              20.6537299,
              41.9507354
            ],
            [
              20.6532488,
              41.9511071
            ],
            [
              20.6527818,
              41.9516558
            ],
            [
              20.6522308,
              41.9519302
            ],
            [
              20.6517218,
              41.9523609
            ],
            [
              20.6513949,
              41.9527186
            ],
            [
              20.6512221,
              41.9532048
            ],
            [
              20.6512034,
              41.9535
            ],
            [
              20.651194,
              41.9538091
            ],
            [
              20.6509279,
              41.9541009
            ],
            [
              20.6507924,
              41.954271
            ],
            [
              20.6507177,
              41.9544898
            ],
            [
              20.6507691,
              41.9547017
            ],
            [
              20.6508812,
              41.9549448
            ],
            [
              20.6508438,
              41.9553963
            ],
            [
              20.650643,
              41.9560283
            ],
            [
              20.6505402,
              41.9562054
            ],
            [
              20.6500546,
              41.9565805
            ],
            [
              20.6494848,
              41.9571744
            ],
            [
              20.6492607,
              41.9574765
            ],
            [
              20.6491906,
              41.957737
            ],
            [
              20.6491533,
              41.957987
            ],
            [
              20.6490925,
              41.9582162
            ],
            [
              20.6489057,
              41.9584072
            ],
            [
              20.6488077,
              41.9587371
            ],
            [
              20.6487843,
              41.9591712
            ],
            [
              20.6488123,
              41.959449
            ],
            [
              20.6489291,
              41.9597581
            ],
            [
              20.6490505,
              41.9599421
            ],
            [
              20.6491392,
              41.9602998
            ],
            [
              20.6490458,
              41.9606158
            ],
            [
              20.648817,
              41.9607825
            ],
            [
              20.6484528,
              41.9610395
            ],
            [
              20.648378,
              41.9613243
            ],
            [
              20.6484107,
              41.9618451
            ],
            [
              20.6484854,
              41.9621264
            ],
            [
              20.6486022,
              41.9622827
            ],
            [
              20.648859,
              41.9624633
            ],
            [
              20.6489805,
              41.962682
            ],
            [
              20.6487797,
              41.9630744
            ],
            [
              20.6484574,
              41.9634113
            ],
            [
              20.6479858,
              41.9638418
            ],
            [
              20.6470331,
              41.9643766
            ],
            [
              20.6467669,
              41.964644
            ],
            [
              20.6466034,
              41.9649357
            ],
            [
              20.6463559,
              41.9652273
            ],
            [
              20.6461458,
              41.9654773
            ],
            [
              20.6459823,
              41.9658072
            ],
            [
              20.6458189,
              41.9659982
            ],
            [
              20.6455247,
              41.966144
            ],
            [
              20.6451698,
              41.966526
            ],
            [
              20.6449409,
              41.966842
            ],
            [
              20.6447821,
              41.9673316
            ],
            [
              20.6446327,
              41.9677309
            ],
            [
              20.6445953,
              41.9684288
            ],
            [
              20.6446327,
              41.9688454
            ],
            [
              20.6446327,
              41.9693107
            ],
            [
              20.6447588,
              41.9696649
            ],
            [
              20.6449269,
              41.9701579
            ],
            [
              20.645039,
              41.9706023
            ],
            [
              20.6449733,
              41.9710611
            ],
            [
              20.645039,
              41.9714461
            ],
            [
              20.6448234,
              41.971423
            ],
            [
              20.6444124,
              41.9714252
            ],
            [
              20.6437457,
              41.9712922
            ],
            [
              20.6435099,
              41.9708509
            ],
            [
              20.6433716,
              41.9703734
            ],
            [
              20.6432416,
              41.9698716
            ],
            [
              20.6425342,
              41.969128
            ],
            [
              20.641965,
              41.968324
            ],
            [
              20.6415585,
              41.9675864
            ],
            [
              20.6412576,
              41.9673567
            ],
            [
              20.6409568,
              41.9673688
            ],
            [
              20.6409242,
              41.9671753
            ],
            [
              20.6405502,
              41.9670121
            ],
            [
              20.6407941,
              41.9665647
            ],
            [
              20.6410787,
              41.9664619
            ],
            [
              20.64116,
              41.9661234
            ],
            [
              20.6412636,
              41.9656823
            ],
            [
              20.6412823,
              41.965151
            ],
            [
              20.6410055,
              41.9650352
            ],
            [
              20.6408917,
              41.9650956
            ],
            [
              20.640908,
              41.965416
            ],
            [
              20.640908,
              41.9656337
            ],
            [
              20.6401925,
              41.9653979
            ],
            [
              20.6398347,
              41.9649989
            ],
            [
              20.6394525,
              41.964745
            ],
            [
              20.639168,
              41.964751
            ],
            [
              20.6383711,
              41.9653072
            ],
            [
              20.6383305,
              41.9651258
            ],
            [
              20.637558,
              41.9653435
            ],
            [
              20.6371314,
              41.9654167
            ],
            [
              20.6371271,
              41.9651379
            ],
            [
              20.6371027,
              41.9648719
            ],
            [
              20.6366555,
              41.9649868
            ],
            [
              20.6363384,
              41.9650533
            ],
            [
              20.6363709,
              41.9642855
            ],
            [
              20.635818,
              41.9642976
            ],
            [
              20.6352732,
              41.9643097
            ],
            [
              20.6350618,
              41.9640497
            ],
            [
              20.6347935,
              41.964086
            ],
            [
              20.6345415,
              41.9645031
            ],
            [
              20.6345104,
              41.9648251
            ],
            [
              20.6347653,
              41.9651619
            ],
            [
              20.634468,
              41.9651725
            ],
            [
              20.6342981,
              41.9653777
            ],
            [
              20.6340574,
              41.9651461
            ],
            [
              20.6335619,
              41.9651251
            ],
            [
              20.6330098,
              41.9653093
            ],
            [
              20.6327267,
              41.9655672
            ],
            [
              20.6324223,
              41.9660304
            ],
            [
              20.6321816,
              41.9662356
            ],
            [
              20.6320967,
              41.9666409
            ],
            [
              20.6319693,
              41.9671198
            ],
            [
              20.631935,
              41.9674592
            ],
            [
              20.6320859,
              41.967619
            ],
            [
              20.632263,
              41.9677905
            ],
            [
              20.6324668,
              41.9677985
            ],
            [
              20.6326224,
              41.9676071
            ],
            [
              20.6326278,
              41.9673558
            ],
            [
              20.6330462,
              41.9674276
            ],
            [
              20.6330355,
              41.9675871
            ],
            [
              20.6330462,
              41.9679421
            ],
            [
              20.6331588,
              41.9680937
            ],
            [
              20.6331696,
              41.9683729
            ],
            [
              20.6331481,
              41.9685922
            ],
            [
              20.6330194,
              41.9686281
            ],
            [
              20.632735,
              41.9685643
            ],
            [
              20.6323756,
              41.9684845
            ],
            [
              20.6321557,
              41.9684925
            ],
            [
              20.6321664,
              41.9687797
            ],
            [
              20.6316192,
              41.9704349
            ],
            [
              20.6315656,
              41.971073
            ],
            [
              20.631528,
              41.9716274
            ],
            [
              20.6316353,
              41.9719744
            ],
            [
              20.6317963,
              41.9723573
            ],
            [
              20.6320323,
              41.9725646
            ],
            [
              20.632263,
              41.9728678
            ],
            [
              20.6324024,
              41.9732028
            ],
            [
              20.6322576,
              41.9736494
            ],
            [
              20.6319357,
              41.9741759
            ],
            [
              20.6323327,
              41.9746624
            ],
            [
              20.6324413,
              41.9748861
            ],
            [
              20.6317694,
              41.9760423
            ],
            [
              20.6318821,
              41.9764331
            ],
            [
              20.6324668,
              41.9766884
            ],
            [
              20.6327029,
              41.9766206
            ],
            [
              20.6327565,
              41.9768
            ],
            [
              20.6326278,
              41.9769875
            ],
            [
              20.6324293,
              41.9772427
            ],
            [
              20.6324078,
              41.9774301
            ],
            [
              20.6328262,
              41.9774182
            ],
            [
              20.6330086,
              41.9776894
            ],
            [
              20.6331696,
              41.9779725
            ],
            [
              20.6333359,
              41.9780523
            ],
            [
              20.6335129,
              41.978136
            ],
            [
              20.6335451,
              41.9782516
            ],
            [
              20.6334285,
              41.9784579
            ],
            [
              20.6334646,
              41.9785906
            ],
            [
              20.6335773,
              41.978794
            ],
            [
              20.6339045,
              41.9788937
            ],
            [
              20.6340924,
              41.978831
            ],
            [
              20.6340493,
              41.9789774
            ],
            [
              20.6341512,
              41.9790412
            ],
            [
              20.6343444,
              41.9790732
            ],
            [
              20.6349452,
              41.9796992
            ],
            [
              20.63509,
              41.9797152
            ],
            [
              20.63531,
              41.9800262
            ],
            [
              20.6352456,
              41.9803891
            ],
            [
              20.6351369,
              41.980427
            ],
            [
              20.6349345,
              41.9805486
            ],
            [
              20.6348969,
              41.9807759
            ],
            [
              20.6345268,
              41.9809674
            ],
            [
              20.6340654,
              41.9810391
            ],
            [
              20.6341459,
              41.9812624
            ],
            [
              20.6339045,
              41.9813223
            ],
            [
              20.6334968,
              41.9816213
            ],
            [
              20.6331213,
              41.9819962
            ],
            [
              20.6328423,
              41.9822315
            ],
            [
              20.6320538,
              41.9824986
            ],
            [
              20.6314047,
              41.9828336
            ],
            [
              20.631056,
              41.9831646
            ],
            [
              20.6301977,
              41.9837188
            ],
            [
              20.629849,
              41.983982
            ],
            [
              20.6294306,
              41.9843209
            ],
            [
              20.6289746,
              41.984612
            ],
            [
              20.628304,
              41.9852859
            ],
            [
              20.6278802,
              41.9859558
            ],
            [
              20.6274886,
              41.9862349
            ],
            [
              20.6272458,
              41.9866131
            ],
            [
              20.6256393,
              41.9866131
            ],
            [
              20.6252844,
              41.986981
            ],
            [
              20.6252003,
              41.9877586
            ],
            [
              20.6254058,
              41.988064
            ],
            [
              20.6253685,
              41.9882931
            ],
            [
              20.6250602,
              41.9888416
            ],
            [
              20.6251069,
              41.9893067
            ],
            [
              20.6249015,
              41.9898968
            ],
            [
              20.6250602,
              41.9903341
            ],
            [
              20.6251539,
              41.9906243
            ],
            [
              20.6248828,
              41.9909728
            ],
            [
              20.6246119,
              41.9913268
            ],
            [
              20.6248828,
              41.9918891
            ],
            [
              20.62486,
              41.9929129
            ],
            [
              20.6246486,
              41.9935777
            ],
            [
              20.6242176,
              41.9946715
            ],
            [
              20.6232907,
              41.9954571
            ],
            [
              20.6226971,
              41.9961097
            ],
            [
              20.6225833,
              41.9964843
            ],
            [
              20.6228272,
              41.9971249
            ],
            [
              20.62312,
              41.9978137
            ],
            [
              20.6233232,
              41.9982669
            ],
            [
              20.6229411,
              41.9986537
            ],
            [
              20.6223231,
              41.9990343
            ],
            [
              20.6219247,
              41.9993183
            ],
            [
              20.6217214,
              41.9996688
            ],
            [
              20.621258,
              41.9999588
            ],
            [
              20.6208677,
              42.0002126
            ],
            [
              20.6203717,
              42.0002972
            ],
            [
              20.6201603,
              42.0002489
            ],
            [
              20.6198432,
              42.0006296
            ],
            [
              20.6192415,
              42.0008169
            ],
            [
              20.6186723,
              42.0007746
            ],
            [
              20.6185585,
              42.0009558
            ],
            [
              20.6181438,
              42.0012398
            ],
            [
              20.6175665,
              42.0014151
            ],
            [
              20.6167534,
              42.0013063
            ],
            [
              20.6160867,
              42.0014151
            ],
            [
              20.6157452,
              42.0017111
            ],
            [
              20.6159729,
              42.0025268
            ],
            [
              20.6163507,
              42.0040866
            ],
            [
              20.6164204,
              42.0045091
            ],
            [
              20.6164901,
              42.0053741
            ],
            [
              20.616576,
              42.0061514
            ],
            [
              20.6166403,
              42.0067573
            ],
            [
              20.6168925,
              42.0075506
            ],
            [
              20.6170319,
              42.0078495
            ],
            [
              20.6174182,
              42.0079013
            ],
            [
              20.6173914,
              42.0080329
            ],
            [
              20.6172948,
              42.0083757
            ],
            [
              20.6169837,
              42.0085829
            ],
            [
              20.6167476,
              42.0085949
            ],
            [
              20.6165974,
              42.0088301
            ],
            [
              20.616458,
              42.0086427
            ],
            [
              20.6162005,
              42.0087862
            ],
            [
              20.6163989,
              42.0089935
            ],
            [
              20.6163668,
              42.0092845
            ],
            [
              20.6166403,
              42.0092805
            ],
            [
              20.6165438,
              42.0096113
            ],
            [
              20.6166135,
              42.0098066
            ],
            [
              20.6165491,
              42.0099382
            ],
            [
              20.6162005,
              42.0098664
            ],
            [
              20.6154598,
              42.0096393
            ],
            [
              20.6153104,
              42.0100071
            ],
            [
              20.6149088,
              42.0103958
            ],
            [
              20.6143484,
              42.0105693
            ],
            [
              20.6143951,
              42.0109301
            ],
            [
              20.6135825,
              42.0110065
            ],
            [
              20.6139094,
              42.0114437
            ],
            [
              20.6142083,
              42.0120058
            ],
            [
              20.6145632,
              42.0124222
            ],
            [
              20.6159455,
              42.0133035
            ],
            [
              20.6150769,
              42.0148163
            ],
            [
              20.6148154,
              42.0151563
            ],
            [
              20.6144044,
              42.0153159
            ],
            [
              20.6130034,
              42.0156698
            ],
            [
              20.612499,
              42.0160307
            ],
            [
              20.6118359,
              42.0157531
            ],
            [
              20.6114436,
              42.0163776
            ],
            [
              20.6103415,
              42.016558
            ],
            [
              20.6096597,
              42.0167801
            ],
            [
              20.6094449,
              42.0171271
            ],
            [
              20.6094262,
              42.0174671
            ],
            [
              20.6069511,
              42.0196459
            ],
            [
              20.6067363,
              42.0199928
            ],
            [
              20.6065121,
              42.0202773
            ],
            [
              20.6061572,
              42.0202981
            ],
            [
              20.6055501,
              42.0201663
            ],
            [
              20.6051952,
              42.0201316
            ],
            [
              20.6048683,
              42.0203398
            ],
            [
              20.6047469,
              42.0205826
            ],
            [
              20.6041024,
              42.0204855
            ],
            [
              20.6036541,
              42.0213043
            ],
            [
              20.6038876,
              42.0215263
            ],
            [
              20.6037101,
              42.0217483
            ],
            [
              20.6052979,
              42.0221438
            ],
            [
              20.6051391,
              42.0223034
            ],
            [
              20.6051485,
              42.0225254
            ],
            [
              20.6055688,
              42.0229001
            ],
            [
              20.6048122,
              42.0230736
            ],
            [
              20.6040744,
              42.0240797
            ],
            [
              20.6050924,
              42.024489
            ],
            [
              20.6052886,
              42.024718
            ],
            [
              20.6053259,
              42.0249886
            ],
            [
              20.6050644,
              42.0250857
            ],
            [
              20.6047749,
              42.0250788
            ],
            [
              20.6044106,
              42.0253632
            ],
            [
              20.6005735,
              42.0331418
            ],
            [
              20.599873,
              42.0333221
            ],
            [
              20.599845,
              42.0334678
            ],
            [
              20.6001252,
              42.0336066
            ],
            [
              20.5996209,
              42.0338979
            ],
            [
              20.5989857,
              42.0350148
            ],
            [
              20.5979497,
              42.035254
            ],
            [
              20.5978239,
              42.0359692
            ],
            [
              20.5979619,
              42.0361007
            ],
            [
              20.5975125,
              42.0361348
            ],
            [
              20.5971267,
              42.0360507
            ],
            [
              20.5966489,
              42.036098
            ],
            [
              20.5965215,
              42.0365922
            ],
            [
              20.5967338,
              42.0372783
            ],
            [
              20.5970687,
              42.0374817
            ],
            [
              20.5974631,
              42.0375723
            ],
            [
              20.597337,
              42.0377746
            ],
            [
              20.5970037,
              42.0383091
            ],
            [
              20.5969147,
              42.0388016
            ],
            [
              20.5969147,
              42.0391907
            ],
            [
              20.596497,
              42.0393694
            ],
            [
              20.5963979,
              42.0396112
            ],
            [
              20.5969571,
              42.0401106
            ],
            [
              20.5966315,
              42.0405154
            ],
            [
              20.5968227,
              42.0407783
            ],
            [
              20.5965749,
              42.0409885
            ],
            [
              20.5963767,
              42.0411515
            ],
            [
              20.5966032,
              42.0413302
            ],
            [
              20.5961644,
              42.0417192
            ],
            [
              20.5959237,
              42.0418769
            ],
            [
              20.5959379,
              42.0421082
            ],
            [
              20.5958388,
              42.0421135
            ],
            [
              20.595676,
              42.0423553
            ],
            [
              20.5957821,
              42.042534
            ],
            [
              20.5960299,
              42.0426392
            ],
            [
              20.595768,
              42.0427022
            ],
            [
              20.5959166,
              42.0428284
            ],
            [
              20.5956851,
              42.0428819
            ],
            [
              20.5954796,
              42.0430692
            ],
            [
              20.5954236,
              42.0433536
            ],
            [
              20.5957131,
              42.0435825
            ],
            [
              20.5954516,
              42.0440264
            ],
            [
              20.5948351,
              42.0443802
            ],
            [
              20.5947978,
              42.0446923
            ],
            [
              20.5942841,
              42.0446645
            ],
            [
              20.5939478,
              42.0449073
            ],
            [
              20.5930901,
              42.0466639
            ],
            [
              20.5937173,
              42.0469146
            ],
            [
              20.5945205,
              42.0472475
            ],
            [
              20.5949595,
              42.0476082
            ],
            [
              20.595109,
              42.0485237
            ],
            [
              20.5950903,
              42.0493074
            ],
            [
              20.5950249,
              42.0495432
            ],
            [
              20.5952397,
              42.04989
            ],
            [
              20.5955106,
              42.0500149
            ],
            [
              20.5960056,
              42.049994
            ],
            [
              20.5968742,
              42.050112
            ],
            [
              20.5972572,
              42.0501605
            ],
            [
              20.5976214,
              42.0506599
            ],
            [
              20.5977335,
              42.0511661
            ],
            [
              20.5976027,
              42.0515268
            ],
            [
              20.5971918,
              42.0519845
            ],
            [
              20.5971824,
              42.0524908
            ],
            [
              20.5973111,
              42.0529378
            ],
            [
              20.5970633,
              42.0532584
            ],
            [
              20.59712,
              42.0536578
            ],
            [
              20.5980347,
              42.0538836
            ],
            [
              20.5984645,
              42.0546404
            ],
            [
              20.5988379,
              42.0551831
            ],
            [
              20.5991515,
              42.0553764
            ],
            [
              20.6001707,
              42.0557969
            ],
            [
              20.6007158,
              42.0562331
            ],
            [
              20.6007795,
              42.0564959
            ],
            [
              20.5998593,
              42.0569268
            ],
            [
              20.5983941,
              42.057794
            ],
            [
              20.5977949,
              42.0581574
            ],
            [
              20.5975447,
              42.0584247
            ],
            [
              20.5972828,
              42.0589712
            ],
            [
              20.5961856,
              42.0590133
            ],
            [
              20.5955273,
              42.0593811
            ],
            [
              20.5950955,
              42.0595861
            ],
            [
              20.5945346,
              42.0597277
            ],
            [
              20.594416,
              42.0600276
            ],
            [
              20.5940975,
              42.0604427
            ],
            [
              20.593963,
              42.0605846
            ],
            [
              20.5937719,
              42.0604322
            ],
            [
              20.5939134,
              42.0602325
            ],
            [
              20.5937011,
              42.0601747
            ],
            [
              20.5936162,
              42.0600013
            ],
            [
              20.5930428,
              42.0600591
            ],
            [
              20.5926818,
              42.0600801
            ],
            [
              20.5924199,
              42.0602062
            ],
            [
              20.591974,
              42.0604375
            ],
            [
              20.5919881,
              42.0607002
            ],
            [
              20.5912449,
              42.0602956
            ],
            [
              20.5905087,
              42.0602273
            ],
            [
              20.5904946,
              42.059933
            ],
            [
              20.5903105,
              42.0599645
            ],
            [
              20.5897655,
              42.0597333
            ],
            [
              20.5891568,
              42.0596176
            ],
            [
              20.5891143,
              42.0594705
            ],
            [
              20.5889515,
              42.0592708
            ],
            [
              20.5886754,
              42.0591604
            ],
            [
              20.5882295,
              42.0593233
            ],
            [
              20.587642,
              42.0596597
            ],
            [
              20.5866298,
              42.0597648
            ],
            [
              20.5863396,
              42.059954
            ],
            [
              20.5857521,
              42.0598226
            ],
            [
              20.5851929,
              42.0600223
            ],
            [
              20.5851079,
              42.0601327
            ],
            [
              20.5851787,
              42.0603113
            ],
            [
              20.5853628,
              42.0606582
            ],
            [
              20.5854406,
              42.061005
            ],
            [
              20.5853911,
              42.061189
            ],
            [
              20.5851292,
              42.0611732
            ],
            [
              20.5848814,
              42.0612941
            ],
            [
              20.5846761,
              42.0610366
            ],
            [
              20.5841594,
              42.0610155
            ],
            [
              20.583402,
              42.0608474
            ],
            [
              20.5830127,
              42.061189
            ],
            [
              20.5828145,
              42.0612836
            ],
            [
              20.5827154,
              42.0610996
            ],
            [
              20.5818519,
              42.061005
            ],
            [
              20.5816678,
              42.0611679
            ],
            [
              20.5811299,
              42.0611574
            ],
            [
              20.5806839,
              42.0610261
            ],
            [
              20.5801601,
              42.0609682
            ],
            [
              20.5799761,
              42.0607948
            ],
            [
              20.5794877,
              42.0607213
            ],
            [
              20.5793178,
              42.0609052
            ],
            [
              20.5785392,
              42.0617092
            ],
            [
              20.578164,
              42.0623031
            ],
            [
              20.5780154,
              42.0625395
            ],
            [
              20.577796,
              42.0626552
            ],
            [
              20.5777763,
              42.0627695
            ],
            [
              20.5781994,
              42.0628181
            ],
            [
              20.5786949,
              42.0628496
            ],
            [
              20.580054,
              42.0630703
            ],
            [
              20.5806839,
              42.0632069
            ],
            [
              20.5813918,
              42.0631334
            ],
            [
              20.5829632,
              42.0643525
            ],
            [
              20.5831968,
              42.0646941
            ],
            [
              20.5833454,
              42.0649201
            ],
            [
              20.5837685,
              42.0653498
            ],
            [
              20.5840694,
              42.0658327
            ],
            [
              20.5843946,
              42.0661949
            ],
            [
              20.5848093,
              42.0663639
            ],
            [
              20.5849881,
              42.0665993
            ],
            [
              20.5856955,
              42.0669132
            ],
            [
              20.5859964,
              42.0669192
            ],
            [
              20.5863623,
              42.0671728
            ],
            [
              20.5868257,
              42.0677281
            ],
            [
              20.5869314,
              42.0680721
            ],
            [
              20.5871103,
              42.0681929
            ],
            [
              20.587663,
              42.0684284
            ],
            [
              20.5879966,
              42.068724
            ],
            [
              20.5881673,
              42.0690681
            ],
            [
              20.5882812,
              42.0696837
            ],
            [
              20.5885332,
              42.0701907
            ],
            [
              20.5890943,
              42.0709693
            ],
            [
              20.5895171,
              42.0715005
            ],
            [
              20.5900131,
              42.0722489
            ],
            [
              20.5904378,
              42.0727502
            ],
            [
              20.5910729,
              42.0730483
            ],
            [
              20.5923712,
              42.0737208
            ],
            [
              20.5928289,
              42.0739843
            ],
            [
              20.5928569,
              42.0743864
            ],
            [
              20.592614,
              42.0746775
            ],
            [
              20.5926794,
              42.0749133
            ],
            [
              20.5929783,
              42.0749549
            ],
            [
              20.5933519,
              42.0750935
            ],
            [
              20.5937909,
              42.0753639
            ],
            [
              20.5939964,
              42.075662
            ],
            [
              20.5943793,
              42.0760641
            ],
            [
              20.5950705,
              42.0762582
            ],
            [
              20.5955561,
              42.0765216
            ],
            [
              20.595855,
              42.0768683
            ],
            [
              20.5960512,
              42.0773466
            ],
            [
              20.5962473,
              42.0775754
            ],
            [
              20.5965462,
              42.0775685
            ],
            [
              20.5966769,
              42.0774853
            ],
            [
              20.5966956,
              42.0772704
            ],
            [
              20.5967143,
              42.0771525
            ],
            [
              20.5968451,
              42.077201
            ],
            [
              20.5969571,
              42.0773674
            ],
            [
              20.5969852,
              42.0775546
            ],
            [
              20.5973307,
              42.0778111
            ],
            [
              20.5977604,
              42.0778874
            ],
            [
              20.5984889,
              42.0777903
            ],
            [
              20.5991614,
              42.0774229
            ],
            [
              20.5995256,
              42.0774367
            ],
            [
              20.5999086,
              42.0775823
            ],
            [
              20.6005997,
              42.0779913
            ],
            [
              20.601515,
              42.0785945
            ],
            [
              20.6023463,
              42.0795373
            ],
            [
              20.6029347,
              42.0801126
            ],
            [
              20.6031122,
              42.0806187
            ],
            [
              20.6031589,
              42.0810415
            ],
            [
              20.6030748,
              42.081305
            ],
            [
              20.6030375,
              42.0815823
            ],
            [
              20.6031402,
              42.0819982
            ],
            [
              20.6030375,
              42.0822477
            ],
            [
              20.6025891,
              42.082629
            ],
            [
              20.602393,
              42.0827884
            ],
            [
              20.6024117,
              42.0829756
            ],
            [
              20.6025985,
              42.0832459
            ],
            [
              20.6026078,
              42.0834677
            ],
            [
              20.6025331,
              42.0842718
            ],
            [
              20.602365,
              42.0846877
            ],
            [
              20.6019447,
              42.0851868
            ],
            [
              20.6018606,
              42.0853463
            ],
            [
              20.6020848,
              42.0855195
            ],
            [
              20.6024397,
              42.0856928
            ],
            [
              20.602337,
              42.0859216
            ],
            [
              20.6021221,
              42.0863929
            ],
            [
              20.6021128,
              42.0870306
            ],
            [
              20.6022342,
              42.0874118
            ],
            [
              20.6025518,
              42.0873841
            ],
            [
              20.6028413,
              42.0875574
            ],
            [
              20.6030655,
              42.0881258
            ],
            [
              20.6032243,
              42.0885486
            ],
            [
              20.6030748,
              42.0890962
            ],
            [
              20.6027666,
              42.089817
            ],
            [
              20.6026545,
              42.090115
            ],
            [
              20.6030001,
              42.0901497
            ],
            [
              20.6035698,
              42.0903992
            ],
            [
              20.604317,
              42.0922775
            ],
            [
              20.6037099,
              42.0922983
            ],
            [
              20.6036632,
              42.0927696
            ],
            [
              20.604317,
              42.0927488
            ],
            [
              20.6044104,
              42.092936
            ],
            [
              20.6047,
              42.0930399
            ],
            [
              20.6051576,
              42.0932409
            ],
            [
              20.6045692,
              42.093435
            ],
            [
              20.6049241,
              42.093733
            ],
            [
              20.6044291,
              42.0937954
            ],
            [
              20.6044758,
              42.0949805
            ],
            [
              20.6044758,
              42.0954795
            ],
            [
              20.6040555,
              42.0956597
            ],
            [
              20.6039995,
              42.09593
            ],
            [
              20.6038967,
              42.0961379
            ],
            [
              20.6034111,
              42.0959647
            ],
            [
              20.6035418,
              42.0962557
            ],
            [
              20.603766,
              42.0964636
            ],
            [
              20.6041116,
              42.0964082
            ],
            [
              20.6046346,
              42.0964844
            ],
            [
              20.6041863,
              42.0967547
            ],
            [
              20.6035246,
              42.097125
            ],
            [
              20.6024677,
              42.0981477
            ],
            [
              20.6016271,
              42.0983695
            ],
            [
              20.6010107,
              42.0986606
            ],
            [
              20.6008986,
              42.09891
            ],
            [
              20.6011601,
              42.0989655
            ],
            [
              20.6010294,
              42.099111
            ],
            [
              20.6006651,
              42.0993674
            ],
            [
              20.600497,
              42.0996931
            ],
            [
              20.6008519,
              42.099506
            ],
            [
              20.60102,
              42.0996724
            ],
            [
              20.6017672,
              42.0994714
            ],
            [
              20.6010574,
              42.0994575
            ],
            [
              20.6015057,
              42.0993328
            ],
            [
              20.6020194,
              42.0990486
            ],
            [
              20.6023837,
              42.0987368
            ],
            [
              20.603383,
              42.0989447
            ],
            [
              20.6033083,
              42.0991595
            ],
            [
              20.6036632,
              42.0992427
            ],
            [
              20.6035605,
              42.0996377
            ],
            [
              20.6040929,
              42.0996931
            ],
            [
              20.6042797,
              42.1002753
            ],
            [
              20.604672,
              42.0999218
            ],
            [
              20.6048588,
              42.1004555
            ],
            [
              20.608959,
              42.1006772
            ],
            [
              20.6100144,
              42.101689
            ],
            [
              20.6101265,
              42.1022226
            ],
            [
              20.6093233,
              42.1018553
            ],
            [
              20.6082398,
              42.1025067
            ],
            [
              20.6090151,
              42.1031165
            ],
            [
              20.6104321,
              42.1037191
            ],
            [
              20.6101985,
              42.1038241
            ],
            [
              20.6099225,
              42.1041129
            ],
            [
              20.6100428,
              42.1045436
            ],
            [
              20.6104958,
              42.1047169
            ],
            [
              20.610602,
              42.1049952
            ],
            [
              20.6111541,
              42.1052158
            ],
            [
              20.6116001,
              42.1053733
            ],
            [
              20.6118973,
              42.1054311
            ],
            [
              20.6111258,
              42.1062398
            ],
            [
              20.6117983,
              42.1064761
            ],
            [
              20.6126477,
              42.1064184
            ],
            [
              20.6131361,
              42.1066179
            ],
            [
              20.6135325,
              42.106891
            ],
            [
              20.6138793,
              42.1069383
            ],
            [
              20.614127,
              42.1066915
            ],
            [
              20.6144031,
              42.1065917
            ],
            [
              20.6149623,
              42.1068963
            ],
            [
              20.6160453,
              42.107852
            ],
            [
              20.6163213,
              42.1080148
            ],
            [
              20.6180131,
              42.1083141
            ],
            [
              20.6181051,
              42.1088918
            ],
            [
              20.6181405,
              42.1092121
            ],
            [
              20.6182467,
              42.1094694
            ],
            [
              20.6187705,
              42.1095902
            ],
            [
              20.6197898,
              42.1095114
            ],
            [
              20.6202499,
              42.1096847
            ],
            [
              20.6205401,
              42.1095797
            ],
            [
              20.6208515,
              42.10969
            ],
            [
              20.6205967,
              42.1101153
            ],
            [
              20.6203136,
              42.1103253
            ],
            [
              20.6201649,
              42.1106877
            ],
            [
              20.6202286,
              42.110924
            ],
            [
              20.6201295,
              42.1108347
            ],
            [
              20.6199809,
              42.110945
            ],
            [
              20.6199313,
              42.111029
            ],
            [
              20.619811,
              42.1110395
            ],
            [
              20.6197033,
              42.1109599
            ],
            [
              20.6195316,
              42.1110713
            ],
            [
              20.6194994,
              42.1116762
            ],
            [
              20.6199715,
              42.1156556
            ],
            [
              20.6197033,
              42.1155283
            ],
            [
              20.6195101,
              42.1156716
            ],
            [
              20.6192898,
              42.1158076
            ],
            [
              20.6191132,
              42.1156397
            ],
            [
              20.6187924,
              42.1157795
            ],
            [
              20.6187806,
              42.1159023
            ],
            [
              20.618802,
              42.1160217
            ],
            [
              20.6185553,
              42.1161013
            ],
            [
              20.6183622,
              42.1158546
            ],
            [
              20.6179115,
              42.1159023
            ],
            [
              20.6175038,
              42.1159023
            ],
            [
              20.6169567,
              42.1159501
            ],
            [
              20.6167206,
              42.1162844
            ],
            [
              20.6163864,
              42.1168435
            ],
            [
              20.6158623,
              42.1172075
            ],
            [
              20.6153688,
              42.1174304
            ],
            [
              20.6153903,
              42.1178044
            ],
            [
              20.6090173,
              42.119977
            ],
            [
              20.6086526,
              42.1200804
            ],
            [
              20.6088564,
              42.1201521
            ],
            [
              20.6095216,
              42.1202237
            ],
            [
              20.6110022,
              42.1204783
            ],
            [
              20.6122253,
              42.1206375
            ],
            [
              20.612633,
              42.1210036
            ],
            [
              20.6128797,
              42.1211548
            ],
            [
              20.6129977,
              42.1210036
            ],
            [
              20.613384,
              42.12055
            ],
            [
              20.6144139,
              42.1205818
            ],
            [
              20.6147787,
              42.1207648
            ],
            [
              20.6152401,
              42.1206932
            ],
            [
              20.6158087,
              42.1211309
            ],
            [
              20.6167957,
              42.121871
            ],
            [
              20.6171391,
              42.121863
            ],
            [
              20.6173644,
              42.1220779
            ],
            [
              20.6186518,
              42.1219983
            ],
            [
              20.6187771,
              42.1214495
            ],
            [
              20.6191239,
              42.1216243
            ],
            [
              20.6192097,
              42.1219824
            ],
            [
              20.6191775,
              42.1235103
            ],
            [
              20.6192634,
              42.1240752
            ],
            [
              20.6195638,
              42.1242981
            ],
            [
              20.6201539,
              42.1245288
            ],
            [
              20.6199286,
              42.1249346
            ],
            [
              20.6201646,
              42.1250222
            ],
            [
              20.6197998,
              42.1256667
            ],
            [
              20.62098,
              42.1269319
            ],
            [
              20.6210014,
              42.128038
            ],
            [
              20.6223104,
              42.1287223
            ],
            [
              20.6225035,
              42.1292235
            ],
            [
              20.6230185,
              42.1294623
            ],
            [
              20.6235656,
              42.1296691
            ],
            [
              20.6242523,
              42.1296612
            ],
            [
              20.6245634,
              42.1300511
            ],
            [
              20.6238446,
              42.1306717
            ],
            [
              20.6233189,
              42.1309581
            ],
            [
              20.6229541,
              42.1310616
            ],
            [
              20.6229004,
              42.1313082
            ],
            [
              20.6226966,
              42.1316106
            ],
            [
              20.622128,
              42.1320959
            ],
            [
              20.6207547,
              42.1329393
            ],
            [
              20.6202504,
              42.1336235
            ],
            [
              20.6201217,
              42.1343714
            ],
            [
              20.6199178,
              42.1348408
            ],
            [
              20.6192097,
              42.1352227
            ],
            [
              20.61833,
              42.1352148
            ],
            [
              20.6179223,
              42.1351193
            ],
            [
              20.6172034,
              42.1355251
            ],
            [
              20.6164631,
              42.135907
            ],
            [
              20.6156799,
              42.1362889
            ],
            [
              20.6148967,
              42.1363684
            ],
            [
              20.613899,
              42.1364559
            ],
            [
              20.6133947,
              42.1366787
            ],
            [
              20.612987,
              42.1368139
            ],
            [
              20.6122682,
              42.1367423
            ],
            [
              20.6115064,
              42.1365673
            ],
            [
              20.6108305,
              42.1363843
            ],
            [
              20.6098435,
              42.1355012
            ],
            [
              20.6091568,
              42.1350875
            ],
            [
              20.608674,
              42.1347374
            ],
            [
              20.6077084,
              42.1346499
            ],
            [
              20.6073866,
              42.1344669
            ],
            [
              20.6062708,
              42.1342282
            ],
            [
              20.6057987,
              42.1340134
            ],
            [
              20.6046722,
              42.1336156
            ],
            [
              20.6039533,
              42.1333849
            ],
            [
              20.6033096,
              42.1332973
            ],
            [
              20.6026873,
              42.1332655
            ],
            [
              20.6022153,
              42.1334803
            ],
            [
              20.6014964,
              42.1337111
            ],
            [
              20.6009278,
              42.1338224
            ],
            [
              20.6002948,
              42.1336633
            ],
            [
              20.5995867,
              42.1334724
            ],
            [
              20.5988893,
              42.1332416
            ],
            [
              20.5984602,
              42.1334008
            ],
            [
              20.5980739,
              42.1334405
            ],
            [
              20.5974517,
              42.1339179
            ],
            [
              20.5967006,
              42.1345703
            ],
            [
              20.5943403,
              42.1345783
            ],
            [
              20.5937824,
              42.1344987
            ],
            [
              20.5935893,
              42.1342521
            ],
            [
              20.5935785,
              42.1336872
            ],
            [
              20.5939755,
              42.1329711
            ],
            [
              20.5945441,
              42.1323028
            ],
            [
              20.5950269,
              42.1317379
            ],
            [
              20.5954454,
              42.131165
            ],
            [
              20.5952844,
              42.1304171
            ],
            [
              20.5945334,
              42.1302738
            ],
            [
              20.5940077,
              42.1298044
            ],
            [
              20.593836,
              42.1296771
            ],
            [
              20.5929026,
              42.1296134
            ],
            [
              20.5925271,
              42.1297726
            ],
            [
              20.591819,
              42.1299794
            ],
            [
              20.5914113,
              42.1299715
            ],
            [
              20.5909789,
              42.1299241
            ],
            [
              20.590724,
              42.1298296
            ],
            [
              20.5903701,
              42.1295566
            ],
            [
              20.5900587,
              42.1296721
            ],
            [
              20.5900162,
              42.1298716
            ],
            [
              20.5897897,
              42.130281
            ],
            [
              20.5886996,
              42.1304385
            ],
            [
              20.587652,
              42.1302915
            ],
            [
              20.5874397,
              42.1300921
            ],
            [
              20.5872839,
              42.1294306
            ],
            [
              20.58693,
              42.1289792
            ],
            [
              20.5864062,
              42.1285907
            ],
            [
              20.5856418,
              42.1284437
            ],
            [
              20.585033,
              42.1282232
            ],
            [
              20.5845658,
              42.1274358
            ],
            [
              20.5848631,
              42.1267218
            ],
            [
              20.5857267,
              42.1263753
            ],
            [
              20.5860098,
              42.1260288
            ],
            [
              20.5852029,
              42.1258293
            ],
            [
              20.5844809,
              42.1256403
            ],
            [
              20.5835607,
              42.1257768
            ],
            [
              20.5832351,
              42.1263228
            ],
            [
              20.5828812,
              42.1267218
            ],
            [
              20.5823857,
              42.1269423
            ],
            [
              20.5820884,
              42.1268583
            ],
            [
              20.5821167,
              42.1261128
            ],
            [
              20.5815363,
              42.1243383
            ],
            [
              20.580517,
              42.1226688
            ],
            [
              20.5784218,
              42.1217133
            ],
            [
              20.5767655,
              42.1205897
            ],
            [
              20.5755338,
              42.1196132
            ],
            [
              20.5749817,
              42.1191932
            ],
            [
              20.5742597,
              42.1185001
            ],
            [
              20.5735943,
              42.1174185
            ],
            [
              20.5722778,
              42.1162319
            ],
            [
              20.571216,
              42.1155913
            ],
            [
              20.5690642,
              42.1148247
            ],
            [
              20.5680732,
              42.1142156
            ],
            [
              20.5675558,
              42.1132686
            ],
            [
              20.5673198,
              42.1129104
            ],
            [
              20.5664508,
              42.1120907
            ],
            [
              20.5656812,
              42.1106817
            ],
            [
              20.5628045,
              42.1097948
            ],
            [
              20.5614074,
              42.1094302
            ],
            [
              20.5609414,
              42.1086457
            ],
            [
              20.5622987,
              42.1068042
            ],
            [
              20.5624428,
              42.1065823
            ],
            [
              20.565201,
              42.1025462
            ],
            [
              20.566085,
              42.1012609
            ],
            [
              20.5661439,
              42.1011672
            ],
            [
              20.5677911,
              42.0987534
            ],
            [
              20.5675194,
              42.097851
            ],
            [
              20.5635869,
              42.0951482
            ],
            [
              20.5631305,
              42.0941493
            ],
            [
              20.5621393,
              42.0919156
            ],
            [
              20.5619603,
              42.0918327
            ],
            [
              20.5618168,
              42.0917417
            ],
            [
              20.5616792,
              42.0916458
            ],
            [
              20.5615619,
              42.0915424
            ],
            [
              20.5611736,
              42.0912546
            ],
            [
              20.5607651,
              42.0909737
            ],
            [
              20.5604899,
              42.0907786
            ],
            [
              20.5603645,
              42.0906363
            ],
            [
              20.5603092,
              42.0904672
            ],
            [
              20.5602308,
              42.0903457
            ],
            [
              20.5601312,
              42.0902361
            ],
            [
              20.5598975,
              42.0900199
            ],
            [
              20.5597812,
              42.0899058
            ],
            [
              20.5595686,
              42.0896859
            ],
            [
              20.5591981,
              42.0892588
            ],
            [
              20.5590995,
              42.0891385
            ],
            [
              20.5590018,
              42.0890101
            ],
            [
              20.5588659,
              42.0889129
            ],
            [
              20.5587113,
              42.0888419
            ],
            [
              20.5584632,
              42.0886338
            ],
            [
              20.5583443,
              42.0885216
            ],
            [
              20.5579756,
              42.0882069
            ],
            [
              20.5578669,
              42.0880897
            ],
            [
              20.5577716,
              42.0879713
            ],
            [
              20.5576856,
              42.0878505
            ],
            [
              20.557609,
              42.0877164
            ],
            [
              20.557427,
              42.0874684
            ],
            [
              20.5573925,
              42.0873408
            ],
            [
              20.5573318,
              42.0872119
            ],
            [
              20.5570187,
              42.0867919
            ],
            [
              20.5564035,
              42.0858907
            ],
            [
              20.5551063,
              42.0835389
            ],
            [
              20.5545817,
              42.0825878
            ]
          ]
        ]
      },
      "properties": {
        "name": "Sharri National Park",
        "category": "zona",
        "categoryLabel": "Park kombëtar",
        "location": "Kosovë",
        "countryCodes": [
          "XK"
        ],
        "summary": "Park kombëtar në Kosovë. Kufiri vjen nga OpenStreetMap.",
        "details": [
          "Vëzhgime GBIF brenda kufirit: 4 vëzhgime faune; lloje të regjistruara: Aquila chrysaetos, Prunella collaris, Pyrrhocorax graculus. Këto regjistrime nuk janë inventar i plotë i parkut."
        ],
        "mapNote": "Kufiri i objektit OSM, marrë përmes Nominatim.",
        "geometryType": "Polygon",
        "sources": [
          {
            "label": "OpenStreetMap",
            "url": "https://www.openstreetmap.org/relation/7708534"
          },
          {
            "label": "Wikipedia",
            "url": "https://en.wikipedia.org/wiki/Sharr_Mountains_National_Park"
          }
        ],
        "osm": {
          "type": "relation",
          "id": 7708534,
          "tags": {}
        },
        "extra": {
          "Vëzhgime faune": 4
        },
        "image": {
          "url": "https://thumb.wikimedia.org/wikipedia/commons/thumb/5/5f/Long_ridge_of_Pashallore.jpg/1280px-Long_ridge_of_Pashallore.jpg?utm_source=commons.wikimedia.org&utm_campaign=imageinfo&utm_content=thumbnail",
          "source": "https://commons.wikimedia.org/wiki/File:Long_ridge_of_Pashallore.jpg",
          "credit": "Ben Njeri",
          "license": "CC BY-SA 3.0",
          "alt": "Sharr Mountains National Park"
        }
      }
    },
    {
      "type": "Feature",
      "id": "osm-relation-15532458",
      "geometry": {
        "type": "Polygon",
        "coordinates": [
          [
            [
              19.7947082,
              42.421792
            ],
            [
              19.7969875,
              42.4202179
            ],
            [
              19.8068199,
              42.4160143
            ],
            [
              19.8075711,
              42.412496
            ],
            [
              19.8078286,
              42.4108953
            ],
            [
              19.8110795,
              42.40817
            ],
            [
              19.8182571,
              42.4040821
            ],
            [
              19.8233705,
              42.4001163
            ],
            [
              19.8287118,
              42.3936366
            ],
            [
              19.8318092,
              42.3898305
            ],
            [
              19.8384864,
              42.3899162
            ],
            [
              19.8432967,
              42.3902399
            ],
            [
              19.848789,
              42.3898144
            ],
            [
              19.852887,
              42.3887379
            ],
            [
              19.8549308,
              42.3896138
            ],
            [
              19.8574976,
              42.3893068
            ],
            [
              19.8596822,
              42.3883134
            ],
            [
              19.8634138,
              42.3884982
            ],
            [
              19.8636918,
              42.3914353
            ],
            [
              19.8636363,
              42.3914599
            ],
            [
              19.8611373,
              42.3925657
            ],
            [
              19.864605,
              42.3955563
            ],
            [
              19.8670332,
              42.3964729
            ],
            [
              19.8705325,
              42.3969311
            ],
            [
              19.8758343,
              42.396819
            ],
            [
              19.8799658,
              42.3974917
            ],
            [
              19.8836253,
              42.3969918
            ],
            [
              19.8866955,
              42.3982739
            ],
            [
              19.8886951,
              42.4010469
            ],
            [
              19.8900137,
              42.4031414
            ],
            [
              19.8978984,
              42.4047923
            ],
            [
              19.8984075,
              42.4055148
            ],
            [
              19.8983802,
              42.4070769
            ],
            [
              19.8993555,
              42.4079674
            ],
            [
              19.904195,
              42.4086688
            ],
            [
              19.9106569,
              42.4061782
            ],
            [
              19.9115703,
              42.4054953
            ],
            [
              19.9119903,
              42.4045405
            ],
            [
              19.9119597,
              42.4033796
            ],
            [
              19.9111581,
              42.401596
            ],
            [
              19.9125237,
              42.4001134
            ],
            [
              19.9142893,
              42.3988595
            ],
            [
              19.9156534,
              42.3980156
            ],
            [
              19.9168727,
              42.3949767
            ],
            [
              19.9189049,
              42.3935989
            ],
            [
              19.9228177,
              42.3927356
            ],
            [
              19.9254002,
              42.3914604
            ],
            [
              19.9292916,
              42.3913023
            ],
            [
              19.9314412,
              42.3897098
            ],
            [
              19.9371098,
              42.3906371
            ],
            [
              19.9413552,
              42.3930385
            ],
            [
              19.9528534,
              42.3919852
            ],
            [
              19.9567703,
              42.3903829
            ],
            [
              19.9598288,
              42.3871324
            ],
            [
              19.964132,
              42.3844682
            ],
            [
              19.9665468,
              42.3838645
            ],
            [
              19.9690153,
              42.3840608
            ],
            [
              19.9715053,
              42.3870783
            ],
            [
              19.9725894,
              42.3866145
            ],
            [
              19.9741885,
              42.3849143
            ],
            [
              19.9784747,
              42.3835037
            ],
            [
              19.9803577,
              42.3839317
            ],
            [
              19.9826591,
              42.3838841
            ],
            [
              19.9882945,
              42.3852551
            ],
            [
              19.9908654,
              42.3864636
            ],
            [
              19.9918699,
              42.3868004
            ],
            [
              19.9947277,
              42.3858772
            ],
            [
              19.996384,
              42.3838604
            ],
            [
              20.0022244,
              42.3808528
            ],
            [
              20.0067325,
              42.3810212
            ],
            [
              20.0101019,
              42.3822282
            ],
            [
              20.0144583,
              42.3815967
            ],
            [
              20.0166903,
              42.379602
            ],
            [
              20.0229348,
              42.3790801
            ],
            [
              20.0427242,
              42.3808596
            ],
            [
              20.0486278,
              42.3825894
            ],
            [
              20.0571371,
              42.382535
            ],
            [
              20.0615015,
              42.3832017
            ],
            [
              20.0616278,
              42.383221
            ],
            [
              20.0659529,
              42.3843471
            ],
            [
              20.0689737,
              42.3866219
            ],
            [
              20.0724879,
              42.3881489
            ],
            [
              20.0728958,
              42.3883261
            ],
            [
              20.073195,
              42.3895003
            ],
            [
              20.0743645,
              42.3894758
            ],
            [
              20.0762474,
              42.3890753
            ],
            [
              20.0812993,
              42.393147
            ],
            [
              20.081888,
              42.3945563
            ],
            [
              20.0832278,
              42.3948405
            ],
            [
              20.083834,
              42.395318
            ],
            [
              20.084353,
              42.3957269
            ],
            [
              20.0833753,
              42.3980066
            ],
            [
              20.0831651,
              42.3982752
            ],
            [
              20.0818826,
              42.3999219
            ],
            [
              20.0748043,
              42.4034462
            ],
            [
              20.0681422,
              42.4064453
            ],
            [
              20.066587,
              42.4065608
            ],
            [
              20.064666,
              42.4055961
            ],
            [
              20.0609632,
              42.4069073
            ],
            [
              20.0555437,
              42.4092326
            ],
            [
              20.0515284,
              42.4086864
            ],
            [
              20.0439697,
              42.4118084
            ],
            [
              20.0419312,
              42.4135523
            ],
            [
              20.0410245,
              42.4161084
            ],
            [
              20.0384469,
              42.4190892
            ],
            [
              20.0349037,
              42.4214048
            ],
            [
              20.032331,
              42.4220858
            ],
            [
              20.0314535,
              42.425713
            ],
            [
              20.028368,
              42.4282473
            ],
            [
              20.0264499,
              42.4296569
            ],
            [
              20.0253773,
              42.4320958
            ],
            [
              20.025592,
              42.4346614
            ],
            [
              20.0253775,
              42.4373221
            ],
            [
              20.0259088,
              42.4398556
            ],
            [
              20.0261315,
              42.4433393
            ],
            [
              20.0257963,
              42.4465063
            ],
            [
              20.0246912,
              42.448462
            ],
            [
              20.0241814,
              42.4493641
            ],
            [
              20.0211811,
              42.4505398
            ],
            [
              20.0165285,
              42.4518579
            ],
            [
              20.01031,
              42.4518104
            ],
            [
              20.0093391,
              42.452887
            ],
            [
              20.0105247,
              42.4548224
            ],
            [
              20.0178686,
              42.4610796
            ],
            [
              20.0160394,
              42.4629435
            ],
            [
              20.0170346,
              42.4662022
            ],
            [
              20.0184301,
              42.4685404
            ],
            [
              20.0192034,
              42.4695173
            ],
            [
              20.0204711,
              42.4722943
            ],
            [
              20.0182011,
              42.4726063
            ],
            [
              20.0137917,
              42.4732122
            ],
            [
              20.012391,
              42.4749848
            ],
            [
              20.0103604,
              42.478977
            ],
            [
              20.0075641,
              42.4822866
            ],
            [
              20.0047249,
              42.4830642
            ],
            [
              20.0000405,
              42.4832518
            ],
            [
              19.9967079,
              42.4839299
            ],
            [
              19.9996416,
              42.4885762
            ],
            [
              19.9996917,
              42.4886555
            ],
            [
              20.002182,
              42.4910393
            ],
            [
              20.0050603,
              42.4942511
            ],
            [
              20.0056906,
              42.4954154
            ],
            [
              20.0073377,
              42.4985387
            ],
            [
              20.0068747,
              42.5058
            ],
            [
              20.0036408,
              42.5082435
            ],
            [
              20.0032851,
              42.5085841
            ],
            [
              20.003143,
              42.5087718
            ],
            [
              20.0027954,
              42.5088332
            ],
            [
              20.0024685,
              42.5088997
            ],
            [
              20.0019174,
              42.5090012
            ],
            [
              20.0015324,
              42.5091389
            ],
            [
              20.0011346,
              42.5092286
            ],
            [
              20.0004657,
              42.5093689
            ],
            [
              19.9998166,
              42.5095663
            ],
            [
              19.9995551,
              42.5097053
            ],
            [
              19.9994228,
              42.5098102
            ],
            [
              19.999161,
              42.5099114
            ],
            [
              19.99893,
              42.5100479
            ],
            [
              19.9987977,
              42.510097
            ],
            [
              19.9986639,
              42.5101789
            ],
            [
              19.9984195,
              42.5102533
            ],
            [
              19.9981053,
              42.5104157
            ],
            [
              19.9979586,
              42.5105067
            ],
            [
              19.9973809,
              42.5106363
            ],
            [
              19.9970092,
              42.5106641
            ],
            [
              19.9967508,
              42.5107049
            ],
            [
              19.9963377,
              42.5107949
            ],
            [
              19.9960191,
              42.5109165
            ],
            [
              19.9958222,
              42.5111675
            ],
            [
              19.9955001,
              42.5113921
            ],
            [
              19.9936697,
              42.511009
            ],
            [
              19.9929361,
              42.5109993
            ],
            [
              19.9920505,
              42.511009
            ],
            [
              19.9915795,
              42.5111603
            ],
            [
              19.9908577,
              42.5112726
            ],
            [
              19.989692,
              42.5111769
            ],
            [
              19.9885901,
              42.5110824
            ],
            [
              19.9877525,
              42.5110583
            ],
            [
              19.9871023,
              42.5111522
            ],
            [
              19.986476,
              42.5111486
            ],
            [
              19.9860613,
              42.5111816
            ],
            [
              19.9852124,
              42.5109995
            ],
            [
              19.9847755,
              42.510895
            ],
            [
              19.9842602,
              42.5109731
            ],
            [
              19.9836865,
              42.5112736
            ],
            [
              19.9834819,
              42.5115881
            ],
            [
              19.9830714,
              42.5120422
            ],
            [
              19.9829741,
              42.5121137
            ],
            [
              19.9825334,
              42.5123492
            ],
            [
              19.982086,
              42.5123533
            ],
            [
              19.9812846,
              42.5123096
            ],
            [
              19.9803477,
              42.5121354
            ],
            [
              19.9795157,
              42.5120573
            ],
            [
              19.9780086,
              42.5118048
            ],
            [
              19.977482,
              42.5116384
            ],
            [
              19.9770534,
              42.5116026
            ],
            [
              19.9755516,
              42.5113151
            ],
            [
              19.9749862,
              42.5111832
            ],
            [
              19.9739297,
              42.5112847
            ],
            [
              19.9733715,
              42.5113104
            ],
            [
              19.972561,
              42.511414
            ],
            [
              19.971958,
              42.5113906
            ],
            [
              19.9708307,
              42.5108471
            ],
            [
              19.9696838,
              42.5102102
            ],
            [
              19.9691484,
              42.5098286
            ],
            [
              19.9679023,
              42.5094111
            ],
            [
              19.9669385,
              42.5092972
            ],
            [
              19.9656795,
              42.509366
            ],
            [
              19.9646506,
              42.5094401
            ],
            [
              19.9640227,
              42.5096248
            ],
            [
              19.9622616,
              42.5100661
            ],
            [
              19.9617605,
              42.5103172
            ],
            [
              19.9611479,
              42.5105015
            ],
            [
              19.9610012,
              42.5105875
            ],
            [
              19.9607668,
              42.5106292
            ],
            [
              19.9596507,
              42.5103846
            ],
            [
              19.9590622,
              42.5103753
            ],
            [
              19.9586312,
              42.5103202
            ],
            [
              19.9581028,
              42.5103945
            ],
            [
              19.9575586,
              42.5105436
            ],
            [
              19.9570691,
              42.510823
            ],
            [
              19.9567089,
              42.5108999
            ],
            [
              19.9558433,
              42.5108997
            ],
            [
              19.9548576,
              42.5107393
            ],
            [
              19.9539942,
              42.5106183
            ],
            [
              19.9532703,
              42.5106539
            ],
            [
              19.9530155,
              42.5107425
            ],
            [
              19.9526115,
              42.5108372
            ],
            [
              19.952335,
              42.5110557
            ],
            [
              19.9519882,
              42.5116787
            ],
            [
              19.9513184,
              42.5124041
            ],
            [
              19.9506457,
              42.513121
            ],
            [
              19.9500406,
              42.5134101
            ],
            [
              19.9489482,
              42.5135744
            ],
            [
              19.9482615,
              42.5136999
            ],
            [
              19.9477186,
              42.5138344
            ],
            [
              19.9474987,
              42.5140117
            ],
            [
              19.9472895,
              42.514229
            ],
            [
              19.947132,
              42.5144886
            ],
            [
              19.9469408,
              42.514594
            ],
            [
              19.9465892,
              42.5149823
            ],
            [
              19.9463008,
              42.5151525
            ],
            [
              19.9458829,
              42.5155613
            ],
            [
              19.9452912,
              42.5159443
            ],
            [
              19.9445383,
              42.5166991
            ],
            [
              19.9438852,
              42.5171149
            ],
            [
              19.9435545,
              42.5174136
            ],
            [
              19.9434775,
              42.5176263
            ],
            [
              19.9428539,
              42.5178446
            ],
            [
              19.9422646,
              42.5177594
            ],
            [
              19.9413696,
              42.5178169
            ],
            [
              19.9405134,
              42.5178786
            ],
            [
              19.9401473,
              42.5178774
            ],
            [
              19.9391173,
              42.5174719
            ],
            [
              19.9388437,
              42.5172262
            ],
            [
              19.9385348,
              42.5170955
            ],
            [
              19.9381045,
              42.5168314
            ],
            [
              19.9377821,
              42.5164785
            ],
            [
              19.9373559,
              42.5161614
            ],
            [
              19.9364925,
              42.5159577
            ],
            [
              19.9354888,
              42.5157707
            ],
            [
              19.93527,
              42.5157286
            ],
            [
              19.9342161,
              42.5156543
            ],
            [
              19.9335397,
              42.5154917
            ],
            [
              19.9328332,
              42.5151495
            ],
            [
              19.9321052,
              42.5151701
            ],
            [
              19.931922,
              42.5151473
            ],
            [
              19.9316232,
              42.5149484
            ],
            [
              19.9309395,
              42.51459
            ],
            [
              19.9301515,
              42.5142416
            ],
            [
              19.929986,
              42.5140955
            ],
            [
              19.9290067,
              42.5138531
            ],
            [
              19.9284279,
              42.5137051
            ],
            [
              19.9274926,
              42.5133023
            ],
            [
              19.9265801,
              42.5130038
            ],
            [
              19.9260233,
              42.512695
            ],
            [
              19.9254201,
              42.5123397
            ],
            [
              19.9252723,
              42.5121754
            ],
            [
              19.9249703,
              42.5120217
            ],
            [
              19.9238027,
              42.5116239
            ],
            [
              19.9235492,
              42.5114851
            ],
            [
              19.9226542,
              42.511251
            ],
            [
              19.9222635,
              42.5111288
            ],
            [
              19.9221682,
              42.510961
            ],
            [
              19.921879,
              42.5107704
            ],
            [
              19.921695,
              42.5106567
            ],
            [
              19.9215322,
              42.5104451
            ],
            [
              19.920759,
              42.5099258
            ],
            [
              19.9206782,
              42.5098716
            ],
            [
              19.9199613,
              42.5092784
            ],
            [
              19.9198065,
              42.5090461
            ],
            [
              19.919494,
              42.5088912
            ],
            [
              19.9190195,
              42.5085915
            ],
            [
              19.9182658,
              42.5080705
            ],
            [
              19.9176696,
              42.5078589
            ],
            [
              19.9173075,
              42.5075362
            ],
            [
              19.9168518,
              42.5073968
            ],
            [
              19.9165291,
              42.5073618
            ],
            [
              19.915534,
              42.5073638
            ],
            [
              19.9142044,
              42.5072622
            ],
            [
              19.9128977,
              42.506958
            ],
            [
              19.9122392,
              42.5068748
            ],
            [
              19.9119431,
              42.5068829
            ],
            [
              19.9107095,
              42.5066937
            ],
            [
              19.9097911,
              42.5065657
            ],
            [
              19.9093024,
              42.5066116
            ],
            [
              19.9080139,
              42.5068647
            ],
            [
              19.9069491,
              42.5069626
            ],
            [
              19.9064135,
              42.5073854
            ],
            [
              19.9062914,
              42.5071991
            ],
            [
              19.9064692,
              42.5068467
            ],
            [
              19.9065089,
              42.5065385
            ],
            [
              19.9052619,
              42.5048973
            ],
            [
              19.9049039,
              42.5036723
            ],
            [
              19.904854,
              42.5032979
            ],
            [
              19.9049047,
              42.5029515
            ],
            [
              19.9046654,
              42.5020893
            ],
            [
              19.9045651,
              42.50189
            ],
            [
              19.9041016,
              42.5013897
            ],
            [
              19.9038465,
              42.5009821
            ],
            [
              19.903746,
              42.5006129
            ],
            [
              19.9035909,
              42.5004597
            ],
            [
              19.9035263,
              42.5002287
            ],
            [
              19.9046025,
              42.499123
            ],
            [
              19.9047253,
              42.4981808
            ],
            [
              19.9051648,
              42.4963638
            ],
            [
              19.9054394,
              42.4956761
            ],
            [
              19.9053542,
              42.4954788
            ],
            [
              19.9050909,
              42.4953321
            ],
            [
              19.9025175,
              42.4944821
            ],
            [
              19.9019922,
              42.4941102
            ],
            [
              19.9017686,
              42.493715
            ],
            [
              19.9017605,
              42.4931646
            ],
            [
              19.9018772,
              42.4925761
            ],
            [
              19.9023325,
              42.4917838
            ],
            [
              19.9026775,
              42.4913154
            ],
            [
              19.9029023,
              42.4906231
            ],
            [
              19.9028532,
              42.4903868
            ],
            [
              19.9021664,
              42.4901313
            ],
            [
              19.9009529,
              42.4895825
            ],
            [
              19.9002177,
              42.4890513
            ],
            [
              19.8998608,
              42.4886865
            ],
            [
              19.8998675,
              42.4883066
            ],
            [
              19.8997381,
              42.4875978
            ],
            [
              19.8989446,
              42.4853366
            ],
            [
              19.8987037,
              42.4849281
            ],
            [
              19.8981398,
              42.4847392
            ],
            [
              19.8978857,
              42.4847435
            ],
            [
              19.8971469,
              42.4847559
            ],
            [
              19.8960297,
              42.4849208
            ],
            [
              19.8953317,
              42.4851708
            ],
            [
              19.8947924,
              42.4855979
            ],
            [
              19.8945033,
              42.4859096
            ],
            [
              19.8943873,
              42.4864588
            ],
            [
              19.8941495,
              42.4868758
            ],
            [
              19.8934437,
              42.4872836
            ],
            [
              19.8927046,
              42.487984
            ],
            [
              19.8899726,
              42.4891105
            ],
            [
              19.8890597,
              42.4896127
            ],
            [
              19.888432,
              42.4900259
            ],
            [
              19.8875592,
              42.490984
            ],
            [
              19.8870877,
              42.4915821
            ],
            [
              19.8862457,
              42.4930807
            ],
            [
              19.885648,
              42.4937955
            ],
            [
              19.8848861,
              42.4941852
            ],
            [
              19.8839036,
              42.494608
            ],
            [
              19.8829583,
              42.4949264
            ],
            [
              19.8816414,
              42.4952149
            ],
            [
              19.8810154,
              42.4955232
            ],
            [
              19.8801595,
              42.4958031
            ],
            [
              19.8789523,
              42.4958961
            ],
            [
              19.8779784,
              42.4958342
            ],
            [
              19.8764448,
              42.4953475
            ],
            [
              19.8755533,
              42.4946443
            ],
            [
              19.8751922,
              42.4937939
            ],
            [
              19.8752117,
              42.4927066
            ],
            [
              19.8752965,
              42.4919344
            ],
            [
              19.8755409,
              42.4911507
            ],
            [
              19.8755475,
              42.4907839
            ],
            [
              19.8754806,
              42.4905605
            ],
            [
              19.8747603,
              42.4901996
            ],
            [
              19.8735153,
              42.4899773
            ],
            [
              19.8728989,
              42.4894127
            ],
            [
              19.8726644,
              42.4887857
            ],
            [
              19.8727668,
              42.4876181
            ],
            [
              19.8726247,
              42.4873637
            ],
            [
              19.871935,
              42.4867425
            ],
            [
              19.8719066,
              42.4865133
            ],
            [
              19.8720302,
              42.4859844
            ],
            [
              19.8723366,
              42.4852315
            ],
            [
              19.8723084,
              42.4849903
            ],
            [
              19.8721504,
              42.4847116
            ],
            [
              19.8716016,
              42.484417
            ],
            [
              19.8702256,
              42.4838975
            ],
            [
              19.8693583,
              42.4834182
            ],
            [
              19.8682473,
              42.4829388
            ],
            [
              19.867947,
              42.4825826
            ],
            [
              19.8678678,
              42.4822768
            ],
            [
              19.8678998,
              42.4820722
            ],
            [
              19.8679296,
              42.4819039
            ],
            [
              19.8679338,
              42.4817978
            ],
            [
              19.8679371,
              42.4816655
            ],
            [
              19.8677874,
              42.4815538
            ],
            [
              19.8674878,
              42.481502
            ],
            [
              19.8672177,
              42.4814428
            ],
            [
              19.8645657,
              42.4811618
            ],
            [
              19.8619982,
              42.4824503
            ],
            [
              19.8608772,
              42.4831864
            ],
            [
              19.8601875,
              42.4834139
            ],
            [
              19.8596261,
              42.483482
            ],
            [
              19.8587273,
              42.4837617
            ],
            [
              19.8582807,
              42.4841832
            ],
            [
              19.8568141,
              42.4839457
            ],
            [
              19.8555342,
              42.4841861
            ],
            [
              19.8544839,
              42.4841885
            ],
            [
              19.8535114,
              42.4839008
            ],
            [
              19.8530972,
              42.4831588
            ],
            [
              19.8531439,
              42.4823777
            ],
            [
              19.8529936,
              42.4821062
            ],
            [
              19.8523236,
              42.4816415
            ],
            [
              19.8508,
              42.4802633
            ],
            [
              19.850621,
              42.4797959
            ],
            [
              19.850511,
              42.4794798
            ],
            [
              19.8504981,
              42.4791494
            ],
            [
              19.8495454,
              42.4781224
            ],
            [
              19.848686,
              42.4772875
            ],
            [
              19.8479082,
              42.4770106
            ],
            [
              19.8468922,
              42.4767977
            ],
            [
              19.8465896,
              42.4769481
            ],
            [
              19.8462581,
              42.4774901
            ],
            [
              19.8455124,
              42.4777956
            ],
            [
              19.8436392,
              42.4788385
            ],
            [
              19.8432267,
              42.4790945
            ],
            [
              19.8410761,
              42.4796929
            ],
            [
              19.8405562,
              42.4797341
            ],
            [
              19.8398583,
              42.4796674
            ],
            [
              19.8392123,
              42.4795156
            ],
            [
              19.8380195,
              42.4787694
            ],
            [
              19.837451,
              42.4786406
            ],
            [
              19.8365886,
              42.47872
            ],
            [
              19.8362857,
              42.4787013
            ],
            [
              19.836248,
              42.4785847
            ],
            [
              19.8366523,
              42.4775348
            ],
            [
              19.8383085,
              42.4740528
            ],
            [
              19.8384111,
              42.4736451
            ],
            [
              19.8378193,
              42.4728642
            ],
            [
              19.8373983,
              42.4724
            ],
            [
              19.8358721,
              42.4708215
            ],
            [
              19.8352613,
              42.4700725
            ],
            [
              19.8343389,
              42.4689008
            ],
            [
              19.8339512,
              42.4684895
            ],
            [
              19.8335698,
              42.4680937
            ],
            [
              19.8333962,
              42.4679421
            ],
            [
              19.8330813,
              42.4672527
            ],
            [
              19.8325479,
              42.4667906
            ],
            [
              19.8317652,
              42.466156
            ],
            [
              19.8314213,
              42.4658321
            ],
            [
              19.8313498,
              42.4656183
            ],
            [
              19.823824,
              42.4617988
            ],
            [
              19.8218564,
              42.4601683
            ],
            [
              19.821771,
              42.4582845
            ],
            [
              19.8186035,
              42.4522367
            ],
            [
              19.8161227,
              42.4507169
            ],
            [
              19.8131761,
              42.4472097
            ],
            [
              19.8133121,
              42.4441894
            ],
            [
              19.8128465,
              42.4420016
            ],
            [
              19.8144529,
              42.4386873
            ],
            [
              19.8132483,
              42.4351355
            ],
            [
              19.8121861,
              42.4339376
            ],
            [
              19.8089351,
              42.4329297
            ],
            [
              19.8068964,
              42.430217
            ],
            [
              19.8011453,
              42.4295429
            ],
            [
              19.7992351,
              42.4275068
            ],
            [
              19.7974555,
              42.42558
            ],
            [
              19.7962949,
              42.4249005
            ],
            [
              19.7947082,
              42.421792
            ]
          ]
        ]
      },
      "properties": {
        "name": "Valbona Valley National Park",
        "category": "zona",
        "categoryLabel": "Park kombëtar",
        "location": "Shqipëri",
        "countryCodes": [
          "AL"
        ],
        "summary": "Park kombëtar në Shqipëri. Kufiri vjen nga OpenStreetMap.",
        "details": [],
        "mapNote": "Kufiri i objektit OSM, marrë përmes Nominatim.",
        "geometryType": "Polygon",
        "sources": [
          {
            "label": "OpenStreetMap",
            "url": "https://www.openstreetmap.org/relation/15532458"
          }
        ],
        "osm": {
          "type": "relation",
          "id": 15532458,
          "tags": {}
        },
        "extra": {}
      }
    },
    {
      "type": "Feature",
      "id": "osm-way-503885261",
      "geometry": {
        "type": "Polygon",
        "coordinates": [
          [
            [
              19.362002,
              40.8259717
            ],
            [
              19.3635155,
              40.8231513
            ],
            [
              19.3749785,
              40.8221473
            ],
            [
              19.3848529,
              40.8242942
            ],
            [
              19.3996328,
              40.8267502
            ],
            [
              19.4142861,
              40.8284817
            ],
            [
              19.4168049,
              40.8294833
            ],
            [
              19.4204071,
              40.8325909
            ],
            [
              19.4233677,
              40.8365045
            ],
            [
              19.4260809,
              40.8366522
            ],
            [
              19.4271316,
              40.8368706
            ],
            [
              19.4287566,
              40.8376113
            ],
            [
              19.4306058,
              40.839737
            ],
            [
              19.4315392,
              40.8402406
            ],
            [
              19.4367446,
              40.842212
            ],
            [
              19.439092,
              40.843717
            ],
            [
              19.4414698,
              40.8488041
            ],
            [
              19.4415066,
              40.8777861
            ],
            [
              19.4616944,
              40.8744738
            ],
            [
              19.4726222,
              40.8679955
            ],
            [
              19.4755924,
              40.8674782
            ],
            [
              19.4978776,
              40.8709563
            ],
            [
              19.504525,
              40.868104
            ],
            [
              19.5271353,
              40.8666162
            ],
            [
              19.5290973,
              40.8664871
            ],
            [
              19.5356807,
              40.8658731
            ],
            [
              19.5428807,
              40.8663065
            ],
            [
              19.5427826,
              40.8674898
            ],
            [
              19.5468158,
              40.8677667
            ],
            [
              19.5462709,
              40.8764421
            ],
            [
              19.5449788,
              40.8776875
            ],
            [
              19.5432383,
              40.8804018
            ],
            [
              19.5428126,
              40.8807379
            ],
            [
              19.5435322,
              40.8811263
            ],
            [
              19.545114,
              40.8812496
            ],
            [
              19.5466418,
              40.8832862
            ],
            [
              19.5508102,
              40.8849524
            ],
            [
              19.5523525,
              40.8884734
            ],
            [
              19.5526532,
              40.8929862
            ],
            [
              19.553215,
              40.8971321
            ],
            [
              19.5561384,
              40.8998122
            ],
            [
              19.5564348,
              40.9000839
            ],
            [
              19.5592063,
              40.9035722
            ],
            [
              19.5595306,
              40.905211
            ],
            [
              19.5586969,
              40.9071039
            ],
            [
              19.5601338,
              40.9082126
            ],
            [
              19.562336,
              40.9084605
            ],
            [
              19.563617,
              40.9086047
            ],
            [
              19.5656057,
              40.910352
            ],
            [
              19.566669,
              40.9124348
            ],
            [
              19.5667463,
              40.9129696
            ],
            [
              19.5663483,
              40.9137422
            ],
            [
              19.5633749,
              40.9167435
            ],
            [
              19.5615566,
              40.9175656
            ],
            [
              19.5639785,
              40.9198134
            ],
            [
              19.5649248,
              40.9215389
            ],
            [
              19.5667298,
              40.9271424
            ],
            [
              19.5678226,
              40.9289763
            ],
            [
              19.568857,
              40.9313186
            ],
            [
              19.5684796,
              40.9341943
            ],
            [
              19.5688827,
              40.9358342
            ],
            [
              19.5677012,
              40.93812
            ],
            [
              19.5690742,
              40.9410264
            ],
            [
              19.5680188,
              40.9455412
            ],
            [
              19.566403,
              40.9474598
            ],
            [
              19.5655624,
              40.9478261
            ],
            [
              19.5669821,
              40.9493208
            ],
            [
              19.5680097,
              40.9519116
            ],
            [
              19.5722692,
              40.9538202
            ],
            [
              19.5698132,
              40.9566279
            ],
            [
              19.5697878,
              40.9569419
            ],
            [
              19.569524,
              40.9601974
            ],
            [
              19.5645747,
              40.9591966
            ],
            [
              19.5621105,
              40.9602208
            ],
            [
              19.5610661,
              40.9596933
            ],
            [
              19.5587937,
              40.9569343
            ],
            [
              19.558508,
              40.9600144
            ],
            [
              19.5589567,
              40.961283
            ],
            [
              19.5594178,
              40.9625866
            ],
            [
              19.5592835,
              40.9648631
            ],
            [
              19.5587722,
              40.9670176
            ],
            [
              19.5595055,
              40.9684773
            ],
            [
              19.5620181,
              40.9701274
            ],
            [
              19.5649752,
              40.9748342
            ],
            [
              19.5648315,
              40.978441
            ],
            [
              19.5670846,
              40.9806337
            ],
            [
              19.5661736,
              40.9833833
            ],
            [
              19.5681333,
              40.9871891
            ],
            [
              19.5668972,
              40.990401
            ],
            [
              19.5677126,
              40.9923693
            ],
            [
              19.5682852,
              40.9951836
            ],
            [
              19.5676249,
              40.9982236
            ],
            [
              19.5675671,
              41.0044813
            ],
            [
              19.5645391,
              41.0076799
            ],
            [
              19.5615093,
              41.0104403
            ],
            [
              19.5548048,
              41.0115259
            ],
            [
              19.5499318,
              41.012315
            ],
            [
              19.5421463,
              41.0270428
            ],
            [
              19.5432735,
              41.0303273
            ],
            [
              19.54467,
              41.0343964
            ],
            [
              19.5466257,
              41.0360041
            ],
            [
              19.5434405,
              41.0376377
            ],
            [
              19.543681,
              41.0408237
            ],
            [
              19.5481828,
              41.0424862
            ],
            [
              19.5482288,
              41.0425219
            ],
            [
              19.5488553,
              41.0430075
            ],
            [
              19.5482025,
              41.0441122
            ],
            [
              19.546348,
              41.0451846
            ],
            [
              19.5450475,
              41.0451019
            ],
            [
              19.5323218,
              41.0442926
            ],
            [
              19.5233645,
              41.0489499
            ],
            [
              19.5233132,
              41.0489766
            ],
            [
              19.5190467,
              41.0489353
            ],
            [
              19.5162923,
              41.0474105
            ],
            [
              19.515238,
              41.0455075
            ],
            [
              19.5152155,
              41.0454668
            ],
            [
              19.514999,
              41.0431031
            ],
            [
              19.5123363,
              41.0417429
            ],
            [
              19.5108269,
              41.0417904
            ],
            [
              19.5092318,
              41.0429062
            ],
            [
              19.5087213,
              41.0440314
            ],
            [
              19.5064276,
              41.0490863
            ],
            [
              19.5046818,
              41.0491153
            ],
            [
              19.5028715,
              41.0479384
            ],
            [
              19.5020483,
              41.0442371
            ],
            [
              19.5017352,
              41.0429071
            ],
            [
              19.5044691,
              41.0396026
            ],
            [
              19.5047871,
              41.0368132
            ],
            [
              19.5038781,
              41.0347951
            ],
            [
              19.4991848,
              41.0331463
            ],
            [
              19.4979111,
              41.034555
            ],
            [
              19.4957937,
              41.0413854
            ],
            [
              19.4951936,
              41.042197
            ],
            [
              19.4908803,
              41.0480309
            ],
            [
              19.4895349,
              41.0498505
            ],
            [
              19.4859498,
              41.0512243
            ],
            [
              19.4792352,
              41.0502776
            ],
            [
              19.4772236,
              41.048483
            ],
            [
              19.4754909,
              41.0456041
            ],
            [
              19.474121,
              41.0468702
            ],
            [
              19.4733633,
              41.0487415
            ],
            [
              19.4713961,
              41.0491722
            ],
            [
              19.4681594,
              41.0482547
            ],
            [
              19.4647171,
              41.0463072
            ],
            [
              19.4631417,
              41.0451041
            ],
            [
              19.4544475,
              41.0422336
            ],
            [
              19.4518169,
              41.0395361
            ],
            [
              19.4387858,
              41.0409388
            ],
            [
              19.4426633,
              41.0300733
            ],
            [
              19.4392508,
              41.0127996
            ],
            [
              19.4408741,
              41.0048978
            ],
            [
              19.4423916,
              41.0008979
            ],
            [
              19.4439306,
              40.9983717
            ],
            [
              19.446911,
              40.9934159
            ],
            [
              19.4476755,
              40.9921079
            ],
            [
              19.4552496,
              40.9900391
            ],
            [
              19.4623661,
              40.9880952
            ],
            [
              19.469796,
              40.9845237
            ],
            [
              19.4717445,
              40.9829444
            ],
            [
              19.4736501,
              40.9803931
            ],
            [
              19.4752104,
              40.9780764
            ],
            [
              19.4757836,
              40.9750631
            ],
            [
              19.4752135,
              40.9693281
            ],
            [
              19.4718715,
              40.9611609
            ],
            [
              19.4660148,
              40.9544633
            ],
            [
              19.4588707,
              40.9486406
            ],
            [
              19.4538239,
              40.9456916
            ],
            [
              19.4493779,
              40.9429152
            ],
            [
              19.4350391,
              40.9328784
            ],
            [
              19.4135889,
              40.9157462
            ],
            [
              19.4004757,
              40.8742561
            ],
            [
              19.3982416,
              40.8653983
            ],
            [
              19.3938323,
              40.8541423
            ],
            [
              19.3888651,
              40.845191
            ],
            [
              19.3768278,
              40.8321224
            ],
            [
              19.3677397,
              40.8299354
            ],
            [
              19.3625913,
              40.8295715
            ],
            [
              19.362002,
              40.8259717
            ]
          ]
        ]
      },
      "properties": {
        "name": "Divjakë-Karavasta National Park",
        "category": "zona",
        "categoryLabel": "Park kombëtar",
        "location": "Shqipëri",
        "countryCodes": [
          "AL"
        ],
        "summary": "Park kombëtar në Shqipëri. Kufiri vjen nga OpenStreetMap.",
        "details": [
          "Vëzhgime GBIF brenda kufirit: 13 vëzhgime flore; lloje të regjistruara: Anemone hortensis, Bellis perennis, Crepis sancta, Euphorbia helioscopia, Ophrys sphegodes, Pistacia lentiscus…; 5 vëzhgime faune; lloje të regjistruara: Dicentrarchus labrax, Erithacus rubecula, Fringilla coelebs, Hyla arborea, Thaumetopoea pityocampa. Këto regjistrime nuk janë inventar i plotë i parkut."
        ],
        "mapNote": "Kufiri i objektit OSM, marrë përmes Nominatim.",
        "geometryType": "Polygon",
        "sources": [
          {
            "label": "OpenStreetMap",
            "url": "https://www.openstreetmap.org/way/503885261"
          }
        ],
        "osm": {
          "type": "way",
          "id": 503885261,
          "tags": {}
        },
        "extra": {
          "Vëzhgime flore": 13,
          "Vëzhgime faune": 5
        },
        "image": {
          "url": "https://api.gbif.org/v1/image/cache/800x/occurrence/6130524882/media/76793e360da2ca0a1072a3a9cbd282ee",
          "source": "https://www.inaturalist.org/photos/609695271",
          "credit": "ervin_allushi",
          "license": "CC BY-NC 4.0",
          "licenseUrl": "http://creativecommons.org/licenses/by-nc/4.0/",
          "alt": "Vëzhgim i Anemone hortensis brenda kufirit të parkut",
          "context": "Vëzhgim i Anemone hortensis brenda kufirit të parkut",
          "derivedFromGbif": true
        }
      }
    },
    {
      "type": "Feature",
      "id": "osm-way-359638411",
      "geometry": {
        "type": "Polygon",
        "coordinates": [
          [
            [
              19.5461175,
              40.2105929
            ],
            [
              19.5465046,
              40.2100758
            ],
            [
              19.5470513,
              40.2095798
            ],
            [
              19.5475016,
              40.2093167
            ],
            [
              19.5480159,
              40.2092213
            ],
            [
              19.5484982,
              40.2084993
            ],
            [
              19.5488261,
              40.2079788
            ],
            [
              19.5492698,
              40.2077234
            ],
            [
              19.5497353,
              40.2075665
            ],
            [
              19.5504209,
              40.207576
            ],
            [
              19.5510383,
              40.2076595
            ],
            [
              19.5515639,
              40.2076968
            ],
            [
              19.5526074,
              40.2079198
            ],
            [
              19.5539463,
              40.2083879
            ],
            [
              19.555096,
              40.2084159
            ],
            [
              19.5561185,
              40.2081949
            ],
            [
              19.5561335,
              40.2081802
            ],
            [
              19.5564851,
              40.2078363
            ],
            [
              19.5574368,
              40.2072028
            ],
            [
              19.557887,
              40.2069278
            ],
            [
              19.5585429,
              40.2066478
            ],
            [
              19.5591637,
              40.2064754
            ],
            [
              19.5601249,
              40.2059652
            ],
            [
              19.5605621,
              40.2055722
            ],
            [
              19.5611345,
              40.204924
            ],
            [
              19.561642,
              40.2044368
            ],
            [
              19.5630058,
              40.2027924
            ],
            [
              19.5634688,
              40.202591
            ],
            [
              19.5638997,
              40.2022865
            ],
            [
              19.5641826,
              40.2018346
            ],
            [
              19.5653401,
              40.2015989
            ],
            [
              19.5662726,
              40.201341
            ],
            [
              19.5712307,
              40.1997275
            ],
            [
              19.5727676,
              40.1992462
            ],
            [
              19.5735264,
              40.1989465
            ],
            [
              19.5737579,
              40.1986911
            ],
            [
              19.5750119,
              40.1983817
            ],
            [
              19.576741,
              40.1985423
            ],
            [
              19.5780922,
              40.1985389
            ],
            [
              19.5789539,
              40.1983817
            ],
            [
              19.5794234,
              40.1984111
            ],
            [
              19.5805499,
              40.1984243
            ],
            [
              19.5813397,
              40.198475
            ],
            [
              19.581822,
              40.1986076
            ],
            [
              19.5821886,
              40.1985143
            ],
            [
              19.5833266,
              40.1984406
            ],
            [
              19.5850052,
              40.1984259
            ],
            [
              19.5855261,
              40.1983031
            ],
            [
              19.5861835,
              40.1980522
            ],
            [
              19.5864521,
              40.1974632
            ],
            [
              19.5881118,
              40.1973779
            ],
            [
              19.590686,
              40.1975836
            ],
            [
              19.5910486,
              40.1983919
            ],
            [
              19.591243,
              40.1990693
            ],
            [
              19.5923429,
              40.1994572
            ],
            [
              19.5947091,
              40.1995507
            ],
            [
              19.597455,
              40.200091
            ],
            [
              19.5976994,
              40.2012305
            ],
            [
              19.5983296,
              40.2019623
            ],
            [
              19.5996865,
              40.2024682
            ],
            [
              19.5993714,
              40.2039662
            ],
            [
              19.5993071,
              40.2044377
            ],
            [
              19.5994935,
              40.2044328
            ],
            [
              19.5998858,
              40.2052186
            ],
            [
              19.6005675,
              40.2059013
            ],
            [
              19.6010562,
              40.2065447
            ],
            [
              19.6017829,
              40.2081507
            ],
            [
              19.6018499,
              40.2092979
            ],
            [
              19.6019565,
              40.2093391
            ],
            [
              19.6020851,
              40.2096731
            ],
            [
              19.6026574,
              40.2101151
            ],
            [
              19.6027925,
              40.2108173
            ],
            [
              19.6033005,
              40.2111071
            ],
            [
              19.6045159,
              40.2136264
            ],
            [
              19.6049275,
              40.2146576
            ],
            [
              19.6054769,
              40.2151673
            ],
            [
              19.6059557,
              40.2156114
            ],
            [
              19.6056156,
              40.2159147
            ],
            [
              19.6054162,
              40.2163616
            ],
            [
              19.6047796,
              40.2170982
            ],
            [
              19.6040658,
              40.2183651
            ],
            [
              19.6035631,
              40.2197918
            ],
            [
              19.6012298,
              40.2196958
            ],
            [
              19.5991784,
              40.2194404
            ],
            [
              19.5969164,
              40.2186628
            ],
            [
              19.593558,
              40.2183454
            ],
            [
              19.5916352,
              40.2179919
            ],
            [
              19.5915774,
              40.2178986
            ],
            [
              19.5897446,
              40.218041
            ],
            [
              19.5881498,
              40.2184338
            ],
            [
              19.5873588,
              40.2184436
            ],
            [
              19.5868637,
              40.218257
            ],
            [
              19.5839586,
              40.217784
            ],
            [
              19.5833589,
              40.2178004
            ],
            [
              19.5827352,
              40.2179231
            ],
            [
              19.5817255,
              40.2183258
            ],
            [
              19.5790405,
              40.2191971
            ],
            [
              19.5782851,
              40.2195337
            ],
            [
              19.5779057,
              40.2197596
            ],
            [
              19.5765617,
              40.2212474
            ],
            [
              19.5749219,
              40.2231476
            ],
            [
              19.5740023,
              40.2238989
            ],
            [
              19.5728641,
              40.2243899
            ],
            [
              19.571057,
              40.2249349
            ],
            [
              19.5696358,
              40.2258187
            ],
            [
              19.5682803,
              40.2274098
            ],
            [
              19.5679574,
              40.2276893
            ],
            [
              19.5668449,
              40.2282981
            ],
            [
              19.5656938,
              40.2289265
            ],
            [
              19.5651563,
              40.2291067
            ],
            [
              19.5648257,
              40.2288087
            ],
            [
              19.5644013,
              40.2281803
            ],
            [
              19.5638354,
              40.2276746
            ],
            [
              19.5636746,
              40.2274831
            ],
            [
              19.5635138,
              40.2271198
            ],
            [
              19.5628284,
              40.226372
            ],
            [
              19.5624656,
              40.2259021
            ],
            [
              19.5621055,
              40.2256272
            ],
            [
              19.5611666,
              40.2251067
            ],
            [
              19.5606779,
              40.2246108
            ],
            [
              19.5599552,
              40.2244558
            ],
            [
              19.5595589,
              40.2243555
            ],
            [
              19.5588902,
              40.2240756
            ],
            [
              19.5580799,
              40.2237908
            ],
            [
              19.557559,
              40.2234668
            ],
            [
              19.5568388,
              40.2232311
            ],
            [
              19.5562279,
              40.2228432
            ],
            [
              19.5557906,
              40.2224357
            ],
            [
              19.5547617,
              40.2209381
            ],
            [
              19.5547359,
              40.2206238
            ],
            [
              19.5543758,
              40.2201622
            ],
            [
              19.5538292,
              40.219848
            ],
            [
              19.5533726,
              40.218699
            ],
            [
              19.5530757,
              40.2182254
            ],
            [
              19.5523116,
              40.2175057
            ],
            [
              19.5519129,
              40.2169067
            ],
            [
              19.5511296,
              40.216538
            ],
            [
              19.5506233,
              40.2160028
            ],
            [
              19.5498936,
              40.2155071
            ],
            [
              19.5492763,
              40.2149522
            ],
            [
              19.5483503,
              40.2144563
            ],
            [
              19.547868,
              40.2140389
            ],
            [
              19.5471606,
              40.2135281
            ],
            [
              19.5465046,
              40.2132433
            ],
            [
              19.5462603,
              40.2127964
            ],
            [
              19.5462088,
              40.2118044
            ],
            [
              19.5461175,
              40.2105929
            ]
          ]
        ]
      },
      "properties": {
        "name": "Llogara National Park",
        "category": "zona",
        "categoryLabel": "Park kombëtar",
        "location": "Shqipëri",
        "countryCodes": [
          "AL"
        ],
        "summary": "Park kombëtar në Shqipëri. Kufiri vjen nga OpenStreetMap.",
        "details": [],
        "mapNote": "Kufiri i objektit OSM, marrë përmes Nominatim.",
        "geometryType": "Polygon",
        "sources": [
          {
            "label": "OpenStreetMap",
            "url": "https://www.openstreetmap.org/way/359638411"
          }
        ],
        "osm": {
          "type": "way",
          "id": 359638411,
          "tags": {}
        },
        "extra": {}
      }
    },
    {
      "type": "Feature",
      "id": "osm-relation-19369097",
      "geometry": {
        "type": "Polygon",
        "coordinates": [
          [
            [
              19.7129748,
              42.4188813
            ],
            [
              19.7173092,
              42.4152378
            ],
            [
              19.7203133,
              42.4130833
            ],
            [
              19.7281998,
              42.4103032
            ],
            [
              19.7310851,
              42.408172
            ],
            [
              19.7350387,
              42.4047384
            ],
            [
              19.735956,
              42.4039417
            ],
            [
              19.7356341,
              42.4012798
            ],
            [
              19.7351735,
              42.3961697
            ],
            [
              19.735195,
              42.3944583
            ],
            [
              19.737458,
              42.3922949
            ],
            [
              19.7443145,
              42.388769
            ],
            [
              19.7525427,
              42.3841963
            ],
            [
              19.7589157,
              42.3861299
            ],
            [
              19.7643874,
              42.384228
            ],
            [
              19.765825,
              42.3824528
            ],
            [
              19.7664473,
              42.3816762
            ],
            [
              19.765589,
              42.3795047
            ],
            [
              19.7666404,
              42.3752407
            ],
            [
              19.7695183,
              42.3703616
            ],
            [
              19.7733967,
              42.3694441
            ],
            [
              19.7741782,
              42.3688261
            ],
            [
              19.7768543,
              42.3681545
            ],
            [
              19.7778843,
              42.3669179
            ],
            [
              19.7831065,
              42.3649996
            ],
            [
              19.7847819,
              42.3649599
            ],
            [
              19.7863285,
              42.3655069
            ],
            [
              19.7893788,
              42.3673143
            ],
            [
              19.7963375,
              42.3679841
            ],
            [
              19.802674,
              42.3704294
            ],
            [
              19.8039572,
              42.3706316
            ],
            [
              19.8124073,
              42.3705008
            ],
            [
              19.8141867,
              42.3708677
            ],
            [
              19.8158274,
              42.3722877
            ],
            [
              19.8170819,
              42.3718688
            ],
            [
              19.818647,
              42.3724813
            ],
            [
              19.8199076,
              42.3729757
            ],
            [
              19.8204881,
              42.3733434
            ],
            [
              19.8222865,
              42.3744826
            ],
            [
              19.8233342,
              42.3760259
            ],
            [
              19.8244249,
              42.378235
            ],
            [
              19.8235148,
              42.3808126
            ],
            [
              19.8273817,
              42.3849079
            ],
            [
              19.8276132,
              42.386249
            ],
            [
              19.8270386,
              42.3874595
            ],
            [
              19.827425,
              42.392325
            ],
            [
              19.8252958,
              42.3963441
            ],
            [
              19.823268,
              42.4000043
            ],
            [
              19.8181289,
              42.4039816
            ],
            [
              19.8107807,
              42.408179
            ],
            [
              19.8075896,
              42.4108428
            ],
            [
              19.8066729,
              42.4158513
            ],
            [
              19.8017069,
              42.418074
            ],
            [
              19.7967907,
              42.4200141
            ],
            [
              19.7947082,
              42.421792
            ],
            [
              19.7962949,
              42.4249005
            ],
            [
              19.7937629,
              42.4262468
            ],
            [
              19.792322,
              42.4263668
            ],
            [
              19.7883556,
              42.427118
            ],
            [
              19.7871754,
              42.4286543
            ],
            [
              19.7848365,
              42.4318377
            ],
            [
              19.7849867,
              42.4355594
            ],
            [
              19.7849867,
              42.4387583
            ],
            [
              19.781811,
              42.4418937
            ],
            [
              19.7779701,
              42.441482
            ],
            [
              19.7755883,
              42.4428596
            ],
            [
              19.7706643,
              42.4438677
            ],
            [
              19.7685188,
              42.4435962
            ],
            [
              19.762027,
              42.4444273
            ],
            [
              19.7593019,
              42.4435247
            ],
            [
              19.7586918,
              42.4437572
            ],
            [
              19.7560189,
              42.4447756
            ],
            [
              19.750912,
              42.4456623
            ],
            [
              19.7479079,
              42.4444431
            ],
            [
              19.7459882,
              42.4443879
            ],
            [
              19.7442386,
              42.4443798
            ],
            [
              19.7425121,
              42.4451796
            ],
            [
              19.7400115,
              42.441197
            ],
            [
              19.7392175,
              42.4384416
            ],
            [
              19.7379086,
              42.4354644
            ],
            [
              19.7325227,
              42.4326771
            ],
            [
              19.7301409,
              42.4312992
            ],
            [
              19.7202919,
              42.4234274
            ],
            [
              19.7129748,
              42.4188813
            ]
          ]
        ]
      },
      "properties": {
        "name": "Theth National Park",
        "category": "zona",
        "categoryLabel": "Park kombëtar",
        "location": "Shqipëri",
        "countryCodes": [
          "AL"
        ],
        "summary": "Park kombëtar në Shqipëri. Kufiri vjen nga OpenStreetMap.",
        "details": [
          "Vëzhgime GBIF brenda kufirit: 1 vëzhgime flore; lloje të regjistruara: Epipactis atrorubens. Këto regjistrime nuk janë inventar i plotë i parkut."
        ],
        "mapNote": "Kufiri i objektit OSM, marrë përmes Nominatim.",
        "geometryType": "Polygon",
        "sources": [
          {
            "label": "OpenStreetMap",
            "url": "https://www.openstreetmap.org/relation/19369097"
          },
          {
            "label": "Wikipedia",
            "url": "https://en.wikipedia.org/wiki/Alps_of_Albania_National_Park"
          }
        ],
        "osm": {
          "type": "relation",
          "id": 19369097,
          "tags": {}
        },
        "extra": {
          "Vëzhgime flore": 1
        },
        "image": {
          "url": "https://thumb.wikimedia.org/wikipedia/commons/thumb/4/42/Theth_and_Theth_National_Park%2C_Albania_2017.jpg/1280px-Theth_and_Theth_National_Park%2C_Albania_2017.jpg?utm_source=commons.wikimedia.org&utm_campaign=imageinfo&utm_content=thumbnail",
          "source": "https://commons.wikimedia.org/wiki/File:Theth_and_Theth_National_Park,_Albania_2017.jpg",
          "credit": "Peter Chovanec",
          "license": "CC BY 2.0",
          "alt": "Alps of Albania National Park"
        }
      }
    },
    {
      "type": "Feature",
      "id": "osm-way-375741900",
      "geometry": {
        "type": "Polygon",
        "coordinates": [
          [
            [
              19.8402581,
              41.4206221
            ],
            [
              19.8410199,
              41.4185053
            ],
            [
              19.8409877,
              41.4153764
            ],
            [
              19.8443887,
              41.4099282
            ],
            [
              19.8482511,
              41.4069831
            ],
            [
              19.8508689,
              41.4043115
            ],
            [
              19.852768,
              41.4000551
            ],
            [
              19.8548708,
              41.3995562
            ],
            [
              19.8555574,
              41.3977373
            ],
            [
              19.8570595,
              41.3970935
            ],
            [
              19.8594198,
              41.3932302
            ],
            [
              19.8606644,
              41.3894634
            ],
            [
              19.8609648,
              41.3876442
            ],
            [
              19.8622201,
              41.3868304
            ],
            [
              19.8643444,
              41.3855103
            ],
            [
              19.8658035,
              41.3847697
            ],
            [
              19.8671768,
              41.3833369
            ],
            [
              19.8725938,
              41.3795783
            ],
            [
              19.8751687,
              41.3765513
            ],
            [
              19.8752545,
              41.3747962
            ],
            [
              19.8764991,
              41.3718656
            ],
            [
              19.87694,
              41.3708584
            ],
            [
              19.8772072,
              41.3695146
            ],
            [
              19.8767351,
              41.367872
            ],
            [
              19.875791,
              41.3666642
            ],
            [
              19.8757695,
              41.3661167
            ],
            [
              19.8761343,
              41.3653759
            ],
            [
              19.8773145,
              41.3643452
            ],
            [
              19.8790525,
              41.3631374
            ],
            [
              19.880061,
              41.3614625
            ],
            [
              19.8808335,
              41.3582414
            ],
            [
              19.8823474,
              41.3568152
            ],
            [
              19.8829578,
              41.3555999
            ],
            [
              19.8842453,
              41.3543597
            ],
            [
              19.8845249,
              41.3539961
            ],
            [
              19.8855016,
              41.3528529
            ],
            [
              19.887111,
              41.3525629
            ],
            [
              19.8886226,
              41.3513315
            ],
            [
              19.8902867,
              41.3500018
            ],
            [
              19.891145,
              41.3496797
            ],
            [
              19.8926352,
              41.3488187
            ],
            [
              19.8941587,
              41.3486415
            ],
            [
              19.8963689,
              41.3489637
            ],
            [
              19.8976349,
              41.3491247
            ],
            [
              19.9091694,
              41.345572
            ],
            [
              19.9085783,
              41.3396041
            ],
            [
              19.9039767,
              41.3381291
            ],
            [
              19.903643,
              41.3374452
            ],
            [
              19.9030851,
              41.3373002
            ],
            [
              19.9028276,
              41.3364624
            ],
            [
              19.9032353,
              41.3362047
            ],
            [
              19.904394,
              41.3360113
            ],
            [
              19.9067329,
              41.3348352
            ],
            [
              19.9065827,
              41.3341424
            ],
            [
              19.9069164,
              41.3336662
            ],
            [
              19.9083326,
              41.3327801
            ],
            [
              19.910252,
              41.3318061
            ],
            [
              19.9136852,
              41.329083
            ],
            [
              19.9154447,
              41.3285996
            ],
            [
              19.9144577,
              41.3346579
            ],
            [
              19.9171517,
              41.3354224
            ],
            [
              19.9208922,
              41.3292673
            ],
            [
              19.9290912,
              41.3251511
            ],
            [
              19.9295633,
              41.3248771
            ],
            [
              19.9198429,
              41.3233301
            ],
            [
              19.9227376,
              41.3219998
            ],
            [
              19.9239628,
              41.320929
            ],
            [
              19.9242632,
              41.319946
            ],
            [
              19.9232547,
              41.3197848
            ],
            [
              19.9221389,
              41.3185278
            ],
            [
              19.9216668,
              41.3184311
            ],
            [
              19.9214737,
              41.318141
            ],
            [
              19.9223728,
              41.318116
            ],
            [
              19.923789,
              41.3174714
            ],
            [
              19.9244327,
              41.3169073
            ],
            [
              19.9249069,
              41.3164488
            ],
            [
              19.9254863,
              41.316191
            ],
            [
              19.9258275,
              41.3159726
            ],
            [
              19.925806,
              41.3150539
            ],
            [
              19.9256794,
              41.3146115
            ],
            [
              19.9260227,
              41.3147727
            ],
            [
              19.9281256,
              41.3139185
            ],
            [
              19.928941,
              41.3137573
            ],
            [
              19.9296469,
              41.3131683
            ],
            [
              19.9298208,
              41.3123229
            ],
            [
              19.9297778,
              41.3119522
            ],
            [
              19.9300546,
              41.3109279
            ],
            [
              19.9303121,
              41.3103477
            ],
            [
              19.9305696,
              41.3099931
            ],
            [
              19.9317305,
              41.3093411
            ],
            [
              19.9334664,
              41.3081395
            ],
            [
              19.9345822,
              41.3069951
            ],
            [
              19.9354856,
              41.3058273
            ],
            [
              19.9360649,
              41.304699
            ],
            [
              19.9376292,
              41.302111
            ],
            [
              19.9376957,
              41.3014267
            ],
            [
              19.9381249,
              41.3001854
            ],
            [
              19.9378867,
              41.2994834
            ],
            [
              19.9378459,
              41.2989925
            ],
            [
              19.9385326,
              41.2981865
            ],
            [
              19.9385642,
              41.2981252
            ],
            [
              19.939305,
              41.2966872
            ],
            [
              19.939348,
              41.2956393
            ],
            [
              19.939496,
              41.2949372
            ],
            [
              19.9399702,
              41.2941078
            ],
            [
              19.9396055,
              41.2930599
            ],
            [
              19.9398393,
              41.2922771
            ],
            [
              19.9408049,
              41.2913259
            ],
            [
              19.942779,
              41.2880207
            ],
            [
              19.9452467,
              41.2850539
            ],
            [
              19.9461286,
              41.2817895
            ],
            [
              19.9472852,
              41.2803455
            ],
            [
              19.9484009,
              41.2785717
            ],
            [
              19.9491541,
              41.273646
            ],
            [
              19.9491327,
              41.2725655
            ],
            [
              19.9481241,
              41.2724364
            ],
            [
              19.9476735,
              41.2710172
            ],
            [
              19.9486155,
              41.2696698
            ],
            [
              19.9480598,
              41.2677271
            ],
            [
              19.9478237,
              41.2671949
            ],
            [
              19.9485104,
              41.2661627
            ],
            [
              19.9493451,
              41.2652506
            ],
            [
              19.9488322,
              41.2638723
            ],
            [
              19.9481241,
              41.262082
            ],
            [
              19.9481885,
              41.2609206
            ],
            [
              19.9485297,
              41.259702
            ],
            [
              19.9480576,
              41.257847
            ],
            [
              19.9478881,
              41.2569525
            ],
            [
              19.9489374,
              41.2559112
            ],
            [
              19.9495597,
              41.2547659
            ],
            [
              19.9501626,
              41.2539198
            ],
            [
              19.9507398,
              41.2527656
            ],
            [
              19.9530787,
              41.2540884
            ],
            [
              19.9563403,
              41.2547336
            ],
            [
              19.9582715,
              41.2555886
            ],
            [
              19.9606983,
              41.2566621
            ],
            [
              19.966846,
              41.2586946
            ],
            [
              19.970821,
              41.2586381
            ],
            [
              19.9838163,
              41.2638602
            ],
            [
              19.9840118,
              41.2641671
            ],
            [
              19.986227,
              41.2676447
            ],
            [
              19.999491,
              41.2884642
            ],
            [
              20.000144,
              41.289489
            ],
            [
              20.0010854,
              41.2992639
            ],
            [
              20.0015553,
              41.3041432
            ],
            [
              20.0008763,
              41.3106228
            ],
            [
              20.0041856,
              41.3127438
            ],
            [
              20.0105467,
              41.3168205
            ],
            [
              20.0307051,
              41.3217433
            ],
            [
              20.0373438,
              41.3236016
            ],
            [
              20.0476733,
              41.3212701
            ],
            [
              20.0640407,
              41.3212481
            ],
            [
              20.07435,
              41.3260437
            ],
            [
              20.0734858,
              41.3305361
            ],
            [
              20.0737832,
              41.334184
            ],
            [
              20.0753589,
              41.3374498
            ],
            [
              20.0715954,
              41.3405177
            ],
            [
              20.0719732,
              41.341024
            ],
            [
              20.0707567,
              41.3418208
            ],
            [
              20.065549,
              41.3418443
            ],
            [
              20.0645437,
              41.3427985
            ],
            [
              20.0625943,
              41.342625
            ],
            [
              20.0634773,
              41.343402
            ],
            [
              20.0624812,
              41.3440644
            ],
            [
              20.061275,
              41.3437673
            ],
            [
              20.0615302,
              41.3450525
            ],
            [
              20.061336,
              41.3468711
            ],
            [
              20.0600158,
              41.348618
            ],
            [
              20.0594844,
              41.3506511
            ],
            [
              20.0520948,
              41.3531657
            ],
            [
              20.0479834,
              41.3557065
            ],
            [
              20.0399285,
              41.3607505
            ],
            [
              20.0394415,
              41.3622418
            ],
            [
              20.0372239,
              41.3639215
            ],
            [
              20.0309652,
              41.3669032
            ],
            [
              20.0312745,
              41.3682723
            ],
            [
              20.0313861,
              41.368766
            ],
            [
              20.031994,
              41.3714569
            ],
            [
              20.0327685,
              41.3735797
            ],
            [
              20.0326837,
              41.3751564
            ],
            [
              20.0333285,
              41.3780212
            ],
            [
              20.0327297,
              41.3795645
            ],
            [
              20.0258536,
              41.3821956
            ],
            [
              20.039615,
              41.3968298
            ],
            [
              20.03524,
              41.3988367
            ],
            [
              20.0328808,
              41.4010715
            ],
            [
              20.0312721,
              41.4030016
            ],
            [
              20.0316264,
              41.4065981
            ],
            [
              20.0341425,
              41.4133045
            ],
            [
              20.0326217,
              41.4155633
            ],
            [
              20.0263038,
              41.4183179
            ],
            [
              20.0172225,
              41.4192446
            ],
            [
              20.0163619,
              41.4201505
            ],
            [
              20.0165646,
              41.4234272
            ],
            [
              20.016685,
              41.4244756
            ],
            [
              20.0160156,
              41.4252251
            ],
            [
              20.0150029,
              41.4257815
            ],
            [
              20.0104027,
              41.4273045
            ],
            [
              20.0060319,
              41.4298438
            ],
            [
              20.0044159,
              41.4319266
            ],
            [
              20.0043796,
              41.4382356
            ],
            [
              20.0040215,
              41.4403077
            ],
            [
              19.9981957,
              41.4429486
            ],
            [
              19.9980504,
              41.4575654
            ],
            [
              19.9974632,
              41.4601252
            ],
            [
              19.9910544,
              41.4604412
            ],
            [
              19.989023,
              41.4596315
            ],
            [
              19.9863908,
              41.4608158
            ],
            [
              19.9842736,
              41.4597167
            ],
            [
              19.9804925,
              41.4626308
            ],
            [
              19.9814338,
              41.4696896
            ],
            [
              19.9804109,
              41.4735511
            ],
            [
              19.9783364,
              41.477246
            ],
            [
              19.972382,
              41.4816456
            ],
            [
              19.9665566,
              41.4847693
            ],
            [
              19.9650223,
              41.488078
            ],
            [
              19.9593682,
              41.4885898
            ],
            [
              19.9547983,
              41.4926454
            ],
            [
              19.9510162,
              41.49513
            ],
            [
              19.9540147,
              41.4955896
            ],
            [
              19.9490192,
              41.4991775
            ],
            [
              19.9419826,
              41.5013387
            ],
            [
              19.9373493,
              41.5033713
            ],
            [
              19.9357201,
              41.5063521
            ],
            [
              19.9334138,
              41.5095757
            ],
            [
              19.9334623,
              41.510593
            ],
            [
              19.9347553,
              41.5134421
            ],
            [
              19.9320866,
              41.5147277
            ],
            [
              19.9296324,
              41.5164953
            ],
            [
              19.9266552,
              41.5134431
            ],
            [
              19.9188985,
              41.5144081
            ],
            [
              19.9143496,
              41.5128667
            ],
            [
              19.9080519,
              41.5125217
            ],
            [
              19.8908483,
              41.5011407
            ],
            [
              19.8849072,
              41.4992265
            ],
            [
              19.877647,
              41.4982366
            ],
            [
              19.8618875,
              41.4963321
            ],
            [
              19.8611794,
              41.4964607
            ],
            [
              19.8593984,
              41.4960107
            ],
            [
              19.8587332,
              41.4962517
            ],
            [
              19.8582826,
              41.4953196
            ],
            [
              19.8570809,
              41.4949981
            ],
            [
              19.8557506,
              41.4950785
            ],
            [
              19.8550425,
              41.4948053
            ],
            [
              19.854506,
              41.4940338
            ],
            [
              19.8540769,
              41.4920569
            ],
            [
              19.8519955,
              41.4909478
            ],
            [
              19.850944,
              41.4908353
            ],
            [
              19.8502359,
              41.4899031
            ],
            [
              19.8491201,
              41.4889387
            ],
            [
              19.84794,
              41.488794
            ],
            [
              19.8469315,
              41.4893887
            ],
            [
              19.8441634,
              41.488794
            ],
            [
              19.8442278,
              41.485113
            ],
            [
              19.8458586,
              41.4781685
            ],
            [
              19.8460302,
              41.4728309
            ],
            [
              19.8456869,
              41.4680557
            ],
            [
              19.8460517,
              41.4642449
            ],
            [
              19.8475108,
              41.4607234
            ],
            [
              19.8495171,
              41.4581416
            ],
            [
              19.8535833,
              41.4561081
            ],
            [
              19.8514376,
              41.4534063
            ],
            [
              19.8498819,
              41.4432808
            ],
            [
              19.8511908,
              41.4418171
            ],
            [
              19.852092,
              41.439726
            ],
            [
              19.8514054,
              41.4384552
            ],
            [
              19.8513732,
              41.4371932
            ],
            [
              19.8513732,
              41.4357615
            ],
            [
              19.8582075,
              41.4303955
            ],
            [
              19.8588297,
              41.4295107
            ],
            [
              19.856802,
              41.4280394
            ],
            [
              19.8562119,
              41.4272422
            ],
            [
              19.8514376,
              41.4262535
            ],
            [
              19.8468456,
              41.4238079
            ],
            [
              19.8434446,
              41.4222544
            ],
            [
              19.8432515,
              41.4207098
            ],
            [
              19.8402581,
              41.4206221
            ]
          ]
        ]
      },
      "properties": {
        "name": "Dajti National Park",
        "category": "zona",
        "categoryLabel": "Park kombëtar",
        "location": "Shqipëri",
        "countryCodes": [
          "AL"
        ],
        "summary": "Park kombëtar në Shqipëri. Kufiri vjen nga OpenStreetMap.",
        "details": [
          "Vëzhgime GBIF brenda kufirit: 4 vëzhgime flore; lloje të regjistruara: Asplenium ceterach, Cornus mas, Primula vulgaris, Tussilago farfara. Këto regjistrime nuk janë inventar i plotë i parkut."
        ],
        "mapNote": "Kufiri i objektit OSM, marrë përmes Nominatim.",
        "geometryType": "Polygon",
        "sources": [
          {
            "label": "OpenStreetMap",
            "url": "https://www.openstreetmap.org/way/375741900"
          }
        ],
        "osm": {
          "type": "way",
          "id": 375741900,
          "tags": {}
        },
        "extra": {
          "Vëzhgime flore": 4
        },
        "image": {
          "url": "https://api.gbif.org/v1/image/cache/800x/occurrence/6171100761/media/1191b5c64330c2ceb2c99a01fec5b1c3",
          "source": "https://www.inaturalist.org/photos/620163981",
          "credit": "sajmirhoxha",
          "license": "CC BY-NC 4.0",
          "licenseUrl": "http://creativecommons.org/licenses/by-nc/4.0/",
          "alt": "Vëzhgim i Tussilago farfara brenda kufirit të parkut",
          "context": "Vëzhgim i Tussilago farfara brenda kufirit të parkut",
          "derivedFromGbif": true
        }
      }
    },
    {
      "type": "Feature",
      "id": "osm-relation-15532984",
      "geometry": {
        "type": "Polygon",
        "coordinates": [
          [
            [
              20.8282801,
              40.9131184
            ],
            [
              20.8311394,
              40.9053216
            ],
            [
              20.8312689,
              40.9048133
            ],
            [
              20.8315836,
              40.9039554
            ],
            [
              20.8319537,
              40.90237
            ],
            [
              20.8319599,
              40.9015446
            ],
            [
              20.8325953,
              40.9002483
            ],
            [
              20.8327496,
              40.898826
            ],
            [
              20.833274,
              40.8974923
            ],
            [
              20.8338231,
              40.8944564
            ],
            [
              20.8361798,
              40.8901985
            ],
            [
              20.837426,
              40.889303
            ],
            [
              20.8382897,
              40.8875587
            ],
            [
              20.83932,
              40.8852779
            ],
            [
              20.8398074,
              40.8821808
            ],
            [
              20.8413497,
              40.8801098
            ],
            [
              20.8430524,
              40.8791302
            ],
            [
              20.8445331,
              40.8785425
            ],
            [
              20.8453413,
              40.8786078
            ],
            [
              20.8461865,
              40.8782859
            ],
            [
              20.8480435,
              40.8760935
            ],
            [
              20.8497586,
              40.8722869
            ],
            [
              20.8508937,
              40.8697444
            ],
            [
              20.8516279,
              40.867533
            ],
            [
              20.8524484,
              40.8641225
            ],
            [
              20.8523991,
              40.8592887
            ],
            [
              20.8521955,
              40.8553364
            ],
            [
              20.851924,
              40.8553364
            ],
            [
              20.8480867,
              40.8539365
            ],
            [
              20.8457238,
              40.8530219
            ],
            [
              20.8482256,
              40.8520687
            ],
            [
              20.8469281,
              40.8495447
            ],
            [
              20.8453162,
              40.849068
            ],
            [
              20.8443481,
              40.8482016
            ],
            [
              20.8451181,
              40.8471729
            ],
            [
              20.848078,
              40.8458632
            ],
            [
              20.849022,
              40.8452003
            ],
            [
              20.8493008,
              40.8438232
            ],
            [
              20.8507383,
              40.8410825
            ],
            [
              20.8505021,
              40.8403709
            ],
            [
              20.8510385,
              40.8394307
            ],
            [
              20.8513603,
              40.8354709
            ],
            [
              20.850797,
              40.8345014
            ],
            [
              20.8471008,
              40.8313727
            ],
            [
              20.8464906,
              40.8293444
            ],
            [
              20.8454942,
              40.8274134
            ],
            [
              20.8465362,
              40.8255555
            ],
            [
              20.8483936,
              40.824347
            ],
            [
              20.8496335,
              40.8220742
            ],
            [
              20.8496288,
              40.816911
            ],
            [
              20.8512456,
              40.8132357
            ],
            [
              20.8511886,
              40.8120939
            ],
            [
              20.8486212,
              40.8111307
            ],
            [
              20.8471695,
              40.8096478
            ],
            [
              20.8469484,
              40.8072828
            ],
            [
              20.8514083,
              40.7992702
            ],
            [
              20.8502059,
              40.7929783
            ],
            [
              20.8494439,
              40.7920144
            ],
            [
              20.8494115,
              40.7904657
            ],
            [
              20.8482795,
              40.7881195
            ],
            [
              20.8451815,
              40.7863615
            ],
            [
              20.8434997,
              40.7825401
            ],
            [
              20.8478609,
              40.7771308
            ],
            [
              20.8457212,
              40.7722479
            ],
            [
              20.844311,
              40.7669747
            ],
            [
              20.8446037,
              40.7659305
            ],
            [
              20.8454367,
              40.7641001
            ],
            [
              20.8478711,
              40.762204
            ],
            [
              20.8509767,
              40.7608172
            ],
            [
              20.8520574,
              40.7600913
            ],
            [
              20.8527089,
              40.7593004
            ],
            [
              20.8524124,
              40.7577182
            ],
            [
              20.8567937,
              40.7526253
            ],
            [
              20.8598231,
              40.7510106
            ],
            [
              20.8613797,
              40.7494852
            ],
            [
              20.8625502,
              40.7470821
            ],
            [
              20.868968,
              40.7420804
            ],
            [
              20.8792186,
              40.7354806
            ],
            [
              20.8885887,
              40.7332736
            ],
            [
              20.8999594,
              40.7326339
            ],
            [
              20.9027464,
              40.7332322
            ],
            [
              20.9054274,
              40.7329135
            ],
            [
              20.9117532,
              40.7327005
            ],
            [
              20.9133927,
              40.733033
            ],
            [
              20.9176929,
              40.73252
            ],
            [
              20.9250266,
              40.7317396
            ],
            [
              20.9281976,
              40.7295607
            ],
            [
              20.9303173,
              40.728654
            ],
            [
              20.9341107,
              40.7244627
            ],
            [
              20.9393372,
              40.7225519
            ],
            [
              20.9412377,
              40.7187381
            ],
            [
              20.9443981,
              40.7152941
            ],
            [
              20.9510535,
              40.7117325
            ],
            [
              20.9581379,
              40.7062841
            ],
            [
              20.9602251,
              40.7018553
            ],
            [
              20.9657885,
              40.6981424
            ],
            [
              20.9702102,
              40.6932035
            ],
            [
              20.9775073,
              40.6886552
            ],
            [
              20.980614,
              40.6875075
            ],
            [
              20.9821114,
              40.6854811
            ],
            [
              20.981718,
              40.6841367
            ],
            [
              20.9802076,
              40.6829882
            ],
            [
              20.9768082,
              40.6816487
            ],
            [
              20.9755117,
              40.6797884
            ],
            [
              20.9748911,
              40.6774154
            ],
            [
              20.9765705,
              40.6749546
            ],
            [
              20.9794946,
              40.6725264
            ],
            [
              20.9796382,
              40.6706865
            ],
            [
              20.9824854,
              40.6693348
            ],
            [
              20.9860408,
              40.6688782
            ],
            [
              20.9960368,
              40.67197
            ],
            [
              20.9991234,
              40.6720347
            ],
            [
              21.0014137,
              40.6712481
            ],
            [
              21.0024795,
              40.6698827
            ],
            [
              21.0043906,
              40.6674344
            ],
            [
              21.0064819,
              40.6669475
            ],
            [
              21.0118465,
              40.6656985
            ],
            [
              21.0160627,
              40.6655752
            ],
            [
              21.0197638,
              40.6646055
            ],
            [
              21.0230628,
              40.6652028
            ],
            [
              21.025203,
              40.6679812
            ],
            [
              21.0310475,
              40.6669698
            ],
            [
              21.0417055,
              40.6679089
            ],
            [
              21.0490301,
              40.6665718
            ],
            [
              21.0552029,
              40.6668147
            ],
            [
              21.0573064,
              40.6677684
            ],
            [
              21.055602,
              40.6697782
            ],
            [
              21.0540623,
              40.671453
            ],
            [
              21.0525129,
              40.6732516
            ],
            [
              21.048113,
              40.6778782
            ],
            [
              21.0462629,
              40.6799044
            ],
            [
              21.04299,
              40.6834422
            ],
            [
              21.0412797,
              40.6857405
            ],
            [
              21.0383722,
              40.690054
            ],
            [
              21.038012,
              40.6905883
            ],
            [
              21.0369939,
              40.6921045
            ],
            [
              21.0356793,
              40.6940035
            ],
            [
              21.034824,
              40.6952293
            ],
            [
              21.0338884,
              40.6965785
            ],
            [
              21.0321375,
              40.6992244
            ],
            [
              21.03161,
              40.6999681
            ],
            [
              21.0307506,
              40.7011448
            ],
            [
              21.0281954,
              40.7045966
            ],
            [
              21.0273451,
              40.70584
            ],
            [
              21.026641,
              40.7068163
            ],
            [
              21.0250972,
              40.7089491
            ],
            [
              21.0212946,
              40.7120114
            ],
            [
              21.0179946,
              40.7149444
            ],
            [
              21.0147404,
              40.7177825
            ],
            [
              21.0137243,
              40.7186235
            ],
            [
              21.0101998,
              40.7215954
            ],
            [
              21.0080808,
              40.7234373
            ],
            [
              21.0065828,
              40.724756
            ],
            [
              21.0039503,
              40.725698
            ],
            [
              21.0027565,
              40.7263281
            ],
            [
              20.9998683,
              40.7275155
            ],
            [
              20.9984033,
              40.7280897
            ],
            [
              20.9977464,
              40.7282768
            ],
            [
              20.9971125,
              40.7284824
            ],
            [
              20.9963238,
              40.7292226
            ],
            [
              20.9957658,
              40.7298537
            ],
            [
              20.9945925,
              40.7304015
            ],
            [
              20.9912621,
              40.731274
            ],
            [
              20.9895847,
              40.7316498
            ],
            [
              20.9885039,
              40.7321242
            ],
            [
              20.9865951,
              40.7352824
            ],
            [
              20.985936,
              40.7358722
            ],
            [
              20.9842183,
              40.7366389
            ],
            [
              20.9837511,
              40.73705
            ],
            [
              20.9835473,
              40.7376438
            ],
            [
              20.9833668,
              40.7382529
            ],
            [
              20.9833872,
              40.7393921
            ],
            [
              20.9833267,
              40.7407016
            ],
            [
              20.9832262,
              40.7419199
            ],
            [
              20.9833663,
              40.7428793
            ],
            [
              20.9843104,
              40.7445233
            ],
            [
              20.9846104,
              40.7469141
            ],
            [
              20.9849912,
              40.749503
            ],
            [
              20.9848866,
              40.7524613
            ],
            [
              20.9849362,
              40.753881
            ],
            [
              20.984762,
              40.7567344
            ],
            [
              20.9844627,
              40.757889
            ],
            [
              20.9836399,
              40.7593842
            ],
            [
              20.9827425,
              40.7615388
            ],
            [
              20.9827173,
              40.7625988
            ],
            [
              20.9803747,
              40.7620306
            ],
            [
              20.9784306,
              40.7621438
            ],
            [
              20.9774586,
              40.7622383
            ],
            [
              20.975276,
              40.7619008
            ],
            [
              20.9728335,
              40.7618624
            ],
            [
              20.9715373,
              40.7624299
            ],
            [
              20.9692682,
              40.7647765
            ],
            [
              20.9674974,
              40.7670285
            ],
            [
              20.964071,
              40.7692913
            ],
            [
              20.9618561,
              40.7703206
            ],
            [
              20.9604073,
              40.7706041
            ],
            [
              20.9588585,
              40.7706877
            ],
            [
              20.9561014,
              40.7701353
            ],
            [
              20.9556913,
              40.7703043
            ],
            [
              20.9602372,
              40.772116
            ],
            [
              20.9625048,
              40.7736122
            ],
            [
              20.9639901,
              40.7754418
            ],
            [
              20.9654357,
              40.7759723
            ],
            [
              20.9683328,
              40.7770953
            ],
            [
              20.9697226,
              40.7778096
            ],
            [
              20.97362,
              40.7794893
            ],
            [
              20.9741681,
              40.7806441
            ],
            [
              20.9758382,
              40.7812123
            ],
            [
              20.9775083,
              40.7817616
            ],
            [
              20.9790038,
              40.7830869
            ],
            [
              20.9797868,
              40.7845583
            ],
            [
              20.9800108,
              40.7857319
            ],
            [
              20.9812821,
              40.7866785
            ],
            [
              20.9826032,
              40.7879091
            ],
            [
              20.9831265,
              40.7889124
            ],
            [
              20.9842324,
              40.7911425
            ],
            [
              20.9849551,
              40.7932437
            ],
            [
              20.9851044,
              40.7943416
            ],
            [
              20.9850793,
              40.7950798
            ],
            [
              20.9844801,
              40.7979742
            ],
            [
              20.9843081,
              40.8010457
            ],
            [
              20.9842856,
              40.8014466
            ],
            [
              20.9797154,
              40.852478
            ],
            [
              20.9776312,
              40.8895008
            ],
            [
              20.977634,
              40.8897117
            ],
            [
              20.9776596,
              40.8916602
            ],
            [
              20.9776951,
              40.8925157
            ],
            [
              20.9777468,
              40.8940194
            ],
            [
              20.9781814,
              40.8948768
            ],
            [
              20.9788249,
              40.8964741
            ],
            [
              20.9788748,
              40.897118
            ],
            [
              20.9786137,
              40.8977906
            ],
            [
              20.9780678,
              40.8985213
            ],
            [
              20.9772844,
              40.8992856
            ],
            [
              20.9762816,
              40.9000852
            ],
            [
              20.9756654,
              40.900688
            ],
            [
              20.9752825,
              40.9009781
            ],
            [
              20.9749346,
              40.9012903
            ],
            [
              20.9749343,
              40.9017298
            ],
            [
              20.9749342,
              40.9018749
            ],
            [
              20.9748794,
              40.9020058
            ],
            [
              20.9744295,
              40.9021781
            ],
            [
              20.9730722,
              40.9027977
            ],
            [
              20.9725173,
              40.9031386
            ],
            [
              20.9721324,
              40.9035493
            ],
            [
              20.97208,
              40.903945
            ],
            [
              20.9719407,
              40.9040901
            ],
            [
              20.9714832,
              40.9043769
            ],
            [
              20.9709605,
              40.904765
            ],
            [
              20.9705113,
              40.9057741
            ],
            [
              20.9699795,
              40.9074445
            ],
            [
              20.9697584,
              40.9085682
            ],
            [
              20.969497,
              40.9093463
            ],
            [
              20.9691406,
              40.9101741
            ],
            [
              20.9683046,
              40.910975
            ],
            [
              20.9675123,
              40.9114825
            ],
            [
              20.9665479,
              40.9116137
            ],
            [
              20.9656904,
              40.9115064
            ],
            [
              20.9650292,
              40.911348
            ],
            [
              20.9632891,
              40.9113342
            ],
            [
              20.9622103,
              40.9113207
            ],
            [
              20.9613559,
              40.9115153
            ],
            [
              20.9605552,
              40.911792
            ],
            [
              20.9599634,
              40.9120688
            ],
            [
              20.9596326,
              40.9124116
            ],
            [
              20.9593016,
              40.9130709
            ],
            [
              20.9587964,
              40.9139149
            ],
            [
              20.9580999,
              40.9146928
            ],
            [
              20.9570523,
              40.9158774
            ],
            [
              20.9571164,
              40.9161816
            ],
            [
              20.9570375,
              40.9164422
            ],
            [
              20.9570197,
              40.9166886
            ],
            [
              20.9570009,
              40.9169848
            ],
            [
              20.9568146,
              40.9171822
            ],
            [
              20.9562372,
              40.9174641
            ],
            [
              20.9553248,
              40.9176753
            ],
            [
              20.954524,
              40.9178584
            ],
            [
              20.9538907,
              40.9182249
            ],
            [
              20.9531456,
              40.9186901
            ],
            [
              20.9524193,
              40.9190001
            ],
            [
              20.9518605,
              40.9192396
            ],
            [
              20.9512459,
              40.9194792
            ],
            [
              20.9506813,
              40.9198844
            ],
            [
              20.9496939,
              40.920688
            ],
            [
              20.9492465,
              40.9212944
            ],
            [
              20.9489109,
              40.9218443
            ],
            [
              20.9486685,
              40.9222956
            ],
            [
              20.9484821,
              40.9225635
            ],
            [
              20.9482586,
              40.9226198
            ],
            [
              20.9472345,
              40.9226617
            ],
            [
              20.9462104,
              40.9226189
            ],
            [
              20.9450187,
              40.9226183
            ],
            [
              20.9445763,
              40.922465
            ],
            [
              20.9439435,
              40.9221121
            ],
            [
              20.9431806,
              40.9215193
            ],
            [
              20.9429573,
              40.921364
            ],
            [
              20.9428084,
              40.9212934
            ],
            [
              20.9425663,
              40.921264
            ],
            [
              20.9423242,
              40.9213637
            ],
            [
              20.9418768,
              40.9219559
            ],
            [
              20.9412989,
              40.9227737
            ],
            [
              20.9410564,
              40.9232391
            ],
            [
              20.9410562,
              40.9234507
            ],
            [
              20.9412232,
              40.924156
            ],
            [
              20.9413161,
              40.9243818
            ],
            [
              20.9411638,
              40.9247167
            ],
            [
              20.9409217,
              40.924773
            ],
            [
              20.9403073,
              40.924674
            ],
            [
              20.9395812,
              40.9244902
            ],
            [
              20.9385757,
              40.9245038
            ],
            [
              20.9379241,
              40.9243765
            ],
            [
              20.9372911,
              40.9242492
            ],
            [
              20.9368256,
              40.9242349
            ],
            [
              20.9358681,
              40.9244628
            ],
            [
              20.9353357,
              40.9244879
            ],
            [
              20.9345909,
              40.9244452
            ],
            [
              20.9335296,
              40.9243741
            ],
            [
              20.9319704,
              40.9239236
            ],
            [
              20.9304838,
              40.9232915
            ],
            [
              20.9300371,
              40.9230514
            ],
            [
              20.9299442,
              40.9228821
            ],
            [
              20.9299444,
              40.9227411
            ],
            [
              20.9301311,
              40.9222757
            ],
            [
              20.9301126,
              40.9220782
            ],
            [
              20.9299268,
              40.9217254
            ],
            [
              20.9297036,
              40.9214855
            ],
            [
              20.9294608,
              40.9213709
            ],
            [
              20.9290681,
              40.9213737
            ],
            [
              20.9280276,
              40.921682
            ],
            [
              20.9262581,
              40.9221886
            ],
            [
              20.9235761,
              40.9228499
            ],
            [
              20.9214765,
              40.9234449
            ],
            [
              20.9200052,
              40.9237119
            ],
            [
              20.9193534,
              40.9237819
            ],
            [
              20.9183106,
              40.9237671
            ],
            [
              20.9175659,
              40.9236678
            ],
            [
              20.9171749,
              40.9236535
            ],
            [
              20.9166162,
              40.9237518
            ],
            [
              20.9160389,
              40.9237937
            ],
            [
              20.915592,
              40.9237934
            ],
            [
              20.915243,
              40.92365
            ],
            [
              20.9148854,
              40.9230029
            ],
            [
              20.9143473,
              40.9215497
            ],
            [
              20.9136496,
              40.9205089
            ],
            [
              20.9133891,
              40.9203535
            ],
            [
              20.9128864,
              40.9203108
            ],
            [
              20.9114901,
              40.920211
            ],
            [
              20.9111552,
              40.9200274
            ],
            [
              20.9110438,
              40.9197593
            ],
            [
              20.9112124,
              40.9189977
            ],
            [
              20.9117171,
              40.917517
            ],
            [
              20.911651,
              40.9173076
            ],
            [
              20.9114831,
              40.91738
            ],
            [
              20.9113603,
              40.9173962
            ],
            [
              20.9112589,
              40.917292
            ],
            [
              20.9109236,
              40.91729
            ],
            [
              20.9107206,
              40.9173302
            ],
            [
              20.9105291,
              40.917305
            ],
            [
              20.9103105,
              40.9172296
            ],
            [
              20.91019,
              40.9173358
            ],
            [
              20.9099033,
              40.9173982
            ],
            [
              20.9097641,
              40.917457
            ],
            [
              20.9096292,
              40.9174189
            ],
            [
              20.9094181,
              40.9172924
            ],
            [
              20.9092481,
              40.9173368
            ],
            [
              20.9083039,
              40.9173593
            ],
            [
              20.9082194,
              40.9173197
            ],
            [
              20.9075801,
              40.9173255
            ],
            [
              20.9074932,
              40.9173381
            ],
            [
              20.9072699,
              40.9173005
            ],
            [
              20.9056402,
              40.9172561
            ],
            [
              20.9051279,
              40.9173923
            ],
            [
              20.9045542,
              40.9173364
            ],
            [
              20.9038571,
              40.9174011
            ],
            [
              20.9032294,
              40.9176829
            ],
            [
              20.9028005,
              40.9176133
            ],
            [
              20.9025819,
              40.9176378
            ],
            [
              20.9021394,
              40.9176078
            ],
            [
              20.9018913,
              40.9176297
            ],
            [
              20.9020031,
              40.9179191
            ],
            [
              20.9020605,
              40.9182077
            ],
            [
              20.9019278,
              40.9183577
            ],
            [
              20.9013589,
              40.9184473
            ],
            [
              20.9007173,
              40.9184734
            ],
            [
              20.9006357,
              40.9183907
            ],
            [
              20.9002648,
              40.9184509
            ],
            [
              20.9001733,
              40.9186739
            ],
            [
              20.9000105,
              40.9186512
            ],
            [
              20.9000326,
              40.9186082
            ],
            [
              20.8997295,
              40.9186367
            ],
            [
              20.8995904,
              40.9186515
            ],
            [
              20.8993167,
              40.9186103
            ],
            [
              20.8989704,
              40.9184107
            ],
            [
              20.8985326,
              40.9178873
            ],
            [
              20.8980499,
              40.9182083
            ],
            [
              20.8974402,
              40.9185077
            ],
            [
              20.8973828,
              40.9189036
            ],
            [
              20.8968922,
              40.9190883
            ],
            [
              20.8965408,
              40.9193459
            ],
            [
              20.8961903,
              40.9196012
            ],
            [
              20.8957507,
              40.9197794
            ],
            [
              20.8953961,
              40.9200163
            ],
            [
              20.8949819,
              40.9202847
            ],
            [
              20.8944482,
              40.9206644
            ],
            [
              20.8938265,
              40.9210786
            ],
            [
              20.8931244,
              40.9218198
            ],
            [
              20.8920056,
              40.922792
            ],
            [
              20.8914275,
              40.9232993
            ],
            [
              20.8907272,
              40.9238312
            ],
            [
              20.8898511,
              40.9244228
            ],
            [
              20.8895529,
              40.9245353
            ],
            [
              20.8890998,
              40.9246475
            ],
            [
              20.8885497,
              40.9247856
            ],
            [
              20.8879342,
              40.9248328
            ],
            [
              20.8872779,
              40.9249277
            ],
            [
              20.8866838,
              40.9250384
            ],
            [
              20.8860268,
              40.9250979
            ],
            [
              20.8854762,
              40.9251528
            ],
            [
              20.8849959,
              40.9252061
            ],
            [
              20.8846012,
              40.9253813
            ],
            [
              20.8840289,
              40.925561
            ],
            [
              20.8833831,
              40.9257299
            ],
            [
              20.8821915,
              40.9262108
            ],
            [
              20.8808992,
              40.9266868
            ],
            [
              20.8794766,
              40.92706
            ],
            [
              20.8785811,
              40.9273864
            ],
            [
              20.8776205,
              40.9277124
            ],
            [
              20.8765026,
              40.9280603
            ],
            [
              20.8756805,
              40.9283895
            ],
            [
              20.8748108,
              40.9286663
            ],
            [
              20.8740393,
              40.9289631
            ],
            [
              20.8734285,
              40.929141
            ],
            [
              20.8726106,
              40.9295236
            ],
            [
              20.8720718,
              40.9296841
            ],
            [
              20.8710914,
              40.9300163
            ],
            [
              20.8706865,
              40.9301631
            ],
            [
              20.8702982,
              40.9302817
            ],
            [
              20.8697529,
              40.9304819
            ],
            [
              20.8693617,
              40.9306101
            ],
            [
              20.8686576,
              40.930877
            ],
            [
              20.8681063,
              40.9310674
            ],
            [
              20.8671983,
              40.9313174
            ],
            [
              20.8621199,
              40.9327876
            ],
            [
              20.8614109,
              40.9330254
            ],
            [
              20.8591386,
              40.9337705
            ],
            [
              20.8578125,
              40.9342007
            ],
            [
              20.8567272,
              40.9345841
            ],
            [
              20.8561109,
              40.9348157
            ],
            [
              20.8553757,
              40.9350565
            ],
            [
              20.8548372,
              40.9352618
            ],
            [
              20.8542071,
              40.9355153
            ],
            [
              20.8538355,
              40.9356594
            ],
            [
              20.8534209,
              40.935822
            ],
            [
              20.8530485,
              40.9359617
            ],
            [
              20.85265,
              40.9361268
            ],
            [
              20.8520986,
              40.9362769
            ],
            [
              20.851744,
              40.9363897
            ],
            [
              20.8514191,
              40.9364859
            ],
            [
              20.8511715,
              40.9365634
            ],
            [
              20.8508845,
              40.9366525
            ],
            [
              20.8505777,
              40.9367899
            ],
            [
              20.8502694,
              40.9369042
            ],
            [
              20.85002,
              40.9369763
            ],
            [
              20.8497243,
              40.9371194
            ],
            [
              20.8494507,
              40.9372406
            ],
            [
              20.8491957,
              40.9373242
            ],
            [
              20.8490172,
              40.9373726
            ],
            [
              20.8488087,
              40.9374206
            ],
            [
              20.8486345,
              40.937446
            ],
            [
              20.8485245,
              40.937493
            ],
            [
              20.8483854,
              40.9375562
            ],
            [
              20.8482206,
              40.9376209
            ],
            [
              20.8480981,
              40.9376802
            ],
            [
              20.8479599,
              40.9376928
            ],
            [
              20.84783,
              40.9376126
            ],
            [
              20.8476725,
              40.9375032
            ],
            [
              20.847511,
              40.9373695
            ],
            [
              20.8472931,
              40.9371417
            ],
            [
              20.847173,
              40.9370148
            ],
            [
              20.846989,
              40.9369023
            ],
            [
              20.8468506,
              40.936775
            ],
            [
              20.8466746,
              40.9366546
            ],
            [
              20.8465367,
              40.9365188
            ],
            [
              20.8464099,
              40.9363871
            ],
            [
              20.8462595,
              40.9362996
            ],
            [
              20.8461381,
              40.9361686
            ],
            [
              20.8460382,
              40.9360619
            ],
            [
              20.8458889,
              40.9358981
            ],
            [
              20.8457119,
              40.9357749
            ],
            [
              20.8456223,
              40.9356561
            ],
            [
              20.8454995,
              40.9355465
            ],
            [
              20.8453496,
              40.9354451
            ],
            [
              20.8452359,
              40.9352876
            ],
            [
              20.8447739,
              40.9349226
            ],
            [
              20.8443047,
              40.9345739
            ],
            [
              20.8439857,
              40.9342647
            ],
            [
              20.8435192,
              40.9338566
            ],
            [
              20.8430917,
              40.9334407
            ],
            [
              20.8423522,
              40.9328456
            ],
            [
              20.8420537,
              40.9326471
            ],
            [
              20.8414385,
              40.9319514
            ],
            [
              20.8407113,
              40.9313937
            ],
            [
              20.8403418,
              40.9310283
            ],
            [
              20.8399048,
              40.93041
            ],
            [
              20.8396161,
              40.9299726
            ],
            [
              20.8393932,
              40.9296692
            ],
            [
              20.8391259,
              40.929322
            ],
            [
              20.8388338,
              40.928945
            ],
            [
              20.8385389,
              40.9283889
            ],
            [
              20.8381738,
              40.9278992
            ],
            [
              20.837804,
              40.9275171
            ],
            [
              20.8375864,
              40.9269913
            ],
            [
              20.8370914,
              40.9262493
            ],
            [
              20.8369048,
              40.9259757
            ],
            [
              20.8367335,
              40.9256667
            ],
            [
              20.8365445,
              40.9253577
            ],
            [
              20.8363407,
              40.9251002
            ],
            [
              20.8359847,
              40.9245099
            ],
            [
              20.8348158,
              40.9228528
            ],
            [
              20.83409,
              40.921793
            ],
            [
              20.8314348,
              40.9181517
            ],
            [
              20.8300975,
              40.9162435
            ],
            [
              20.829324,
              40.9152404
            ],
            [
              20.8288352,
              40.9143917
            ],
            [
              20.8285629,
              40.9137769
            ],
            [
              20.8282801,
              40.9131184
            ]
          ]
        ]
      },
      "properties": {
        "name": "Prespa National Park",
        "category": "zona",
        "categoryLabel": "Park kombëtar",
        "location": "Shqipëri",
        "countryCodes": [
          "AL"
        ],
        "summary": "Park kombëtar në Shqipëri. Kufiri vjen nga OpenStreetMap.",
        "details": [
          "Vëzhgime GBIF brenda kufirit: 4 vëzhgime faune; lloje të regjistruara: Anas crecca, Anser anser, Mareca strepera, Microcarbo pygmaeus. Këto regjistrime nuk janë inventar i plotë i parkut."
        ],
        "mapNote": "Kufiri i objektit OSM, marrë përmes Nominatim.",
        "geometryType": "Polygon",
        "sources": [
          {
            "label": "OpenStreetMap",
            "url": "https://www.openstreetmap.org/relation/15532984"
          }
        ],
        "osm": {
          "type": "relation",
          "id": 15532984,
          "tags": {}
        },
        "extra": {
          "Vëzhgime faune": 4
        },
        "image": {
          "url": "https://api.gbif.org/v1/image/cache/800x/occurrence/6129957333/media/83c3a54ec126eae2f2081d772f206256",
          "source": "https://www.inaturalist.org/photos/609033169",
          "credit": "Klajdi Duro",
          "license": "CC BY-NC 4.0",
          "licenseUrl": "http://creativecommons.org/licenses/by-nc/4.0/",
          "alt": "Vëzhgim i Mareca strepera brenda kufirit të parkut",
          "context": "Vëzhgim i Mareca strepera brenda kufirit të parkut",
          "derivedFromGbif": true
        }
      }
    },
    {
      "type": "Feature",
      "id": "osm-relation-11682555",
      "geometry": {
        "type": "Polygon",
        "coordinates": [
          [
            [
              20.2987004,
              41.2153228
            ],
            [
              20.2993237,
              41.2146201
            ],
            [
              20.3050807,
              41.2081302
            ],
            [
              20.3102169,
              41.2121497
            ],
            [
              20.3154702,
              41.219042
            ],
            [
              20.3167378,
              41.2205269
            ],
            [
              20.3228081,
              41.2215921
            ],
            [
              20.3265913,
              41.2223991
            ],
            [
              20.3314008,
              41.2223507
            ],
            [
              20.3419033,
              41.2186708
            ],
            [
              20.3424441,
              41.2200104
            ],
            [
              20.3461694,
              41.2179283
            ],
            [
              20.3466035,
              41.2167419
            ],
            [
              20.3504243,
              41.2123494
            ],
            [
              20.3525757,
              41.2115579
            ],
            [
              20.3552421,
              41.2113153
            ],
            [
              20.3578442,
              41.2107014
            ],
            [
              20.3603175,
              41.2092803
            ],
            [
              20.3620718,
              41.2079788
            ],
            [
              20.3630966,
              41.2054181
            ],
            [
              20.3676007,
              41.2025283
            ],
            [
              20.371811,
              41.2000904
            ],
            [
              20.3758068,
              41.1973942
            ],
            [
              20.3794404,
              41.1972408
            ],
            [
              20.3822228,
              41.1961953
            ],
            [
              20.3851769,
              41.1943103
            ],
            [
              20.3897172,
              41.191533
            ],
            [
              20.3897203,
              41.1893975
            ],
            [
              20.3895304,
              41.187488
            ],
            [
              20.3892656,
              41.1858348
            ],
            [
              20.390374,
              41.1832772
            ],
            [
              20.3926768,
              41.1804551
            ],
            [
              20.3964269,
              41.1791146
            ],
            [
              20.4002199,
              41.1769504
            ],
            [
              20.4048447,
              41.1729935
            ],
            [
              20.4092198,
              41.1721454
            ],
            [
              20.4156977,
              41.1661285
            ],
            [
              20.4188294,
              41.1635155
            ],
            [
              20.4155244,
              41.159721
            ],
            [
              20.4153547,
              41.1585305
            ],
            [
              20.41467,
              41.1569685
            ],
            [
              20.4165486,
              41.1551939
            ],
            [
              20.4185559,
              41.1540332
            ],
            [
              20.4177639,
              41.1524227
            ],
            [
              20.4220917,
              41.1465839
            ],
            [
              20.4254103,
              41.1467099
            ],
            [
              20.4282569,
              41.1477085
            ],
            [
              20.430508,
              41.1475382
            ],
            [
              20.4313507,
              41.1474745
            ],
            [
              20.4331417,
              41.1462865
            ],
            [
              20.434702,
              41.1457216
            ],
            [
              20.4364223,
              41.1440859
            ],
            [
              20.4396017,
              41.1426765
            ],
            [
              20.4428707,
              41.1397284
            ],
            [
              20.4490793,
              41.1371921
            ],
            [
              20.4530419,
              41.1352937
            ],
            [
              20.4551305,
              41.1352657
            ],
            [
              20.4560246,
              41.1335709
            ],
            [
              20.4569616,
              41.1325226
            ],
            [
              20.4627821,
              41.1296206
            ],
            [
              20.4659821,
              41.1286625
            ],
            [
              20.4686885,
              41.1266539
            ],
            [
              20.4695038,
              41.1270337
            ],
            [
              20.4731515,
              41.1334583
            ],
            [
              20.475855,
              41.1339918
            ],
            [
              20.4771402,
              41.137168
            ],
            [
              20.4794982,
              41.1377263
            ],
            [
              20.4807294,
              41.1371393
            ],
            [
              20.4815523,
              41.1342803
            ],
            [
              20.4825819,
              41.1327231
            ],
            [
              20.4844067,
              41.131704
            ],
            [
              20.4877033,
              41.1329317
            ],
            [
              20.4890901,
              41.1343049
            ],
            [
              20.4910697,
              41.1353542
            ],
            [
              20.4915767,
              41.1347395
            ],
            [
              20.4916975,
              41.1341571
            ],
            [
              20.4934276,
              41.1329445
            ],
            [
              20.4943424,
              41.1317641
            ],
            [
              20.4976904,
              41.1315055
            ],
            [
              20.4994531,
              41.1308529
            ],
            [
              20.5024174,
              41.1278729
            ],
            [
              20.5068441,
              41.1266324
            ],
            [
              20.507511,
              41.1272559
            ],
            [
              20.5063326,
              41.1318231
            ],
            [
              20.5069798,
              41.1322943
            ],
            [
              20.508875,
              41.1300367
            ],
            [
              20.5105197,
              41.1298852
            ],
            [
              20.5108165,
              41.1316401
            ],
            [
              20.513538,
              41.1327969
            ],
            [
              20.5136202,
              41.1320547
            ],
            [
              20.5133161,
              41.1317004
            ],
            [
              20.5134913,
              41.1312504
            ],
            [
              20.5146106,
              41.1309297
            ],
            [
              20.5090455,
              41.1263173
            ],
            [
              20.5091478,
              41.1254182
            ],
            [
              20.5120826,
              41.1210277
            ],
            [
              20.5133969,
              41.1192875
            ],
            [
              20.5141184,
              41.1168251
            ],
            [
              20.5151403,
              41.115268
            ],
            [
              20.5166531,
              41.1142448
            ],
            [
              20.5248177,
              41.1142724
            ],
            [
              20.5265612,
              41.1132354
            ],
            [
              20.5292997,
              41.114673
            ],
            [
              20.5307722,
              41.114591
            ],
            [
              20.532804,
              41.1131096
            ],
            [
              20.5358658,
              41.1130185
            ],
            [
              20.5395645,
              41.1151319
            ],
            [
              20.5491507,
              41.1136682
            ],
            [
              20.5546761,
              41.1145238
            ],
            [
              20.5568219,
              41.1163411
            ],
            [
              20.5583668,
              41.1190313
            ],
            [
              20.5643535,
              41.1209941
            ],
            [
              20.5703831,
              41.1216637
            ],
            [
              20.5729873,
              41.122518
            ],
            [
              20.5758703,
              41.1217882
            ],
            [
              20.5800194,
              41.1204119
            ],
            [
              20.5807851,
              41.1194084
            ],
            [
              20.5812074,
              41.1177908
            ],
            [
              20.5843018,
              41.1158962
            ],
            [
              20.5852245,
              41.116639
            ],
            [
              20.5857395,
              41.1166875
            ],
            [
              20.5861686,
              41.1172048
            ],
            [
              20.5865978,
              41.1179969
            ],
            [
              20.5871945,
              41.118059
            ],
            [
              20.5874346,
              41.1186274
            ],
            [
              20.5870913,
              41.118983
            ],
            [
              20.5876492,
              41.1192093
            ],
            [
              20.5871127,
              41.1196458
            ],
            [
              20.5879067,
              41.1205995
            ],
            [
              20.5885628,
              41.1208277
            ],
            [
              20.5883573,
              41.1214562
            ],
            [
              20.5876063,
              41.1221836
            ],
            [
              20.5878638,
              41.1224584
            ],
            [
              20.5879067,
              41.122911
            ],
            [
              20.5869625,
              41.1233798
            ],
            [
              20.5866836,
              41.124091
            ],
            [
              20.5859111,
              41.1240748
            ],
            [
              20.5854176,
              41.1243011
            ],
            [
              20.5854176,
              41.1245759
            ],
            [
              20.5847739,
              41.1246244
            ],
            [
              20.5852459,
              41.125077
            ],
            [
              20.5857094,
              41.1248903
            ],
            [
              20.5860313,
              41.1252459
            ],
            [
              20.5870183,
              41.1250034
            ],
            [
              20.5878852,
              41.1254164
            ],
            [
              20.5889066,
              41.126151
            ],
            [
              20.5896877,
              41.1257558
            ],
            [
              20.5906876,
              41.1260055
            ],
            [
              20.5921467,
              41.1262803
            ],
            [
              20.5923699,
              41.1267095
            ],
            [
              20.5926703,
              41.1274368
            ],
            [
              20.5937861,
              41.1277924
            ],
            [
              20.5955027,
              41.1281318
            ],
            [
              20.5963395,
              41.1285843
            ],
            [
              20.5968359,
              41.1298474
            ],
            [
              20.5965798,
              41.1304444
            ],
            [
              20.5966726,
              41.1315519
            ],
            [
              20.5962851,
              41.1324294
            ],
            [
              20.5960476,
              41.1329593
            ],
            [
              20.5948422,
              41.1337511
            ],
            [
              20.5936361,
              41.1346535
            ],
            [
              20.5936024,
              41.135361
            ],
            [
              20.5939505,
              41.1358929
            ],
            [
              20.5925823,
              41.1364944
            ],
            [
              20.5919221,
              41.1372904
            ],
            [
              20.5918582,
              41.1380305
            ],
            [
              20.5912639,
              41.1383082
            ],
            [
              20.5907331,
              41.1389033
            ],
            [
              20.5908748,
              41.1396557
            ],
            [
              20.5910724,
              41.1408505
            ],
            [
              20.5907127,
              41.142176
            ],
            [
              20.5899734,
              41.1433232
            ],
            [
              20.5883115,
              41.144479
            ],
            [
              20.587728,
              41.1451019
            ],
            [
              20.5874298,
              41.1459633
            ],
            [
              20.5863674,
              41.147242
            ],
            [
              20.5848745,
              41.1471261
            ],
            [
              20.5843762,
              41.1471906
            ],
            [
              20.5840805,
              41.1476318
            ],
            [
              20.5834275,
              41.1490004
            ],
            [
              20.5824177,
              41.1510684
            ],
            [
              20.5821783,
              41.1518636
            ],
            [
              20.5821061,
              41.1540083
            ],
            [
              20.5829502,
              41.1548516
            ],
            [
              20.582975,
              41.1555593
            ],
            [
              20.5828521,
              41.1564655
            ],
            [
              20.5820837,
              41.1575462
            ],
            [
              20.5809562,
              41.1585555
            ],
            [
              20.5798059,
              41.1597897
            ],
            [
              20.5790984,
              41.1604947
            ],
            [
              20.5782765,
              41.160757
            ],
            [
              20.5772791,
              41.1609745
            ],
            [
              20.5767198,
              41.1613926
            ],
            [
              20.5763348,
              41.1620546
            ],
            [
              20.5756918,
              41.1633687
            ],
            [
              20.5748938,
              41.1644493
            ],
            [
              20.5734154,
              41.166178
            ],
            [
              20.5722158,
              41.1676038
            ],
            [
              20.5719047,
              41.1681636
            ],
            [
              20.5710837,
              41.1683153
            ],
            [
              20.5707719,
              41.1689718
            ],
            [
              20.5703318,
              41.1696472
            ],
            [
              20.5695835,
              41.1704348
            ],
            [
              20.5692436,
              41.1714587
            ],
            [
              20.56857,
              41.1725781
            ],
            [
              20.5678745,
              41.1731171
            ],
            [
              20.5675717,
              41.173339
            ],
            [
              20.5673337,
              41.1735213
            ],
            [
              20.5671255,
              41.1740041
            ],
            [
              20.5661728,
              41.1746775
            ],
            [
              20.5652647,
              41.176357
            ],
            [
              20.5638333,
              41.1786117
            ],
            [
              20.5634451,
              41.1791712
            ],
            [
              20.5614127,
              41.1803241
            ],
            [
              20.5602806,
              41.1809774
            ],
            [
              20.5595832,
              41.1817678
            ],
            [
              20.5590012,
              41.1823981
            ],
            [
              20.5593191,
              41.1829274
            ],
            [
              20.5600433,
              41.1843195
            ],
            [
              20.5599589,
              41.186695
            ],
            [
              20.5598863,
              41.1873144
            ],
            [
              20.5602251,
              41.1878322
            ],
            [
              20.5601494,
              41.1889165
            ],
            [
              20.5602144,
              41.1894332
            ],
            [
              20.5600033,
              41.1903545
            ],
            [
              20.5593835,
              41.1909203
            ],
            [
              20.5590378,
              41.1914354
            ],
            [
              20.5588943,
              41.1924162
            ],
            [
              20.5588891,
              41.1931908
            ],
            [
              20.55827,
              41.1936533
            ],
            [
              20.5575171,
              41.1936504
            ],
            [
              20.5564897,
              41.1937497
            ],
            [
              20.5560794,
              41.1936965
            ],
            [
              20.5558094,
              41.1931274
            ],
            [
              20.5553363,
              41.1922475
            ],
            [
              20.5553405,
              41.1916278
            ],
            [
              20.5558224,
              41.1912165
            ],
            [
              20.5558262,
              41.1906484
            ],
            [
              20.5554169,
              41.1904402
            ],
            [
              20.5530857,
              41.1910509
            ],
            [
              20.5504768,
              41.1922287
            ],
            [
              20.549787,
              41.1930007
            ],
            [
              20.5491001,
              41.1933595
            ],
            [
              20.5483483,
              41.1932016
            ],
            [
              20.5474563,
              41.193508
            ],
            [
              20.5467623,
              41.1948997
            ],
            [
              20.5457295,
              41.1957737
            ],
            [
              20.5449028,
              41.1965451
            ],
            [
              20.543942,
              41.1969028
            ],
            [
              20.542916,
              41.1967955
            ],
            [
              20.5419588,
              41.1966367
            ],
            [
              20.5420312,
              41.1960689
            ],
            [
              20.542105,
              41.1952945
            ],
            [
              20.5417664,
              41.1947767
            ],
            [
              20.5410138,
              41.194722
            ],
            [
              20.5405329,
              41.1949784
            ],
            [
              20.5399359,
              41.1951855
            ],
            [
              20.5386357,
              41.1951286
            ],
            [
              20.5380157,
              41.1956943
            ],
            [
              20.5374572,
              41.1972414
            ],
            [
              20.536906,
              41.1977557
            ],
            [
              20.5361505,
              41.1981142
            ],
            [
              20.5352588,
              41.1983688
            ],
            [
              20.5351179,
              41.1989363
            ],
            [
              20.5347738,
              41.1991932
            ],
            [
              20.5342947,
              41.1991913
            ],
            [
              20.5334736,
              41.1991363
            ],
            [
              20.5331918,
              41.2002714
            ],
            [
              20.5322239,
              41.2016103
            ],
            [
              20.531801,
              41.2033129
            ],
            [
              20.5315816,
              41.2052746
            ],
            [
              20.5322566,
              41.2066201
            ],
            [
              20.5320364,
              41.2075904
            ],
            [
              20.532033,
              41.2082869
            ],
            [
              20.5321077,
              41.2096625
            ],
            [
              20.5321011,
              41.2105921
            ],
            [
              20.5314083,
              41.2117255
            ],
            [
              20.5307899,
              41.2120328
            ],
            [
              20.52983,
              41.2122355
            ],
            [
              20.5294151,
              41.2128019
            ],
            [
              20.5291372,
              41.2133689
            ],
            [
              20.5291132,
              41.2137232
            ],
            [
              20.5291242,
              41.2140028
            ],
            [
              20.5291671,
              41.2143607
            ],
            [
              20.5290792,
              41.2144819
            ],
            [
              20.5290022,
              41.2146364
            ],
            [
              20.5289262,
              41.214783
            ],
            [
              20.5287896,
              41.2149327
            ],
            [
              20.5287597,
              41.215014
            ],
            [
              20.528679,
              41.2152583
            ],
            [
              20.5286368,
              41.215406
            ],
            [
              20.5285945,
              41.2155495
            ],
            [
              20.5285235,
              41.2157171
            ],
            [
              20.5284883,
              41.2158512
            ],
            [
              20.5284177,
              41.2159897
            ],
            [
              20.5282399,
              41.216121
            ],
            [
              20.5281052,
              41.216197
            ],
            [
              20.5280032,
              41.2162498
            ],
            [
              20.5279029,
              41.2163213
            ],
            [
              20.5277852,
              41.2163928
            ],
            [
              20.5276529,
              41.2164738
            ],
            [
              20.5275304,
              41.2165358
            ],
            [
              20.5272735,
              41.2167116
            ],
            [
              20.5271232,
              41.2168003
            ],
            [
              20.5268973,
              41.2169084
            ],
            [
              20.5266448,
              41.2170901
            ],
            [
              20.5264928,
              41.2171857
            ],
            [
              20.5262549,
              41.217348
            ],
            [
              20.5260745,
              41.2174287
            ],
            [
              20.5258802,
              41.2175751
            ],
            [
              20.5257598,
              41.2176696
            ],
            [
              20.5256382,
              41.2177331
            ],
            [
              20.5254044,
              41.2178598
            ],
            [
              20.5252487,
              41.21795
            ],
            [
              20.525152,
              41.218017
            ],
            [
              20.5250707,
              41.2180753
            ],
            [
              20.5249671,
              41.2181386
            ],
            [
              20.5248423,
              41.2182075
            ],
            [
              20.5247562,
              41.2182546
            ],
            [
              20.524649,
              41.2183216
            ],
            [
              20.5245793,
              41.2183665
            ],
            [
              20.5245107,
              41.2184016
            ],
            [
              20.5244342,
              41.2184381
            ],
            [
              20.5243727,
              41.2184803
            ],
            [
              20.5242778,
              41.2185371
            ],
            [
              20.5241694,
              41.2186055
            ],
            [
              20.5240515,
              41.2186727
            ],
            [
              20.5238878,
              41.2187709
            ],
            [
              20.5237364,
              41.2188675
            ],
            [
              20.5234717,
              41.2190141
            ],
            [
              20.5232615,
              41.2194749
            ],
            [
              20.523263,
              41.2196079
            ],
            [
              20.5232757,
              41.2197676
            ],
            [
              20.5232773,
              41.2199071
            ],
            [
              20.523295,
              41.2200546
            ],
            [
              20.5233052,
              41.2202125
            ],
            [
              20.5233195,
              41.2203364
            ],
            [
              20.5233259,
              41.2204741
            ],
            [
              20.5232935,
              41.2207914
            ],
            [
              20.5232543,
              41.221117
            ],
            [
              20.5232293,
              41.2213943
            ],
            [
              20.5231859,
              41.2216659
            ],
            [
              20.5231707,
              41.2218568
            ],
            [
              20.5231668,
              41.2220079
            ],
            [
              20.523142,
              41.2222099
            ],
            [
              20.523149,
              41.2223552
            ],
            [
              20.5231314,
              41.2225407
            ],
            [
              20.5230915,
              41.222947
            ],
            [
              20.5226946,
              41.223503
            ],
            [
              20.5222622,
              41.2240702
            ],
            [
              20.5221874,
              41.2242878
            ],
            [
              20.5220798,
              41.2245163
            ],
            [
              20.5219688,
              41.2247713
            ],
            [
              20.5219039,
              41.2249625
            ],
            [
              20.5218467,
              41.2250971
            ],
            [
              20.5218178,
              41.2251993
            ],
            [
              20.5217786,
              41.225264
            ],
            [
              20.5217569,
              41.2259032
            ],
            [
              20.5217207,
              41.226153
            ],
            [
              20.5217505,
              41.2264149
            ],
            [
              20.5214667,
              41.226605
            ],
            [
              20.5211559,
              41.226981
            ],
            [
              20.5207664,
              41.2272715
            ],
            [
              20.5204871,
              41.2274889
            ],
            [
              20.5202776,
              41.2277392
            ],
            [
              20.5201058,
              41.2279004
            ],
            [
              20.5198405,
              41.227965
            ],
            [
              20.5194348,
              41.2280701
            ],
            [
              20.5192565,
              41.228049
            ],
            [
              20.5189635,
              41.2280498
            ],
            [
              20.5182497,
              41.2280129
            ],
            [
              20.5180885,
              41.2282517
            ],
            [
              20.5178775,
              41.2285791
            ],
            [
              20.5177661,
              41.2287377
            ],
            [
              20.517655,
              41.2288584
            ],
            [
              20.5176155,
              41.2290035
            ],
            [
              20.5174978,
              41.2292495
            ],
            [
              20.5173402,
              41.2295268
            ],
            [
              20.5171914,
              41.2298276
            ],
            [
              20.5171209,
              41.2299205
            ],
            [
              20.5168376,
              41.2300466
            ],
            [
              20.5166225,
              41.2301233
            ],
            [
              20.5163349,
              41.2302334
            ],
            [
              20.5161762,
              41.2303557
            ],
            [
              20.5160193,
              41.2304095
            ],
            [
              20.5158774,
              41.2305158
            ],
            [
              20.5154843,
              41.2304747
            ],
            [
              20.5148798,
              41.2305439
            ],
            [
              20.5144133,
              41.2309364
            ],
            [
              20.5152975,
              41.2316276
            ],
            [
              20.5152807,
              41.2317519
            ],
            [
              20.5152494,
              41.2318297
            ],
            [
              20.5152295,
              41.2318996
            ],
            [
              20.5151866,
              41.2319838
            ],
            [
              20.5151902,
              41.2320607
            ],
            [
              20.5152406,
              41.2321746
            ],
            [
              20.515257,
              41.232231
            ],
            [
              20.5152585,
              41.2322939
            ],
            [
              20.5153264,
              41.2324348
            ],
            [
              20.5153537,
              41.2325611
            ],
            [
              20.5153785,
              41.2326733
            ],
            [
              20.515399,
              41.232772
            ],
            [
              20.515509,
              41.2329036
            ],
            [
              20.5156879,
              41.2331087
            ],
            [
              20.5158425,
              41.2332794
            ],
            [
              20.5159524,
              41.233407
            ],
            [
              20.5160439,
              41.2335049
            ],
            [
              20.5161231,
              41.2336117
            ],
            [
              20.5162467,
              41.2337409
            ],
            [
              20.5163337,
              41.2338292
            ],
            [
              20.5164034,
              41.2339121
            ],
            [
              20.5164867,
              41.2340225
            ],
            [
              20.5167681,
              41.23421
            ],
            [
              20.5169359,
              41.234312
            ],
            [
              20.5170358,
              41.2343791
            ],
            [
              20.5170215,
              41.2349
            ],
            [
              20.5170215,
              41.2351523
            ],
            [
              20.5168787,
              41.2359819
            ],
            [
              20.5168029,
              41.2361423
            ],
            [
              20.5167782,
              41.2362283
            ],
            [
              20.5167284,
              41.2363036
            ],
            [
              20.5167108,
              41.2364488
            ],
            [
              20.5165825,
              41.2365536
            ],
            [
              20.5165758,
              41.2366797
            ],
            [
              20.5165013,
              41.236787
            ],
            [
              20.5163766,
              41.2369775
            ],
            [
              20.5162591,
              41.2371572
            ],
            [
              20.5161201,
              41.2373344
            ],
            [
              20.5161313,
              41.2374713
            ],
            [
              20.5162064,
              41.2375359
            ],
            [
              20.5163137,
              41.2376408
            ],
            [
              20.5164961,
              41.2377053
            ],
            [
              20.5166784,
              41.237794
            ],
            [
              20.5168072,
              41.2378909
            ],
            [
              20.5169252,
              41.2380361
            ],
            [
              20.5169574,
              41.2381652
            ],
            [
              20.5169574,
              41.2382943
            ],
            [
              20.5169252,
              41.2384395
            ],
            [
              20.516775,
              41.2385686
            ],
            [
              20.5166355,
              41.2386654
            ],
            [
              20.5164424,
              41.2387703
            ],
            [
              20.5163244,
              41.2388187
            ],
            [
              20.5162493,
              41.2388993
            ],
            [
              20.51626,
              41.2390446
            ],
            [
              20.51626,
              41.2392059
            ],
            [
              20.5163566,
              41.2393511
            ],
            [
              20.5164317,
              41.2394641
            ],
            [
              20.5164424,
              41.2396174
            ],
            [
              20.5163458,
              41.2397949
            ],
            [
              20.5163475,
              41.240239
            ],
            [
              20.5156699,
              41.2406339
            ],
            [
              20.5155948,
              41.240763
            ],
            [
              20.5155626,
              41.2409082
            ],
            [
              20.5155841,
              41.2410292
            ],
            [
              20.5157665,
              41.2411583
            ],
            [
              20.5158309,
              41.2412309
            ],
            [
              20.5159703,
              41.2412631
            ],
            [
              20.5161742,
              41.241247
            ],
            [
              20.5164746,
              41.241247
            ],
            [
              20.5166892,
              41.2412793
            ],
            [
              20.5170325,
              41.2412873
            ],
            [
              20.5172256,
              41.2412873
            ],
            [
              20.5175046,
              41.2412873
            ],
            [
              20.5177942,
              41.2413196
            ],
            [
              20.5180303,
              41.241368
            ],
            [
              20.5181268,
              41.241481
            ],
            [
              20.5182663,
              41.2416746
            ],
            [
              20.5183307,
              41.2417795
            ],
            [
              20.518438,
              41.2419973
            ],
            [
              20.5186525,
              41.2422796
            ],
            [
              20.5187706,
              41.2424168
            ],
            [
              20.5190602,
              41.2425701
            ],
            [
              20.519189,
              41.2426911
            ],
            [
              20.5192963,
              41.2428927
            ],
            [
              20.5192963,
              41.2429976
            ],
            [
              20.5192963,
              41.2431267
            ],
            [
              20.5192319,
              41.2432558
            ],
            [
              20.5192212,
              41.2433606
            ],
            [
              20.5192426,
              41.2435543
            ],
            [
              20.5193607,
              41.2436833
            ],
            [
              20.5195538,
              41.2438043
            ],
            [
              20.5197683,
              41.2438205
            ],
            [
              20.5199507,
              41.2438285
            ],
            [
              20.5201868,
              41.2439737
            ],
            [
              20.5203155,
              41.2441512
            ],
            [
              20.5203262,
              41.2443045
            ],
            [
              20.5203262,
              41.2443932
            ],
            [
              20.5204013,
              41.2445384
            ],
            [
              20.5205194,
              41.2446352
            ],
            [
              20.5207876,
              41.2446756
            ],
            [
              20.5210129,
              41.2447643
            ],
            [
              20.5211631,
              41.2449418
            ],
            [
              20.5211631,
              41.2450386
            ],
            [
              20.521206,
              41.2451838
            ],
            [
              20.521324,
              41.2452403
            ],
            [
              20.5214099,
              41.2452403
            ],
            [
              20.5214635,
              41.2452806
            ],
            [
              20.5215493,
              41.2454661
            ],
            [
              20.5215493,
              41.245571
            ],
            [
              20.5214957,
              41.2457001
            ],
            [
              20.5215391,
              41.2458215
            ],
            [
              20.521823,
              41.2462013
            ],
            [
              20.5216263,
              41.2464563
            ],
            [
              20.5203183,
              41.2473288
            ],
            [
              20.5192825,
              41.2484607
            ],
            [
              20.5190888,
              41.2495037
            ],
            [
              20.5186713,
              41.2500425
            ],
            [
              20.5178972,
              41.2508087
            ],
            [
              20.5167721,
              41.2523434
            ],
            [
              20.5158826,
              41.2533892
            ],
            [
              20.515179,
              41.2544008
            ],
            [
              20.5144741,
              41.2555874
            ],
            [
              20.5143186,
              41.257025
            ],
            [
              20.5154773,
              41.2601063
            ],
            [
              20.5149302,
              41.2606141
            ],
            [
              20.5139109,
              41.2612593
            ],
            [
              20.513632,
              41.2622674
            ],
            [
              20.5123016,
              41.26309
            ],
            [
              20.5120709,
              41.2647888
            ],
            [
              20.5122802,
              41.2658723
            ],
            [
              20.5128273,
              41.2670489
            ],
            [
              20.5125484,
              41.2679605
            ],
            [
              20.5129239,
              41.2685488
            ],
            [
              20.5121836,
              41.2692665
            ],
            [
              20.5119261,
              41.2705406
            ],
            [
              20.5121407,
              41.2716457
            ],
            [
              20.5117974,
              41.2721372
            ],
            [
              20.5110463,
              41.2734032
            ],
            [
              20.5108747,
              41.2740563
            ],
            [
              20.5109176,
              41.2746046
            ],
            [
              20.5109391,
              41.2767898
            ],
            [
              20.5114862,
              41.2795795
            ],
            [
              20.5128166,
              41.2809905
            ],
            [
              20.5140925,
              41.2824364
            ],
            [
              20.5140737,
              41.282515
            ],
            [
              20.5140711,
              41.2825694
            ],
            [
              20.5141328,
              41.2826601
            ],
            [
              20.514173,
              41.2827448
            ],
            [
              20.5141837,
              41.2828073
            ],
            [
              20.5142489,
              41.2828872
            ],
            [
              20.5143178,
              41.2829141
            ],
            [
              20.5143151,
              41.2829443
            ],
            [
              20.5144519,
              41.2830068
            ],
            [
              20.5144063,
              41.283033
            ],
            [
              20.5144895,
              41.2831277
            ],
            [
              20.5146727,
              41.2832258
            ],
            [
              20.514696,
              41.2833333
            ],
            [
              20.5146692,
              41.2835208
            ],
            [
              20.5145592,
              41.2835893
            ],
            [
              20.5145056,
              41.283676
            ],
            [
              20.5144922,
              41.283811
            ],
            [
              20.5145565,
              41.2838815
            ],
            [
              20.5145351,
              41.2839944
            ],
            [
              20.5145539,
              41.2840367
            ],
            [
              20.5145565,
              41.2841214
            ],
            [
              20.5145056,
              41.2841617
            ],
            [
              20.5144144,
              41.2843935
            ],
            [
              20.5143715,
              41.2845688
            ],
            [
              20.5143455,
              41.284681
            ],
            [
              20.5142481,
              41.2848288
            ],
            [
              20.5142588,
              41.2848954
            ],
            [
              20.5143535,
              41.2849854
            ],
            [
              20.5143286,
              41.2850264
            ],
            [
              20.5143339,
              41.2850929
            ],
            [
              20.5143447,
              41.2851413
            ],
            [
              20.5143017,
              41.2852118
            ],
            [
              20.5142838,
              41.2852595
            ],
            [
              20.5143822,
              41.2852279
            ],
            [
              20.5143929,
              41.2852763
            ],
            [
              20.5144412,
              41.2853327
            ],
            [
              20.5144627,
              41.285371
            ],
            [
              20.5144367,
              41.2854509
            ],
            [
              20.5143259,
              41.2854899
            ],
            [
              20.51446,
              41.2855806
            ],
            [
              20.5144876,
              41.2855981
            ],
            [
              20.5145029,
              41.2856572
            ],
            [
              20.5144841,
              41.2856875
            ],
            [
              20.514519,
              41.2857197
            ],
            [
              20.5145431,
              41.2857459
            ],
            [
              20.514527,
              41.2858003
            ],
            [
              20.514434,
              41.2857875
            ],
            [
              20.5143768,
              41.2858185
            ],
            [
              20.5143929,
              41.2858991
            ],
            [
              20.5143911,
              41.2859387
            ],
            [
              20.5143286,
              41.2859757
            ],
            [
              20.5143366,
              41.286018
            ],
            [
              20.5143857,
              41.2861584
            ],
            [
              20.5143151,
              41.2863324
            ],
            [
              20.5143044,
              41.2865077
            ],
            [
              20.5143259,
              41.2867677
            ],
            [
              20.5143795,
              41.2869209
            ],
            [
              20.5143964,
              41.2871419
            ],
            [
              20.514527,
              41.2873119
            ],
            [
              20.5145297,
              41.2873704
            ],
            [
              20.5144662,
              41.2873979
            ],
            [
              20.5144198,
              41.2873885
            ],
            [
              20.5143929,
              41.2874147
            ],
            [
              20.5143481,
              41.2874321
            ],
            [
              20.5142883,
              41.2874087
            ],
            [
              20.5142516,
              41.2874362
            ],
            [
              20.5142266,
              41.2874752
            ],
            [
              20.5141623,
              41.2874651
            ],
            [
              20.5141515,
              41.2874973
            ],
            [
              20.5141202,
              41.2874926
            ],
            [
              20.5140764,
              41.2875074
            ],
            [
              20.5140308,
              41.2875094
            ],
            [
              20.5140067,
              41.2875699
            ],
            [
              20.5139697,
              41.2875873
            ],
            [
              20.5138967,
              41.2875457
            ],
            [
              20.51386,
              41.2875611
            ],
            [
              20.5137438,
              41.2875316
            ],
            [
              20.5137519,
              41.28758
            ],
            [
              20.5136929,
              41.2876465
            ],
            [
              20.5136365,
              41.2876263
            ],
            [
              20.513683,
              41.2876055
            ],
            [
              20.5136374,
              41.2875793
            ],
            [
              20.5135668,
              41.2876102
            ],
            [
              20.51354,
              41.2876304
            ],
            [
              20.5135676,
              41.28767
            ],
            [
              20.5135373,
              41.2877069
            ],
            [
              20.51343,
              41.2876566
            ],
            [
              20.5133423,
              41.2876659
            ],
            [
              20.5132932,
              41.2876082
            ],
            [
              20.5132699,
              41.2876317
            ],
            [
              20.5131591,
              41.2876162
            ],
            [
              20.513117,
              41.2876901
            ],
            [
              20.5131001,
              41.2877231
            ],
            [
              20.5130894,
              41.2877996
            ],
            [
              20.5130553,
              41.2878997
            ],
            [
              20.5130357,
              41.2879407
            ],
            [
              20.5130062,
              41.287971
            ],
            [
              20.5129526,
              41.287979
            ],
            [
              20.5129553,
              41.2879165
            ],
            [
              20.512915,
              41.2879065
            ],
            [
              20.5128909,
              41.2879831
            ],
            [
              20.5128488,
              41.2879884
            ],
            [
              20.512856,
              41.2880153
            ],
            [
              20.5128104,
              41.2880294
            ],
            [
              20.5127434,
              41.2880113
            ],
            [
              20.5127326,
              41.2880677
            ],
            [
              20.5126897,
              41.2880858
            ],
            [
              20.512679,
              41.2881261
            ],
            [
              20.5126449,
              41.2881476
            ],
            [
              20.5125771,
              41.2881564
            ],
            [
              20.5125449,
              41.2881947
            ],
            [
              20.5125859,
              41.2882222
            ],
            [
              20.5124671,
              41.2882692
            ],
            [
              20.5124001,
              41.2882692
            ],
            [
              20.5122498,
              41.2882511
            ],
            [
              20.5121828,
              41.2882854
            ],
            [
              20.5121023,
              41.2882671
            ],
            [
              20.5117536,
              41.2884324
            ],
            [
              20.511615,
              41.2884338
            ],
            [
              20.5115122,
              41.2886017
            ],
            [
              20.5114318,
              41.2886259
            ],
            [
              20.511421,
              41.2886904
            ],
            [
              20.5112985,
              41.2887321
            ],
            [
              20.5111268,
              41.2889417
            ],
            [
              20.51089,
              41.2891781
            ],
            [
              20.5107505,
              41.2891902
            ],
            [
              20.5106378,
              41.2892305
            ],
            [
              20.5105582,
              41.2893407
            ],
            [
              20.5104608,
              41.2893837
            ],
            [
              20.5103267,
              41.2894562
            ],
            [
              20.5102462,
              41.2895247
            ],
            [
              20.5101129,
              41.2895342
            ],
            [
              20.509919,
              41.2894844
            ],
            [
              20.5098876,
              41.2895745
            ],
            [
              20.5097374,
              41.2896148
            ],
            [
              20.5096132,
              41.2897706
            ],
            [
              20.5095443,
              41.2897317
            ],
            [
              20.5094156,
              41.289776
            ],
            [
              20.5093512,
              41.2899212
            ],
            [
              20.5093879,
              41.2899883
            ],
            [
              20.5093136,
              41.2900663
            ],
            [
              20.5092163,
              41.2902986
            ],
            [
              20.5091205,
              41.2903081
            ],
            [
              20.5090553,
              41.2904357
            ],
            [
              20.5090661,
              41.2905485
            ],
            [
              20.5089649,
              41.2906709
            ],
            [
              20.5090025,
              41.2907837
            ],
            [
              20.5092325,
              41.2908471
            ],
            [
              20.5087666,
              41.2918167
            ],
            [
              20.5090185,
              41.2921102
            ],
            [
              20.5089963,
              41.2923132
            ],
            [
              20.5089392,
              41.2926088
            ],
            [
              20.5085173,
              41.2931318
            ],
            [
              20.5080949,
              41.2937247
            ],
            [
              20.5075794,
              41.2947832
            ],
            [
              20.5073816,
              41.2959607
            ],
            [
              20.5073634,
              41.2961977
            ],
            [
              20.5073781,
              41.2964155
            ],
            [
              20.5075589,
              41.297081
            ],
            [
              20.5076466,
              41.2979035
            ],
            [
              20.5081068,
              41.2984652
            ],
            [
              20.5088459,
              41.2989932
            ],
            [
              20.5092568,
              41.2999395
            ],
            [
              20.5095498,
              41.3019497
            ],
            [
              20.5095066,
              41.3021295
            ],
            [
              20.5093038,
              41.3022497
            ],
            [
              20.5087724,
              41.3025963
            ],
            [
              20.5074198,
              41.3033602
            ],
            [
              20.5065764,
              41.3043362
            ],
            [
              20.5066646,
              41.3049663
            ],
            [
              20.5072111,
              41.3058948
            ],
            [
              20.5073086,
              41.3064213
            ],
            [
              20.5073031,
              41.3071559
            ],
            [
              20.5072941,
              41.3083454
            ],
            [
              20.5070046,
              41.3097786
            ],
            [
              20.506627,
              41.3105816
            ],
            [
              20.506295,
              41.3114898
            ],
            [
              20.5058263,
              41.3120475
            ],
            [
              20.5050311,
              41.3127788
            ],
            [
              20.5043259,
              41.3138953
            ],
            [
              20.5036217,
              41.3148719
            ],
            [
              20.5026857,
              41.3157774
            ],
            [
              20.5021618,
              41.3165376
            ],
            [
              20.501692,
              41.3172353
            ],
            [
              20.5007563,
              41.3181058
            ],
            [
              20.5000963,
              41.3190736
            ],
            [
              20.4998696,
              41.3196277
            ],
            [
              20.4995783,
              41.3202698
            ],
            [
              20.4992022,
              41.3208629
            ],
            [
              20.4985369,
              41.3210698
            ],
            [
              20.4982219,
              41.3216215
            ],
            [
              20.4980712,
              41.3221725
            ],
            [
              20.4980933,
              41.3224668
            ],
            [
              20.4982136,
              41.3227063
            ],
            [
              20.4985369,
              41.3227842
            ],
            [
              20.4989073,
              41.3229607
            ],
            [
              20.4993225,
              41.3233474
            ],
            [
              20.4997371,
              41.323804
            ],
            [
              20.4999187,
              41.3243645
            ],
            [
              20.4999142,
              41.3249593
            ],
            [
              20.4999109,
              41.3253791
            ],
            [
              20.4998607,
              41.3258687
            ],
            [
              20.4996609,
              41.3264372
            ],
            [
              20.4995676,
              41.3267413
            ],
            [
              20.4994691,
              41.3268477
            ],
            [
              20.4993411,
              41.3269859
            ],
            [
              20.4985367,
              41.3275434
            ],
            [
              20.4979954,
              41.3280216
            ],
            [
              20.4977747,
              41.3281493
            ],
            [
              20.4969433,
              41.3282928
            ],
            [
              20.4960372,
              41.3286382
            ],
            [
              20.495081,
              41.3291304
            ],
            [
              20.4940739,
              41.3298983
            ],
            [
              20.492795,
              41.3310694
            ],
            [
              20.4918838,
              41.3320583
            ],
            [
              20.4910963,
              41.3328311
            ],
            [
              20.4913909,
              41.3331606
            ],
            [
              20.4932836,
              41.3333116
            ],
            [
              20.4938077,
              41.3341125
            ],
            [
              20.4938026,
              41.3347684
            ],
            [
              20.4955385,
              41.3356031
            ],
            [
              20.4968986,
              41.3360654
            ],
            [
              20.4977251,
              41.3369532
            ],
            [
              20.4980973,
              41.3378104
            ],
            [
              20.4980942,
              41.3382097
            ],
            [
              20.4972752,
              41.3390956
            ],
            [
              20.4968337,
              41.3395732
            ],
            [
              20.4967811,
              41.3414838
            ],
            [
              20.4969188,
              41.3432812
            ],
            [
              20.4971767,
              41.3442235
            ],
            [
              20.4969565,
              41.3453714
            ],
            [
              20.4968555,
              41.3458982
            ],
            [
              20.498144,
              41.347049
            ],
            [
              20.4985364,
              41.3471099
            ],
            [
              20.4992851,
              41.3470963
            ],
            [
              20.4999229,
              41.3470511
            ],
            [
              20.501471,
              41.3467579
            ],
            [
              20.5024612,
              41.3464622
            ],
            [
              20.5031083,
              41.3461591
            ],
            [
              20.5044033,
              41.3456008
            ],
            [
              20.5049644,
              41.3451592
            ],
            [
              20.505399,
              41.3445852
            ],
            [
              20.505784,
              41.3442509
            ],
            [
              20.5065519,
              41.3438583
            ],
            [
              20.5069574,
              41.3436133
            ],
            [
              20.5084292,
              41.3428518
            ],
            [
              20.5098372,
              41.3420899
            ],
            [
              20.5107816,
              41.341518
            ],
            [
              20.5114152,
              41.3408174
            ],
            [
              20.5124917,
              41.3396221
            ],
            [
              20.513905,
              41.3381284
            ],
            [
              20.5148318,
              41.3373873
            ],
            [
              20.5153922,
              41.3370178
            ],
            [
              20.5159352,
              41.3368521
            ],
            [
              20.5170032,
              41.3367846
            ],
            [
              20.5182609,
              41.3369338
            ],
            [
              20.5188651,
              41.3371043
            ],
            [
              20.5195329,
              41.3372991
            ],
            [
              20.5198179,
              41.3375402
            ],
            [
              20.5202271,
              41.3382378
            ],
            [
              20.520857,
              41.3392483
            ],
            [
              20.5213345,
              41.3401119
            ],
            [
              20.5217289,
              41.3406534
            ],
            [
              20.5221237,
              41.341135
            ],
            [
              20.5229005,
              41.3416781
            ],
            [
              20.5243747,
              41.3427521
            ],
            [
              20.5251226,
              41.3432678
            ],
            [
              20.5259156,
              41.343775
            ],
            [
              20.5263745,
              41.3442208
            ],
            [
              20.5265161,
              41.3444733
            ],
            [
              20.526506,
              41.3458651
            ],
            [
              20.5264785,
              41.347616
            ],
            [
              20.5265155,
              41.349104
            ],
            [
              20.526614,
              41.3509161
            ],
            [
              20.5266762,
              41.3516588
            ],
            [
              20.5267766,
              41.3532069
            ],
            [
              20.5268756,
              41.3535557
            ],
            [
              20.5266447,
              41.3535983
            ],
            [
              20.5111741,
              41.3585855
            ],
            [
              20.5050587,
              41.3574742
            ],
            [
              20.4977845,
              41.3591653
            ],
            [
              20.4898452,
              41.3594713
            ],
            [
              20.486927,
              41.3604054
            ],
            [
              20.4816484,
              41.3633849
            ],
            [
              20.4731511,
              41.3635942
            ],
            [
              20.4689454,
              41.3646571
            ],
            [
              20.4647826,
              41.364641
            ],
            [
              20.4594799,
              41.3633177
            ],
            [
              20.4538339,
              41.362381
            ],
            [
              20.4473831,
              41.3570794
            ],
            [
              20.4374093,
              41.354026
            ],
            [
              20.4357611,
              41.3530986
            ],
            [
              20.4351452,
              41.3520734
            ],
            [
              20.4339285,
              41.3515314
            ],
            [
              20.4345421,
              41.34932
            ],
            [
              20.430635,
              41.3438671
            ],
            [
              20.4306944,
              41.342472
            ],
            [
              20.4299079,
              41.3398857
            ],
            [
              20.4295934,
              41.3373317
            ],
            [
              20.4286342,
              41.3330112
            ],
            [
              20.4268027,
              41.3294894
            ],
            [
              20.424113,
              41.3268699
            ],
            [
              20.4202782,
              41.3264253
            ],
            [
              20.4117228,
              41.3231608
            ],
            [
              20.4058786,
              41.3218829
            ],
            [
              20.3979569,
              41.3225493
            ],
            [
              20.3868595,
              41.3133689
            ],
            [
              20.3855755,
              41.3117398
            ],
            [
              20.3844202,
              41.3092727
            ],
            [
              20.3783923,
              41.303324
            ],
            [
              20.377128,
              41.2988906
            ],
            [
              20.3720561,
              41.2932133
            ],
            [
              20.3685782,
              41.2907627
            ],
            [
              20.3611708,
              41.2869253
            ],
            [
              20.3538301,
              41.2845632
            ],
            [
              20.3509536,
              41.2848817
            ],
            [
              20.3463606,
              41.2835555
            ],
            [
              20.3446494,
              41.2837065
            ],
            [
              20.3400387,
              41.2813956
            ],
            [
              20.3394621,
              41.2804391
            ],
            [
              20.3375793,
              41.2773974
            ],
            [
              20.3340508,
              41.2750484
            ],
            [
              20.3300765,
              41.2722128
            ],
            [
              20.3233257,
              41.2699564
            ],
            [
              20.322626,
              41.2674097
            ],
            [
              20.3197222,
              41.2678417
            ],
            [
              20.3193503,
              41.2662561
            ],
            [
              20.3187995,
              41.2653504
            ],
            [
              20.3215962,
              41.2627028
            ],
            [
              20.3213674,
              41.2622092
            ],
            [
              20.321042,
              41.2610462
            ],
            [
              20.3153093,
              41.2564314
            ],
            [
              20.317194,
              41.2561073
            ],
            [
              20.3175571,
              41.2557194
            ],
            [
              20.3167515,
              41.2543963
            ],
            [
              20.3220829,
              41.2521698
            ],
            [
              20.3217265,
              41.248669
            ],
            [
              20.3183264,
              41.2450067
            ],
            [
              20.3113478,
              41.2403438
            ],
            [
              20.3069136,
              41.2365091
            ],
            [
              20.303932,
              41.2346362
            ],
            [
              20.3035414,
              41.2318032
            ],
            [
              20.3030929,
              41.2308734
            ],
            [
              20.303331,
              41.2232626
            ],
            [
              20.3023629,
              41.220109
            ],
            [
              20.3011064,
              41.2188389
            ],
            [
              20.3033905,
              41.2179238
            ],
            [
              20.3034631,
              41.2170139
            ],
            [
              20.3024051,
              41.2155098
            ],
            [
              20.2987004,
              41.2153228
            ]
          ]
        ]
      },
      "properties": {
        "name": "Shebenik-Jabllanicë National Park",
        "category": "zona",
        "categoryLabel": "Park kombëtar",
        "location": "Shqipëri",
        "countryCodes": [
          "AL"
        ],
        "summary": "Park kombëtar në Shqipëri. Kufiri vjen nga OpenStreetMap.",
        "details": [],
        "mapNote": "Kufiri i objektit OSM, marrë përmes Nominatim.",
        "geometryType": "Polygon",
        "sources": [
          {
            "label": "OpenStreetMap",
            "url": "https://www.openstreetmap.org/relation/11682555"
          }
        ],
        "osm": {
          "type": "relation",
          "id": 11682555,
          "tags": {}
        },
        "extra": {}
      }
    }
  ]
}
